source_task,source_arm,source_file,L,T,zeta,lam,N_c,dtau_mult,resample_scheme,seed,status,wall_s,n_steps,cmi_weighted_mean,cmi_within_var,n_nonfinite,n_distinct_anc_final,gess_final,ess_cum_final,ess_frac_mean,brentq_fallbacks
TASK-2026-09-02-MOCK-PRODUCTION,mockL32,TASK-2026-09-02-MOCK-PRODUCTION/mockL32/results/M32_00000.json,32,32.0,0.35,0.2332,1024,6.0,systematic,31000000,ok,120.9,78,0.7976927608334193,0.08978258123945665,0,28,8.716777229121984,1003.5061186945043,0.9787302102261918,0
TASK-2026-09-02-MOCK-PRODUCTION,mockL32,TASK-2026-09-02-MOCK-PRODUCTION/mockL32/results/M32_00001.json,32,32.0,0.35,0.2332,1024,6.0,systematic,31000001,ok,119.75,78,0.8579430768582822,0.11387747944273972,0,30,10.420320387963589,1002.4210967380466,0.978954320645323,0
TASK-2026-09-02-MOCK-PRODUCTION,mockL32,TASK-2026-09-02-MOCK-PRODUCTION/mockL32/results/M32_00002.json,32,32.0,0.35,0.2332,1024,6.0,systematic,31000002,ok,141.35,78,0.7850642271878697,0.09733208736225375,0,22,12.11526285384171,1003.8889673257545,0.9783663156943815,0
TASK-2026-09-02-MOCK-PRODUCTION,mockL32,TASK-2026-09-02-MOCK-PRODUCTION/mockL32/results/M32_00003.json,32,32.0,0.35,0.2332,1024,6.0,systematic,31000003,ok,143.04,78,0.8603832452228879,0.10023258818359068,0,25,10.704342677474019,1002.8728310796506,0.9791666520735308,0
TASK-2026-09-02-MOCK-PRODUCTION,mockL32,TASK-2026-09-02-MOCK-PRODUCTION/mockL32/results/M32_00004.json,32,32.0,0.35,0.2332,1024,6.0,systematic,31000004,ok,142.5,78,0.7895370238182807,0.11306565668282768,0,25,8.300424292318409,1002.162036903964,0.9786617417710597,0
TASK-2026-09-02-MOCK-PRODUCTION,mockL32,TASK-2026-09-02-MOCK-PRODUCTION/mockL32/results/M32_00005.json,32,32.0,0.35,0.2332,1024,6.0,systematic,31000005,ok,142.07,78,0.8719321228959668,0.10916130044758376,0,26,7.035534084809447,1002.5218550854422,0.9791644929868202,0
TASK-2026-09-02-MOCK-PRODUCTION,mockL32,TASK-2026-09-02-MOCK-PRODUCTION/mockL32/results/M32_00006.json,32,32.0,0.35,0.2332,1024,6.0,systematic,31000006,ok,136.28,78,0.8320931433082673,0.08954703629443321,0,27,6.1511603350775514,1003.3009998445045,0.9791712825822275,0
TASK-2026-09-02-MOCK-PRODUCTION,mockL32,TASK-2026-09-02-MOCK-PRODUCTION/mockL32/results/M32_00007.json,32,32.0,0.35,0.2332,1024,6.0,systematic,31000007,ok,136.54,78,0.8237792801020138,0.09930491116075633,0,22,7.137831509012688,1002.6136186314932,0.978708383791323,0
TASK-2026-09-02-MOCK-PRODUCTION,mockL32,TASK-2026-09-02-MOCK-PRODUCTION/mockL32/results/M32_00008.json,32,32.0,0.35,0.2332,1024,6.0,systematic,31000008,ok,136.56,78,0.8019331266591587,0.10285215560844535,0,23,5.762483101238693,1000.7129617995038,0.9788294796163072,0
TASK-2026-09-02-MOCK-PRODUCTION,mockL32,TASK-2026-09-02-MOCK-PRODUCTION/mockL32/results/M32_00009.json,32,32.0,0.35,0.2332,1024,6.0,systematic,31000009,ok,136.0,78,0.833197702518321,0.09874965716803345,0,25,8.206232684812722,1001.936909835015,0.9782086553180744,0
TASK-2026-09-02-MOCK-PRODUCTION,mockL32,TASK-2026-09-02-MOCK-PRODUCTION/mockL32/results/M32_00010.json,32,32.0,0.35,0.2332,1024,6.0,systematic,31000010,ok,138.34,78,0.8111751901308791,0.09912307843466274,0,26,6.494017390442688,1003.3748396273846,0.9792014537154489,0
TASK-2026-09-02-MOCK-PRODUCTION,mockL32,TASK-2026-09-02-MOCK-PRODUCTION/mockL32/results/M32_00011.json,32,32.0,0.35,0.2332,1024,6.0,systematic,31000011,ok,138.77,78,0.8458222267333122,0.1143003456443897,0,25,7.237048795638071,1002.4623142701561,0.9784042640408627,0
TASK-2026-09-02-MOCK-PRODUCTION,mockL32,TASK-2026-09-02-MOCK-PRODUCTION/mockL32/results/M32_00012.json,32,32.0,0.35,0.2332,1024,6.0,systematic,31000012,ok,136.53,78,0.7835392818353029,0.09657359366778495,0,28,8.769264221319016,1002.9725432997761,0.9786300764194577,0
TASK-2026-09-02-MOCK-PRODUCTION,mockL32,TASK-2026-09-02-MOCK-PRODUCTION/mockL32/results/M32_00013.json,32,32.0,0.35,0.2332,1024,6.0,systematic,31000013,ok,136.02,78,0.7802524004639306,0.0922733575934995,0,29,8.876007313604658,1004.3327211529419,0.9788955804112454,0
TASK-2026-09-02-MOCK-PRODUCTION,mockL32,TASK-2026-09-02-MOCK-PRODUCTION/mockL32/results/M32_00014.json,32,32.0,0.35,0.2332,1024,6.0,systematic,31000014,ok,136.04,78,0.779606692979026,0.09526014193753983,0,27,11.173369136670717,1002.7718024406752,0.9792147753943965,0
TASK-2026-09-02-MOCK-PRODUCTION,mockL32,TASK-2026-09-02-MOCK-PRODUCTION/mockL32/results/M32_00015.json,32,32.0,0.35,0.2332,1024,6.0,systematic,31000015,ok,140.74,78,0.8383066347032331,0.10755151998572315,0,24,8.811414934202787,1002.6478317165661,0.9789219670817904,0
TASK-2026-09-02-MOCK-PRODUCTION,mockL32,TASK-2026-09-02-MOCK-PRODUCTION/mockL32/results/M32_00016.json,32,32.0,0.35,0.2332,1024,6.0,systematic,31000016,ok,137.9,78,0.7978981866867747,0.10855751914439296,0,27,6.902249897971274,1002.7086250898611,0.9789811622064306,0
TASK-2026-09-02-MOCK-PRODUCTION,mockL32,TASK-2026-09-02-MOCK-PRODUCTION/mockL32/results/M32_00017.json,32,32.0,0.35,0.2332,1024,6.0,systematic,31000017,ok,140.05,78,0.7978865494139431,0.09778207021453066,0,23,9.376685624351683,1003.4349061825429,0.9797596408648698,0
TASK-2026-09-02-MOCK-PRODUCTION,mockL32,TASK-2026-09-02-MOCK-PRODUCTION/mockL32/results/M32_00018.json,32,32.0,0.35,0.2332,1024,6.0,systematic,31000018,ok,140.17,78,0.7973229682271605,0.11584512454884043,0,30,7.96548161652993,1002.8164249028982,0.9790429343054388,0
TASK-2026-09-02-MOCK-PRODUCTION,mockL32,TASK-2026-09-02-MOCK-PRODUCTION/mockL32/results/M32_00019.json,32,32.0,0.35,0.2332,1024,6.0,systematic,31000019,ok,137.24,78,0.8390856543555973,0.1045176653016819,0,30,9.641014324856108,1005.3733586783369,0.9791275771029475,0
TASK-2026-09-02-MOCK-PRODUCTION,mockL32,TASK-2026-09-02-MOCK-PRODUCTION/mockL32/results/M32_00020.json,32,32.0,0.35,0.2332,1024,6.0,systematic,31000020,ok,141.4,78,0.8206920784266243,0.09975027273026317,0,26,10.273710612948738,1002.1394152980708,0.9786710151126113,0
TASK-2026-09-02-MOCK-PRODUCTION,mockL32,TASK-2026-09-02-MOCK-PRODUCTION/mockL32/results/M32_00021.json,32,32.0,0.35,0.2332,1024,6.0,systematic,31000021,ok,136.42,78,0.8820656898176418,0.09538296836824821,0,33,10.817645359633557,1003.6443709997759,0.9793922414351811,0
TASK-2026-09-02-MOCK-PRODUCTION,mockL32,TASK-2026-09-02-MOCK-PRODUCTION/mockL32/results/M32_00022.json,32,32.0,0.35,0.2332,1024,6.0,systematic,31000022,ok,136.08,78,0.8046286229773357,0.1095584755222262,0,31,8.023138017047454,1002.1606461137682,0.9790936422778412,0
TASK-2026-09-02-MOCK-PRODUCTION,mockL32,TASK-2026-09-02-MOCK-PRODUCTION/mockL32/results/M32_00023.json,32,32.0,0.35,0.2332,1024,6.0,systematic,31000023,ok,134.13,78,0.8298035086259019,0.10441874813648898,0,27,9.664294930875576,1002.3530463953653,0.9788964239623021,0
TASK-2026-09-02-MOCK-PRODUCTION,mockL32,TASK-2026-09-02-MOCK-PRODUCTION/mockL32/results/M32_00024.json,32,32.0,0.35,0.2432,1024,6.0,systematic,31001000,ok,128.74,81,0.771005978074011,0.1055514502134369,0,25,6.527490039840638,1001.4038172744412,0.9782567898393715,0
TASK-2026-09-02-MOCK-PRODUCTION,mockL32,TASK-2026-09-02-MOCK-PRODUCTION/mockL32/results/M32_00025.json,32,32.0,0.35,0.2432,1024,6.0,systematic,31001001,ok,146.62,81,0.7860321600570048,0.09735870067571452,0,27,7.0335520049368805,1003.9196309361254,0.9787952148280152,0
TASK-2026-09-02-MOCK-PRODUCTION,mockL32,TASK-2026-09-02-MOCK-PRODUCTION/mockL32/results/M32_00026.json,32,32.0,0.35,0.2432,1024,6.0,systematic,31001002,ok,151.61,81,0.7483271269902996,0.0980320480919053,0,29,13.593155302048224,1002.3858630356112,0.9791732139822104,0
TASK-2026-09-02-MOCK-PRODUCTION,mockL32,TASK-2026-09-02-MOCK-PRODUCTION/mockL32/results/M32_00027.json,32,32.0,0.35,0.2432,1024,6.0,systematic,31001003,ok,156.24,81,0.7680816959358712,0.10696604969300569,0,25,8.423244380894237,1002.766982724761,0.978388646036215,0
TASK-2026-09-02-MOCK-PRODUCTION,mockL32,TASK-2026-09-02-MOCK-PRODUCTION/mockL32/results/M32_00028.json,32,32.0,0.35,0.2432,1024,6.0,systematic,31001004,ok,156.61,81,0.8052761174994133,0.09796017315018617,0,26,11.814940845070423,1002.9783999856413,0.9788023548872817,0
TASK-2026-09-02-MOCK-PRODUCTION,mockL32,TASK-2026-09-02-MOCK-PRODUCTION/mockL32/results/M32_00029.json,32,32.0,0.35,0.2432,1024,6.0,systematic,31001005,ok,139.82,81,0.7552875395651172,0.0955375897594714,0,25,8.476355229334066,1002.9421655466053,0.9785981219120055,0
TASK-2026-09-02-MOCK-PRODUCTION,mockL32,TASK-2026-09-02-MOCK-PRODUCTION/mockL32/results/M32_00030.json,32,32.0,0.35,0.2432,1024,6.0,systematic,31001006,ok,140.19,81,0.7610313617953348,0.09412728337857754,0,20,5.802662888891349,1003.1919655043706,0.9786761262156022,0
TASK-2026-09-02-MOCK-PRODUCTION,mockL32,TASK-2026-09-02-MOCK-PRODUCTION/mockL32/results/M32_00031.json,32,32.0,0.35,0.2432,1024,6.0,systematic,31001007,ok,139.07,81,0.745165142930579,0.09678691269842472,0,21,10.191827689436646,1003.3990504309991,0.9780514943605966,0
TASK-2026-09-02-MOCK-PRODUCTION,mockL32,TASK-2026-09-02-MOCK-PRODUCTION/mockL32/results/M32_00032.json,32,32.0,0.35,0.2432,1024,6.0,systematic,31001008,ok,141.04,81,0.7533727195344992,0.10013158634004626,0,19,4.99588351882909,1001.6942393243238,0.9783401316203605,0
TASK-2026-09-02-MOCK-PRODUCTION,mockL32,TASK-2026-09-02-MOCK-PRODUCTION/mockL32/results/M32_00033.json,32,32.0,0.35,0.2432,1024,6.0,systematic,31001009,ok,141.71,81,0.754975210821532,0.09317077747799653,0,24,3.810509484700923,1002.5126220116522,0.9789054303508098,0
TASK-2026-09-02-MOCK-PRODUCTION,mockL32,TASK-2026-09-02-MOCK-PRODUCTION/mockL32/results/M32_00034.json,32,32.0,0.35,0.2432,1024,6.0,systematic,31001010,ok,142.56,81,0.7697395682276174,0.10028614618714343,0,27,4.528155876459614,1002.1159866695436,0.9788394734320964,0
TASK-2026-09-02-MOCK-PRODUCTION,mockL32,TASK-2026-09-02-MOCK-PRODUCTION/mockL32/results/M32_00035.json,32,32.0,0.35,0.2432,1024,6.0,systematic,31001011,ok,144.15,81,0.7930541661189745,0.09428742968400938,0,28,9.776567773696087,1003.6632491011635,0.9788563400227251,0
TASK-2026-09-02-MOCK-PRODUCTION,mockL32,TASK-2026-09-02-MOCK-PRODUCTION/mockL32/results/M32_00036.json,32,32.0,0.35,0.2432,1024,6.0,systematic,31001012,ok,142.02,81,0.7472154905118902,0.09729088156434144,0,27,11.883227561196737,1000.731795209752,0.9784459738521499,0
TASK-2026-09-02-MOCK-PRODUCTION,mockL32,TASK-2026-09-02-MOCK-PRODUCTION/mockL32/results/M32_00037.json,32,32.0,0.35,0.2432,1024,6.0,systematic,31001013,ok,143.14,81,0.7092822506443603,0.08729918357571256,0,29,9.718755792829867,1002.4836068872723,0.9788362460195701,0
TASK-2026-09-02-MOCK-PRODUCTION,mockL32,TASK-2026-09-02-MOCK-PRODUCTION/mockL32/results/M32_00038.json,32,32.0,0.35,0.2432,1024,6.0,systematic,31001014,ok,143.16,81,0.7384442876974507,0.09379775504684575,0,31,8.382840605663304,1003.350582949997,0.9788520079241851,0
TASK-2026-09-02-MOCK-PRODUCTION,mockL32,TASK-2026-09-02-MOCK-PRODUCTION/mockL32/results/M32_00039.json,32,32.0,0.35,0.2432,1024,6.0,systematic,31001015,ok,146.2,81,0.8038823504186672,0.10748522369997114,0,29,10.617200947732934,1003.522501050131,0.979111301059778,0
TASK-2026-09-02-MOCK-PRODUCTION,mockL32,TASK-2026-09-02-MOCK-PRODUCTION/mockL32/results/M32_00040.json,32,32.0,0.35,0.2432,1024,6.0,systematic,31001016,ok,143.04,81,0.7450084232160495,0.08745168158364333,0,22,7.762974369604809,1003.1022896780183,0.9778958989195601,0
TASK-2026-09-02-MOCK-PRODUCTION,mockL32,TASK-2026-09-02-MOCK-PRODUCTION/mockL32/results/M32_00041.json,32,32.0,0.35,0.2432,1024,6.0,systematic,31001017,ok,144.32,81,0.7999420080928881,0.10595794305665748,0,25,7.460413227844499,1003.32047060226,0.9782840070065207,0
TASK-2026-09-02-MOCK-PRODUCTION,mockL32,TASK-2026-09-02-MOCK-PRODUCTION/mockL32/results/M32_00042.json,32,32.0,0.35,0.2432,1024,6.0,systematic,31001018,ok,123.64,81,0.7783218683992261,0.10208731397117499,0,27,9.285678863660515,1001.8190766828876,0.9784529567090022,0
TASK-2026-09-02-MOCK-PRODUCTION,mockL32,TASK-2026-09-02-MOCK-PRODUCTION/mockL32/results/M32_00043.json,32,32.0,0.35,0.2432,1024,6.0,systematic,31001019,ok,132.09,81,0.754166129889101,0.10557754731799764,0,21,7.222692143437711,1001.1351425327947,0.9787027095210653,0
TASK-2026-09-02-MOCK-PRODUCTION,mockL32,TASK-2026-09-02-MOCK-PRODUCTION/mockL32/results/M32_00044.json,32,32.0,0.35,0.2432,1024,6.0,systematic,31001020,ok,123.22,81,0.760909572312245,0.09347092368649272,0,30,12.18650922783692,1002.6282481340364,0.9784866722180198,0
TASK-2026-09-02-MOCK-PRODUCTION,mockL32,TASK-2026-09-02-MOCK-PRODUCTION/mockL32/results/M32_00045.json,32,32.0,0.35,0.2432,1024,6.0,systematic,31001021,ok,124.25,81,0.7775538206618628,0.10262539009347786,0,23,9.820150218209744,1003.1831107564881,0.978696422257468,0
TASK-2026-09-02-MOCK-PRODUCTION,mockL32,TASK-2026-09-02-MOCK-PRODUCTION/mockL32/results/M32_00046.json,32,32.0,0.35,0.2432,1024,6.0,systematic,31001022,ok,123.08,81,0.7483046169782632,0.08397435598814439,0,23,10.677963340122199,1002.4806674485901,0.9786680904377795,0
TASK-2026-09-02-MOCK-PRODUCTION,mockL32,TASK-2026-09-02-MOCK-PRODUCTION/mockL32/results/M32_00047.json,32,32.0,0.35,0.2432,1024,6.0,systematic,31001023,ok,124.15,81,0.7577726390628636,0.09957861274975387,0,30,12.287040074994142,1001.4327424845782,0.978313839133031,0
TASK-2026-09-02-MOCK-PRODUCTION,mockL32,TASK-2026-09-02-MOCK-PRODUCTION/mockL32/results/M32_00048.json,32,32.0,0.35,0.2532,1024,6.0,systematic,31002000,ok,127.45,84,0.6857748793085906,0.08520075419146038,0,20,10.368594877879957,1003.1951675565268,0.9785261912436616,0
TASK-2026-09-02-MOCK-PRODUCTION,mockL32,TASK-2026-09-02-MOCK-PRODUCTION/mockL32/results/M32_00049.json,32,32.0,0.35,0.2532,1024,6.0,systematic,31002001,ok,127.54,84,0.7154538681796574,0.09271712819957181,0,22,3.4373905917062775,1001.411326093063,0.9786022612840218,0
TASK-2026-09-02-MOCK-PRODUCTION,mockL32,TASK-2026-09-02-MOCK-PRODUCTION/mockL32/results/M32_00050.json,32,32.0,0.35,0.2532,1024,6.0,systematic,31002002,ok,133.48,84,0.7036025984234745,0.08760032306671123,0,25,8.751552380316486,1003.0946522882055,0.9782470910786558,0
TASK-2026-09-02-MOCK-PRODUCTION,mockL32,TASK-2026-09-02-MOCK-PRODUCTION/mockL32/results/M32_00051.json,32,32.0,0.35,0.2532,1024,6.0,systematic,31002003,ok,135.09,84,0.7291993076958588,0.09446271262238666,0,40,19.026964253311558,1002.3662809739362,0.978878105984987,0
TASK-2026-09-02-MOCK-PRODUCTION,mockL32,TASK-2026-09-02-MOCK-PRODUCTION/mockL32/results/M32_00052.json,32,32.0,0.35,0.2532,1024,6.0,systematic,31002004,ok,133.54,84,0.7170835700246795,0.08452900172290281,0,22,11.64075578942694,1003.7214856248369,0.9784119139562594,0
TASK-2026-09-02-MOCK-PRODUCTION,mockL32,TASK-2026-09-02-MOCK-PRODUCTION/mockL32/results/M32_00053.json,32,32.0,0.35,0.2532,1024,6.0,systematic,31002005,ok,132.29,84,0.7071648213487982,0.08940200711834036,0,22,9.606919045699417,1004.7774096812766,0.9782757218210278,0
TASK-2026-09-02-MOCK-PRODUCTION,mockL32,TASK-2026-09-02-MOCK-PRODUCTION/mockL32/results/M32_00054.json,32,32.0,0.35,0.2532,1024,6.0,systematic,31002006,ok,131.96,84,0.7098001838980887,0.08426504153487664,0,24,7.680862596873673,1002.0996305233921,0.9784468825694488,0
TASK-2026-09-02-MOCK-PRODUCTION,mockL32,TASK-2026-09-02-MOCK-PRODUCTION/mockL32/results/M32_00055.json,32,32.0,0.35,0.2532,1024,6.0,systematic,31002007,ok,132.99,84,0.7092078310563108,0.08472054609287585,0,23,8.483761873169469,1002.2202700843427,0.9781117077844157,0
TASK-2026-09-02-MOCK-PRODUCTION,mockL32,TASK-2026-09-02-MOCK-PRODUCTION/mockL32/results/M32_00056.json,32,32.0,0.35,0.2532,1024,6.0,systematic,31002008,ok,130.18,84,0.6854768993797112,0.08966988554313006,0,21,7.031571041549315,1003.1470587329925,0.978495905227677,0
TASK-2026-09-02-MOCK-PRODUCTION,mockL32,TASK-2026-09-02-MOCK-PRODUCTION/mockL32/results/M32_00057.json,32,32.0,0.35,0.2532,1024,6.0,systematic,31002009,ok,129.86,84,0.7410123646685776,0.09997637331630911,0,26,5.002366231585375,1003.9289336670539,0.9787391019591156,0
TASK-2026-09-02-MOCK-PRODUCTION,mockL32,TASK-2026-09-02-MOCK-PRODUCTION/mockL32/results/M32_00058.json,32,32.0,0.35,0.2532,1024,6.0,systematic,31002010,ok,128.03,84,0.7253706831773428,0.10372874975479296,0,22,9.111713590545707,1003.198302168309,0.9786019053877174,0
TASK-2026-09-02-MOCK-PRODUCTION,mockL32,TASK-2026-09-02-MOCK-PRODUCTION/mockL32/results/M32_00059.json,32,32.0,0.35,0.2532,1024,6.0,systematic,31002011,ok,127.75,84,0.7022332516979961,0.09495159284019017,0,19,4.216296200984334,1002.5778735403112,0.9785800321898548,0
TASK-2026-09-02-MOCK-PRODUCTION,mockL32,TASK-2026-09-02-MOCK-PRODUCTION/mockL32/results/M32_00060.json,32,32.0,0.35,0.2532,1024,6.0,systematic,31002012,ok,128.57,84,0.7294505206944212,0.09306484333105554,0,24,10.449187842551071,1003.4382384916262,0.9780358245119368,0
TASK-2026-09-02-MOCK-PRODUCTION,mockL32,TASK-2026-09-02-MOCK-PRODUCTION/mockL32/results/M32_00061.json,32,32.0,0.35,0.2532,1024,6.0,systematic,31002013,ok,126.02,84,0.6753554300220376,0.07825013907325427,0,22,9.222953242092672,1002.7243701426894,0.9781293898140705,0
TASK-2026-09-02-MOCK-PRODUCTION,mockL32,TASK-2026-09-02-MOCK-PRODUCTION/mockL32/results/M32_00062.json,32,32.0,0.35,0.2532,1024,6.0,systematic,31002014,ok,127.07,84,0.7520942804266721,0.10279945983210084,0,20,10.336500926619612,1002.2529830584937,0.978149282532758,0
TASK-2026-09-02-MOCK-PRODUCTION,mockL32,TASK-2026-09-02-MOCK-PRODUCTION/mockL32/results/M32_00063.json,32,32.0,0.35,0.2532,1024,6.0,systematic,31002015,ok,125.79,84,0.7129955635672969,0.09234789078324782,0,28,10.225021940516822,1003.6419086539055,0.9785934919827886,0
TASK-2026-09-02-MOCK-PRODUCTION,mockL32,TASK-2026-09-02-MOCK-PRODUCTION/mockL32/results/M32_00064.json,32,32.0,0.35,0.2532,1024,6.0,systematic,31002016,ok,126.9,84,0.7093412780274658,0.0891001435963213,0,23,7.793554524913783,1003.3496850707584,0.9781416004312876,0
TASK-2026-09-02-MOCK-PRODUCTION,mockL32,TASK-2026-09-02-MOCK-PRODUCTION/mockL32/results/M32_00065.json,32,32.0,0.35,0.2532,1024,6.0,systematic,31002017,ok,126.19,84,0.706112764193815,0.09346435256570744,0,19,7.003673572983876,1004.0269550910263,0.9780894054128934,0
TASK-2026-09-02-MOCK-PRODUCTION,mockL32,TASK-2026-09-02-MOCK-PRODUCTION/mockL32/results/M32_00066.json,32,32.0,0.35,0.2532,1024,6.0,systematic,31002018,ok,126.5,84,0.7207500619460985,0.08761325080117129,0,29,7.85003294004911,1002.852471281794,0.9786274815751851,0
TASK-2026-09-02-MOCK-PRODUCTION,mockL32,TASK-2026-09-02-MOCK-PRODUCTION/mockL32/results/M32_00067.json,32,32.0,0.35,0.2532,1024,6.0,systematic,31002019,ok,126.24,84,0.7216617626555657,0.09571155893545981,0,21,7.220304904080536,1001.105967944588,0.9778224300573183,0
TASK-2026-09-02-MOCK-PRODUCTION,mockL32,TASK-2026-09-02-MOCK-PRODUCTION/mockL32/results/M32_00068.json,32,32.0,0.35,0.2532,1024,6.0,systematic,31002020,ok,128.72,84,0.6933911309162226,0.09531835496444375,0,17,7.632779629926189,1001.4033695017232,0.9779132095571059,0
TASK-2026-09-02-MOCK-PRODUCTION,mockL32,TASK-2026-09-02-MOCK-PRODUCTION/mockL32/results/M32_00069.json,32,32.0,0.35,0.2532,1024,6.0,systematic,31002021,ok,127.41,84,0.695341137954309,0.08548843563691723,0,24,8.482801022554444,1001.2879016514906,0.9780998751941661,0
TASK-2026-09-02-MOCK-PRODUCTION,mockL32,TASK-2026-09-02-MOCK-PRODUCTION/mockL32/results/M32_00070.json,32,32.0,0.35,0.2532,1024,6.0,systematic,31002022,ok,127.18,84,0.7107614321901683,0.09150791083089233,0,27,8.6521882632517,1004.2349263473701,0.9784964175625164,0
TASK-2026-09-02-MOCK-PRODUCTION,mockL32,TASK-2026-09-02-MOCK-PRODUCTION/mockL32/results/M32_00071.json,32,32.0,0.35,0.2532,1024,6.0,systematic,31002023,ok,127.97,84,0.7482147438465987,0.09192030942549112,0,24,7.550447881563409,1001.5610419131488,0.9780773861611717,0
TASK-2026-09-02-MOCK-PRODUCTION,mockL32,TASK-2026-09-02-MOCK-PRODUCTION/mockL32/results/M32_00072.json,32,32.0,0.35,0.2632,1024,6.0,systematic,31003000,ok,131.88,88,0.6874577098093194,0.08891208271164312,0,25,11.982082457263004,1003.5329193474395,0.9785583298216529,0
TASK-2026-09-02-MOCK-PRODUCTION,mockL32,TASK-2026-09-02-MOCK-PRODUCTION/mockL32/results/M32_00073.json,32,32.0,0.35,0.2632,1024,6.0,systematic,31003001,ok,132.04,88,0.6783073211434344,0.08558318921768923,0,26,10.324288133590642,1002.4892723064228,0.9786344791372361,0
TASK-2026-09-02-MOCK-PRODUCTION,mockL32,TASK-2026-09-02-MOCK-PRODUCTION/mockL32/results/M32_00074.json,32,32.0,0.35,0.2632,1024,6.0,systematic,31003002,ok,130.47,88,0.6597434334604182,0.08331059321901396,0,18,6.726556586223266,1003.6955699954128,0.9784388126661583,0
TASK-2026-09-02-MOCK-PRODUCTION,mockL32,TASK-2026-09-02-MOCK-PRODUCTION/mockL32/results/M32_00075.json,32,32.0,0.35,0.2632,1024,6.0,systematic,31003003,ok,131.99,88,0.6428500887667816,0.07638212678932442,0,17,4.799677756010033,1002.0676986103316,0.9779800149752605,0
TASK-2026-09-02-MOCK-PRODUCTION,mockL32,TASK-2026-09-02-MOCK-PRODUCTION/mockL32/results/M32_00076.json,32,32.0,0.35,0.2632,1024,6.0,systematic,31003004,ok,132.41,88,0.7160930103347873,0.0941903940972613,0,26,9.612379223731734,1003.3031116594285,0.9786227732406897,0
TASK-2026-09-02-MOCK-PRODUCTION,mockL32,TASK-2026-09-02-MOCK-PRODUCTION/mockL32/results/M32_00077.json,32,32.0,0.35,0.2632,1024,6.0,systematic,31003005,ok,130.78,88,0.6898717009052379,0.08555394791976874,0,22,5.851363266034977,1002.4139328927096,0.9785376260916032,0
TASK-2026-09-02-MOCK-PRODUCTION,mockL32,TASK-2026-09-02-MOCK-PRODUCTION/mockL32/results/M32_00078.json,32,32.0,0.35,0.2632,1024,6.0,systematic,31003006,ok,130.96,88,0.6617581159342842,0.0804999210218703,0,22,4.918919933199482,1002.9973025274265,0.9782603572784319,0
TASK-2026-09-02-MOCK-PRODUCTION,mockL32,TASK-2026-09-02-MOCK-PRODUCTION/mockL32/results/M32_00079.json,32,32.0,0.35,0.2632,1024,6.0,systematic,31003007,ok,130.7,88,0.6232092262611036,0.0778467684247302,0,27,12.007328691828508,1004.604630162883,0.9787833816813412,0
TASK-2026-09-02-MOCK-PRODUCTION,mockL32,TASK-2026-09-02-MOCK-PRODUCTION/mockL32/results/M32_00080.json,32,32.0,0.35,0.2632,1024,6.0,systematic,31003008,ok,131.39,88,0.6904440605058758,0.08171547668821079,0,25,4.679972863926875,1001.5389414879847,0.9783390981044474,0
TASK-2026-09-02-MOCK-PRODUCTION,mockL32,TASK-2026-09-02-MOCK-PRODUCTION/mockL32/results/M32_00081.json,32,32.0,0.35,0.2632,1024,6.0,systematic,31003009,ok,130.89,88,0.6707466081998479,0.09344880130585166,0,25,8.600101701031774,1002.4640013414589,0.9782929697078423,0
TASK-2026-09-02-MOCK-PRODUCTION,mockL32,TASK-2026-09-02-MOCK-PRODUCTION/mockL32/results/M32_00082.json,32,32.0,0.35,0.2632,1024,6.0,systematic,31003010,ok,133.14,88,0.6475046184591392,0.08120792603058816,0,23,8.33672025314443,1001.543477508357,0.9781557484568097,0
TASK-2026-09-02-MOCK-PRODUCTION,mockL32,TASK-2026-09-02-MOCK-PRODUCTION/mockL32/results/M32_00083.json,32,32.0,0.35,0.2632,1024,6.0,systematic,31003011,ok,131.11,88,0.6658267230031887,0.08024454217228119,0,24,8.942316220365,1002.9481453446526,0.9790191239026385,0
TASK-2026-09-02-MOCK-PRODUCTION,mockL32,TASK-2026-09-02-MOCK-PRODUCTION/mockL32/results/M32_00084.json,32,32.0,0.35,0.2632,1024,6.0,systematic,31003012,ok,131.9,88,0.7030706568741633,0.09127371486161356,0,32,8.54543380111812,1004.9831574993681,0.9789988684450521,0
TASK-2026-09-02-MOCK-PRODUCTION,mockL32,TASK-2026-09-02-MOCK-PRODUCTION/mockL32/results/M32_00085.json,32,32.0,0.35,0.2632,1024,6.0,systematic,31003013,ok,130.26,88,0.6700793349863303,0.0818288643009216,0,23,12.540075103446627,1003.6874942097911,0.9781208264553874,0
TASK-2026-09-02-MOCK-PRODUCTION,mockL32,TASK-2026-09-02-MOCK-PRODUCTION/mockL32/results/M32_00086.json,32,32.0,0.35,0.2632,1024,6.0,systematic,31003014,ok,133.06,88,0.6490727664361955,0.07996965651779026,0,29,10.06523450248613,1002.6810549191281,0.9785145583681515,0
TASK-2026-09-02-MOCK-PRODUCTION,mockL32,TASK-2026-09-02-MOCK-PRODUCTION/mockL32/results/M32_00087.json,32,32.0,0.35,0.2632,1024,6.0,systematic,31003015,ok,129.47,88,0.6759672843703008,0.08423415410692334,0,31,11.85447803378027,1003.8197977774254,0.9787029981476976,0
TASK-2026-09-02-MOCK-PRODUCTION,mockL32,TASK-2026-09-02-MOCK-PRODUCTION/mockL32/results/M32_00088.json,32,32.0,0.35,0.2632,1024,6.0,systematic,31003016,ok,130.6,88,0.6791774512749569,0.08494498788948662,0,29,11.09745152823639,1002.1752141449795,0.9783825935087541,0
TASK-2026-09-02-MOCK-PRODUCTION,mockL32,TASK-2026-09-02-MOCK-PRODUCTION/mockL32/results/M32_00089.json,32,32.0,0.35,0.2632,1024,6.0,systematic,31003017,ok,133.67,88,0.7068760939251253,0.08533172558427933,0,25,10.081686024151988,1001.5256096811471,0.9788959218046084,0
TASK-2026-09-02-MOCK-PRODUCTION,mockL32,TASK-2026-09-02-MOCK-PRODUCTION/mockL32/results/M32_00090.json,32,32.0,0.35,0.2632,1024,6.0,systematic,31003018,ok,130.29,88,0.6697637921642594,0.08431229493975016,0,27,8.72315857777482,1003.8700039335758,0.9787357618947413,0
TASK-2026-09-02-MOCK-PRODUCTION,mockL32,TASK-2026-09-02-MOCK-PRODUCTION/mockL32/results/M32_00091.json,32,32.0,0.35,0.2632,1024,6.0,systematic,31003019,ok,131.63,88,0.7366091628321254,0.09726012944504729,0,22,7.689424049983134,1004.6385524835721,0.9784161897392978,0
TASK-2026-09-02-MOCK-PRODUCTION,mockL32,TASK-2026-09-02-MOCK-PRODUCTION/mockL32/results/M32_00092.json,32,32.0,0.35,0.2632,1024,6.0,systematic,31003020,ok,130.25,88,0.6331172479312257,0.08093727089917872,0,26,10.616555969544791,1002.6196326200235,0.9779125766630178,0
TASK-2026-09-02-MOCK-PRODUCTION,mockL32,TASK-2026-09-02-MOCK-PRODUCTION/mockL32/results/M32_00093.json,32,32.0,0.35,0.2632,1024,6.0,systematic,31003021,ok,130.35,88,0.683459556442735,0.08188080056465884,0,25,8.590660330984761,1003.3210125640854,0.9785415297106255,0
TASK-2026-09-02-MOCK-PRODUCTION,mockL32,TASK-2026-09-02-MOCK-PRODUCTION/mockL32/results/M32_00094.json,32,32.0,0.35,0.2632,1024,6.0,systematic,31003022,ok,132.57,88,0.6857647857927955,0.0908319917133705,0,20,3.997011511778608,1002.8455131169504,0.9791911078623353,0
TASK-2026-09-02-MOCK-PRODUCTION,mockL32,TASK-2026-09-02-MOCK-PRODUCTION/mockL32/results/M32_00095.json,32,32.0,0.35,0.2632,1024,6.0,systematic,31003023,ok,131.6,88,0.6741244921856668,0.09356337252528023,0,26,6.038723350341507,1001.5102964226177,0.9786559256611391,0
TASK-2026-09-02-MOCK-PRODUCTION,mockL32,TASK-2026-09-02-MOCK-PRODUCTION/mockL32/results/M32_00096.json,32,32.0,0.35,0.2732,1024,6.0,systematic,31004000,ok,132.99,91,0.616650346536546,0.07948938744981822,0,22,6.166788209555624,1003.2598305237402,0.9781979716423169,0
TASK-2026-09-02-MOCK-PRODUCTION,mockL32,TASK-2026-09-02-MOCK-PRODUCTION/mockL32/results/M32_00097.json,32,32.0,0.35,0.2732,1024,6.0,systematic,31004001,ok,134.2,91,0.6341419184470689,0.07962333037288584,0,31,9.004980935041736,1002.4320013904108,0.9789541263274608,0
TASK-2026-09-02-MOCK-PRODUCTION,mockL32,TASK-2026-09-02-MOCK-PRODUCTION/mockL32/results/M32_00098.json,32,32.0,0.35,0.2732,1024,6.0,systematic,31004002,ok,133.89,91,0.631517891493941,0.07861218326767089,0,23,10.869676991333915,1000.856373397753,0.978545447145975,0
TASK-2026-09-02-MOCK-PRODUCTION,mockL32,TASK-2026-09-02-MOCK-PRODUCTION/mockL32/results/M32_00099.json,32,32.0,0.35,0.2732,1024,6.0,systematic,31004003,ok,133.42,91,0.640795287175769,0.08396487305581403,0,24,9.209668353007308,1003.1356605759215,0.9788130220606559,0
TASK-2026-09-02-MOCK-PRODUCTION,mockL32,TASK-2026-09-02-MOCK-PRODUCTION/mockL32/results/M32_00100.json,32,32.0,0.35,0.2732,1024,6.0,systematic,31004004,ok,134.39,91,0.6241425032417752,0.08830804883074153,0,27,6.268912988891945,1003.1035160710678,0.9783648569694375,0
TASK-2026-09-02-MOCK-PRODUCTION,mockL32,TASK-2026-09-02-MOCK-PRODUCTION/mockL32/results/M32_00101.json,32,32.0,0.35,0.2732,1024,6.0,systematic,31004005,ok,134.02,91,0.6259165655209004,0.07212008869652055,0,23,4.225607298870029,1002.7043954721605,0.9784142319936373,0
TASK-2026-09-02-MOCK-PRODUCTION,mockL32,TASK-2026-09-02-MOCK-PRODUCTION/mockL32/results/M32_00102.json,32,32.0,0.35,0.2732,1024,6.0,systematic,31004006,ok,133.74,91,0.6459425935216889,0.08442548500545025,0,21,5.132229139747054,1002.3763028969208,0.9782233988924238,0
TASK-2026-09-02-MOCK-PRODUCTION,mockL32,TASK-2026-09-02-MOCK-PRODUCTION/mockL32/results/M32_00103.json,32,32.0,0.35,0.2732,1024,6.0,systematic,31004007,ok,133.63,91,0.6387073192414945,0.07832334570720602,0,18,9.526446806577633,1003.6288220304316,0.9785206595602267,0
TASK-2026-09-02-MOCK-PRODUCTION,mockL32,TASK-2026-09-02-MOCK-PRODUCTION/mockL32/results/M32_00104.json,32,32.0,0.35,0.2732,1024,6.0,systematic,31004008,ok,132.9,91,0.6306097343163473,0.0776725867669663,0,21,7.701283821498869,1003.410091863021,0.9780101043184649,0
TASK-2026-09-02-MOCK-PRODUCTION,mockL32,TASK-2026-09-02-MOCK-PRODUCTION/mockL32/results/M32_00105.json,32,32.0,0.35,0.2732,1024,6.0,systematic,31004009,ok,152.73,91,0.6295759664903927,0.08441413118821729,0,26,7.456169292906309,1000.8308853092585,0.9783158978603748,0
TASK-2026-09-02-MOCK-PRODUCTION,mockL32,TASK-2026-09-02-MOCK-PRODUCTION/mockL32/results/M32_00106.json,32,32.0,0.35,0.2732,1024,6.0,systematic,31004010,ok,137.84,91,0.6385368893158532,0.0740087690110553,0,19,7.120672561083269,1003.8786773987616,0.9785050395055527,0
TASK-2026-09-02-MOCK-PRODUCTION,mockL32,TASK-2026-09-02-MOCK-PRODUCTION/mockL32/results/M32_00107.json,32,32.0,0.35,0.2732,1024,6.0,systematic,31004011,ok,138.51,91,0.6449568554751134,0.08043975206454944,0,21,4.694513838522219,1003.3642116098237,0.9785606863199242,0
TASK-2026-09-02-MOCK-PRODUCTION,mockL32,TASK-2026-09-02-MOCK-PRODUCTION/mockL32/results/M32_00108.json,32,32.0,0.35,0.2732,1024,6.0,systematic,31004012,ok,138.8,91,0.6103032976455225,0.07778648553392387,0,20,9.469322881861036,1002.3732873639224,0.9782606024395405,0
TASK-2026-09-02-MOCK-PRODUCTION,mockL32,TASK-2026-09-02-MOCK-PRODUCTION/mockL32/results/M32_00109.json,32,32.0,0.35,0.2732,1024,6.0,systematic,31004013,ok,140.4,91,0.6285916634152706,0.07424892547895674,0,22,8.901022036603171,1000.9847350744618,0.9777926672163045,0
TASK-2026-09-02-MOCK-PRODUCTION,mockL32,TASK-2026-09-02-MOCK-PRODUCTION/mockL32/results/M32_00110.json,32,32.0,0.35,0.2732,1024,6.0,systematic,31004014,ok,138.99,91,0.6000229451719901,0.07073504795429471,0,19,6.699566811914589,1005.224411606192,0.9785851551047432,0
TASK-2026-09-02-MOCK-PRODUCTION,mockL32,TASK-2026-09-02-MOCK-PRODUCTION/mockL32/results/M32_00111.json,32,32.0,0.35,0.2732,1024,6.0,systematic,31004015,ok,137.51,91,0.6484341198996548,0.08159837443383026,0,18,6.107948786653774,1002.983813163711,0.9783963900311087,0
TASK-2026-09-02-MOCK-PRODUCTION,mockL32,TASK-2026-09-02-MOCK-PRODUCTION/mockL32/results/M32_00112.json,32,32.0,0.35,0.2732,1024,6.0,systematic,31004016,ok,137.95,91,0.6415037095728132,0.07812139216897061,0,27,7.846156148516185,1002.2611839507222,0.978565205274599,0
TASK-2026-09-02-MOCK-PRODUCTION,mockL32,TASK-2026-09-02-MOCK-PRODUCTION/mockL32/results/M32_00113.json,32,32.0,0.35,0.2732,1024,6.0,systematic,31004017,ok,136.7,91,0.6088847630662655,0.07372439490742924,0,21,10.003396233615081,1004.323066483372,0.9786303361863953,0
TASK-2026-09-02-MOCK-PRODUCTION,mockL32,TASK-2026-09-02-MOCK-PRODUCTION/mockL32/results/M32_00114.json,32,32.0,0.35,0.2732,1024,6.0,systematic,31004018,ok,138.7,91,0.6128082597595399,0.08440419515008066,0,22,5.87404627191754,1001.9416722807828,0.978239240704651,0
TASK-2026-09-02-MOCK-PRODUCTION,mockL32,TASK-2026-09-02-MOCK-PRODUCTION/mockL32/results/M32_00115.json,32,32.0,0.35,0.2732,1024,6.0,systematic,31004019,ok,139.66,91,0.6373254344104613,0.07062410872945875,0,28,10.190242954324587,1003.5085225437405,0.9787254075763131,0
TASK-2026-09-02-MOCK-PRODUCTION,mockL32,TASK-2026-09-02-MOCK-PRODUCTION/mockL32/results/M32_00116.json,32,32.0,0.35,0.2732,1024,6.0,systematic,31004020,ok,138.39,91,0.61147700631958,0.07993899742257976,0,20,3.560360458246467,1003.588342972485,0.9781907303291812,0
TASK-2026-09-02-MOCK-PRODUCTION,mockL32,TASK-2026-09-02-MOCK-PRODUCTION/mockL32/results/M32_00117.json,32,32.0,0.35,0.2732,1024,6.0,systematic,31004021,ok,140.07,91,0.6304155941288503,0.0724855048553404,0,24,12.024954128440367,1002.4323539744515,0.9784772709252185,0
TASK-2026-09-02-MOCK-PRODUCTION,mockL32,TASK-2026-09-02-MOCK-PRODUCTION/mockL32/results/M32_00118.json,32,32.0,0.35,0.2732,1024,6.0,systematic,31004022,ok,138.93,91,0.6148548585138819,0.07080275796102584,0,23,7.696422542241012,1002.3517834212247,0.9780709140928229,0
TASK-2026-09-02-MOCK-PRODUCTION,mockL32,TASK-2026-09-02-MOCK-PRODUCTION/mockL32/results/M32_00119.json,32,32.0,0.35,0.2732,1024,6.0,systematic,31004023,ok,138.52,91,0.6169411236791312,0.07888847716679875,0,27,7.3723968220487945,1003.4493690636962,0.9788703312446988,0
TASK-2026-09-02-MOCK-PRODUCTION,mockL32,TASK-2026-09-02-MOCK-PRODUCTION/mockL32/results/M32_00120.json,32,32.0,0.35,0.2832,1024,6.0,systematic,31005000,ok,137.91,94,0.6222556149850444,0.0802380225605832,0,27,11.307108350586612,1002.7474186293842,0.9782259756141826,0
TASK-2026-09-02-MOCK-PRODUCTION,mockL32,TASK-2026-09-02-MOCK-PRODUCTION/mockL32/results/M32_00121.json,32,32.0,0.35,0.2832,1024,6.0,systematic,31005001,ok,135.19,94,0.5636329067034019,0.06996283235328547,0,21,12.04097193514308,1002.45422121362,0.9782800967654214,0
TASK-2026-09-02-MOCK-PRODUCTION,mockL32,TASK-2026-09-02-MOCK-PRODUCTION/mockL32/results/M32_00122.json,32,32.0,0.35,0.2832,1024,6.0,systematic,31005002,ok,138.25,94,0.5961576837234102,0.07741557710117962,0,20,5.629394206197522,1002.5349810835246,0.9779153459418803,0
TASK-2026-09-02-MOCK-PRODUCTION,mockL32,TASK-2026-09-02-MOCK-PRODUCTION/mockL32/results/M32_00123.json,32,32.0,0.35,0.2832,1024,6.0,systematic,31005003,ok,136.77,94,0.5767604361827523,0.07184171077263063,0,21,10.768320736115676,1003.2018272880082,0.9777154674467092,0
TASK-2026-09-02-MOCK-PRODUCTION,mockL32,TASK-2026-09-02-MOCK-PRODUCTION/mockL32/results/M32_00124.json,32,32.0,0.35,0.2832,1024,6.0,systematic,31005004,ok,163.65,94,0.584442803157879,0.06826642023855235,0,24,8.76955758133311,1002.7464388068506,0.978202953324684,0
TASK-2026-09-02-MOCK-PRODUCTION,mockL32,TASK-2026-09-02-MOCK-PRODUCTION/mockL32/results/M32_00125.json,32,32.0,0.35,0.2832,1024,6.0,systematic,31005005,ok,150.23,94,0.5566353621646055,0.06752147481144051,0,16,7.745084425272923,1003.3675601659716,0.9778342809410443,0
TASK-2026-09-02-MOCK-PRODUCTION,mockL32,TASK-2026-09-02-MOCK-PRODUCTION/mockL32/results/M32_00126.json,32,32.0,0.35,0.2832,1024,6.0,systematic,31005006,ok,149.85,94,0.618646086277113,0.08145684403043138,0,19,7.664356927754875,1002.5759351079,0.9780934503913423,0
TASK-2026-09-02-MOCK-PRODUCTION,mockL32,TASK-2026-09-02-MOCK-PRODUCTION/mockL32/results/M32_00127.json,32,32.0,0.35,0.2832,1024,6.0,systematic,31005007,ok,149.9,94,0.5849954962971877,0.07387243222329704,0,27,12.219741288894069,1003.7008326169207,0.9781667374861436,0
TASK-2026-09-02-MOCK-PRODUCTION,mockL32,TASK-2026-09-02-MOCK-PRODUCTION/mockL32/results/M32_00128.json,32,32.0,0.35,0.2832,1024,6.0,systematic,31005008,ok,150.42,94,0.5724870379570058,0.07060301116802008,0,24,9.188041078125547,1004.0166348637682,0.9785787668928277,0
TASK-2026-09-02-MOCK-PRODUCTION,mockL32,TASK-2026-09-02-MOCK-PRODUCTION/mockL32/results/M32_00129.json,32,32.0,0.35,0.2832,1024,6.0,systematic,31005009,ok,149.93,94,0.5845118617447023,0.07043037331404285,0,24,10.710903184947599,1002.0846669438178,0.9779997250238467,0
TASK-2026-09-02-MOCK-PRODUCTION,mockL32,TASK-2026-09-02-MOCK-PRODUCTION/mockL32/results/M32_00130.json,32,32.0,0.35,0.2832,1024,6.0,systematic,31005010,ok,152.81,94,0.5725164653289779,0.06545771102792654,0,26,6.77190943025794,1003.1735576319012,0.9783876170587588,0
TASK-2026-09-02-MOCK-PRODUCTION,mockL32,TASK-2026-09-02-MOCK-PRODUCTION/mockL32/results/M32_00131.json,32,32.0,0.35,0.2832,1024,6.0,systematic,31005011,ok,151.01,94,0.5952970820691357,0.07482717390708082,0,24,6.8929937813071085,1002.0064465507633,0.9784822651606985,0
TASK-2026-09-02-MOCK-PRODUCTION,mockL32,TASK-2026-09-02-MOCK-PRODUCTION/mockL32/results/M32_00132.json,32,32.0,0.35,0.2832,1024,6.0,systematic,31005012,ok,151.57,94,0.6379854250467776,0.07724565168657042,0,26,5.3527177686119165,1003.4023309530137,0.978420735042323,0
TASK-2026-09-02-MOCK-PRODUCTION,mockL32,TASK-2026-09-02-MOCK-PRODUCTION/mockL32/results/M32_00133.json,32,32.0,0.35,0.2832,1024,6.0,systematic,31005013,ok,150.37,94,0.5939007320886821,0.0773717976134922,0,22,6.220197418375095,1000.6508419186528,0.9783195241200882,0
TASK-2026-09-02-MOCK-PRODUCTION,mockL32,TASK-2026-09-02-MOCK-PRODUCTION/mockL32/results/M32_00134.json,32,32.0,0.35,0.2832,1024,6.0,systematic,31005014,ok,152.53,94,0.576132082298998,0.0742655632205197,0,21,7.137831509012688,1001.2832436972021,0.9781063703124272,0
TASK-2026-09-02-MOCK-PRODUCTION,mockL32,TASK-2026-09-02-MOCK-PRODUCTION/mockL32/results/M32_00135.json,32,32.0,0.35,0.2832,1024,6.0,systematic,31005015,ok,147.81,94,0.6036744969844674,0.07272978738882793,0,19,9.060067740374645,1002.4457069699924,0.978373272456932,0
TASK-2026-09-02-MOCK-PRODUCTION,mockL32,TASK-2026-09-02-MOCK-PRODUCTION/mockL32/results/M32_00136.json,32,32.0,0.35,0.2832,1024,6.0,systematic,31005016,ok,151.39,94,0.5867564627988264,0.07180097980638135,0,28,9.533029074313145,1001.8349067609778,0.9779719897903351,0
TASK-2026-09-02-MOCK-PRODUCTION,mockL32,TASK-2026-09-02-MOCK-PRODUCTION/mockL32/results/M32_00137.json,32,32.0,0.35,0.2832,1024,6.0,systematic,31005017,ok,149.32,94,0.6141314667543347,0.07319278110059428,0,25,7.177701111658727,1003.4715737694137,0.9785438570453864,0
TASK-2026-09-02-MOCK-PRODUCTION,mockL32,TASK-2026-09-02-MOCK-PRODUCTION/mockL32/results/M32_00138.json,32,32.0,0.35,0.2832,1024,6.0,systematic,31005018,ok,148.42,94,0.5853623795546661,0.07407422023215486,0,16,7.474772244478978,1001.802509061978,0.9782737352542014,0
TASK-2026-09-02-MOCK-PRODUCTION,mockL32,TASK-2026-09-02-MOCK-PRODUCTION/mockL32/results/M32_00139.json,32,32.0,0.35,0.2832,1024,6.0,systematic,31005019,ok,151.01,94,0.545774559246296,0.069942140956319,0,23,7.53536369777369,1003.4544483366045,0.9784141947699271,0
TASK-2026-09-02-MOCK-PRODUCTION,mockL32,TASK-2026-09-02-MOCK-PRODUCTION/mockL32/results/M32_00140.json,32,32.0,0.35,0.2832,1024,6.0,systematic,31005020,ok,151.27,94,0.5785117066143007,0.07300424162163582,0,18,6.806990210589182,1002.9372782416839,0.9786545010521458,0
TASK-2026-09-02-MOCK-PRODUCTION,mockL32,TASK-2026-09-02-MOCK-PRODUCTION/mockL32/results/M32_00141.json,32,32.0,0.35,0.2832,1024,6.0,systematic,31005021,ok,151.84,94,0.6065544828633753,0.077252571194477,0,29,11.47313828041228,1002.3395122718815,0.9782602578244748,0
TASK-2026-09-02-MOCK-PRODUCTION,mockL32,TASK-2026-09-02-MOCK-PRODUCTION/mockL32/results/M32_00142.json,32,32.0,0.35,0.2832,1024,6.0,systematic,31005022,ok,150.98,94,0.5788908777382042,0.07557982768153954,0,19,8.908281510177728,1002.3724692005926,0.9779739660673311,0
TASK-2026-09-02-MOCK-PRODUCTION,mockL32,TASK-2026-09-02-MOCK-PRODUCTION/mockL32/results/M32_00143.json,32,32.0,0.35,0.2832,1024,6.0,systematic,31005023,ok,151.88,94,0.5973633711394226,0.0773852250686844,0,20,6.690675208330675,1000.8980114766939,0.9781836062305904,0
TASK-2026-09-02-MOCK-PRODUCTION,mockL32,TASK-2026-09-02-MOCK-PRODUCTION/mockL32/results/M32_00144.json,32,32.0,0.35,0.2932,1024,6.0,systematic,31006000,ok,155.55,97,0.5291552988170102,0.06317476164445303,0,25,12.308963703808049,1002.6886584244288,0.9780000892087661,0
TASK-2026-09-02-MOCK-PRODUCTION,mockL32,TASK-2026-09-02-MOCK-PRODUCTION/mockL32/results/M32_00145.json,32,32.0,0.35,0.2932,1024,6.0,systematic,31006001,ok,155.36,97,0.528492892559452,0.0658865107909611,0,14,6.067445897465571,1002.7527868201397,0.9776844473642528,0
TASK-2026-09-02-MOCK-PRODUCTION,mockL32,TASK-2026-09-02-MOCK-PRODUCTION/mockL32/results/M32_00146.json,32,32.0,0.35,0.2932,1024,6.0,systematic,31006002,ok,153.48,97,0.5318762072969876,0.06412872164250469,0,22,4.976866486306896,1001.725532496911,0.9779484439973365,0
TASK-2026-09-02-MOCK-PRODUCTION,mockL32,TASK-2026-09-02-MOCK-PRODUCTION/mockL32/results/M32_00147.json,32,32.0,0.35,0.2932,1024,6.0,systematic,31006003,ok,152.77,97,0.5558461288555437,0.06803770300271664,0,14,7.918203373959797,1001.8219505566007,0.9781705455787668,0
TASK-2026-09-02-MOCK-PRODUCTION,mockL32,TASK-2026-09-02-MOCK-PRODUCTION/mockL32/results/M32_00148.json,32,32.0,0.35,0.2932,1024,6.0,systematic,31006004,ok,152.25,97,0.5483928645178144,0.07115820451997897,0,24,10.848535010759807,1003.5913259850345,0.9779800307265859,0
TASK-2026-09-02-MOCK-PRODUCTION,mockL32,TASK-2026-09-02-MOCK-PRODUCTION/mockL32/results/M32_00149.json,32,32.0,0.35,0.2932,1024,6.0,systematic,31006005,ok,153.94,97,0.5705329677962842,0.06929797023335021,0,20,10.279753735147642,1002.217851986646,0.9782283682946458,0
TASK-2026-09-02-MOCK-PRODUCTION,mockL32,TASK-2026-09-02-MOCK-PRODUCTION/mockL32/results/M32_00150.json,32,32.0,0.35,0.2932,1024,6.0,systematic,31006006,ok,153.34,97,0.5332394778373731,0.06912088878559691,0,25,9.025443277672577,1000.8420192784163,0.9784595447476034,0
TASK-2026-09-02-MOCK-PRODUCTION,mockL32,TASK-2026-09-02-MOCK-PRODUCTION/mockL32/results/M32_00151.json,32,32.0,0.35,0.2932,1024,6.0,systematic,31006007,ok,153.03,97,0.5160213545770405,0.061457393325355186,0,22,8.482252062773014,1001.7963061579111,0.9781293579276978,0
TASK-2026-09-02-MOCK-PRODUCTION,mockL32,TASK-2026-09-02-MOCK-PRODUCTION/mockL32/results/M32_00152.json,32,32.0,0.35,0.2932,1024,6.0,systematic,31006008,ok,154.93,97,0.5671307487201521,0.07890310570638928,0,23,8.852328369297268,1000.739624271455,0.9778768127310614,0
TASK-2026-09-02-MOCK-PRODUCTION,mockL32,TASK-2026-09-02-MOCK-PRODUCTION/mockL32/results/M32_00153.json,32,32.0,0.35,0.2932,1024,6.0,systematic,31006009,ok,153.36,97,0.5332836264551989,0.06654684612984109,0,18,8.103745150470656,1003.6282898138087,0.9780777075846466,0
TASK-2026-09-02-MOCK-PRODUCTION,mockL32,TASK-2026-09-02-MOCK-PRODUCTION/mockL32/results/M32_00154.json,32,32.0,0.35,0.2932,1024,6.0,systematic,31006010,ok,153.87,97,0.5608644977841701,0.0731293795211858,0,25,10.450437521178417,1002.8526796909093,0.9783509113197947,0
TASK-2026-09-02-MOCK-PRODUCTION,mockL32,TASK-2026-09-02-MOCK-PRODUCTION/mockL32/results/M32_00155.json,32,32.0,0.35,0.2932,1024,6.0,systematic,31006011,ok,153.05,97,0.5441228895968047,0.06628851141945849,0,20,7.822742125602423,1002.744379976574,0.9780496441334234,0
TASK-2026-09-02-MOCK-PRODUCTION,mockL32,TASK-2026-09-02-MOCK-PRODUCTION/mockL32/results/M32_00156.json,32,32.0,0.35,0.2932,1024,6.0,systematic,31006012,ok,154.84,97,0.5629780587524382,0.06705692610261044,0,24,7.51732048635008,1002.549022450563,0.9784401576985253,0
TASK-2026-09-02-MOCK-PRODUCTION,mockL32,TASK-2026-09-02-MOCK-PRODUCTION/mockL32/results/M32_00157.json,32,32.0,0.35,0.2932,1024,6.0,systematic,31006013,ok,153.77,97,0.5428891771927317,0.06529199114282004,0,21,10.254620846128269,1004.9203162185457,0.9779448126724954,0
TASK-2026-09-02-MOCK-PRODUCTION,mockL32,TASK-2026-09-02-MOCK-PRODUCTION/mockL32/results/M32_00158.json,32,32.0,0.35,0.2932,1024,6.0,systematic,31006014,ok,154.15,97,0.555966796101558,0.06457586742641584,0,29,12.44216621576724,1001.5156686424599,0.9777792312782757,0
TASK-2026-09-02-MOCK-PRODUCTION,mockL32,TASK-2026-09-02-MOCK-PRODUCTION/mockL32/results/M32_00159.json,32,32.0,0.35,0.2932,1024,6.0,systematic,31006015,ok,151.99,97,0.5344863903285897,0.061113513422250215,0,17,7.365974963822583,1001.3129282523553,0.9775193585401968,0
TASK-2026-09-02-MOCK-PRODUCTION,mockL32,TASK-2026-09-02-MOCK-PRODUCTION/mockL32/results/M32_00160.json,32,32.0,0.35,0.2932,1024,6.0,systematic,31006016,ok,152.98,97,0.5528715681762013,0.06465197375736435,0,22,6.2117959290064215,1001.4948549721581,0.9780838783845769,0
TASK-2026-09-02-MOCK-PRODUCTION,mockL32,TASK-2026-09-02-MOCK-PRODUCTION/mockL32/results/M32_00161.json,32,32.0,0.35,0.2932,1024,6.0,systematic,31006017,ok,154.42,97,0.5608706265051646,0.07460717164458872,0,20,7.755624916791172,1001.5355529853048,0.9787894605401378,0
TASK-2026-09-02-MOCK-PRODUCTION,mockL32,TASK-2026-09-02-MOCK-PRODUCTION/mockL32/results/M32_00162.json,32,32.0,0.35,0.2932,1024,6.0,systematic,31006018,ok,153.91,97,0.5579843315599339,0.05854940891018156,0,28,12.38982890632385,1000.9289834657686,0.9782030959046117,0
TASK-2026-09-02-MOCK-PRODUCTION,mockL32,TASK-2026-09-02-MOCK-PRODUCTION/mockL32/results/M32_00163.json,32,32.0,0.35,0.2932,1024,6.0,systematic,31006019,ok,156.93,97,0.5493371948097845,0.07571936981773322,0,22,9.439657190183828,1001.7721196427219,0.9782135184946829,0
TASK-2026-09-02-MOCK-PRODUCTION,mockL32,TASK-2026-09-02-MOCK-PRODUCTION/mockL32/results/M32_00164.json,32,32.0,0.35,0.2932,1024,6.0,systematic,31006020,ok,142.36,97,0.5486721825356978,0.07534189055788425,0,18,9.685898501727355,1001.8011067282822,0.978054314881759,0
TASK-2026-09-02-MOCK-PRODUCTION,mockL32,TASK-2026-09-02-MOCK-PRODUCTION/mockL32/results/M32_00165.json,32,32.0,0.35,0.2932,1024,6.0,systematic,31006021,ok,142.5,97,0.5416314617759372,0.06813782818278813,0,30,12.270074188490252,1002.0524226754304,0.9775831133053039,0
TASK-2026-09-02-MOCK-PRODUCTION,mockL32,TASK-2026-09-02-MOCK-PRODUCTION/mockL32/results/M32_00166.json,32,32.0,0.35,0.2932,1024,6.0,systematic,31006022,ok,142.82,97,0.542546771454492,0.06444345038554686,0,20,4.296773453314648,1002.2775618300785,0.9777531612103043,0
TASK-2026-09-02-MOCK-PRODUCTION,mockL32,TASK-2026-09-02-MOCK-PRODUCTION/mockL32/results/M32_00167.json,32,32.0,0.35,0.2932,1024,6.0,systematic,31006023,ok,149.49,97,0.5487976375712535,0.06562717968495405,0,22,10.644360978580854,1000.7853526069895,0.9781460964826868,0
TASK-2026-09-02-MOCK-PRODUCTION,mockL32,TASK-2026-09-02-MOCK-PRODUCTION/mockL32/results/M32_00168.json,32,32.0,0.35,0.3032,1024,6.0,systematic,31007000,ok,153.41,101,0.499416700762009,0.05805419446569746,0,21,11.21183867242633,1003.0727583962951,0.9783256610615956,0
TASK-2026-09-02-MOCK-PRODUCTION,mockL32,TASK-2026-09-02-MOCK-PRODUCTION/mockL32/results/M32_00169.json,32,32.0,0.35,0.3032,1024,6.0,systematic,31007001,ok,152.5,101,0.5045630533369452,0.056503207855987135,0,20,6.094671254533618,1003.3854306240141,0.9775937633192089,0
TASK-2026-09-02-MOCK-PRODUCTION,mockL32,TASK-2026-09-02-MOCK-PRODUCTION/mockL32/results/M32_00170.json,32,32.0,0.35,0.3032,1024,6.0,systematic,31007002,ok,154.17,101,0.5145541253004198,0.06513603281670025,0,20,8.56343917418006,1003.4852223668944,0.9782935174321921,0
TASK-2026-09-02-MOCK-PRODUCTION,mockL32,TASK-2026-09-02-MOCK-PRODUCTION/mockL32/results/M32_00171.json,32,32.0,0.35,0.3032,1024,6.0,systematic,31007003,ok,152.58,101,0.5214932913951175,0.062208480165886114,0,23,9.084557804269476,1001.8847312031578,0.9785204382078786,0
TASK-2026-09-02-MOCK-PRODUCTION,mockL32,TASK-2026-09-02-MOCK-PRODUCTION/mockL32/results/M32_00172.json,32,32.0,0.35,0.3032,1024,6.0,systematic,31007004,ok,152.84,101,0.5103350538552281,0.06656280919735144,0,17,5.535544223073918,1003.8922929208293,0.9781733311010284,0
TASK-2026-09-02-MOCK-PRODUCTION,mockL32,TASK-2026-09-02-MOCK-PRODUCTION/mockL32/results/M32_00173.json,32,32.0,0.35,0.3032,1024,6.0,systematic,31007005,ok,146.6,101,0.5236118659401761,0.06379952136294882,0,22,10.786709186297706,1003.0796477341471,0.9787384178406267,0
TASK-2026-09-02-MOCK-PRODUCTION,mockL32,TASK-2026-09-02-MOCK-PRODUCTION/mockL32/results/M32_00174.json,32,32.0,0.35,0.3032,1024,6.0,systematic,31007006,ok,150.12,101,0.5181327465992145,0.06592052653925465,0,27,12.15373916268719,1002.392922326424,0.978759303304206,0
TASK-2026-09-02-MOCK-PRODUCTION,mockL32,TASK-2026-09-02-MOCK-PRODUCTION/mockL32/results/M32_00175.json,32,32.0,0.35,0.3032,1024,6.0,systematic,31007007,ok,146.54,101,0.5013318155729742,0.05893289536343165,0,21,6.559175299004154,1001.8771366319328,0.9783512649072849,0
TASK-2026-09-02-MOCK-PRODUCTION,mockL32,TASK-2026-09-02-MOCK-PRODUCTION/mockL32/results/M32_00176.json,32,32.0,0.35,0.3032,1024,6.0,systematic,31007008,ok,150.73,101,0.48459213781752913,0.05643581333254179,0,23,10.815860048685893,1001.4720906455365,0.9784053013041716,0
TASK-2026-09-02-MOCK-PRODUCTION,mockL32,TASK-2026-09-02-MOCK-PRODUCTION/mockL32/results/M32_00177.json,32,32.0,0.35,0.3032,1024,6.0,systematic,31007009,ok,148.07,101,0.5152039514220712,0.06666023099360917,0,26,8.84575670659693,1002.2201152274926,0.9783024510022917,0
TASK-2026-09-02-MOCK-PRODUCTION,mockL32,TASK-2026-09-02-MOCK-PRODUCTION/mockL32/results/M32_00178.json,32,32.0,0.35,0.3032,1024,6.0,systematic,31007010,ok,148.59,101,0.5073319543297709,0.06228643313071091,0,24,10.083237172090161,1001.8289861673466,0.9782199227447459,0
TASK-2026-09-02-MOCK-PRODUCTION,mockL32,TASK-2026-09-02-MOCK-PRODUCTION/mockL32/results/M32_00179.json,32,32.0,0.35,0.3032,1024,6.0,systematic,31007011,ok,148.64,101,0.5155823537571818,0.05674203170718211,0,22,13.228905934598304,1001.9689306977945,0.9781497194723424,0
TASK-2026-09-02-MOCK-PRODUCTION,mockL32,TASK-2026-09-02-MOCK-PRODUCTION/mockL32/results/M32_00180.json,32,32.0,0.35,0.3032,1024,6.0,systematic,31007012,ok,148.35,101,0.5003479061474869,0.057306028451864485,0,24,10.47047310926048,1003.4877802203983,0.97839469652381,0
TASK-2026-09-02-MOCK-PRODUCTION,mockL32,TASK-2026-09-02-MOCK-PRODUCTION/mockL32/results/M32_00181.json,32,32.0,0.35,0.3032,1024,6.0,systematic,31007013,ok,149.66,101,0.5146741310719505,0.05996277880532246,0,14,5.394908522154308,1001.7810112493075,0.9782995594274702,0
TASK-2026-09-02-MOCK-PRODUCTION,mockL32,TASK-2026-09-02-MOCK-PRODUCTION/mockL32/results/M32_00182.json,32,32.0,0.35,0.3032,1024,6.0,systematic,31007014,ok,152.05,101,0.5251724928701862,0.06666596684495141,0,29,12.009529045262965,1003.1512103861583,0.9784335955502718,0
TASK-2026-09-02-MOCK-PRODUCTION,mockL32,TASK-2026-09-02-MOCK-PRODUCTION/mockL32/results/M32_00183.json,32,32.0,0.35,0.3032,1024,6.0,systematic,31007015,ok,153.04,101,0.48024308137255517,0.059772432193043616,0,24,11.007054081289889,1001.3741424871031,0.9782421801115725,0
TASK-2026-09-02-MOCK-PRODUCTION,mockL32,TASK-2026-09-02-MOCK-PRODUCTION/mockL32/results/M32_00184.json,32,32.0,0.35,0.3032,1024,6.0,systematic,31007016,ok,156.43,101,0.5184230276086311,0.05262818989389129,0,18,7.797147573652979,1004.797355825144,0.9779861356974884,0
TASK-2026-09-02-MOCK-PRODUCTION,mockL32,TASK-2026-09-02-MOCK-PRODUCTION/mockL32/results/M32_00185.json,32,32.0,0.35,0.3032,1024,6.0,systematic,31007017,ok,152.23,101,0.5326109040721678,0.064880317254689,0,26,7.568322891705402,1003.7970527049757,0.9785035100999696,0
TASK-2026-09-02-MOCK-PRODUCTION,mockL32,TASK-2026-09-02-MOCK-PRODUCTION/mockL32/results/M32_00186.json,32,32.0,0.35,0.3032,1024,6.0,systematic,31007018,ok,154.32,101,0.5221405033991979,0.06354692762794488,0,24,9.960635306634243,1002.5659888511024,0.9783535263658737,0
TASK-2026-09-02-MOCK-PRODUCTION,mockL32,TASK-2026-09-02-MOCK-PRODUCTION/mockL32/results/M32_00187.json,32,32.0,0.35,0.3032,1024,6.0,systematic,31007019,ok,153.61,101,0.5117334354440668,0.06495500844629258,0,23,8.980763630757636,1003.6670402281947,0.9781037288615417,0
TASK-2026-09-02-MOCK-PRODUCTION,mockL32,TASK-2026-09-02-MOCK-PRODUCTION/mockL32/results/M32_00188.json,32,32.0,0.35,0.3032,1024,6.0,systematic,31007020,ok,155.26,101,0.5113702782520346,0.06603493725425157,0,23,8.292547133999747,1003.3346747350199,0.9783405400697563,0
TASK-2026-09-02-MOCK-PRODUCTION,mockL32,TASK-2026-09-02-MOCK-PRODUCTION/mockL32/results/M32_00189.json,32,32.0,0.35,0.3032,1024,6.0,systematic,31007021,ok,170.69,101,0.5132725726229279,0.061467212715536824,0,23,6.8581893337868065,1002.0407599240276,0.9783474838089009,0
TASK-2026-09-02-MOCK-PRODUCTION,mockL32,TASK-2026-09-02-MOCK-PRODUCTION/mockL32/results/M32_00190.json,32,32.0,0.35,0.3032,1024,6.0,systematic,31007022,ok,155.79,101,0.4815501992502226,0.06080971126673449,0,23,11.028123093750658,1002.724671449872,0.9779673330062747,0
TASK-2026-09-02-MOCK-PRODUCTION,mockL32,TASK-2026-09-02-MOCK-PRODUCTION/mockL32/results/M32_00191.json,32,32.0,0.35,0.3032,1024,6.0,systematic,31007023,ok,157.25,101,0.536933871749445,0.07714854790867567,0,24,11.30223333620764,1002.3328672224785,0.9784051674627854,0
TASK-2026-09-02-MOCK-PRODUCTION,mockL32,TASK-2026-09-02-MOCK-PRODUCTION/mockL32/results/M32_00192.json,32,32.0,0.35,0.3132,1024,6.0,systematic,31008000,ok,159.21,104,0.4599044991527237,0.05356712566126802,0,21,9.060694041200055,1002.1429963417444,0.9781807548475343,0
TASK-2026-09-02-MOCK-PRODUCTION,mockL32,TASK-2026-09-02-MOCK-PRODUCTION/mockL32/results/M32_00193.json,32,32.0,0.35,0.3132,1024,6.0,systematic,31008001,ok,160.93,104,0.47776163431763363,0.06273747389016798,0,18,11.045548392533602,1001.8515854417849,0.9778124480433903,0
TASK-2026-09-02-MOCK-PRODUCTION,mockL32,TASK-2026-09-02-MOCK-PRODUCTION/mockL32/results/M32_00194.json,32,32.0,0.35,0.3132,1024,6.0,systematic,31008002,ok,158.75,104,0.4595132324036834,0.06083676803035715,0,22,10.27733563335555,1002.2023206987234,0.9778844014718222,0
TASK-2026-09-02-MOCK-PRODUCTION,mockL32,TASK-2026-09-02-MOCK-PRODUCTION/mockL32/results/M32_00195.json,32,32.0,0.35,0.3132,1024,6.0,systematic,31008003,ok,159.4,104,0.4674247471083981,0.060723863628570275,0,23,9.514690670199444,1003.0334616884297,0.9781289109085805,0
TASK-2026-09-02-MOCK-PRODUCTION,mockL32,TASK-2026-09-02-MOCK-PRODUCTION/mockL32/results/M32_00196.json,32,32.0,0.35,0.3132,1024,6.0,systematic,31008004,ok,159.25,104,0.45111864977691585,0.049843179315533434,0,24,11.853941983766306,1002.4646098179379,0.977891370803731,0
TASK-2026-09-02-MOCK-PRODUCTION,mockL32,TASK-2026-09-02-MOCK-PRODUCTION/mockL32/results/M32_00197.json,32,32.0,0.35,0.3132,1024,6.0,systematic,31008005,ok,160.72,104,0.4934128811946823,0.0655823783497053,0,24,11.190062536016905,1001.9872341718947,0.977935972370684,0
TASK-2026-09-02-MOCK-PRODUCTION,mockL32,TASK-2026-09-02-MOCK-PRODUCTION/mockL32/results/M32_00198.json,32,32.0,0.35,0.3132,1024,6.0,systematic,31008006,ok,159.24,104,0.4787199504862888,0.054312042084401393,0,20,6.503280864312383,1002.3249830187013,0.9779526689293762,0
TASK-2026-09-02-MOCK-PRODUCTION,mockL32,TASK-2026-09-02-MOCK-PRODUCTION/mockL32/results/M32_00199.json,32,32.0,0.35,0.3132,1024,6.0,systematic,31008007,ok,159.36,104,0.4531344436611211,0.05413174826941024,0,20,5.606398905000214,1001.2814262231984,0.978105305062196,0
TASK-2026-09-02-MOCK-PRODUCTION,mockL32,TASK-2026-09-02-MOCK-PRODUCTION/mockL32/results/M32_00200.json,32,32.0,0.35,0.3132,1024,6.0,systematic,31008008,ok,159.21,104,0.46350781261688123,0.060804588462307206,0,20,7.911870340747895,1001.1363217474722,0.9781587311444422,0
TASK-2026-09-02-MOCK-PRODUCTION,mockL32,TASK-2026-09-02-MOCK-PRODUCTION/mockL32/results/M32_00201.json,32,32.0,0.35,0.3132,1024,6.0,systematic,31008009,ok,158.81,104,0.5049257626418691,0.06668617203037651,0,20,4.721954031270265,1002.5719164723182,0.9780313729093373,0
TASK-2026-09-02-MOCK-PRODUCTION,mockL32,TASK-2026-09-02-MOCK-PRODUCTION/mockL32/results/M32_00202.json,32,32.0,0.35,0.3132,1024,6.0,systematic,31008010,ok,159.03,104,0.465566455517064,0.060044501900543716,0,14,5.5726706490083115,1003.1794618586358,0.9777151918540071,0
TASK-2026-09-02-MOCK-PRODUCTION,mockL32,TASK-2026-09-02-MOCK-PRODUCTION/mockL32/results/M32_00203.json,32,32.0,0.35,0.3132,1024,6.0,systematic,31008011,ok,159.47,104,0.4743829070539177,0.06301330926966157,0,18,8.156950602878258,1001.9007515430412,0.9780073427118438,0
TASK-2026-09-02-MOCK-PRODUCTION,mockL32,TASK-2026-09-02-MOCK-PRODUCTION/mockL32/results/M32_00204.json,32,32.0,0.35,0.3132,1024,6.0,systematic,31008012,ok,161.06,104,0.4902701472892397,0.05856578065937006,0,21,10.355283428797156,1002.6987325215575,0.9781230800254949,0
TASK-2026-09-02-MOCK-PRODUCTION,mockL32,TASK-2026-09-02-MOCK-PRODUCTION/mockL32/results/M32_00205.json,32,32.0,0.35,0.3132,1024,6.0,systematic,31008013,ok,160.27,104,0.4598373232033952,0.05691877263649377,0,25,12.185093081088619,1000.7365061081208,0.9780177652237166,0
TASK-2026-09-02-MOCK-PRODUCTION,mockL32,TASK-2026-09-02-MOCK-PRODUCTION/mockL32/results/M32_00206.json,32,32.0,0.35,0.3132,1024,6.0,systematic,31008014,ok,159.15,104,0.4829749832669731,0.061619039577447486,0,21,10.170475266731328,1002.3098686837654,0.97787650083331,0
TASK-2026-09-02-MOCK-PRODUCTION,mockL32,TASK-2026-09-02-MOCK-PRODUCTION/mockL32/results/M32_00207.json,32,32.0,0.35,0.3132,1024,6.0,systematic,31008015,ok,159.44,104,0.4787900597490288,0.0569253391152432,0,17,3.407875407875408,1001.7243443267013,0.9783230298408688,0
TASK-2026-09-02-MOCK-PRODUCTION,mockL32,TASK-2026-09-02-MOCK-PRODUCTION/mockL32/results/M32_00208.json,32,32.0,0.35,0.3132,1024,6.0,systematic,31008016,ok,159.84,104,0.4829115380646509,0.05717917736220436,0,22,7.731036923439897,1001.5720310613079,0.9778911094123992,0
TASK-2026-09-02-MOCK-PRODUCTION,mockL32,TASK-2026-09-02-MOCK-PRODUCTION/mockL32/results/M32_00209.json,32,32.0,0.35,0.3132,1024,6.0,systematic,31008017,ok,158.54,104,0.46999873456368313,0.05497935233156925,0,23,10.1344982892931,1002.2878611977915,0.9778120807421629,0
TASK-2026-09-02-MOCK-PRODUCTION,mockL32,TASK-2026-09-02-MOCK-PRODUCTION/mockL32/results/M32_00210.json,32,32.0,0.35,0.3132,1024,6.0,systematic,31008018,ok,162.73,104,0.4533870550030037,0.06209168421853876,0,22,10.843150231634679,1000.4259537449682,0.9781426354693143,0
TASK-2026-09-02-MOCK-PRODUCTION,mockL32,TASK-2026-09-02-MOCK-PRODUCTION/mockL32/results/M32_00211.json,32,32.0,0.35,0.3132,1024,6.0,systematic,31008019,ok,158.32,104,0.4670801475993835,0.057087986083321246,0,26,9.806190966052558,1003.3144121847208,0.9781816996690089,0
TASK-2026-09-02-MOCK-PRODUCTION,mockL32,TASK-2026-09-02-MOCK-PRODUCTION/mockL32/results/M32_00212.json,32,32.0,0.35,0.3132,1024,6.0,systematic,31008020,ok,159.07,104,0.4706018159638412,0.059444822806980775,0,27,10.325914838303069,1001.2665632354999,0.9777928211896927,0
TASK-2026-09-02-MOCK-PRODUCTION,mockL32,TASK-2026-09-02-MOCK-PRODUCTION/mockL32/results/M32_00213.json,32,32.0,0.35,0.3132,1024,6.0,systematic,31008021,ok,157.03,104,0.45539756701964745,0.05898203517662051,0,20,9.305951472337103,1001.2159030506496,0.9783962023530813,0
TASK-2026-09-02-MOCK-PRODUCTION,mockL32,TASK-2026-09-02-MOCK-PRODUCTION/mockL32/results/M32_00214.json,32,32.0,0.35,0.3132,1024,6.0,systematic,31008022,ok,156.67,104,0.44443564792448853,0.056649222280733165,0,22,7.4264912106746745,1002.5202898467511,0.9778222550319579,0
TASK-2026-09-02-MOCK-PRODUCTION,mockL32,TASK-2026-09-02-MOCK-PRODUCTION/mockL32/results/M32_00215.json,32,32.0,0.35,0.3132,1024,6.0,systematic,31008023,ok,157.12,104,0.46668014764581767,0.052971947221035064,0,23,15.099156178901593,1002.1347576056974,0.9778694698522906,0
TASK-2026-09-02-MOCK-PRODUCTION,mockL32,TASK-2026-09-02-MOCK-PRODUCTION/mockL32/results/M32_00216.json,32,32.0,0.35,0.3232,1024,6.0,systematic,31009000,ok,160.19,107,0.4216111455761742,0.0520058462936188,0,19,6.4434175597286405,1001.4515976988293,0.9779378658175565,0
TASK-2026-09-02-MOCK-PRODUCTION,mockL32,TASK-2026-09-02-MOCK-PRODUCTION/mockL32/results/M32_00217.json,32,32.0,0.35,0.3232,1024,6.0,systematic,31009001,ok,163.0,107,0.4410639245431072,0.05377023601978842,0,19,8.241707800169774,1001.1225496291659,0.9780434710475576,0
TASK-2026-09-02-MOCK-PRODUCTION,mockL32,TASK-2026-09-02-MOCK-PRODUCTION/mockL32/results/M32_00218.json,32,32.0,0.35,0.3232,1024,6.0,systematic,31009002,ok,160.95,107,0.4476526389938913,0.05640968461757331,0,24,10.727120204603581,1002.2741529064108,0.9776371431880827,0
TASK-2026-09-02-MOCK-PRODUCTION,mockL32,TASK-2026-09-02-MOCK-PRODUCTION/mockL32/results/M32_00219.json,32,32.0,0.35,0.3232,1024,6.0,systematic,31009003,ok,160.6,107,0.4546126835272233,0.054188256565457706,0,18,10.127646422500387,1003.5777385199269,0.9777877655371633,0
TASK-2026-09-02-MOCK-PRODUCTION,mockL32,TASK-2026-09-02-MOCK-PRODUCTION/mockL32/results/M32_00220.json,32,32.0,0.35,0.3232,1024,6.0,systematic,31009004,ok,161.21,107,0.4497765161728277,0.05125568163049992,0,19,8.462809917355372,1002.9552397447382,0.9779870268304607,0
TASK-2026-09-02-MOCK-PRODUCTION,mockL32,TASK-2026-09-02-MOCK-PRODUCTION/mockL32/results/M32_00221.json,32,32.0,0.35,0.3232,1024,6.0,systematic,31009005,ok,164.65,107,0.4347126274317368,0.05183681699807864,0,20,9.007456275985293,1001.8133992397213,0.9778790988099637,0
TASK-2026-09-02-MOCK-PRODUCTION,mockL32,TASK-2026-09-02-MOCK-PRODUCTION/mockL32/results/M32_00222.json,32,32.0,0.35,0.3232,1024,6.0,systematic,31009006,ok,147.74,107,0.42908965282264344,0.05831409443685178,0,28,15.08438587910349,1002.2240097713308,0.9780382521268567,0
TASK-2026-09-02-MOCK-PRODUCTION,mockL32,TASK-2026-09-02-MOCK-PRODUCTION/mockL32/results/M32_00223.json,32,32.0,0.35,0.3232,1024,6.0,systematic,31009007,ok,147.35,107,0.45966174359496825,0.04849327687859553,0,20,7.471150694691842,1002.8551006981426,0.977892462773438,0
TASK-2026-09-02-MOCK-PRODUCTION,mockL32,TASK-2026-09-02-MOCK-PRODUCTION/mockL32/results/M32_00224.json,32,32.0,0.35,0.3232,1024,6.0,systematic,31009008,ok,162.65,107,0.46021458353826644,0.05475717448002531,0,21,8.997408659539051,1003.1950097224391,0.9778030060793585,0
TASK-2026-09-02-MOCK-PRODUCTION,mockL32,TASK-2026-09-02-MOCK-PRODUCTION/mockL32/results/M32_00225.json,32,32.0,0.35,0.3232,1024,6.0,systematic,31009009,ok,148.22,107,0.4619442217239852,0.05490537850214499,0,21,12.40067172828118,1001.2498193698708,0.9782867012650986,0
TASK-2026-09-02-MOCK-PRODUCTION,mockL32,TASK-2026-09-02-MOCK-PRODUCTION/mockL32/results/M32_00226.json,32,32.0,0.35,0.3232,1024,6.0,systematic,31009010,ok,148.47,107,0.4361897851285118,0.04733323765675617,0,22,9.219223126835358,1002.041292152073,0.9779485879710749,0
TASK-2026-09-02-MOCK-PRODUCTION,mockL32,TASK-2026-09-02-MOCK-PRODUCTION/mockL32/results/M32_00227.json,32,32.0,0.35,0.3232,1024,6.0,systematic,31009011,ok,164.57,107,0.43639873954887,0.04467335106396309,0,24,8.73173006461928,1001.8303496845189,0.9778880537130141,0
TASK-2026-09-02-MOCK-PRODUCTION,mockL32,TASK-2026-09-02-MOCK-PRODUCTION/mockL32/results/M32_00228.json,32,32.0,0.35,0.3232,1024,6.0,systematic,31009012,ok,151.09,107,0.43104283231904417,0.056546472269752936,0,21,7.257183987597586,1002.7205857234794,0.9780746346452608,0
TASK-2026-09-02-MOCK-PRODUCTION,mockL32,TASK-2026-09-02-MOCK-PRODUCTION/mockL32/results/M32_00229.json,32,32.0,0.35,0.3232,1024,6.0,systematic,31009013,ok,147.94,107,0.433600727351134,0.05071652798283669,0,22,8.380160797915702,1001.6185262967529,0.9778698964062155,0
TASK-2026-09-02-MOCK-PRODUCTION,mockL32,TASK-2026-09-02-MOCK-PRODUCTION/mockL32/results/M32_00230.json,32,32.0,0.35,0.3232,1024,6.0,systematic,31009014,ok,146.83,107,0.46431953099590356,0.05447242191436555,0,20,9.844859637592714,1001.3597636672224,0.9782296455788438,0
TASK-2026-09-02-MOCK-PRODUCTION,mockL32,TASK-2026-09-02-MOCK-PRODUCTION/mockL32/results/M32_00231.json,32,32.0,0.35,0.3232,1024,6.0,systematic,31009015,ok,147.63,107,0.42791544148386557,0.053331594910361456,0,24,5.503353732142295,1001.8694379273228,0.9780402968047998,0
TASK-2026-09-02-MOCK-PRODUCTION,mockL32,TASK-2026-09-02-MOCK-PRODUCTION/mockL32/results/M32_00232.json,32,32.0,0.35,0.3232,1024,6.0,systematic,31009016,ok,150.72,107,0.4451945986830307,0.05731532487838733,0,18,6.6546677667068606,1001.4888729524412,0.9779091167179969,0
TASK-2026-09-02-MOCK-PRODUCTION,mockL32,TASK-2026-09-02-MOCK-PRODUCTION/mockL32/results/M32_00233.json,32,32.0,0.35,0.3232,1024,6.0,systematic,31009017,ok,175.91,107,0.43818024779716547,0.05303839665718658,0,20,10.401507786925901,1002.8006356190792,0.9778619672135854,0
TASK-2026-09-02-MOCK-PRODUCTION,mockL32,TASK-2026-09-02-MOCK-PRODUCTION/mockL32/results/M32_00234.json,32,32.0,0.35,0.3232,1024,6.0,systematic,31009018,ok,150.45,107,0.42569429097372513,0.05394611289221422,0,22,10.379679673734435,1003.1741479951336,0.9773642037367286,0
TASK-2026-09-02-MOCK-PRODUCTION,mockL32,TASK-2026-09-02-MOCK-PRODUCTION/mockL32/results/M32_00235.json,32,32.0,0.35,0.3232,1024,6.0,systematic,31009019,ok,149.52,107,0.4588726548420453,0.054989786195614586,0,21,9.876945103801665,1001.474514917085,0.9776658102893736,0
TASK-2026-09-02-MOCK-PRODUCTION,mockL32,TASK-2026-09-02-MOCK-PRODUCTION/mockL32/results/M32_00236.json,32,32.0,0.35,0.3232,1024,6.0,systematic,31009020,ok,147.17,107,0.438718780650292,0.05203382186181475,0,26,9.704364565209344,1003.72971188323,0.9776963835017599,0
TASK-2026-09-02-MOCK-PRODUCTION,mockL32,TASK-2026-09-02-MOCK-PRODUCTION/mockL32/results/M32_00237.json,32,32.0,0.35,0.3232,1024,6.0,systematic,31009021,ok,160.31,107,0.4242410946602814,0.051426688749686075,0,23,11.003357958361317,1002.991048257088,0.9781312921793248,0
TASK-2026-09-02-MOCK-PRODUCTION,mockL32,TASK-2026-09-02-MOCK-PRODUCTION/mockL32/results/M32_00238.json,32,32.0,0.35,0.3232,1024,6.0,systematic,31009022,ok,159.57,107,0.44743478531844577,0.05625123944333198,0,18,10.120217735397445,1000.6635573498972,0.9777375787106194,0
TASK-2026-09-02-MOCK-PRODUCTION,mockL32,TASK-2026-09-02-MOCK-PRODUCTION/mockL32/results/M32_00239.json,32,32.0,0.35,0.3232,1024,6.0,systematic,31009023,ok,159.91,107,0.4087907360901396,0.05765818487970155,0,22,9.049121474679831,1004.4001764305516,0.9776446118356756,0
TASK-2026-09-02-MOCK-PRODUCTION,mockL32,TASK-2026-09-02-MOCK-PRODUCTION/mockL32/results/M32_00240.json,32,32.0,0.35,0.3332,1024,6.0,systematic,31010000,ok,161.46,111,0.40770979844325694,0.0504952384126227,0,17,9.549350673005119,1001.7031815451562,0.9779106928221437,0
TASK-2026-09-02-MOCK-PRODUCTION,mockL32,TASK-2026-09-02-MOCK-PRODUCTION/mockL32/results/M32_00241.json,32,32.0,0.35,0.3332,1024,6.0,systematic,31010001,ok,162.43,111,0.4322213912931079,0.04711899726941316,0,18,8.596858295346474,1004.2427335995069,0.97805214652338,0
TASK-2026-09-02-MOCK-PRODUCTION,mockL32,TASK-2026-09-02-MOCK-PRODUCTION/mockL32/results/M32_00242.json,32,32.0,0.35,0.3332,1024,6.0,systematic,31010002,ok,163.62,111,0.41036469121110375,0.0506747933060932,0,21,6.50812448019464,1003.7001134828661,0.9780076333799959,0
TASK-2026-09-02-MOCK-PRODUCTION,mockL32,TASK-2026-09-02-MOCK-PRODUCTION/mockL32/results/M32_00243.json,32,32.0,0.35,0.3332,1024,6.0,systematic,31010003,ok,161.13,111,0.3999191747524782,0.052658127985326625,0,19,7.591775267883,1001.8837123360792,0.9782706995419629,0
TASK-2026-09-02-MOCK-PRODUCTION,mockL32,TASK-2026-09-02-MOCK-PRODUCTION/mockL32/results/M32_00244.json,32,32.0,0.35,0.3332,1024,6.0,systematic,31010004,ok,162.07,111,0.43705962663973286,0.05385933836327959,0,21,7.257887232304775,1002.0183764668766,0.9784917759267295,0
TASK-2026-09-02-MOCK-PRODUCTION,mockL32,TASK-2026-09-02-MOCK-PRODUCTION/mockL32/results/M32_00245.json,32,32.0,0.35,0.3332,1024,6.0,systematic,31010005,ok,162.66,111,0.3893168917981967,0.047048283281787645,0,23,7.74359731781526,1002.7667569056729,0.9779747834564929,0
TASK-2026-09-02-MOCK-PRODUCTION,mockL32,TASK-2026-09-02-MOCK-PRODUCTION/mockL32/results/M32_00246.json,32,32.0,0.35,0.3332,1024,6.0,systematic,31010006,ok,163.27,111,0.417515163786747,0.0467479068854432,0,18,8.099738911461632,1002.0468395713432,0.9784089320453553,0
TASK-2026-09-02-MOCK-PRODUCTION,mockL32,TASK-2026-09-02-MOCK-PRODUCTION/mockL32/results/M32_00247.json,32,32.0,0.35,0.3332,1024,6.0,systematic,31010007,ok,159.87,111,0.42150907129743564,0.04685368460272206,0,18,9.508306129851288,1003.3994973042622,0.9779293521128504,0
TASK-2026-09-02-MOCK-PRODUCTION,mockL32,TASK-2026-09-02-MOCK-PRODUCTION/mockL32/results/M32_00248.json,32,32.0,0.35,0.3332,1024,6.0,systematic,31010008,ok,163.95,111,0.42302438629992833,0.04704142647396582,0,23,9.84190272380845,1002.7133519732362,0.9782114959492578,0
TASK-2026-09-02-MOCK-PRODUCTION,mockL32,TASK-2026-09-02-MOCK-PRODUCTION/mockL32/results/M32_00249.json,32,32.0,0.35,0.3332,1024,6.0,systematic,31010009,ok,162.42,111,0.4031616977596052,0.04960446983852399,0,31,14.759529305782332,1002.9508607425325,0.9779340503594125,0
TASK-2026-09-02-MOCK-PRODUCTION,mockL32,TASK-2026-09-02-MOCK-PRODUCTION/mockL32/results/M32_00250.json,32,32.0,0.35,0.3332,1024,6.0,systematic,31010010,ok,153.9,111,0.4185671386394999,0.04946740419247563,0,23,9.210153711023276,1003.0609141751157,0.9781371125246096,0
TASK-2026-09-02-MOCK-PRODUCTION,mockL32,TASK-2026-09-02-MOCK-PRODUCTION/mockL32/results/M32_00251.json,32,32.0,0.35,0.3332,1024,6.0,systematic,31010011,ok,162.83,111,0.42700853361526286,0.05464169492220977,0,24,11.142972519181313,1003.5838997898014,0.9781504454851874,0
TASK-2026-09-02-MOCK-PRODUCTION,mockL32,TASK-2026-09-02-MOCK-PRODUCTION/mockL32/results/M32_00252.json,32,32.0,0.35,0.3332,1024,6.0,systematic,31010012,ok,161.34,111,0.4266248168440505,0.049009665654698255,0,23,9.906431864560503,1002.4354169336647,0.978130000786188,0
TASK-2026-09-02-MOCK-PRODUCTION,mockL32,TASK-2026-09-02-MOCK-PRODUCTION/mockL32/results/M32_00253.json,32,32.0,0.35,0.3332,1024,6.0,systematic,31010013,ok,162.33,111,0.4115795343902026,0.04646079476012895,0,28,13.073861652785396,1002.5556979115457,0.9782179380717273,0
TASK-2026-09-02-MOCK-PRODUCTION,mockL32,TASK-2026-09-02-MOCK-PRODUCTION/mockL32/results/M32_00254.json,32,32.0,0.35,0.3332,1024,6.0,systematic,31010014,ok,163.49,111,0.4156479352986071,0.04973664405439276,0,18,4.748727424234191,1001.4104409166579,0.9782131469087431,0
TASK-2026-09-02-MOCK-PRODUCTION,mockL32,TASK-2026-09-02-MOCK-PRODUCTION/mockL32/results/M32_00255.json,32,32.0,0.35,0.3332,1024,6.0,systematic,31010015,ok,160.72,111,0.4065088284320311,0.04808204716254736,0,17,4.702345396654558,1003.0108116620806,0.9781206452616211,0
TASK-2026-09-02-MOCK-PRODUCTION,mockL32,TASK-2026-09-02-MOCK-PRODUCTION/mockL32/results/M32_00256.json,32,32.0,0.35,0.3332,1024,6.0,systematic,31010016,ok,161.21,111,0.41011904778411234,0.05129735210782967,0,23,7.716926700029438,1001.9352079171032,0.9779775445988791,0
TASK-2026-09-02-MOCK-PRODUCTION,mockL32,TASK-2026-09-02-MOCK-PRODUCTION/mockL32/results/M32_00257.json,32,32.0,0.35,0.3332,1024,6.0,systematic,31010017,ok,161.08,111,0.4317772950103485,0.054211946580062384,0,29,12.372578171091446,1002.6507270281581,0.9779043197416873,0
TASK-2026-09-02-MOCK-PRODUCTION,mockL32,TASK-2026-09-02-MOCK-PRODUCTION/mockL32/results/M32_00258.json,32,32.0,0.35,0.3332,1024,6.0,systematic,31010018,ok,165.36,111,0.4224816176119808,0.04624266310493943,0,23,6.754547796959547,1003.1414317592345,0.9781079600951633,0
TASK-2026-09-02-MOCK-PRODUCTION,mockL32,TASK-2026-09-02-MOCK-PRODUCTION/mockL32/results/M32_00259.json,32,32.0,0.35,0.3332,1024,6.0,systematic,31010019,ok,158.42,111,0.41017604871299834,0.044608038443951906,0,12,3.9269567822635008,1002.8423927735035,0.9780670017861935,0
TASK-2026-09-02-MOCK-PRODUCTION,mockL32,TASK-2026-09-02-MOCK-PRODUCTION/mockL32/results/M32_00260.json,32,32.0,0.35,0.3332,1024,6.0,systematic,31010020,ok,151.4,111,0.4203165710380363,0.04550136534246579,0,21,10.79714980023889,1002.0891661461806,0.9781432399327872,0
TASK-2026-09-02-MOCK-PRODUCTION,mockL32,TASK-2026-09-02-MOCK-PRODUCTION/mockL32/results/M32_00261.json,32,32.0,0.35,0.3332,1024,6.0,systematic,31010021,ok,165.16,111,0.4146305419243436,0.0477513274523985,0,23,11.080564713838871,1002.1912736540294,0.9779790289758346,0
TASK-2026-09-02-MOCK-PRODUCTION,mockL32,TASK-2026-09-02-MOCK-PRODUCTION/mockL32/results/M32_00262.json,32,32.0,0.35,0.3332,1024,6.0,systematic,31010022,ok,151.3,111,0.4164162161833843,0.04791203538275246,0,22,8.906162940816742,1001.9255516655845,0.9781785140432818,0
TASK-2026-09-02-MOCK-PRODUCTION,mockL32,TASK-2026-09-02-MOCK-PRODUCTION/mockL32/results/M32_00263.json,32,32.0,0.35,0.3332,1024,6.0,systematic,31010023,ok,151.1,111,0.4143937530232258,0.050433251136586955,0,21,7.11468157576909,1004.0265200069728,0.978260574443765,0
TASK-2026-09-02-MOCK-PRODUCTION,mockL32,TASK-2026-09-02-MOCK-PRODUCTION/mockL32/results/M32_00264.json,32,32.0,0.35,0.3432,1024,6.0,systematic,31011000,ok,158.4,114,0.36919719386178684,0.04666838897607975,0,23,8.466909983527664,1001.0416516711035,0.9779514737985899,0
TASK-2026-09-02-MOCK-PRODUCTION,mockL32,TASK-2026-09-02-MOCK-PRODUCTION/mockL32/results/M32_00265.json,32,32.0,0.35,0.3432,1024,6.0,systematic,31011001,ok,158.84,114,0.40156968907911056,0.04349745219941595,0,23,11.060694922048057,1002.2888498809548,0.9780224941766533,0
TASK-2026-09-02-MOCK-PRODUCTION,mockL32,TASK-2026-09-02-MOCK-PRODUCTION/mockL32/results/M32_00266.json,32,32.0,0.35,0.3432,1024,6.0,systematic,31011002,ok,152.73,114,0.37181140884565567,0.04495889804395625,0,20,11.170036431812855,1002.4397595357864,0.9780448817171181,0
TASK-2026-09-02-MOCK-PRODUCTION,mockL32,TASK-2026-09-02-MOCK-PRODUCTION/mockL32/results/M32_00267.json,32,32.0,0.35,0.3432,1024,6.0,systematic,31011003,ok,164.64,114,0.3605073846510881,0.04452696950509821,0,22,9.325483360310205,1002.9372457977358,0.9775408208860802,0
TASK-2026-09-02-MOCK-PRODUCTION,mockL32,TASK-2026-09-02-MOCK-PRODUCTION/mockL32/results/M32_00268.json,32,32.0,0.35,0.3432,1024,6.0,systematic,31011004,ok,158.05,114,0.3988040249344741,0.04242730775715298,0,23,10.947069509114067,1003.6124080279629,0.9784061008201602,0
TASK-2026-09-02-MOCK-PRODUCTION,mockL32,TASK-2026-09-02-MOCK-PRODUCTION/mockL32/results/M32_00269.json,32,32.0,0.35,0.3432,1024,6.0,systematic,31011005,ok,157.01,114,0.38393148105016656,0.0445672260092843,0,24,12.648990325460204,1001.6490814389614,0.978342051985491,0
TASK-2026-09-02-MOCK-PRODUCTION,mockL32,TASK-2026-09-02-MOCK-PRODUCTION/mockL32/results/M32_00270.json,32,32.0,0.35,0.3432,1024,6.0,systematic,31011006,ok,156.37,114,0.38498555956295705,0.045969829511910094,0,19,8.046163290362186,1001.1492243188814,0.977670010456442,0
TASK-2026-09-02-MOCK-PRODUCTION,mockL32,TASK-2026-09-02-MOCK-PRODUCTION/mockL32/results/M32_00271.json,32,32.0,0.35,0.3432,1024,6.0,systematic,31011007,ok,163.22,114,0.36757644877400386,0.04402832915933506,0,25,8.64220485939406,1003.5809009750855,0.9778553344741492,0
TASK-2026-09-02-MOCK-PRODUCTION,mockL32,TASK-2026-09-02-MOCK-PRODUCTION/mockL32/results/M32_00272.json,32,32.0,0.35,0.3432,1024,6.0,systematic,31011008,ok,160.09,114,0.39830883868060085,0.050756434161130015,0,21,5.300925130175421,1002.3477197350817,0.9777430766472152,0
TASK-2026-09-02-MOCK-PRODUCTION,mockL32,TASK-2026-09-02-MOCK-PRODUCTION/mockL32/results/M32_00273.json,32,32.0,0.35,0.3432,1024,6.0,systematic,31011009,ok,158.57,114,0.39597151521259,0.04733502254070369,0,23,7.628004422976197,1003.5772166014663,0.9780342929708844,0
TASK-2026-09-02-MOCK-PRODUCTION,mockL32,TASK-2026-09-02-MOCK-PRODUCTION/mockL32/results/M32_00274.json,32,32.0,0.35,0.3432,1024,6.0,systematic,31011010,ok,155.39,114,0.39478168496049887,0.049479922460222495,0,24,13.455357372000513,1001.0632074385423,0.9784202781053059,0
TASK-2026-09-02-MOCK-PRODUCTION,mockL32,TASK-2026-09-02-MOCK-PRODUCTION/mockL32/results/M32_00275.json,32,32.0,0.35,0.3432,1024,6.0,systematic,31011011,ok,155.64,114,0.3702874180700134,0.040655088858054904,0,23,6.963765805971735,1001.6784983866376,0.978167656310914,0
TASK-2026-09-02-MOCK-PRODUCTION,mockL32,TASK-2026-09-02-MOCK-PRODUCTION/mockL32/results/M32_00276.json,32,32.0,0.35,0.3432,1024,6.0,systematic,31011012,ok,158.23,114,0.3862485714241593,0.04577942543517315,0,23,12.324298911638184,1003.6450068984185,0.9780234908784492,0
TASK-2026-09-02-MOCK-PRODUCTION,mockL32,TASK-2026-09-02-MOCK-PRODUCTION/mockL32/results/M32_00277.json,32,32.0,0.35,0.3432,1024,6.0,systematic,31011013,ok,158.36,114,0.40309798166897143,0.05015601406584468,0,21,7.800163653946292,1002.0875674549109,0.9780395345711803,0
TASK-2026-09-02-MOCK-PRODUCTION,mockL32,TASK-2026-09-02-MOCK-PRODUCTION/mockL32/results/M32_00278.json,32,32.0,0.35,0.3432,1024,6.0,systematic,31011014,ok,158.07,114,0.3677244087949422,0.04110715769750468,0,20,12.312143343587817,1003.3860930166195,0.978493402655045,0
TASK-2026-09-02-MOCK-PRODUCTION,mockL32,TASK-2026-09-02-MOCK-PRODUCTION/mockL32/results/M32_00279.json,32,32.0,0.35,0.3432,1024,6.0,systematic,31011015,ok,166.1,114,0.37840462577562817,0.04341975027204033,0,17,5.2949826290700495,1002.771162753826,0.978172842880637,0
TASK-2026-09-02-MOCK-PRODUCTION,mockL32,TASK-2026-09-02-MOCK-PRODUCTION/mockL32/results/M32_00280.json,32,32.0,0.35,0.3432,1024,6.0,systematic,31011016,ok,166.09,114,0.37495396723367447,0.037642531342798366,0,22,5.463495967153665,1001.9009848813716,0.9782178508871621,0
TASK-2026-09-02-MOCK-PRODUCTION,mockL32,TASK-2026-09-02-MOCK-PRODUCTION/mockL32/results/M32_00281.json,32,32.0,0.35,0.3432,1024,6.0,systematic,31011017,ok,159.08,114,0.36714925859067415,0.04503324101498789,0,25,12.895075999803236,1001.7970103219768,0.978111510729621,0
TASK-2026-09-02-MOCK-PRODUCTION,mockL32,TASK-2026-09-02-MOCK-PRODUCTION/mockL32/results/M32_00282.json,32,32.0,0.35,0.3432,1024,6.0,systematic,31011018,ok,166.9,114,0.3821034949750881,0.04453078690093579,0,19,8.153652353773658,1001.618934262983,0.9776713736295733,0
TASK-2026-09-02-MOCK-PRODUCTION,mockL32,TASK-2026-09-02-MOCK-PRODUCTION/mockL32/results/M32_00283.json,32,32.0,0.35,0.3432,1024,6.0,systematic,31011019,ok,165.69,114,0.3971065760599739,0.046299142151987806,0,26,12.151485653363,1003.1016559877937,0.9782023854829732,0
TASK-2026-09-02-MOCK-PRODUCTION,mockL32,TASK-2026-09-02-MOCK-PRODUCTION/mockL32/results/M32_00284.json,32,32.0,0.35,0.3432,1024,6.0,systematic,31011020,ok,165.54,114,0.3828054035318865,0.049889900467405955,0,25,13.643030003382862,1002.9249670000339,0.977781278456672,0
TASK-2026-09-02-MOCK-PRODUCTION,mockL32,TASK-2026-09-02-MOCK-PRODUCTION/mockL32/results/M32_00285.json,32,32.0,0.35,0.3432,1024,6.0,systematic,31011021,ok,160.99,114,0.37349305631721696,0.03947665857379939,0,21,10.057897059105645,1002.4884033917241,0.9777344276793112,0
TASK-2026-09-02-MOCK-PRODUCTION,mockL32,TASK-2026-09-02-MOCK-PRODUCTION/mockL32/results/M32_00286.json,32,32.0,0.35,0.3432,1024,6.0,systematic,31011022,ok,175.13,114,0.37091280706142604,0.043528873913860094,0,22,9.478910162535481,1000.3559972523555,0.9780666906907586,0
TASK-2026-09-02-MOCK-PRODUCTION,mockL32,TASK-2026-09-02-MOCK-PRODUCTION/mockL32/results/M32_00287.json,32,32.0,0.35,0.3432,1024,6.0,systematic,31011023,ok,158.87,114,0.392765372963354,0.04504188829893445,0,20,6.575958258077463,1001.9786809239339,0.9778634302699681,0
TASK-2026-09-02-MOCK-PRODUCTION,mockL32,TASK-2026-09-02-MOCK-PRODUCTION/mockL32/results/M32_00288.json,32,32.0,0.35,0.3532,1024,6.0,systematic,31012000,ok,163.44,117,0.34354830732821673,0.035664059339042584,0,26,14.659247868027402,1002.5638785535306,0.9775089530714764,0
TASK-2026-09-02-MOCK-PRODUCTION,mockL32,TASK-2026-09-02-MOCK-PRODUCTION/mockL32/results/M32_00289.json,32,32.0,0.35,0.3532,1024,6.0,systematic,31012001,ok,158.86,117,0.3683840488232213,0.039279420989908075,0,17,8.295433688807316,1001.738091800336,0.9774740915279868,0
TASK-2026-09-02-MOCK-PRODUCTION,mockL32,TASK-2026-09-02-MOCK-PRODUCTION/mockL32/results/M32_00290.json,32,32.0,0.35,0.3532,1024,6.0,systematic,31012002,ok,158.45,117,0.3645678029949784,0.04247479067542081,0,21,10.298128105910314,1004.4230586617435,0.9775520860597203,0
TASK-2026-09-02-MOCK-PRODUCTION,mockL32,TASK-2026-09-02-MOCK-PRODUCTION/mockL32/results/M32_00291.json,32,32.0,0.35,0.3532,1024,6.0,systematic,31012003,ok,163.43,117,0.3437097222908462,0.04119371633036818,0,17,6.0713102889236295,1002.6474923168341,0.9779586766494244,0
TASK-2026-09-02-MOCK-PRODUCTION,mockL32,TASK-2026-09-02-MOCK-PRODUCTION/mockL32/results/M32_00292.json,32,32.0,0.35,0.3532,1024,6.0,systematic,31012004,ok,161.91,117,0.37849718639654084,0.04690968499234004,0,17,7.961489985270223,1003.5136911274352,0.9779073070822834,0
TASK-2026-09-02-MOCK-PRODUCTION,mockL32,TASK-2026-09-02-MOCK-PRODUCTION/mockL32/results/M32_00293.json,32,32.0,0.35,0.3532,1024,6.0,systematic,31012005,ok,161.8,117,0.35794230076419975,0.041666941434953864,0,22,7.837828140883813,1003.7268351346802,0.9778881050003673,0
TASK-2026-09-02-MOCK-PRODUCTION,mockL32,TASK-2026-09-02-MOCK-PRODUCTION/mockL32/results/M32_00294.json,32,32.0,0.35,0.3532,1024,6.0,systematic,31012006,ok,162.74,117,0.3375580421766682,0.039102629461846505,0,18,4.789899229834547,1003.0632290805626,0.9775349506051247,0
TASK-2026-09-02-MOCK-PRODUCTION,mockL32,TASK-2026-09-02-MOCK-PRODUCTION/mockL32/results/M32_00295.json,32,32.0,0.35,0.3532,1024,6.0,systematic,31012007,ok,160.51,117,0.3398959078538589,0.034907728224406194,0,19,9.704364565209344,1002.8233502037303,0.9781236218504638,0
TASK-2026-09-02-MOCK-PRODUCTION,mockL32,TASK-2026-09-02-MOCK-PRODUCTION/mockL32/results/M32_00296.json,32,32.0,0.35,0.3532,1024,6.0,systematic,31012008,ok,159.14,117,0.3494080694835614,0.03860139366588229,0,23,12.776605336907519,1003.3365180586479,0.9779962162697003,0
TASK-2026-09-02-MOCK-PRODUCTION,mockL32,TASK-2026-09-02-MOCK-PRODUCTION/mockL32/results/M32_00297.json,32,32.0,0.35,0.3532,1024,6.0,systematic,31012009,ok,159.63,117,0.3523673814268312,0.03975886553952859,0,24,11.54793947269884,1004.4790978315933,0.9777399947387572,0
TASK-2026-09-02-MOCK-PRODUCTION,mockL32,TASK-2026-09-02-MOCK-PRODUCTION/mockL32/results/M32_00298.json,32,32.0,0.35,0.3532,1024,6.0,systematic,31012010,ok,157.49,117,0.3589999450663485,0.039686005204590966,0,22,7.819941830114103,1002.4775861651602,0.9782058803656791,0
TASK-2026-09-02-MOCK-PRODUCTION,mockL32,TASK-2026-09-02-MOCK-PRODUCTION/mockL32/results/M32_00299.json,32,32.0,0.35,0.3532,1024,6.0,systematic,31012011,ok,158.47,117,0.3451074501445111,0.041004615286967756,0,21,12.07007850450077,1003.8496929540021,0.9777511056049413,0
TASK-2026-09-02-MOCK-PRODUCTION,mockL32,TASK-2026-09-02-MOCK-PRODUCTION/mockL32/results/M32_00300.json,32,32.0,0.35,0.3532,1024,6.0,systematic,31012012,ok,159.7,117,0.3800512402537307,0.04561906203346565,0,16,8.793975075059963,1003.415657158695,0.9778165497183491,0
TASK-2026-09-02-MOCK-PRODUCTION,mockL32,TASK-2026-09-02-MOCK-PRODUCTION/mockL32/results/M32_00301.json,32,32.0,0.35,0.3532,1024,6.0,systematic,31012013,ok,156.97,117,0.357765047639782,0.03571211671520901,0,27,14.312295260974011,1002.7834772632174,0.9774701244442743,0
TASK-2026-09-02-MOCK-PRODUCTION,mockL32,TASK-2026-09-02-MOCK-PRODUCTION/mockL32/results/M32_00302.json,32,32.0,0.35,0.3532,1024,6.0,systematic,31012014,ok,156.12,117,0.35298583644212356,0.04307279295743198,0,21,9.380040791498192,1002.4990486463113,0.9776746184175173,0
TASK-2026-09-02-MOCK-PRODUCTION,mockL32,TASK-2026-09-02-MOCK-PRODUCTION/mockL32/results/M32_00303.json,32,32.0,0.35,0.3532,1024,6.0,systematic,31012015,ok,155.05,117,0.35689012386560093,0.046485223937363665,0,19,7.084685755982866,1002.2091464744326,0.9777133704012465,0
TASK-2026-09-02-MOCK-PRODUCTION,mockL32,TASK-2026-09-02-MOCK-PRODUCTION/mockL32/results/M32_00304.json,32,32.0,0.35,0.3532,1024,6.0,systematic,31012016,ok,161.18,117,0.3408829048718448,0.04214491502805316,0,22,12.999305762173956,1000.8523597496595,0.9778816745087271,0
TASK-2026-09-02-MOCK-PRODUCTION,mockL32,TASK-2026-09-02-MOCK-PRODUCTION/mockL32/results/M32_00305.json,32,32.0,0.35,0.3532,1024,6.0,systematic,31012017,ok,157.89,117,0.3697813390602228,0.04672900997196629,0,22,10.107536002776119,1000.7772349271411,0.9777768403340202,0
TASK-2026-09-02-MOCK-PRODUCTION,mockL32,TASK-2026-09-02-MOCK-PRODUCTION/mockL32/results/M32_00306.json,32,32.0,0.35,0.3532,1024,6.0,systematic,31012018,ok,157.05,117,0.34502014981083573,0.04331294259440606,0,27,12.43980448915674,1002.5886059624411,0.9772582476279107,0
TASK-2026-09-02-MOCK-PRODUCTION,mockL32,TASK-2026-09-02-MOCK-PRODUCTION/mockL32/results/M32_00307.json,32,32.0,0.35,0.3532,1024,6.0,systematic,31012019,ok,158.24,117,0.3665412649023332,0.04322126019880745,0,18,3.836637322268812,1003.3028881482486,0.9777417549714489,0
TASK-2026-09-02-MOCK-PRODUCTION,mockL32,TASK-2026-09-02-MOCK-PRODUCTION/mockL32/results/M32_00308.json,32,32.0,0.35,0.3532,1024,6.0,systematic,31012020,ok,156.9,117,0.3609135433754024,0.04419852895270896,0,22,9.136484037362331,1004.6294404632854,0.9778210903964623,0
TASK-2026-09-02-MOCK-PRODUCTION,mockL32,TASK-2026-09-02-MOCK-PRODUCTION/mockL32/results/M32_00309.json,32,32.0,0.35,0.3532,1024,6.0,systematic,31012021,ok,158.16,117,0.36074788358755944,0.04388928069366345,0,28,13.056280506026496,1001.8846563547507,0.9775512798170706,0
TASK-2026-09-02-MOCK-PRODUCTION,mockL32,TASK-2026-09-02-MOCK-PRODUCTION/mockL32/results/M32_00310.json,32,32.0,0.35,0.3532,1024,6.0,systematic,31012022,ok,156.85,117,0.3785474986470711,0.04648509581587651,0,25,9.01969824694204,1002.3652489486083,0.9778080681827462,0
TASK-2026-09-02-MOCK-PRODUCTION,mockL32,TASK-2026-09-02-MOCK-PRODUCTION/mockL32/results/M32_00311.json,32,32.0,0.35,0.3532,1024,6.0,systematic,31012023,ok,156.36,117,0.3619910315750422,0.03703883831549052,0,20,5.831383191707078,1002.3072428687784,0.9779115668785915,0
TASK-2026-09-02-MOCK-PRODUCTION,mockL48,TASK-2026-09-02-MOCK-PRODUCTION/mockL48/results/M48_00000.json,48,48.0,0.35,0.2332,1024,6.0,systematic,31100000,ok,584.89,176,0.835745115033046,0.12012272887812722,0,7,2.827844359823519,1010.1188506075216,0.985869034798338,0
TASK-2026-09-02-MOCK-PRODUCTION,mockL48,TASK-2026-09-02-MOCK-PRODUCTION/mockL48/results/M48_00001.json,48,48.0,0.35,0.2332,1024,6.0,systematic,31100001,ok,592.94,176,0.7122731602179475,0.120308690092543,0,9,2.253315798069402,1010.9134930530525,0.9860103848683889,0
TASK-2026-09-02-MOCK-PRODUCTION,mockL48,TASK-2026-09-02-MOCK-PRODUCTION/mockL48/results/M48_00002.json,48,48.0,0.35,0.2332,1024,6.0,systematic,31100002,ok,604.47,176,0.8390378694079396,0.12175486686043542,0,5,2.223132470858616,1009.6818599056372,0.9861177249257789,0
TASK-2026-09-02-MOCK-PRODUCTION,mockL48,TASK-2026-09-02-MOCK-PRODUCTION/mockL48/results/M48_00003.json,48,48.0,0.35,0.2332,1024,6.0,systematic,31100003,ok,597.26,176,0.7718348625384712,0.12291864766117955,0,7,1.7772775809759487,1009.8828727193171,0.9864220773064895,0
TASK-2026-09-02-MOCK-PRODUCTION,mockL48,TASK-2026-09-02-MOCK-PRODUCTION/mockL48/results/M48_00004.json,48,48.0,0.35,0.2332,1024,6.0,systematic,31100004,ok,562.66,176,0.8372270597377491,0.11260687109121081,0,6,1.4202188752844296,1010.6682485414705,0.9863044201532166,0
TASK-2026-09-02-MOCK-PRODUCTION,mockL48,TASK-2026-09-02-MOCK-PRODUCTION/mockL48/results/M48_00005.json,48,48.0,0.35,0.2332,1024,6.0,systematic,31100005,ok,558.74,176,0.808145986615747,0.1128076551360032,0,8,2.7549590924138365,1011.343173778177,0.9863775721611044,0
TASK-2026-09-02-MOCK-PRODUCTION,mockL48,TASK-2026-09-02-MOCK-PRODUCTION/mockL48/results/M48_00006.json,48,48.0,0.35,0.2332,1024,6.0,systematic,31100006,ok,557.63,176,0.8070064488797627,0.11007817203394486,0,7,3.9885582131337105,1010.5176579726002,0.9859658851887992,0
TASK-2026-09-02-MOCK-PRODUCTION,mockL48,TASK-2026-09-02-MOCK-PRODUCTION/mockL48/results/M48_00007.json,48,48.0,0.35,0.2332,1024,6.0,systematic,31100007,ok,562.03,176,0.8260628956513106,0.11747014830236191,0,7,1.6089659786284656,1010.2087783212739,0.9859506926805636,0
TASK-2026-09-02-MOCK-PRODUCTION,mockL48,TASK-2026-09-02-MOCK-PRODUCTION/mockL48/results/M48_00008.json,48,48.0,0.35,0.2332,1024,6.0,systematic,31100008,ok,556.64,176,0.7381986795988433,0.10884640517987663,0,9,3.911954753697154,1009.7650708049355,0.9857056777725607,0
TASK-2026-09-02-MOCK-PRODUCTION,mockL48,TASK-2026-09-02-MOCK-PRODUCTION/mockL48/results/M48_00009.json,48,48.0,0.35,0.2332,1024,6.0,systematic,31100009,ok,555.45,176,0.7900659908258925,0.1185709991749757,0,10,2.715378519895795,1009.8811066001886,0.9861092449879455,0
TASK-2026-09-02-MOCK-PRODUCTION,mockL48,TASK-2026-09-02-MOCK-PRODUCTION/mockL48/results/M48_00010.json,48,48.0,0.35,0.2332,1024,6.0,systematic,31100010,ok,558.01,176,0.8098567833270549,0.12193668494433868,0,9,1.586045625190962,1010.9305712826393,0.9861366977091528,0
TASK-2026-09-02-MOCK-PRODUCTION,mockL48,TASK-2026-09-02-MOCK-PRODUCTION/mockL48/results/M48_00011.json,48,48.0,0.35,0.2332,1024,6.0,systematic,31100011,ok,565.62,176,0.8390316947928548,0.120424268506522,0,9,2.556467381499198,1011.5409680787047,0.9863309819538117,0
TASK-2026-09-02-MOCK-PRODUCTION,mockL48,TASK-2026-09-02-MOCK-PRODUCTION/mockL48/results/M48_00012.json,48,48.0,0.35,0.2332,1024,6.0,systematic,31100012,ok,558.45,176,0.7301182415988365,0.10636082332216952,0,7,3.6102767506076945,1010.6591357715315,0.9861069812423063,0
TASK-2026-09-02-MOCK-PRODUCTION,mockL48,TASK-2026-09-02-MOCK-PRODUCTION/mockL48/results/M48_00013.json,48,48.0,0.35,0.2332,1024,6.0,systematic,31100013,ok,562.78,176,0.7850464883323822,0.11967703686751066,0,6,1.3926421760034,1010.371755003547,0.9856594282315605,0
TASK-2026-09-02-MOCK-PRODUCTION,mockL48,TASK-2026-09-02-MOCK-PRODUCTION/mockL48/results/M48_00014.json,48,48.0,0.35,0.2332,1024,6.0,systematic,31100014,ok,554.63,176,0.7868230218375255,0.11156466226376914,0,6,3.3977162261998886,1010.6183084928836,0.9857468516214265,0
TASK-2026-09-02-MOCK-PRODUCTION,mockL48,TASK-2026-09-02-MOCK-PRODUCTION/mockL48/results/M48_00015.json,48,48.0,0.35,0.2332,1024,6.0,systematic,31100015,ok,562.99,176,0.8011491579134609,0.10957642572681246,0,7,2.9123875124986114,1009.0080160897941,0.9862574197071631,0
TASK-2026-09-02-MOCK-PRODUCTION,mockL48,TASK-2026-09-02-MOCK-PRODUCTION/mockL48/results/M48_00016.json,48,48.0,0.35,0.2332,1024,6.0,systematic,31100016,ok,559.36,176,0.759968502341316,0.1290872604614482,0,5,1.4471700456822667,1010.0989625424066,0.9860514930721003,0
TASK-2026-09-02-MOCK-PRODUCTION,mockL48,TASK-2026-09-02-MOCK-PRODUCTION/mockL48/results/M48_00017.json,48,48.0,0.35,0.2332,1024,6.0,systematic,31100017,ok,557.06,176,0.8098393000870443,0.11150310024667325,0,7,1.515125593868846,1010.4996983872651,0.9858597316927785,0
TASK-2026-09-02-MOCK-PRODUCTION,mockL48,TASK-2026-09-02-MOCK-PRODUCTION/mockL48/results/M48_00018.json,48,48.0,0.35,0.2332,1024,6.0,systematic,31100018,ok,561.33,176,0.8699702813220429,0.12662410433207036,0,8,3.3819795644545363,1010.0350048896065,0.9858790091623998,0
TASK-2026-09-02-MOCK-PRODUCTION,mockL48,TASK-2026-09-02-MOCK-PRODUCTION/mockL48/results/M48_00019.json,48,48.0,0.35,0.2332,1024,6.0,systematic,31100019,ok,558.3,176,0.8811362260590625,0.1426181498515532,0,8,3.8451631829849653,1009.829749350955,0.9862704602476675,0
TASK-2026-09-02-MOCK-PRODUCTION,mockL48,TASK-2026-09-02-MOCK-PRODUCTION/mockL48/results/M48_00020.json,48,48.0,0.35,0.2332,1024,6.0,systematic,31100020,ok,562.56,176,0.7540136826386876,0.11824069742482249,0,3,2.44346987188151,1009.4029179575045,0.9853763998141859,0
TASK-2026-09-02-MOCK-PRODUCTION,mockL48,TASK-2026-09-02-MOCK-PRODUCTION/mockL48/results/M48_00021.json,48,48.0,0.35,0.2332,1024,6.0,systematic,31100021,ok,561.48,176,0.8169798501003911,0.12414627187133126,0,6,1.8290881561825152,1009.9818589050892,0.9861047638311125,0
TASK-2026-09-02-MOCK-PRODUCTION,mockL48,TASK-2026-09-02-MOCK-PRODUCTION/mockL48/results/M48_00022.json,48,48.0,0.35,0.2332,1024,6.0,systematic,31100022,ok,557.55,176,0.8164294222241487,0.12198329592420988,0,8,1.538101370915929,1009.0587032717402,0.9859491660936125,0
TASK-2026-09-02-MOCK-PRODUCTION,mockL48,TASK-2026-09-02-MOCK-PRODUCTION/mockL48/results/M48_00023.json,48,48.0,0.35,0.2332,1024,6.0,systematic,31100023,ok,567.86,176,0.7503206610989317,0.10615756829009027,0,6,1.4239449855239357,1009.9144932046037,0.9859405849574792,0
TASK-2026-09-02-MOCK-PRODUCTION,mockL48,TASK-2026-09-02-MOCK-PRODUCTION/mockL48/results/M48_00024.json,48,48.0,0.35,0.2432,1024,6.0,systematic,31101000,ok,581.76,183,0.7608096385417893,0.10149445725501312,0,5,2.5526958994283935,1008.6090344039764,0.9858490511543034,0
TASK-2026-09-02-MOCK-PRODUCTION,mockL48,TASK-2026-09-02-MOCK-PRODUCTION/mockL48/results/M48_00025.json,48,48.0,0.35,0.2432,1024,6.0,systematic,31101001,ok,577.12,183,0.6923759115092709,0.09264065672825314,0,4,1.917329500780773,1010.9615409678544,0.9854830455114757,0
TASK-2026-09-02-MOCK-PRODUCTION,mockL48,TASK-2026-09-02-MOCK-PRODUCTION/mockL48/results/M48_00026.json,48,48.0,0.35,0.2432,1024,6.0,systematic,31101002,ok,580.41,183,0.7267216429900774,0.11231385209318971,0,7,3.738931994523049,1010.1101929371849,0.9858500441207712,0
TASK-2026-09-02-MOCK-PRODUCTION,mockL48,TASK-2026-09-02-MOCK-PRODUCTION/mockL48/results/M48_00027.json,48,48.0,0.35,0.2432,1024,6.0,systematic,31101003,ok,579.74,183,0.7981121112485807,0.12066170167775866,0,4,1.9811740699453966,1010.4399251053347,0.9857702499196567,0
TASK-2026-09-02-MOCK-PRODUCTION,mockL48,TASK-2026-09-02-MOCK-PRODUCTION/mockL48/results/M48_00028.json,48,48.0,0.35,0.2432,1024,6.0,systematic,31101004,ok,574.47,183,0.7282815953910113,0.09434625785953937,0,5,2.6518165586796756,1008.6644272501821,0.9859927038291676,0
TASK-2026-09-02-MOCK-PRODUCTION,mockL48,TASK-2026-09-02-MOCK-PRODUCTION/mockL48/results/M48_00029.json,48,48.0,0.35,0.2432,1024,6.0,systematic,31101005,ok,575.65,183,0.7574680790880932,0.10566055158862822,0,7,2.4767834619073037,1009.7651760906747,0.9858186922710689,0
TASK-2026-09-02-MOCK-PRODUCTION,mockL48,TASK-2026-09-02-MOCK-PRODUCTION/mockL48/results/M48_00030.json,48,48.0,0.35,0.2432,1024,6.0,systematic,31101006,ok,572.02,183,0.6860652822572331,0.10701047922695513,0,7,1.4459607047116838,1009.5948753136691,0.9856659205344922,0
TASK-2026-09-02-MOCK-PRODUCTION,mockL48,TASK-2026-09-02-MOCK-PRODUCTION/mockL48/results/M48_00031.json,48,48.0,0.35,0.2432,1024,6.0,systematic,31101007,ok,578.29,183,0.6893781496165817,0.09559872150974105,0,8,1.9629270484284618,1008.5394037440406,0.9857701852396176,0
TASK-2026-09-02-MOCK-PRODUCTION,mockL48,TASK-2026-09-02-MOCK-PRODUCTION/mockL48/results/M48_00032.json,48,48.0,0.35,0.2432,1024,6.0,systematic,31101008,ok,575.52,183,0.704879034243916,0.09888848476546198,0,4,2.1035552220960603,1010.6586521792236,0.9856580012863849,0
TASK-2026-09-02-MOCK-PRODUCTION,mockL48,TASK-2026-09-02-MOCK-PRODUCTION/mockL48/results/M48_00033.json,48,48.0,0.35,0.2432,1024,6.0,systematic,31101009,ok,584.82,183,0.7377921536223675,0.10195006763758671,0,10,4.0233903767938,1009.9368851309058,0.9860729476817622,0
TASK-2026-09-02-MOCK-PRODUCTION,mockL48,TASK-2026-09-02-MOCK-PRODUCTION/mockL48/results/M48_00034.json,48,48.0,0.35,0.2432,1024,6.0,systematic,31101010,ok,578.8,183,0.7145575233039456,0.11230819597208117,0,3,2.2351597005508093,1010.3600704890672,0.986000479502939,0
TASK-2026-09-02-MOCK-PRODUCTION,mockL48,TASK-2026-09-02-MOCK-PRODUCTION/mockL48/results/M48_00035.json,48,48.0,0.35,0.2432,1024,6.0,systematic,31101011,ok,578.81,183,0.7722658262455548,0.11089714823719095,0,6,3.4850537427129935,1009.2795970073234,0.9859138112386584,0
TASK-2026-09-02-MOCK-PRODUCTION,mockL48,TASK-2026-09-02-MOCK-PRODUCTION/mockL48/results/M48_00036.json,48,48.0,0.35,0.2432,1024,6.0,systematic,31101012,ok,571.45,183,0.7613706144889898,0.09775811713802371,0,6,1.6131342842725807,1010.1256124819598,0.9859593116262448,0
TASK-2026-09-02-MOCK-PRODUCTION,mockL48,TASK-2026-09-02-MOCK-PRODUCTION/mockL48/results/M48_00037.json,48,48.0,0.35,0.2432,1024,6.0,systematic,31101013,ok,580.84,183,0.7991871055808193,0.09201800947460673,0,5,2.7537291482835413,1010.5437245942992,0.9859645442722447,0
TASK-2026-09-02-MOCK-PRODUCTION,mockL48,TASK-2026-09-02-MOCK-PRODUCTION/mockL48/results/M48_00038.json,48,48.0,0.35,0.2432,1024,6.0,systematic,31101014,ok,581.08,183,0.7568524778032406,0.11227127015205514,0,9,4.889149997668672,1009.7287761061733,0.9859731114270519,0
TASK-2026-09-02-MOCK-PRODUCTION,mockL48,TASK-2026-09-02-MOCK-PRODUCTION/mockL48/results/M48_00039.json,48,48.0,0.35,0.2432,1024,6.0,systematic,31101015,ok,578.46,183,0.7285791815331005,0.089766970783436,0,3,1.2840345519246263,1009.7635642905176,0.9859604436928009,0
TASK-2026-09-02-MOCK-PRODUCTION,mockL48,TASK-2026-09-02-MOCK-PRODUCTION/mockL48/results/M48_00040.json,48,48.0,0.35,0.2432,1024,6.0,systematic,31101016,ok,571.35,183,0.6737157908013355,0.12004434928613111,0,5,3.407100291783911,1010.4399541148001,0.9858561337622669,0
TASK-2026-09-02-MOCK-PRODUCTION,mockL48,TASK-2026-09-02-MOCK-PRODUCTION/mockL48/results/M48_00041.json,48,48.0,0.35,0.2432,1024,6.0,systematic,31101017,ok,579.53,183,0.7553859567231618,0.10885163688166007,0,6,1.8546984056232998,1010.0300159132639,0.9859802428540843,0
TASK-2026-09-02-MOCK-PRODUCTION,mockL48,TASK-2026-09-02-MOCK-PRODUCTION/mockL48/results/M48_00042.json,48,48.0,0.35,0.2432,1024,6.0,systematic,31101018,ok,581.35,183,0.7175904769878816,0.11403266870405954,0,6,3.070752506794115,1010.7267716788812,0.9859750188518036,0
TASK-2026-09-02-MOCK-PRODUCTION,mockL48,TASK-2026-09-02-MOCK-PRODUCTION/mockL48/results/M48_00043.json,48,48.0,0.35,0.2432,1024,6.0,systematic,31101019,ok,615.41,183,0.8064411497983272,0.09105315488895477,0,8,5.433543024738058,1010.7378958810681,0.9863122899112503,0
TASK-2026-09-02-MOCK-PRODUCTION,mockL48,TASK-2026-09-02-MOCK-PRODUCTION/mockL48/results/M48_00044.json,48,48.0,0.35,0.2432,1024,6.0,systematic,31101020,ok,586.22,183,0.7584053874654848,0.0958302769910679,0,12,6.182860242697266,1010.3203739502818,0.9858164462063346,0
TASK-2026-09-02-MOCK-PRODUCTION,mockL48,TASK-2026-09-02-MOCK-PRODUCTION/mockL48/results/M48_00045.json,48,48.0,0.35,0.2432,1024,6.0,systematic,31101021,ok,575.88,183,0.7347067802466036,0.0992447518465775,0,9,2.8712219538775803,1009.2504707047643,0.9861106800014977,0
TASK-2026-09-02-MOCK-PRODUCTION,mockL48,TASK-2026-09-02-MOCK-PRODUCTION/mockL48/results/M48_00046.json,48,48.0,0.35,0.2432,1024,6.0,systematic,31101022,ok,578.57,183,0.7178826637688484,0.09616101477544849,0,7,1.2165273301451838,1009.0447161753427,0.9856752189439183,0
TASK-2026-09-02-MOCK-PRODUCTION,mockL48,TASK-2026-09-02-MOCK-PRODUCTION/mockL48/results/M48_00047.json,48,48.0,0.35,0.2432,1024,6.0,systematic,31101023,ok,578.23,183,0.7305013949896214,0.08206684327366795,0,8,5.582104489848067,1008.8815700387821,0.9857738436817329,0
TASK-2026-09-02-MOCK-PRODUCTION,mockL48,TASK-2026-09-02-MOCK-PRODUCTION/mockL48/results/M48_00048.json,48,48.0,0.35,0.2532,1024,6.0,systematic,31102000,ok,601.85,191,0.6396463093482062,0.08948756234167307,0,7,1.9307947263754879,1009.9201807490613,0.9861050305588318,0
TASK-2026-09-02-MOCK-PRODUCTION,mockL48,TASK-2026-09-02-MOCK-PRODUCTION/mockL48/results/M48_00049.json,48,48.0,0.35,0.2532,1024,6.0,systematic,31102001,ok,590.07,191,0.6352113816274074,0.06915842213545967,0,8,2.833836008864386,1009.0150342923808,0.9857151451715958,0
TASK-2026-09-02-MOCK-PRODUCTION,mockL48,TASK-2026-09-02-MOCK-PRODUCTION/mockL48/results/M48_00050.json,48,48.0,0.35,0.2532,1024,6.0,systematic,31102002,ok,594.25,191,0.6961444479505481,0.09044008086529984,0,9,2.8979957327791106,1009.3245249149156,0.9857008482633294,0
TASK-2026-09-02-MOCK-PRODUCTION,mockL48,TASK-2026-09-02-MOCK-PRODUCTION/mockL48/results/M48_00051.json,48,48.0,0.35,0.2532,1024,6.0,systematic,31102003,ok,588.34,191,0.6994232361761257,0.09816119155952842,0,5,1.7566499921262217,1011.1072794378946,0.9859659641668688,0
TASK-2026-09-02-MOCK-PRODUCTION,mockL48,TASK-2026-09-02-MOCK-PRODUCTION/mockL48/results/M48_00052.json,48,48.0,0.35,0.2532,1024,6.0,systematic,31102004,ok,589.22,191,0.6615730431587608,0.10020589660372152,0,8,1.884281006170865,1008.7306324322404,0.9858384289671738,0
TASK-2026-09-02-MOCK-PRODUCTION,mockL48,TASK-2026-09-02-MOCK-PRODUCTION/mockL48/results/M48_00053.json,48,48.0,0.35,0.2532,1024,6.0,systematic,31102005,ok,590.7,191,0.6800295434150072,0.09444904841709562,0,4,3.3151521666276738,1010.0150516416958,0.985544611092503,0
TASK-2026-09-02-MOCK-PRODUCTION,mockL48,TASK-2026-09-02-MOCK-PRODUCTION/mockL48/results/M48_00054.json,48,48.0,0.35,0.2532,1024,6.0,systematic,31102006,ok,591.84,191,0.6572439637640691,0.07925715534918996,0,6,2.745322686215473,1008.4023528953204,0.9855954054472121,0
TASK-2026-09-02-MOCK-PRODUCTION,mockL48,TASK-2026-09-02-MOCK-PRODUCTION/mockL48/results/M48_00055.json,48,48.0,0.35,0.2532,1024,6.0,systematic,31102007,ok,595.53,191,0.6303303459621694,0.08425759723316291,0,10,2.7727195803012354,1009.7288671803601,0.9859074950252648,0
TASK-2026-09-02-MOCK-PRODUCTION,mockL48,TASK-2026-09-02-MOCK-PRODUCTION/mockL48/results/M48_00056.json,48,48.0,0.35,0.2532,1024,6.0,systematic,31102008,ok,595.95,191,0.6733562055404153,0.0901114983796459,0,7,2.577557090533664,1008.2633890013271,0.9859108122752327,0
TASK-2026-09-02-MOCK-PRODUCTION,mockL48,TASK-2026-09-02-MOCK-PRODUCTION/mockL48/results/M48_00057.json,48,48.0,0.35,0.2532,1024,6.0,systematic,31102009,ok,601.14,191,0.7300134752409329,0.09588690694644597,0,6,3.4124668866628918,1009.6663463735495,0.9856982607443573,0
TASK-2026-09-02-MOCK-PRODUCTION,mockL48,TASK-2026-09-02-MOCK-PRODUCTION/mockL48/results/M48_00058.json,48,48.0,0.35,0.2532,1024,6.0,systematic,31102010,ok,596.04,191,0.6450748543393351,0.07305122333982592,0,8,2.8760100275923355,1010.4878956860426,0.9857591682465441,0
TASK-2026-09-02-MOCK-PRODUCTION,mockL48,TASK-2026-09-02-MOCK-PRODUCTION/mockL48/results/M48_00059.json,48,48.0,0.35,0.2532,1024,6.0,systematic,31102011,ok,591.24,191,0.6618679535652826,0.09690261021153755,0,4,1.6660724216279772,1010.767467938606,0.9853760912699543,0
TASK-2026-09-02-MOCK-PRODUCTION,mockL48,TASK-2026-09-02-MOCK-PRODUCTION/mockL48/results/M48_00060.json,48,48.0,0.35,0.2532,1024,6.0,systematic,31102012,ok,590.49,191,0.6727639038259914,0.08505030567739481,0,7,1.5480106883977738,1008.7354877241158,0.9856049899635573,0
TASK-2026-09-02-MOCK-PRODUCTION,mockL48,TASK-2026-09-02-MOCK-PRODUCTION/mockL48/results/M48_00061.json,48,48.0,0.35,0.2532,1024,6.0,systematic,31102013,ok,596.78,191,0.6618530417365042,0.09016609878331173,0,9,4.700911870455218,1009.7475111878449,0.9860266812707971,0
TASK-2026-09-02-MOCK-PRODUCTION,mockL48,TASK-2026-09-02-MOCK-PRODUCTION/mockL48/results/M48_00062.json,48,48.0,0.35,0.2532,1024,6.0,systematic,31102014,ok,616.89,191,0.6561813624769386,0.09113637848511147,0,7,2.710479243137052,1010.2908179826877,0.9855249402060988,0
TASK-2026-09-02-MOCK-PRODUCTION,mockL48,TASK-2026-09-02-MOCK-PRODUCTION/mockL48/results/M48_00063.json,48,48.0,0.35,0.2532,1024,6.0,systematic,31102015,ok,618.68,191,0.6811654258344195,0.110684831093589,0,6,4.1756638366332695,1008.7861373066407,0.9858628753208686,0
TASK-2026-09-02-MOCK-PRODUCTION,mockL48,TASK-2026-09-02-MOCK-PRODUCTION/mockL48/results/M48_00064.json,48,48.0,0.35,0.2532,1024,6.0,systematic,31102016,ok,587.74,191,0.6995340530867249,0.09976739731830885,0,5,3.552231120506254,1010.1200995683031,0.9858525457835509,0
TASK-2026-09-02-MOCK-PRODUCTION,mockL48,TASK-2026-09-02-MOCK-PRODUCTION/mockL48/results/M48_00065.json,48,48.0,0.35,0.2532,1024,6.0,systematic,31102017,ok,583.14,191,0.6725011570474861,0.09139390784448266,0,7,3.052658546242169,1009.6808783335076,0.9858141183284747,0
TASK-2026-09-02-MOCK-PRODUCTION,mockL48,TASK-2026-09-02-MOCK-PRODUCTION/mockL48/results/M48_00066.json,48,48.0,0.35,0.2532,1024,6.0,systematic,31102018,ok,594.24,191,0.7390866566797945,0.09604184075625301,0,3,2.2963160868441683,1010.8455834645106,0.9857214584670229,0
TASK-2026-09-02-MOCK-PRODUCTION,mockL48,TASK-2026-09-02-MOCK-PRODUCTION/mockL48/results/M48_00067.json,48,48.0,0.35,0.2532,1024,6.0,systematic,31102019,ok,594.66,191,0.6678808661084759,0.08766752857950383,0,13,4.197191667867493,1008.4309627636396,0.9860810790429784,0
TASK-2026-09-02-MOCK-PRODUCTION,mockL48,TASK-2026-09-02-MOCK-PRODUCTION/mockL48/results/M48_00068.json,48,48.0,0.35,0.2532,1024,6.0,systematic,31102020,ok,592.88,191,0.7039022379852197,0.09935621051259895,0,4,1.1968105626713479,1010.2797930451869,0.985718719760497,0
TASK-2026-09-02-MOCK-PRODUCTION,mockL48,TASK-2026-09-02-MOCK-PRODUCTION/mockL48/results/M48_00069.json,48,48.0,0.35,0.2532,1024,6.0,systematic,31102021,ok,589.91,191,0.692798064691206,0.10309508110861108,0,7,2.84847793370604,1009.5150510782138,0.9856568449541857,0
TASK-2026-09-02-MOCK-PRODUCTION,mockL48,TASK-2026-09-02-MOCK-PRODUCTION/mockL48/results/M48_00070.json,48,48.0,0.35,0.2532,1024,6.0,systematic,31102022,ok,585.79,191,0.6801172814971881,0.10956305302004592,0,6,1.9357706707231523,1009.2784591473351,0.9855452854815283,0
TASK-2026-09-02-MOCK-PRODUCTION,mockL48,TASK-2026-09-02-MOCK-PRODUCTION/mockL48/results/M48_00071.json,48,48.0,0.35,0.2532,1024,6.0,systematic,31102023,ok,593.6,191,0.748780727623241,0.1133442966394169,0,7,1.9692603554740906,1010.2883897331793,0.9858340227977469,0
TASK-2026-09-02-MOCK-PRODUCTION,mockL48,TASK-2026-09-02-MOCK-PRODUCTION/mockL48/results/M48_00072.json,48,48.0,0.35,0.2632,1024,6.0,systematic,31103000,ok,614.55,198,0.667011244717644,0.09021413744985536,0,8,5.108227132779922,1010.0219744821981,0.985708642469516,0
TASK-2026-09-02-MOCK-PRODUCTION,mockL48,TASK-2026-09-02-MOCK-PRODUCTION/mockL48/results/M48_00073.json,48,48.0,0.35,0.2632,1024,6.0,systematic,31103001,ok,607.75,198,0.6238608144096465,0.08392557035588842,0,6,1.9791473201814984,1009.1633698575595,0.9855623608161102,0
TASK-2026-09-02-MOCK-PRODUCTION,mockL48,TASK-2026-09-02-MOCK-PRODUCTION/mockL48/results/M48_00074.json,48,48.0,0.35,0.2632,1024,6.0,systematic,31103002,ok,610.52,198,0.6313188884620926,0.08111975084626111,0,5,2.81616363450806,1009.6040725558748,0.9857511877618464,0
TASK-2026-09-02-MOCK-PRODUCTION,mockL48,TASK-2026-09-02-MOCK-PRODUCTION/mockL48/results/M48_00075.json,48,48.0,0.35,0.2632,1024,6.0,systematic,31103003,ok,603.05,198,0.6128294043331926,0.07673404734424351,0,5,1.4905004363857592,1009.5120189545523,0.9849837341282396,0
TASK-2026-09-02-MOCK-PRODUCTION,mockL48,TASK-2026-09-02-MOCK-PRODUCTION/mockL48/results/M48_00076.json,48,48.0,0.35,0.2632,1024,6.0,systematic,31103004,ok,611.15,198,0.6601679073421192,0.07690155346645322,0,9,3.239164952211493,1009.831371674508,0.9857455605738195,0
TASK-2026-09-02-MOCK-PRODUCTION,mockL48,TASK-2026-09-02-MOCK-PRODUCTION/mockL48/results/M48_00077.json,48,48.0,0.35,0.2632,1024,6.0,systematic,31103005,ok,607.47,198,0.6453158113263701,0.08919911927271339,0,5,2.305363181060676,1009.0336739279205,0.9858730117720359,0
TASK-2026-09-02-MOCK-PRODUCTION,mockL48,TASK-2026-09-02-MOCK-PRODUCTION/mockL48/results/M48_00078.json,48,48.0,0.35,0.2632,1024,6.0,systematic,31103006,ok,609.83,198,0.6457726060897286,0.10225522270243428,0,6,2.673683781082349,1009.956182678105,0.9855571946244672,0
TASK-2026-09-02-MOCK-PRODUCTION,mockL48,TASK-2026-09-02-MOCK-PRODUCTION/mockL48/results/M48_00079.json,48,48.0,0.35,0.2632,1024,6.0,systematic,31103007,ok,616.92,198,0.6258942596479344,0.08441487765791036,0,9,2.511030010440913,1009.3209744691994,0.9857124352345704,0
TASK-2026-09-02-MOCK-PRODUCTION,mockL48,TASK-2026-09-02-MOCK-PRODUCTION/mockL48/results/M48_00080.json,48,48.0,0.35,0.2632,1024,6.0,systematic,31103008,ok,599.89,198,0.6390377464983654,0.07405022070025424,0,7,4.888192735138361,1009.8420770372533,0.9858649717920507,0
TASK-2026-09-02-MOCK-PRODUCTION,mockL48,TASK-2026-09-02-MOCK-PRODUCTION/mockL48/results/M48_00081.json,48,48.0,0.35,0.2632,1024,6.0,systematic,31103009,ok,602.2,198,0.6676565852170574,0.09237382117076738,0,6,3.5003872346107623,1009.3603808280105,0.9857610405389133,0
TASK-2026-09-02-MOCK-PRODUCTION,mockL48,TASK-2026-09-02-MOCK-PRODUCTION/mockL48/results/M48_00082.json,48,48.0,0.35,0.2632,1024,6.0,systematic,31103010,ok,606.87,198,0.629177724268027,0.07122237092798826,0,6,1.6411694734865085,1010.2224235440543,0.9857170381872526,0
TASK-2026-09-02-MOCK-PRODUCTION,mockL48,TASK-2026-09-02-MOCK-PRODUCTION/mockL48/results/M48_00083.json,48,48.0,0.35,0.2632,1024,6.0,systematic,31103011,ok,611.03,198,0.667400698933162,0.09282499713319736,0,3,1.3745506980402438,1008.6121181894412,0.9857421430989869,0
TASK-2026-09-02-MOCK-PRODUCTION,mockL48,TASK-2026-09-02-MOCK-PRODUCTION/mockL48/results/M48_00084.json,48,48.0,0.35,0.2632,1024,6.0,systematic,31103012,ok,613.59,198,0.6864027311693279,0.09736813076850587,0,7,2.9179472052627773,1009.9760722605924,0.9859433521243185,0
TASK-2026-09-02-MOCK-PRODUCTION,mockL48,TASK-2026-09-02-MOCK-PRODUCTION/mockL48/results/M48_00085.json,48,48.0,0.35,0.2632,1024,6.0,systematic,31103013,ok,614.18,198,0.6766135562963975,0.08309194493824582,0,9,2.798620674929806,1009.7738184214556,0.9858392051330779,0
TASK-2026-09-02-MOCK-PRODUCTION,mockL48,TASK-2026-09-02-MOCK-PRODUCTION/mockL48/results/M48_00086.json,48,48.0,0.35,0.2632,1024,6.0,systematic,31103014,ok,608.64,198,0.6373898281318148,0.09780912769190685,0,8,3.077927414904484,1009.4550316252931,0.9855102481416049,0
TASK-2026-09-02-MOCK-PRODUCTION,mockL48,TASK-2026-09-02-MOCK-PRODUCTION/mockL48/results/M48_00087.json,48,48.0,0.35,0.2632,1024,6.0,systematic,31103015,ok,606.38,198,0.6380530815899956,0.07477740232209992,0,5,2.234178644632607,1009.7676226014089,0.9853672302423157,0
TASK-2026-09-02-MOCK-PRODUCTION,mockL48,TASK-2026-09-02-MOCK-PRODUCTION/mockL48/results/M48_00088.json,48,48.0,0.35,0.2632,1024,6.0,systematic,31103016,ok,602.96,198,0.6279281209556643,0.07754897972251026,0,5,3.0868252015048836,1009.9346007455263,0.9855327519464044,0
TASK-2026-09-02-MOCK-PRODUCTION,mockL48,TASK-2026-09-02-MOCK-PRODUCTION/mockL48/results/M48_00089.json,48,48.0,0.35,0.2632,1024,6.0,systematic,31103017,ok,601.7,198,0.612142782980899,0.08113130541144874,0,5,1.977758664916331,1010.0008026671335,0.9855146464596533,0
TASK-2026-09-02-MOCK-PRODUCTION,mockL48,TASK-2026-09-02-MOCK-PRODUCTION/mockL48/results/M48_00090.json,48,48.0,0.35,0.2632,1024,6.0,systematic,31103018,ok,608.22,198,0.6252184714573641,0.098061274742735,0,8,2.9373357760335255,1008.4760824430464,0.9856170648873039,0
TASK-2026-09-02-MOCK-PRODUCTION,mockL48,TASK-2026-09-02-MOCK-PRODUCTION/mockL48/results/M48_00091.json,48,48.0,0.35,0.2632,1024,6.0,systematic,31103019,ok,610.4,198,0.6235064855833614,0.09670111430885452,0,6,1.9903876086708934,1011.2684904706553,0.9855161077221977,0
TASK-2026-09-02-MOCK-PRODUCTION,mockL48,TASK-2026-09-02-MOCK-PRODUCTION/mockL48/results/M48_00092.json,48,48.0,0.35,0.2632,1024,6.0,systematic,31103020,ok,617.5,198,0.6282130971002355,0.06548349246317332,0,7,4.196553352596992,1010.0022471089471,0.9855835928452432,0
TASK-2026-09-02-MOCK-PRODUCTION,mockL48,TASK-2026-09-02-MOCK-PRODUCTION/mockL48/results/M48_00093.json,48,48.0,0.35,0.2632,1024,6.0,systematic,31103021,ok,591.67,198,0.6485002261268326,0.08398442966369823,0,6,3.5961369622475856,1009.6527691017416,0.9854402374188169,0
TASK-2026-09-02-MOCK-PRODUCTION,mockL48,TASK-2026-09-02-MOCK-PRODUCTION/mockL48/results/M48_00094.json,48,48.0,0.35,0.2632,1024,6.0,systematic,31103022,ok,598.37,198,0.6896967826883238,0.08895720497128395,0,3,1.1282605280543678,1009.6397817788039,0.9855835990904342,0
TASK-2026-09-02-MOCK-PRODUCTION,mockL48,TASK-2026-09-02-MOCK-PRODUCTION/mockL48/results/M48_00095.json,48,48.0,0.35,0.2632,1024,6.0,systematic,31103023,ok,602.42,198,0.6464930702073955,0.07927032432201128,0,6,2.2337598152621734,1008.7204266803303,0.9857694580514743,0
TASK-2026-09-02-MOCK-PRODUCTION,mockL48,TASK-2026-09-02-MOCK-PRODUCTION/mockL48/results/M48_00096.json,48,48.0,0.35,0.2732,1024,6.0,systematic,31104000,ok,617.44,206,0.6188443444361627,0.08489451333600374,0,6,3.971487656518676,1009.3562227805897,0.9858522669121309,0
TASK-2026-09-02-MOCK-PRODUCTION,mockL48,TASK-2026-09-02-MOCK-PRODUCTION/mockL48/results/M48_00097.json,48,48.0,0.35,0.2732,1024,6.0,systematic,31104001,ok,607.82,206,0.6022150833602093,0.07458111285325936,0,7,1.8845925728889958,1008.6866033888728,0.985733755250836,0
TASK-2026-09-02-MOCK-PRODUCTION,mockL48,TASK-2026-09-02-MOCK-PRODUCTION/mockL48/results/M48_00098.json,48,48.0,0.35,0.2732,1024,6.0,systematic,31104002,ok,610.51,206,0.5812552462376248,0.06913155791821886,0,9,3.164404314262779,1009.9059413818416,0.985819344367121,0
TASK-2026-09-02-MOCK-PRODUCTION,mockL48,TASK-2026-09-02-MOCK-PRODUCTION/mockL48/results/M48_00099.json,48,48.0,0.35,0.2732,1024,6.0,systematic,31104003,ok,608.62,206,0.5895059089914771,0.0628300512705019,0,3,1.281815070167718,1009.7685002080935,0.9855612398111975,0
TASK-2026-09-02-MOCK-PRODUCTION,mockL48,TASK-2026-09-02-MOCK-PRODUCTION/mockL48/results/M48_00100.json,48,48.0,0.35,0.2732,1024,6.0,systematic,31104004,ok,605.35,206,0.5885808502758489,0.07927020694703571,0,6,3.418452109278216,1010.3002784148786,0.985704000936487,0
TASK-2026-09-02-MOCK-PRODUCTION,mockL48,TASK-2026-09-02-MOCK-PRODUCTION/mockL48/results/M48_00101.json,48,48.0,0.35,0.2732,1024,6.0,systematic,31104005,ok,606.94,206,0.616415071769836,0.07452760265651855,0,3,1.8580769544276972,1009.7478212858056,0.985635978803386,0
TASK-2026-09-02-MOCK-PRODUCTION,mockL48,TASK-2026-09-02-MOCK-PRODUCTION/mockL48/results/M48_00102.json,48,48.0,0.35,0.2732,1024,6.0,systematic,31104006,ok,615.19,206,0.5741787938967711,0.07777957386193807,0,6,3.770147343290451,1008.9490198640262,0.9854637755102748,0
TASK-2026-09-02-MOCK-PRODUCTION,mockL48,TASK-2026-09-02-MOCK-PRODUCTION/mockL48/results/M48_00103.json,48,48.0,0.35,0.2732,1024,6.0,systematic,31104007,ok,598.49,206,0.5633685572753027,0.06329126112765629,0,8,2.854681774375337,1008.977463284486,0.9858112383992361,0
TASK-2026-09-02-MOCK-PRODUCTION,mockL48,TASK-2026-09-02-MOCK-PRODUCTION/mockL48/results/M48_00104.json,48,48.0,0.35,0.2732,1024,6.0,systematic,31104008,ok,604.45,206,0.6332548182212361,0.07378131474358825,0,7,5.401912298054731,1009.1337746730168,0.9857764924337614,0
TASK-2026-09-02-MOCK-PRODUCTION,mockL48,TASK-2026-09-02-MOCK-PRODUCTION/mockL48/results/M48_00105.json,48,48.0,0.35,0.2732,1024,6.0,systematic,31104009,ok,603.24,206,0.5868222267447535,0.07179379795952656,0,8,2.8385923118570657,1010.1293293191678,0.9854326706807,0
TASK-2026-09-02-MOCK-PRODUCTION,mockL48,TASK-2026-09-02-MOCK-PRODUCTION/mockL48/results/M48_00106.json,48,48.0,0.35,0.2732,1024,6.0,systematic,31104010,ok,601.58,206,0.5722122468616918,0.07188132291555237,0,7,3.9930844865535913,1009.8187029953705,0.9853772071879986,0
TASK-2026-09-02-MOCK-PRODUCTION,mockL48,TASK-2026-09-02-MOCK-PRODUCTION/mockL48/results/M48_00107.json,48,48.0,0.35,0.2732,1024,6.0,systematic,31104011,ok,658.56,206,0.6260477166348767,0.07325584230966613,0,9,2.57251084375184,1009.3199261363775,0.9855127198568288,0
TASK-2026-09-02-MOCK-PRODUCTION,mockL48,TASK-2026-09-02-MOCK-PRODUCTION/mockL48/results/M48_00108.json,48,48.0,0.35,0.2732,1024,6.0,systematic,31104012,ok,610.32,206,0.577648136973544,0.0644351008428093,0,7,3.0359715562967597,1010.6181743294371,0.9858461388181873,0
TASK-2026-09-02-MOCK-PRODUCTION,mockL48,TASK-2026-09-02-MOCK-PRODUCTION/mockL48/results/M48_00109.json,48,48.0,0.35,0.2732,1024,6.0,systematic,31104013,ok,598.3,206,0.6130460235993005,0.07011912453427589,0,7,3.934353402021627,1009.4378284372425,0.9853972855714246,0
TASK-2026-09-02-MOCK-PRODUCTION,mockL48,TASK-2026-09-02-MOCK-PRODUCTION/mockL48/results/M48_00110.json,48,48.0,0.35,0.2732,1024,6.0,systematic,31104014,ok,595.96,206,0.6549231604250105,0.0885546036611148,0,8,5.0535731498081855,1010.4881828636013,0.9855837473394075,0
TASK-2026-09-02-MOCK-PRODUCTION,mockL48,TASK-2026-09-02-MOCK-PRODUCTION/mockL48/results/M48_00111.json,48,48.0,0.35,0.2732,1024,6.0,systematic,31104015,ok,607.58,206,0.5877656183631539,0.08127622163846959,0,7,2.4205020244410282,1009.6862968987914,0.9855767131701593,0
TASK-2026-09-02-MOCK-PRODUCTION,mockL48,TASK-2026-09-02-MOCK-PRODUCTION/mockL48/results/M48_00112.json,48,48.0,0.35,0.2732,1024,6.0,systematic,31104016,ok,611.42,206,0.5828991023653138,0.07540944392341688,0,7,1.907563116934149,1010.3160256538923,0.9855627708712363,0
TASK-2026-09-02-MOCK-PRODUCTION,mockL48,TASK-2026-09-02-MOCK-PRODUCTION/mockL48/results/M48_00113.json,48,48.0,0.35,0.2732,1024,6.0,systematic,31104017,ok,599.92,206,0.6360234073461484,0.07131992809053816,0,6,1.7578102473664095,1009.1452881607681,0.9858701329113211,0
TASK-2026-09-02-MOCK-PRODUCTION,mockL48,TASK-2026-09-02-MOCK-PRODUCTION/mockL48/results/M48_00114.json,48,48.0,0.35,0.2732,1024,6.0,systematic,31104018,ok,595.73,206,0.5865438566048212,0.08880448179576178,0,8,6.434244759707427,1009.7797145633325,0.9855547142374939,0
TASK-2026-09-02-MOCK-PRODUCTION,mockL48,TASK-2026-09-02-MOCK-PRODUCTION/mockL48/results/M48_00115.json,48,48.0,0.35,0.2732,1024,6.0,systematic,31104019,ok,659.71,206,0.5597560950553326,0.06684814578899213,0,5,3.087879662404514,1010.0115820570973,0.9850105518091299,0
TASK-2026-09-02-MOCK-PRODUCTION,mockL48,TASK-2026-09-02-MOCK-PRODUCTION/mockL48/results/M48_00116.json,48,48.0,0.35,0.2732,1024,6.0,systematic,31104020,ok,605.12,206,0.6532651822961554,0.08050805009371718,0,7,3.3732105747392667,1009.6654419414792,0.985789441860945,0
TASK-2026-09-02-MOCK-PRODUCTION,mockL48,TASK-2026-09-02-MOCK-PRODUCTION/mockL48/results/M48_00117.json,48,48.0,0.35,0.2732,1024,6.0,systematic,31104021,ok,601.66,206,0.6377617849097618,0.06281657420260717,0,7,5.138416002665804,1009.5418914358423,0.9859318003077434,0
TASK-2026-09-02-MOCK-PRODUCTION,mockL48,TASK-2026-09-02-MOCK-PRODUCTION/mockL48/results/M48_00118.json,48,48.0,0.35,0.2732,1024,6.0,systematic,31104022,ok,609.78,206,0.6414541779836647,0.08768144203094952,0,6,2.620797904513394,1009.669375808308,0.985458425919481,0
TASK-2026-09-02-MOCK-PRODUCTION,mockL48,TASK-2026-09-02-MOCK-PRODUCTION/mockL48/results/M48_00119.json,48,48.0,0.35,0.2732,1024,6.0,systematic,31104023,ok,613.56,206,0.6225556940933044,0.06796978080844522,0,6,1.9553791873969701,1009.1680013930368,0.9856218983289704,0
TASK-2026-09-02-MOCK-PRODUCTION,mockL48,TASK-2026-09-02-MOCK-PRODUCTION/mockL48/results/M48_00120.json,48,48.0,0.35,0.2832,1024,6.0,systematic,31105000,ok,612.23,213,0.5725276104427139,0.06636159275922571,0,8,2.583450362420605,1008.59226531867,0.9854428295336872,0
TASK-2026-09-02-MOCK-PRODUCTION,mockL48,TASK-2026-09-02-MOCK-PRODUCTION/mockL48/results/M48_00121.json,48,48.0,0.35,0.2832,1024,6.0,systematic,31105001,ok,679.79,213,0.5884375518548143,0.07316996531036846,0,6,1.4292163255514725,1010.2857067023365,0.9853982814612009,0
TASK-2026-09-02-MOCK-PRODUCTION,mockL48,TASK-2026-09-02-MOCK-PRODUCTION/mockL48/results/M48_00122.json,48,48.0,0.35,0.2832,1024,6.0,systematic,31105002,ok,612.23,213,0.56061201331217,0.07078038845764474,0,8,2.8606005052406442,1008.8196548476062,0.9856328726781786,0
TASK-2026-09-02-MOCK-PRODUCTION,mockL48,TASK-2026-09-02-MOCK-PRODUCTION/mockL48/results/M48_00123.json,48,48.0,0.35,0.2832,1024,6.0,systematic,31105003,ok,616.54,213,0.5771235848162776,0.0824501933349172,0,9,3.6885064829992755,1010.5089036270092,0.9856483651710303,0
TASK-2026-09-02-MOCK-PRODUCTION,mockL48,TASK-2026-09-02-MOCK-PRODUCTION/mockL48/results/M48_00124.json,48,48.0,0.35,0.2832,1024,6.0,systematic,31105004,ok,680.74,213,0.5747575631048577,0.06333162148276489,0,6,3.301208308934182,1008.62182446988,0.9852446874082005,0
TASK-2026-09-02-MOCK-PRODUCTION,mockL48,TASK-2026-09-02-MOCK-PRODUCTION/mockL48/results/M48_00125.json,48,48.0,0.35,0.2832,1024,6.0,systematic,31105005,ok,613.98,213,0.5412739082167933,0.05602499683147895,0,7,1.8976827688053337,1009.7906485443467,0.9854051625254175,0
TASK-2026-09-02-MOCK-PRODUCTION,mockL48,TASK-2026-09-02-MOCK-PRODUCTION/mockL48/results/M48_00126.json,48,48.0,0.35,0.2832,1024,6.0,systematic,31105006,ok,619.03,213,0.5483826875539644,0.07487493226725195,0,7,2.7899828648665905,1009.5840636657423,0.9852606041027292,0
TASK-2026-09-02-MOCK-PRODUCTION,mockL48,TASK-2026-09-02-MOCK-PRODUCTION/mockL48/results/M48_00127.json,48,48.0,0.35,0.2832,1024,6.0,systematic,31105007,ok,619.84,213,0.5656040248981118,0.059675943202806336,0,4,1.2442254797960022,1008.9378747344614,0.9851853406484042,0
TASK-2026-09-02-MOCK-PRODUCTION,mockL48,TASK-2026-09-02-MOCK-PRODUCTION/mockL48/results/M48_00128.json,48,48.0,0.35,0.2832,1024,6.0,systematic,31105008,ok,636.29,213,0.5574077161485743,0.05823744757823098,0,9,4.535049477544806,1009.8645732118939,0.9853969426691402,0
TASK-2026-09-02-MOCK-PRODUCTION,mockL48,TASK-2026-09-02-MOCK-PRODUCTION/mockL48/results/M48_00129.json,48,48.0,0.35,0.2832,1024,6.0,systematic,31105009,ok,635.84,213,0.5671406551992346,0.0876307160362213,0,6,1.9922406095035434,1008.8146921946965,0.9855024475040766,0
TASK-2026-09-02-MOCK-PRODUCTION,mockL48,TASK-2026-09-02-MOCK-PRODUCTION/mockL48/results/M48_00130.json,48,48.0,0.35,0.2832,1024,6.0,systematic,31105010,ok,636.56,213,0.5803438740302825,0.06785661389371543,0,6,3.91061252498732,1009.9315014775387,0.9854549208035044,0
TASK-2026-09-02-MOCK-PRODUCTION,mockL48,TASK-2026-09-02-MOCK-PRODUCTION/mockL48/results/M48_00131.json,48,48.0,0.35,0.2832,1024,6.0,systematic,31105011,ok,577.16,213,0.5228263839861157,0.06945462084630102,0,4,2.1999144015239884,1009.2243786042,0.9855004065229083,0
TASK-2026-09-02-MOCK-PRODUCTION,mockL48,TASK-2026-09-02-MOCK-PRODUCTION/mockL48/results/M48_00132.json,48,48.0,0.35,0.2832,1024,6.0,systematic,31105012,ok,568.55,213,0.5520458367471798,0.063165792624978,0,6,4.420305373116711,1010.5973686181342,0.9852676275580177,0
TASK-2026-09-02-MOCK-PRODUCTION,mockL48,TASK-2026-09-02-MOCK-PRODUCTION/mockL48/results/M48_00133.json,48,48.0,0.35,0.2832,1024,6.0,systematic,31105013,ok,589.44,213,0.607465810362838,0.07601866366410105,0,5,3.540596573450658,1010.4866424819436,0.9855331113485221,0
TASK-2026-09-02-MOCK-PRODUCTION,mockL48,TASK-2026-09-02-MOCK-PRODUCTION/mockL48/results/M48_00134.json,48,48.0,0.35,0.2832,1024,6.0,systematic,31105014,ok,648.82,213,0.5743523048177626,0.07502595596559329,0,5,1.5502993923444268,1009.6146699567541,0.9852359047780088,0
TASK-2026-09-02-MOCK-PRODUCTION,mockL48,TASK-2026-09-02-MOCK-PRODUCTION/mockL48/results/M48_00135.json,48,48.0,0.35,0.2832,1024,6.0,systematic,31105015,ok,639.44,213,0.5191074400115743,0.06071183077411618,0,7,5.39080365221683,1009.2279275800769,0.9853565708462075,0
TASK-2026-09-02-MOCK-PRODUCTION,mockL48,TASK-2026-09-02-MOCK-PRODUCTION/mockL48/results/M48_00136.json,48,48.0,0.35,0.2832,1024,6.0,systematic,31105016,ok,580.66,213,0.5448233803953756,0.08435259897362885,0,5,2.0475920812650603,1009.2897415919261,0.9853733896765717,0
TASK-2026-09-02-MOCK-PRODUCTION,mockL48,TASK-2026-09-02-MOCK-PRODUCTION/mockL48/results/M48_00137.json,48,48.0,0.35,0.2832,1024,6.0,systematic,31105017,ok,634.63,213,0.624066706336487,0.06524066552210366,0,8,4.5288208211321015,1009.726765953094,0.9856614554003527,0
TASK-2026-09-02-MOCK-PRODUCTION,mockL48,TASK-2026-09-02-MOCK-PRODUCTION/mockL48/results/M48_00138.json,48,48.0,0.35,0.2832,1024,6.0,systematic,31105018,ok,568.72,213,0.6085858983271445,0.07721549857808507,0,5,1.9564664131623237,1010.399018771237,0.985314741798384,0
TASK-2026-09-02-MOCK-PRODUCTION,mockL48,TASK-2026-09-02-MOCK-PRODUCTION/mockL48/results/M48_00139.json,48,48.0,0.35,0.2832,1024,6.0,systematic,31105019,ok,561.58,213,0.5785471572137728,0.07037417556274413,0,6,4.108003071474465,1009.0655524881937,0.9855718477601424,0
TASK-2026-09-02-MOCK-PRODUCTION,mockL48,TASK-2026-09-02-MOCK-PRODUCTION/mockL48/results/M48_00140.json,48,48.0,0.35,0.2832,1024,6.0,systematic,31105020,ok,642.77,213,0.5909063189372643,0.07529479892266769,0,4,1.9250664590891067,1008.9189358992325,0.9852011686008328,0
TASK-2026-09-02-MOCK-PRODUCTION,mockL48,TASK-2026-09-02-MOCK-PRODUCTION/mockL48/results/M48_00141.json,48,48.0,0.35,0.2832,1024,6.0,systematic,31105021,ok,568.51,213,0.533034140489208,0.060153938680346554,0,3,1.8725307065634722,1009.0587880087978,0.9854888588599541,0
TASK-2026-09-02-MOCK-PRODUCTION,mockL48,TASK-2026-09-02-MOCK-PRODUCTION/mockL48/results/M48_00142.json,48,48.0,0.35,0.2832,1024,6.0,systematic,31105022,ok,569.81,213,0.6082942089280028,0.0703516725456069,0,8,1.903580687091082,1009.3043295996887,0.9857799081029248,0
TASK-2026-09-02-MOCK-PRODUCTION,mockL48,TASK-2026-09-02-MOCK-PRODUCTION/mockL48/results/M48_00143.json,48,48.0,0.35,0.2832,1024,6.0,systematic,31105023,ok,639.56,213,0.593427576076976,0.0772601935501701,0,7,4.671632747620914,1009.5584016029021,0.9856800455844842,0
TASK-2026-09-02-MOCK-PRODUCTION,mockL48,TASK-2026-09-02-MOCK-PRODUCTION/mockL48/results/M48_00144.json,48,48.0,0.35,0.2932,1024,6.0,systematic,31106000,ok,650.34,221,0.4926525733384476,0.0590141261748789,0,7,3.5877454100032162,1008.8566171783519,0.9855203088063321,0
TASK-2026-09-02-MOCK-PRODUCTION,mockL48,TASK-2026-09-02-MOCK-PRODUCTION/mockL48/results/M48_00145.json,48,48.0,0.35,0.2932,1024,6.0,systematic,31106001,ok,580.83,221,0.48964423646739813,0.06054285567164336,0,9,3.844965788335032,1009.2408205531767,0.9853213412996344,0
TASK-2026-09-02-MOCK-PRODUCTION,mockL48,TASK-2026-09-02-MOCK-PRODUCTION/mockL48/results/M48_00146.json,48,48.0,0.35,0.2932,1024,6.0,systematic,31106002,ok,578.56,221,0.5312186161875365,0.06360817477934372,0,8,3.8476464458176163,1008.3359051958902,0.9852887332401628,0
TASK-2026-09-02-MOCK-PRODUCTION,mockL48,TASK-2026-09-02-MOCK-PRODUCTION/mockL48/results/M48_00147.json,48,48.0,0.35,0.2932,1024,6.0,systematic,31106003,ok,642.49,221,0.4641848658152157,0.05087779656398148,0,6,3.851914981155087,1008.111120534258,0.9850859040076945,0
TASK-2026-09-02-MOCK-PRODUCTION,mockL48,TASK-2026-09-02-MOCK-PRODUCTION/mockL48/results/M48_00148.json,48,48.0,0.35,0.2932,1024,6.0,systematic,31106004,ok,579.44,221,0.5009435025856799,0.05625635843513007,0,5,1.7078063160637795,1008.8810145392744,0.9850462946581486,0
TASK-2026-09-02-MOCK-PRODUCTION,mockL48,TASK-2026-09-02-MOCK-PRODUCTION/mockL48/results/M48_00149.json,48,48.0,0.35,0.2932,1024,6.0,systematic,31106005,ok,652.0,221,0.519315154973652,0.05423638716195055,0,8,2.70979279405,1009.8287973321959,0.9852010258662831,0
TASK-2026-09-02-MOCK-PRODUCTION,mockL48,TASK-2026-09-02-MOCK-PRODUCTION/mockL48/results/M48_00150.json,48,48.0,0.35,0.2932,1024,6.0,systematic,31106006,ok,646.66,221,0.49443968194073407,0.06049153957462063,0,10,4.145683424794016,1007.9783284168959,0.9849898446077789,0
TASK-2026-09-02-MOCK-PRODUCTION,mockL48,TASK-2026-09-02-MOCK-PRODUCTION/mockL48/results/M48_00151.json,48,48.0,0.35,0.2932,1024,6.0,systematic,31106007,ok,678.81,221,0.5300935389205,0.07698347817889795,0,7,2.903773940206254,1009.2122412001607,0.9854070378991162,0
TASK-2026-09-02-MOCK-PRODUCTION,mockL48,TASK-2026-09-02-MOCK-PRODUCTION/mockL48/results/M48_00152.json,48,48.0,0.35,0.2932,1024,6.0,systematic,31106008,ok,672.72,221,0.5241233489739131,0.06944998329772736,0,3,2.0608237980873167,1008.4554957502835,0.985241605614737,0
TASK-2026-09-02-MOCK-PRODUCTION,mockL48,TASK-2026-09-02-MOCK-PRODUCTION/mockL48/results/M48_00153.json,48,48.0,0.35,0.2932,1024,6.0,systematic,31106009,ok,584.9,221,0.49820597976510983,0.06314493033422568,0,5,3.1804328836261284,1010.3636213647684,0.9853371335593358,0
TASK-2026-09-02-MOCK-PRODUCTION,mockL48,TASK-2026-09-02-MOCK-PRODUCTION/mockL48/results/M48_00154.json,48,48.0,0.35,0.2932,1024,6.0,systematic,31106010,ok,582.39,221,0.5190953051864438,0.06327818369630973,0,8,3.710249950462819,1009.6026047322083,0.9852540714732924,0
TASK-2026-09-02-MOCK-PRODUCTION,mockL48,TASK-2026-09-02-MOCK-PRODUCTION/mockL48/results/M48_00155.json,48,48.0,0.35,0.2932,1024,6.0,systematic,31106011,ok,577.96,221,0.5234689089877238,0.056820584597454316,0,5,3.828484636055614,1009.1777711595049,0.9852694730667574,0
TASK-2026-09-02-MOCK-PRODUCTION,mockL48,TASK-2026-09-02-MOCK-PRODUCTION/mockL48/results/M48_00156.json,48,48.0,0.35,0.2932,1024,6.0,systematic,31106012,ok,653.0,221,0.49566591341747734,0.06237508774307119,0,8,4.523779940636433,1008.2831032128337,0.9853710154163293,0
TASK-2026-09-02-MOCK-PRODUCTION,mockL48,TASK-2026-09-02-MOCK-PRODUCTION/mockL48/results/M48_00157.json,48,48.0,0.35,0.2932,1024,6.0,systematic,31106013,ok,648.7,221,0.48526857943804425,0.06375142150285004,0,5,1.1381803893304272,1009.0784588190007,0.9854694953040772,0
TASK-2026-09-02-MOCK-PRODUCTION,mockL48,TASK-2026-09-02-MOCK-PRODUCTION/mockL48/results/M48_00158.json,48,48.0,0.35,0.2932,1024,6.0,systematic,31106014,ok,651.23,221,0.5528445488371796,0.06096387544205777,0,5,2.7238994788987774,1009.8077566083638,0.9850814478638721,0
TASK-2026-09-02-MOCK-PRODUCTION,mockL48,TASK-2026-09-02-MOCK-PRODUCTION/mockL48/results/M48_00159.json,48,48.0,0.35,0.2932,1024,6.0,systematic,31106015,ok,651.21,221,0.4817532133636313,0.060680747019111574,0,6,1.495619727912503,1009.7324603351526,0.98530116282075,0
TASK-2026-09-02-MOCK-PRODUCTION,mockL48,TASK-2026-09-02-MOCK-PRODUCTION/mockL48/results/M48_00160.json,48,48.0,0.35,0.2932,1024,6.0,systematic,31106016,ok,648.06,221,0.4987074868167505,0.06828733222639469,0,3,2.3409581046869348,1009.1908619831709,0.9848725178774382,0
TASK-2026-09-02-MOCK-PRODUCTION,mockL48,TASK-2026-09-02-MOCK-PRODUCTION/mockL48/results/M48_00161.json,48,48.0,0.35,0.2932,1024,6.0,systematic,31106017,ok,649.58,221,0.5116675414997377,0.06430480132774262,0,4,2.8632250383647078,1010.7084069307281,0.9852030047238178,0
TASK-2026-09-02-MOCK-PRODUCTION,mockL48,TASK-2026-09-02-MOCK-PRODUCTION/mockL48/results/M48_00162.json,48,48.0,0.35,0.2932,1024,6.0,systematic,31106018,ok,656.86,221,0.5173468121337912,0.055255035578893136,0,7,3.200292995574546,1009.6233952208029,0.9852751685527633,0
TASK-2026-09-02-MOCK-PRODUCTION,mockL48,TASK-2026-09-02-MOCK-PRODUCTION/mockL48/results/M48_00163.json,48,48.0,0.35,0.2932,1024,6.0,systematic,31106019,ok,597.61,221,0.5118819173207041,0.05856988068361202,0,7,2.8532680272108846,1009.544783307962,0.9854535173597097,0
TASK-2026-09-02-MOCK-PRODUCTION,mockL48,TASK-2026-09-02-MOCK-PRODUCTION/mockL48/results/M48_00164.json,48,48.0,0.35,0.2932,1024,6.0,systematic,31106020,ok,661.83,221,0.5344413000425872,0.06452815822366399,0,7,3.496838566816957,1009.5414752028977,0.9855602174203587,0
TASK-2026-09-02-MOCK-PRODUCTION,mockL48,TASK-2026-09-02-MOCK-PRODUCTION/mockL48/results/M48_00165.json,48,48.0,0.35,0.2932,1024,6.0,systematic,31106021,ok,651.94,221,0.48914778354062355,0.06531764348176777,0,9,6.651375215670354,1009.906360017477,0.9854984835571903,0
TASK-2026-09-02-MOCK-PRODUCTION,mockL48,TASK-2026-09-02-MOCK-PRODUCTION/mockL48/results/M48_00166.json,48,48.0,0.35,0.2932,1024,6.0,systematic,31106022,ok,658.73,221,0.5577948837576159,0.056818562873693294,0,6,2.2476549772785734,1009.6563098562825,0.9854667302133262,0
TASK-2026-09-02-MOCK-PRODUCTION,mockL48,TASK-2026-09-02-MOCK-PRODUCTION/mockL48/results/M48_00167.json,48,48.0,0.35,0.2932,1024,6.0,systematic,31106023,ok,654.22,221,0.5720354417026742,0.06146044579683116,0,8,6.875006556517178,1008.9808259048986,0.9850712052788304,0
TASK-2026-09-02-MOCK-PRODUCTION,mockL48,TASK-2026-09-02-MOCK-PRODUCTION/mockL48/results/M48_00168.json,48,48.0,0.35,0.3032,1024,6.0,systematic,31107000,ok,666.38,229,0.46914677774793556,0.04800038982121695,0,6,3.0524985881215905,1009.1415209919945,0.9854422585251874,0
TASK-2026-09-02-MOCK-PRODUCTION,mockL48,TASK-2026-09-02-MOCK-PRODUCTION/mockL48/results/M48_00169.json,48,48.0,0.35,0.3032,1024,6.0,systematic,31107001,ok,602.53,229,0.4758913943483487,0.05563822816487122,0,3,2.5477216733807286,1007.6113791322308,0.9849625472706529,0
TASK-2026-09-02-MOCK-PRODUCTION,mockL48,TASK-2026-09-02-MOCK-PRODUCTION/mockL48/results/M48_00170.json,48,48.0,0.35,0.3032,1024,6.0,systematic,31107002,ok,597.51,229,0.4367507165451413,0.050737008251718355,0,4,2.0731039936733886,1009.509548661091,0.9850106701852441,0
TASK-2026-09-02-MOCK-PRODUCTION,mockL48,TASK-2026-09-02-MOCK-PRODUCTION/mockL48/results/M48_00171.json,48,48.0,0.35,0.3032,1024,6.0,systematic,31107003,ok,600.58,229,0.44545143415544886,0.05205558810772323,0,5,4.380895083391825,1009.3763263123506,0.985395756995517,0
TASK-2026-09-02-MOCK-PRODUCTION,mockL48,TASK-2026-09-02-MOCK-PRODUCTION/mockL48/results/M48_00172.json,48,48.0,0.35,0.3032,1024,6.0,systematic,31107004,ok,661.06,229,0.48679068812182935,0.05401668173838731,0,4,1.1128332155312026,1008.823654876482,0.9848169253303922,0
TASK-2026-09-02-MOCK-PRODUCTION,mockL48,TASK-2026-09-02-MOCK-PRODUCTION/mockL48/results/M48_00173.json,48,48.0,0.35,0.3032,1024,6.0,systematic,31107005,ok,666.02,229,0.4527911010058861,0.07124473242459999,0,5,1.4742098751546509,1008.7686354553591,0.9850228348291572,0
TASK-2026-09-02-MOCK-PRODUCTION,mockL48,TASK-2026-09-02-MOCK-PRODUCTION/mockL48/results/M48_00174.json,48,48.0,0.35,0.3032,1024,6.0,systematic,31107006,ok,596.93,229,0.47509511791711645,0.049857103601313416,0,6,2.7424219440623085,1009.4137605996231,0.9851942149341183,0
TASK-2026-09-02-MOCK-PRODUCTION,mockL48,TASK-2026-09-02-MOCK-PRODUCTION/mockL48/results/M48_00175.json,48,48.0,0.35,0.3032,1024,6.0,systematic,31107007,ok,625.24,229,0.4541595106546297,0.05485569900633042,0,10,5.34371591939906,1009.5831920364565,0.9853815014186993,0
TASK-2026-09-02-MOCK-PRODUCTION,mockL48,TASK-2026-09-02-MOCK-PRODUCTION/mockL48/results/M48_00176.json,48,48.0,0.35,0.3032,1024,6.0,systematic,31107008,ok,596.33,229,0.49158483206998405,0.06859339524281312,0,11,4.975119090546773,1008.6821488320945,0.9856403904544713,0
TASK-2026-09-02-MOCK-PRODUCTION,mockL48,TASK-2026-09-02-MOCK-PRODUCTION/mockL48/results/M48_00177.json,48,48.0,0.35,0.3032,1024,6.0,systematic,31107009,ok,615.29,229,0.45199471424200544,0.051658253278389535,0,6,4.0659816200705725,1008.8241609047668,0.985057474769428,0
TASK-2026-09-02-MOCK-PRODUCTION,mockL48,TASK-2026-09-02-MOCK-PRODUCTION/mockL48/results/M48_00178.json,48,48.0,0.35,0.3032,1024,6.0,systematic,31107010,ok,609.25,229,0.4202298467785809,0.051614089223787046,0,4,3.3885589085009986,1009.2028395030533,0.9851624733160512,0
TASK-2026-09-02-MOCK-PRODUCTION,mockL48,TASK-2026-09-02-MOCK-PRODUCTION/mockL48/results/M48_00179.json,48,48.0,0.35,0.3032,1024,6.0,systematic,31107011,ok,615.59,229,0.44234850376043094,0.049930872547221665,0,5,2.865212258995322,1009.0008076425321,0.9853420022663035,0
TASK-2026-09-02-MOCK-PRODUCTION,mockL48,TASK-2026-09-02-MOCK-PRODUCTION/mockL48/results/M48_00180.json,48,48.0,0.35,0.3032,1024,6.0,systematic,31107012,ok,615.24,229,0.4533773937437067,0.044888232847778,0,7,2.284121009340583,1009.9487691656778,0.9852697687439644,0
TASK-2026-09-02-MOCK-PRODUCTION,mockL48,TASK-2026-09-02-MOCK-PRODUCTION/mockL48/results/M48_00181.json,48,48.0,0.35,0.3032,1024,6.0,systematic,31107013,ok,619.75,229,0.4281364822648323,0.049872228135182745,0,7,4.194304,1009.2254990527346,0.9849259098981716,0
TASK-2026-09-02-MOCK-PRODUCTION,mockL48,TASK-2026-09-02-MOCK-PRODUCTION/mockL48/results/M48_00182.json,48,48.0,0.35,0.3032,1024,6.0,systematic,31107014,ok,614.08,229,0.48097398964388577,0.05430194231455368,0,6,3.268872983016186,1009.1187460200882,0.9852844547943734,0
TASK-2026-09-02-MOCK-PRODUCTION,mockL48,TASK-2026-09-02-MOCK-PRODUCTION/mockL48/results/M48_00183.json,48,48.0,0.35,0.3032,1024,6.0,systematic,31107015,ok,611.42,229,0.4577768326132188,0.054418812476246574,0,4,2.9271026993830778,1008.3946379322933,0.9851192392012322,0
TASK-2026-09-02-MOCK-PRODUCTION,mockL48,TASK-2026-09-02-MOCK-PRODUCTION/mockL48/results/M48_00184.json,48,48.0,0.35,0.3032,1024,6.0,systematic,31107016,ok,613.55,229,0.4690151099426559,0.05451722483448194,0,7,2.2542652724270775,1009.3586164450063,0.9851870994390076,0
TASK-2026-09-02-MOCK-PRODUCTION,mockL48,TASK-2026-09-02-MOCK-PRODUCTION/mockL48/results/M48_00185.json,48,48.0,0.35,0.3032,1024,6.0,systematic,31107017,ok,617.08,229,0.484943862463247,0.056866265919784345,0,5,2.017516585343328,1010.3459512717267,0.9852881404458144,0
TASK-2026-09-02-MOCK-PRODUCTION,mockL48,TASK-2026-09-02-MOCK-PRODUCTION/mockL48/results/M48_00186.json,48,48.0,0.35,0.3032,1024,6.0,systematic,31107018,ok,621.01,229,0.4353706672526225,0.058266117346747526,0,4,2.8570618944339694,1009.616825855684,0.9852472759610066,0
TASK-2026-09-02-MOCK-PRODUCTION,mockL48,TASK-2026-09-02-MOCK-PRODUCTION/mockL48/results/M48_00187.json,48,48.0,0.35,0.3032,1024,6.0,systematic,31107019,ok,617.12,229,0.48546091914048795,0.05483639078102614,0,7,5.592345681646062,1007.9181403212115,0.9850247167703865,0
TASK-2026-09-02-MOCK-PRODUCTION,mockL48,TASK-2026-09-02-MOCK-PRODUCTION/mockL48/results/M48_00188.json,48,48.0,0.35,0.3032,1024,6.0,systematic,31107020,ok,692.9,229,0.46521641768897987,0.058199981415634844,0,4,1.1239792735450427,1008.6283817751727,0.9851093995228134,0
TASK-2026-09-02-MOCK-PRODUCTION,mockL48,TASK-2026-09-02-MOCK-PRODUCTION/mockL48/results/M48_00189.json,48,48.0,0.35,0.3032,1024,6.0,systematic,31107021,ok,696.19,229,0.4717089393882287,0.06492182959002293,0,8,2.6296708698225446,1008.5832236123554,0.9853885723241033,0
TASK-2026-09-02-MOCK-PRODUCTION,mockL48,TASK-2026-09-02-MOCK-PRODUCTION/mockL48/results/M48_00190.json,48,48.0,0.35,0.3032,1024,6.0,systematic,31107022,ok,702.21,229,0.4623939056387365,0.05085010729977032,0,7,2.471692509322685,1008.6008169806487,0.9853437836010822,0
TASK-2026-09-02-MOCK-PRODUCTION,mockL48,TASK-2026-09-02-MOCK-PRODUCTION/mockL48/results/M48_00191.json,48,48.0,0.35,0.3032,1024,6.0,systematic,31107023,ok,698.74,229,0.48976872159252316,0.060205346582086226,0,6,3.8896654054455078,1009.2178193910721,0.9850163133458761,0
TASK-2026-09-02-MOCK-PRODUCTION,mockL48,TASK-2026-09-02-MOCK-PRODUCTION/mockL48/results/M48_00192.json,48,48.0,0.35,0.3132,1024,6.0,systematic,31108000,ok,665.27,236,0.41510096861510176,0.048509270425879804,0,6,3.201328676452629,1010.003363787067,0.984897911950584,0
TASK-2026-09-02-MOCK-PRODUCTION,mockL48,TASK-2026-09-02-MOCK-PRODUCTION/mockL48/results/M48_00193.json,48,48.0,0.35,0.3132,1024,6.0,systematic,31108001,ok,639.18,236,0.4339305885921554,0.05117709447260379,0,7,3.968451488865677,1008.7584132618754,0.9849874449446121,0
TASK-2026-09-02-MOCK-PRODUCTION,mockL48,TASK-2026-09-02-MOCK-PRODUCTION/mockL48/results/M48_00194.json,48,48.0,0.35,0.3132,1024,6.0,systematic,31108002,ok,632.27,236,0.41082065406473256,0.04595471869276046,0,8,3.937130627417114,1009.9735665283741,0.9847131560215178,0
TASK-2026-09-02-MOCK-PRODUCTION,mockL48,TASK-2026-09-02-MOCK-PRODUCTION/mockL48/results/M48_00195.json,48,48.0,0.35,0.3132,1024,6.0,systematic,31108003,ok,685.35,236,0.42818469629654143,0.046266727842127424,0,3,1.595462125546237,1009.4501810162086,0.9847988255272079,0
TASK-2026-09-02-MOCK-PRODUCTION,mockL48,TASK-2026-09-02-MOCK-PRODUCTION/mockL48/results/M48_00196.json,48,48.0,0.35,0.3132,1024,6.0,systematic,31108004,ok,683.61,236,0.40635548992139314,0.041414458962321876,0,4,2.7194066236157575,1010.3702786295357,0.9848532075220545,0
TASK-2026-09-02-MOCK-PRODUCTION,mockL48,TASK-2026-09-02-MOCK-PRODUCTION/mockL48/results/M48_00197.json,48,48.0,0.35,0.3132,1024,6.0,systematic,31108005,ok,664.01,236,0.4263534748043574,0.05229106740775116,0,4,2.2643615114516344,1008.2851895688199,0.9849081578750509,0
TASK-2026-09-02-MOCK-PRODUCTION,mockL48,TASK-2026-09-02-MOCK-PRODUCTION/mockL48/results/M48_00198.json,48,48.0,0.35,0.3132,1024,6.0,systematic,31108006,ok,638.55,236,0.405445249748527,0.05060365205598066,0,4,2.182033087087712,1008.300156291727,0.9851063914535512,0
TASK-2026-09-02-MOCK-PRODUCTION,mockL48,TASK-2026-09-02-MOCK-PRODUCTION/mockL48/results/M48_00199.json,48,48.0,0.35,0.3132,1024,6.0,systematic,31108007,ok,628.06,236,0.44480101904560543,0.057845189071922744,0,5,1.869799356628792,1009.6722608810999,0.9850821910031949,0
TASK-2026-09-02-MOCK-PRODUCTION,mockL48,TASK-2026-09-02-MOCK-PRODUCTION/mockL48/results/M48_00200.json,48,48.0,0.35,0.3132,1024,6.0,systematic,31108008,ok,717.58,236,0.4003656244609558,0.046000156328782064,0,5,3.929929764858443,1009.4332572323469,0.9849987725866303,0
TASK-2026-09-02-MOCK-PRODUCTION,mockL48,TASK-2026-09-02-MOCK-PRODUCTION/mockL48/results/M48_00201.json,48,48.0,0.35,0.3132,1024,6.0,systematic,31108009,ok,682.52,236,0.44109224892598853,0.046700162377071947,0,6,2.2547403097274725,1008.5793445062911,0.9849832667649437,0
TASK-2026-09-02-MOCK-PRODUCTION,mockL48,TASK-2026-09-02-MOCK-PRODUCTION/mockL48/results/M48_00202.json,48,48.0,0.35,0.3132,1024,6.0,systematic,31108010,ok,681.23,236,0.41509508229540076,0.045707335192476835,0,5,1.856458449150712,1008.8571802262574,0.9851010124207824,0
TASK-2026-09-02-MOCK-PRODUCTION,mockL48,TASK-2026-09-02-MOCK-PRODUCTION/mockL48/results/M48_00203.json,48,48.0,0.35,0.3132,1024,6.0,systematic,31108011,ok,681.0,236,0.40481339190784893,0.03927331419498673,0,3,2.128768469306135,1007.9295537053362,0.9849419508037768,0
TASK-2026-09-02-MOCK-PRODUCTION,mockL48,TASK-2026-09-02-MOCK-PRODUCTION/mockL48/results/M48_00204.json,48,48.0,0.35,0.3132,1024,6.0,systematic,31108012,ok,677.52,236,0.39746739421068916,0.04353982875788153,0,7,4.731286040446518,1009.0095039719222,0.9850193450408309,0
TASK-2026-09-02-MOCK-PRODUCTION,mockL48,TASK-2026-09-02-MOCK-PRODUCTION/mockL48/results/M48_00205.json,48,48.0,0.35,0.3132,1024,6.0,systematic,31108013,ok,687.02,236,0.41313767514765964,0.05430396689228727,0,7,3.7212577187877067,1007.9680587302485,0.98483542521548,0
TASK-2026-09-02-MOCK-PRODUCTION,mockL48,TASK-2026-09-02-MOCK-PRODUCTION/mockL48/results/M48_00206.json,48,48.0,0.35,0.3132,1024,6.0,systematic,31108014,ok,672.48,236,0.4139665201798237,0.051430046674413976,0,3,1.7078063160637795,1010.2027945464932,0.9849088994100056,0
TASK-2026-09-02-MOCK-PRODUCTION,mockL48,TASK-2026-09-02-MOCK-PRODUCTION/mockL48/results/M48_00207.json,48,48.0,0.35,0.3132,1024,6.0,systematic,31108015,ok,683.54,236,0.4261697825093339,0.05815404889915796,0,6,2.516296548712066,1008.338849952624,0.9848974739476085,0
TASK-2026-09-02-MOCK-PRODUCTION,mockL48,TASK-2026-09-02-MOCK-PRODUCTION/mockL48/results/M48_00208.json,48,48.0,0.35,0.3132,1024,6.0,systematic,31108016,ok,682.6,236,0.38636052183532166,0.057984520712379674,0,5,1.6291089878039307,1008.8477805684404,0.9849778256183407,0
TASK-2026-09-02-MOCK-PRODUCTION,mockL48,TASK-2026-09-02-MOCK-PRODUCTION/mockL48/results/M48_00209.json,48,48.0,0.35,0.3132,1024,6.0,systematic,31108017,ok,683.68,236,0.4186274768066628,0.04045119426088182,0,5,3.4350033741507295,1008.9218380746793,0.9850474837274635,0
TASK-2026-09-02-MOCK-PRODUCTION,mockL48,TASK-2026-09-02-MOCK-PRODUCTION/mockL48/results/M48_00210.json,48,48.0,0.35,0.3132,1024,6.0,systematic,31108018,ok,677.31,236,0.3641442384523813,0.04816941018642514,0,5,4.347366064395227,1008.6186550086319,0.9848813370272267,0
TASK-2026-09-02-MOCK-PRODUCTION,mockL48,TASK-2026-09-02-MOCK-PRODUCTION/mockL48/results/M48_00211.json,48,48.0,0.35,0.3132,1024,6.0,systematic,31108019,ok,672.88,236,0.41258513810703235,0.0551779887009084,0,4,1.9531792510468355,1008.3634436020901,0.9850295115205174,0
TASK-2026-09-02-MOCK-PRODUCTION,mockL48,TASK-2026-09-02-MOCK-PRODUCTION/mockL48/results/M48_00212.json,48,48.0,0.35,0.3132,1024,6.0,systematic,31108020,ok,683.45,236,0.4101732500626279,0.04276251107542988,0,6,3.1389040226547484,1009.4662247475021,0.9848891600315269,0
TASK-2026-09-02-MOCK-PRODUCTION,mockL48,TASK-2026-09-02-MOCK-PRODUCTION/mockL48/results/M48_00213.json,48,48.0,0.35,0.3132,1024,6.0,systematic,31108021,ok,691.96,236,0.45266571995091015,0.047645595584725156,0,6,3.898023063025554,1009.0085949209405,0.9850520761013859,0
TASK-2026-09-02-MOCK-PRODUCTION,mockL48,TASK-2026-09-02-MOCK-PRODUCTION/mockL48/results/M48_00214.json,48,48.0,0.35,0.3132,1024,6.0,systematic,31108022,ok,670.62,236,0.4326629566800337,0.04456721187276937,0,4,1.7845125408867968,1008.9002924432499,0.9848877470580091,0
TASK-2026-09-02-MOCK-PRODUCTION,mockL48,TASK-2026-09-02-MOCK-PRODUCTION/mockL48/results/M48_00215.json,48,48.0,0.35,0.3132,1024,6.0,systematic,31108023,ok,679.26,236,0.4289999929473924,0.04897652376466215,0,4,1.7765549023262117,1009.083734187915,0.9848505888333632,0
TASK-2026-09-02-MOCK-PRODUCTION,mockL48,TASK-2026-09-02-MOCK-PRODUCTION/mockL48/results/M48_00216.json,48,48.0,0.35,0.3232,1024,6.0,systematic,31109000,ok,701.04,244,0.36467963075621035,0.040432422671542005,0,7,2.9325219258994095,1008.9629991944144,0.98494131944314,0
TASK-2026-09-02-MOCK-PRODUCTION,mockL48,TASK-2026-09-02-MOCK-PRODUCTION/mockL48/results/M48_00217.json,48,48.0,0.35,0.3232,1024,6.0,systematic,31109001,ok,707.07,244,0.39068565681539963,0.048264446005090056,0,7,2.780336214668293,1008.8538846868679,0.9849710136102725,0
TASK-2026-09-02-MOCK-PRODUCTION,mockL48,TASK-2026-09-02-MOCK-PRODUCTION/mockL48/results/M48_00218.json,48,48.0,0.35,0.3232,1024,6.0,systematic,31109002,ok,630.44,244,0.3879376439592034,0.043437491246801185,0,4,1.4363779324780073,1007.7350922792901,0.9848272449313636,0
TASK-2026-09-02-MOCK-PRODUCTION,mockL48,TASK-2026-09-02-MOCK-PRODUCTION/mockL48/results/M48_00219.json,48,48.0,0.35,0.3232,1024,6.0,systematic,31109003,ok,713.81,244,0.3879158239061937,0.04214191069606659,0,7,1.9317551261030563,1008.9634863215224,0.985223000218565,0
TASK-2026-09-02-MOCK-PRODUCTION,mockL48,TASK-2026-09-02-MOCK-PRODUCTION/mockL48/results/M48_00220.json,48,48.0,0.35,0.3232,1024,6.0,systematic,31109004,ok,703.27,244,0.3816135324108201,0.047229255913706636,0,6,1.7483784694085123,1007.6414739699687,0.9849931470620377,0
TASK-2026-09-02-MOCK-PRODUCTION,mockL48,TASK-2026-09-02-MOCK-PRODUCTION/mockL48/results/M48_00221.json,48,48.0,0.35,0.3232,1024,6.0,systematic,31109005,ok,636.7,244,0.35386196364479994,0.04367142476345645,0,2,1.4382022471910112,1008.8990787225481,0.9849811269667212,0
TASK-2026-09-02-MOCK-PRODUCTION,mockL48,TASK-2026-09-02-MOCK-PRODUCTION/mockL48/results/M48_00222.json,48,48.0,0.35,0.3232,1024,6.0,systematic,31109006,ok,629.2,244,0.3695423459833689,0.04302225537131036,0,2,1.308992130387888,1009.9761746509228,0.9848803675446947,0
TASK-2026-09-02-MOCK-PRODUCTION,mockL48,TASK-2026-09-02-MOCK-PRODUCTION/mockL48/results/M48_00223.json,48,48.0,0.35,0.3232,1024,6.0,systematic,31109007,ok,726.15,244,0.36100725158522873,0.042090540718568985,0,10,4.3340332313796806,1008.9972614630747,0.9855002834241493,0
TASK-2026-09-02-MOCK-PRODUCTION,mockL48,TASK-2026-09-02-MOCK-PRODUCTION/mockL48/results/M48_00224.json,48,48.0,0.35,0.3232,1024,6.0,systematic,31109008,ok,684.05,244,0.36609688625558257,0.04718839511397824,0,5,2.965966690803765,1009.9401597046888,0.9847944529152772,0
TASK-2026-09-02-MOCK-PRODUCTION,mockL48,TASK-2026-09-02-MOCK-PRODUCTION/mockL48/results/M48_00225.json,48,48.0,0.35,0.3232,1024,6.0,systematic,31109009,ok,679.39,244,0.4201889116989298,0.05359310800886049,0,8,3.567507246771274,1009.9548251054646,0.984925015016305,0
TASK-2026-09-02-MOCK-PRODUCTION,mockL48,TASK-2026-09-02-MOCK-PRODUCTION/mockL48/results/M48_00226.json,48,48.0,0.35,0.3232,1024,6.0,systematic,31109010,ok,687.68,244,0.3767738289388682,0.04288849382263797,0,8,7.027047312692669,1008.8524929211845,0.9849571290155343,0
TASK-2026-09-02-MOCK-PRODUCTION,mockL48,TASK-2026-09-02-MOCK-PRODUCTION/mockL48/results/M48_00227.json,48,48.0,0.35,0.3232,1024,6.0,systematic,31109011,ok,688.25,244,0.36839423706391833,0.040320081805486595,0,4,2.582076247605258,1009.2135406190586,0.9846066504006336,0
TASK-2026-09-02-MOCK-PRODUCTION,mockL48,TASK-2026-09-02-MOCK-PRODUCTION/mockL48/results/M48_00228.json,48,48.0,0.35,0.3232,1024,6.0,systematic,31109012,ok,682.22,244,0.3580030308077089,0.049340483214885836,0,5,1.5293077849760959,1008.3807524424748,0.9849407077258675,0
TASK-2026-09-02-MOCK-PRODUCTION,mockL48,TASK-2026-09-02-MOCK-PRODUCTION/mockL48/results/M48_00229.json,48,48.0,0.35,0.3232,1024,6.0,systematic,31109013,ok,677.66,244,0.382703933354773,0.04437334085919565,0,5,2.551652309339563,1009.4296172232556,0.9847640690876386,0
TASK-2026-09-02-MOCK-PRODUCTION,mockL48,TASK-2026-09-02-MOCK-PRODUCTION/mockL48/results/M48_00230.json,48,48.0,0.35,0.3232,1024,6.0,systematic,31109014,ok,684.97,244,0.4145026904385559,0.042610441458964726,0,6,1.7161524310806475,1008.9887151474829,0.9851178587060411,0
TASK-2026-09-02-MOCK-PRODUCTION,mockL48,TASK-2026-09-02-MOCK-PRODUCTION/mockL48/results/M48_00231.json,48,48.0,0.35,0.3232,1024,6.0,systematic,31109015,ok,678.43,244,0.40961095777139905,0.04695514974527627,0,6,3.1671952494004363,1008.213183858684,0.9848030837011922,0
TASK-2026-09-02-MOCK-PRODUCTION,mockL48,TASK-2026-09-02-MOCK-PRODUCTION/mockL48/results/M48_00232.json,48,48.0,0.35,0.3232,1024,6.0,systematic,31109016,ok,689.1,244,0.3947485270004564,0.04787737881469056,0,3,1.6498821485777584,1008.45691730712,0.9850078104936797,0
TASK-2026-09-02-MOCK-PRODUCTION,mockL48,TASK-2026-09-02-MOCK-PRODUCTION/mockL48/results/M48_00233.json,48,48.0,0.35,0.3232,1024,6.0,systematic,31109017,ok,640.26,244,0.3656664446067829,0.040397137263804506,0,5,3.739758761136433,1009.8824568906513,0.9848651764457245,0
TASK-2026-09-02-MOCK-PRODUCTION,mockL48,TASK-2026-09-02-MOCK-PRODUCTION/mockL48/results/M48_00234.json,48,48.0,0.35,0.3232,1024,6.0,systematic,31109018,ok,632.63,244,0.3751543710379046,0.04641968783214042,0,5,1.8342394536689128,1008.5602366229191,0.9847452346349004,0
TASK-2026-09-02-MOCK-PRODUCTION,mockL48,TASK-2026-09-02-MOCK-PRODUCTION/mockL48/results/M48_00235.json,48,48.0,0.35,0.3232,1024,6.0,systematic,31109019,ok,687.17,244,0.36330195986742153,0.04038470154189145,0,6,3.4819291511150663,1008.3541045196332,0.98484309694928,0
TASK-2026-09-02-MOCK-PRODUCTION,mockL48,TASK-2026-09-02-MOCK-PRODUCTION/mockL48/results/M48_00236.json,48,48.0,0.35,0.3232,1024,6.0,systematic,31109020,ok,591.23,244,0.3302640852039813,0.04182100666215,0,5,2.631809328755296,1008.8206619547323,0.9850243912334062,0
TASK-2026-09-02-MOCK-PRODUCTION,mockL48,TASK-2026-09-02-MOCK-PRODUCTION/mockL48/results/M48_00237.json,48,48.0,0.35,0.3232,1024,6.0,systematic,31109021,ok,582.19,244,0.3952903677431943,0.052023103170271284,0,3,2.7494978629677216,1008.9529885446782,0.9847813580672047,0
TASK-2026-09-02-MOCK-PRODUCTION,mockL48,TASK-2026-09-02-MOCK-PRODUCTION/mockL48/results/M48_00238.json,48,48.0,0.35,0.3232,1024,6.0,systematic,31109022,ok,686.88,244,0.38495782995844907,0.038349989538065204,0,6,3.0531918610745525,1009.0753558322915,0.9849429753395076,0
TASK-2026-09-02-MOCK-PRODUCTION,mockL48,TASK-2026-09-02-MOCK-PRODUCTION/mockL48/results/M48_00239.json,48,48.0,0.35,0.3232,1024,6.0,systematic,31109023,ok,689.9,244,0.36390973536592075,0.04272995796853507,0,9,7.49796922372862,1009.4558435936864,0.9850363307058455,0
TASK-2026-09-02-MOCK-PRODUCTION,mockL48,TASK-2026-09-02-MOCK-PRODUCTION/mockL48/results/M48_00240.json,48,48.0,0.35,0.3332,1024,6.0,systematic,31110000,ok,693.58,251,0.3251922401577658,0.03797362760850498,0,5,2.1097684151224323,1009.6518256008992,0.9845626369895134,0
TASK-2026-09-02-MOCK-PRODUCTION,mockL48,TASK-2026-09-02-MOCK-PRODUCTION/mockL48/results/M48_00241.json,48,48.0,0.35,0.3332,1024,6.0,systematic,31110001,ok,693.59,251,0.336588850163555,0.04545501398936428,0,5,2.511426942771878,1007.4749040933252,0.9845727099443466,0
TASK-2026-09-02-MOCK-PRODUCTION,mockL48,TASK-2026-09-02-MOCK-PRODUCTION/mockL48/results/M48_00242.json,48,48.0,0.35,0.3332,1024,6.0,systematic,31110002,ok,686.37,251,0.3184545954718617,0.03874251774440416,0,7,3.30012777823238,1007.9160947791423,0.9847358365257665,0
TASK-2026-09-02-MOCK-PRODUCTION,mockL48,TASK-2026-09-02-MOCK-PRODUCTION/mockL48/results/M48_00243.json,48,48.0,0.35,0.3332,1024,6.0,systematic,31110003,ok,693.19,251,0.32400356145615217,0.039970433194455396,0,7,2.8318155793931146,1008.5994034662666,0.984573467238265,0
TASK-2026-09-02-MOCK-PRODUCTION,mockL48,TASK-2026-09-02-MOCK-PRODUCTION/mockL48/results/M48_00244.json,48,48.0,0.35,0.3332,1024,6.0,systematic,31110004,ok,697.03,251,0.33268824071203723,0.03469683286157671,0,6,4.981595325193596,1008.4877496248972,0.9847055643720445,0
TASK-2026-09-02-MOCK-PRODUCTION,mockL48,TASK-2026-09-02-MOCK-PRODUCTION/mockL48/results/M48_00245.json,48,48.0,0.35,0.3332,1024,6.0,systematic,31110005,ok,743.13,251,0.296675334447319,0.03798854518325519,0,5,1.7057227445749423,1008.882163284799,0.9845783929953096,0
TASK-2026-09-02-MOCK-PRODUCTION,mockL48,TASK-2026-09-02-MOCK-PRODUCTION/mockL48/results/M48_00246.json,48,48.0,0.35,0.3332,1024,6.0,systematic,31110006,ok,703.76,251,0.34490997229411136,0.036853167434706326,0,7,2.741045521322926,1009.577344272022,0.9846341490669271,0
TASK-2026-09-02-MOCK-PRODUCTION,mockL48,TASK-2026-09-02-MOCK-PRODUCTION/mockL48/results/M48_00247.json,48,48.0,0.35,0.3332,1024,6.0,systematic,31110007,ok,706.69,251,0.3186598179031698,0.0413760150529856,0,6,4.28280385894116,1008.6377355548811,0.9848398941941515,0
TASK-2026-09-02-MOCK-PRODUCTION,mockL48,TASK-2026-09-02-MOCK-PRODUCTION/mockL48/results/M48_00248.json,48,48.0,0.35,0.3332,1024,6.0,systematic,31110008,ok,696.08,251,0.34665288385318144,0.046311653476399366,0,6,2.41167270786951,1008.7605007121754,0.9849254790238395,0
TASK-2026-09-02-MOCK-PRODUCTION,mockL48,TASK-2026-09-02-MOCK-PRODUCTION/mockL48/results/M48_00249.json,48,48.0,0.35,0.3332,1024,6.0,systematic,31110009,ok,705.9,251,0.31799614796390485,0.03670256302585577,0,7,4.223394742989713,1009.2391560375454,0.9846495798819392,0
TASK-2026-09-02-MOCK-PRODUCTION,mockL48,TASK-2026-09-02-MOCK-PRODUCTION/mockL48/results/M48_00250.json,48,48.0,0.35,0.3332,1024,6.0,systematic,31110010,ok,705.75,251,0.3319120920214874,0.03780888172736099,0,6,3.2194337154822508,1010.160023191882,0.984758904330626,0
TASK-2026-09-02-MOCK-PRODUCTION,mockL48,TASK-2026-09-02-MOCK-PRODUCTION/mockL48/results/M48_00251.json,48,48.0,0.35,0.3332,1024,6.0,systematic,31110011,ok,705.38,251,0.32600154357836386,0.0454075716611332,0,3,1.9419584486200778,1008.5419728839296,0.9847069245747903,0
TASK-2026-09-02-MOCK-PRODUCTION,mockL48,TASK-2026-09-02-MOCK-PRODUCTION/mockL48/results/M48_00252.json,48,48.0,0.35,0.3332,1024,6.0,systematic,31110012,ok,604.57,251,0.33983865420783155,0.04219382366129768,0,6,3.881774566131612,1010.0768418538,0.9845844900474029,0
TASK-2026-09-02-MOCK-PRODUCTION,mockL48,TASK-2026-09-02-MOCK-PRODUCTION/mockL48/results/M48_00253.json,48,48.0,0.35,0.3332,1024,6.0,systematic,31110013,ok,656.18,251,0.3564582964031848,0.04579546046008311,0,3,1.0257369412657762,1008.6141554048914,0.9847646845289109,0
TASK-2026-09-02-MOCK-PRODUCTION,mockL48,TASK-2026-09-02-MOCK-PRODUCTION/mockL48/results/M48_00254.json,48,48.0,0.35,0.3332,1024,6.0,systematic,31110014,ok,654.94,251,0.3467047360127718,0.037608901523385016,0,5,2.2180067518973847,1008.7756288521375,0.9844796554468289,0
TASK-2026-09-02-MOCK-PRODUCTION,mockL48,TASK-2026-09-02-MOCK-PRODUCTION/mockL48/results/M48_00255.json,48,48.0,0.35,0.3332,1024,6.0,systematic,31110015,ok,659.06,251,0.3213622682793525,0.04026913398389949,0,7,4.100837706982456,1008.6984661121431,0.9847140820098734,0
TASK-2026-09-02-MOCK-PRODUCTION,mockL48,TASK-2026-09-02-MOCK-PRODUCTION/mockL48/results/M48_00256.json,48,48.0,0.35,0.3332,1024,6.0,systematic,31110016,ok,693.98,251,0.3216822638927037,0.04432748110408882,0,6,3.041995938497244,1008.8474804828389,0.9846137787115629,0
TASK-2026-09-02-MOCK-PRODUCTION,mockL48,TASK-2026-09-02-MOCK-PRODUCTION/mockL48/results/M48_00257.json,48,48.0,0.35,0.3332,1024,6.0,systematic,31110017,ok,696.27,251,0.3282026266355025,0.03799908570126568,0,1,1.0,1009.1021736184558,0.9845213781120211,0
TASK-2026-09-02-MOCK-PRODUCTION,mockL48,TASK-2026-09-02-MOCK-PRODUCTION/mockL48/results/M48_00258.json,48,48.0,0.35,0.3332,1024,6.0,systematic,31110018,ok,696.33,251,0.32371706754204255,0.03648275091725686,0,7,4.29388784694638,1008.41026690131,0.984587802042283,0
TASK-2026-09-02-MOCK-PRODUCTION,mockL48,TASK-2026-09-02-MOCK-PRODUCTION/mockL48/results/M48_00259.json,48,48.0,0.35,0.3332,1024,6.0,systematic,31110019,ok,691.87,251,0.3314725625030264,0.03660807114083421,0,4,1.4838059659251712,1009.8928687354262,0.984535737936804,0
TASK-2026-09-02-MOCK-PRODUCTION,mockL48,TASK-2026-09-02-MOCK-PRODUCTION/mockL48/results/M48_00260.json,48,48.0,0.35,0.3332,1024,6.0,systematic,31110020,ok,714.67,251,0.29869980515141636,0.0347497847590847,0,6,2.802405323783307,1008.0540978064771,0.9847446462161783,0
TASK-2026-09-02-MOCK-PRODUCTION,mockL48,TASK-2026-09-02-MOCK-PRODUCTION/mockL48/results/M48_00261.json,48,48.0,0.35,0.3332,1024,6.0,systematic,31110021,ok,680.14,251,0.3236710509083845,0.05110259586476843,0,6,3.4768261547133528,1007.8961422990808,0.9845402123893184,0
TASK-2026-09-02-MOCK-PRODUCTION,mockL48,TASK-2026-09-02-MOCK-PRODUCTION/mockL48/results/M48_00262.json,48,48.0,0.35,0.3332,1024,6.0,systematic,31110022,ok,684.71,251,0.38961977776824974,0.04302744375828397,0,6,3.649251757499826,1008.6836615021764,0.9848591209033755,0
TASK-2026-09-02-MOCK-PRODUCTION,mockL48,TASK-2026-09-02-MOCK-PRODUCTION/mockL48/results/M48_00263.json,48,48.0,0.35,0.3332,1024,6.0,systematic,31110023,ok,692.73,251,0.3134207330865896,0.03135287217349297,0,5,3.206929033678725,1009.3874677391217,0.9842870704577883,0
TASK-2026-09-02-MOCK-PRODUCTION,mockL48,TASK-2026-09-02-MOCK-PRODUCTION/mockL48/results/M48_00264.json,48,48.0,0.35,0.3432,1024,6.0,systematic,31111000,ok,692.91,259,0.28203283903545184,0.03734129306319269,0,8,4.379980117125171,1009.9564513586738,0.9846168909508888,0
TASK-2026-09-02-MOCK-PRODUCTION,mockL48,TASK-2026-09-02-MOCK-PRODUCTION/mockL48/results/M48_00265.json,48,48.0,0.35,0.3432,1024,6.0,systematic,31111001,ok,722.72,259,0.262611230237335,0.0326371515570971,0,5,1.5738665529942573,1008.4831572626097,0.9843370333265867,0
TASK-2026-09-02-MOCK-PRODUCTION,mockL48,TASK-2026-09-02-MOCK-PRODUCTION/mockL48/results/M48_00266.json,48,48.0,0.35,0.3432,1024,6.0,systematic,31111002,ok,721.63,259,0.3151883340503584,0.04604598409885096,0,2,1.0398248341954115,1009.6775958076386,0.9845718802383931,0
TASK-2026-09-02-MOCK-PRODUCTION,mockL48,TASK-2026-09-02-MOCK-PRODUCTION/mockL48/results/M48_00267.json,48,48.0,0.35,0.3432,1024,6.0,systematic,31111003,ok,703.85,259,0.29504743953885443,0.0395279146663146,0,10,3.9306958158086114,1007.8952725645523,0.9847760331309406,0
TASK-2026-09-02-MOCK-PRODUCTION,mockL48,TASK-2026-09-02-MOCK-PRODUCTION/mockL48/results/M48_00268.json,48,48.0,0.35,0.3432,1024,6.0,systematic,31111004,ok,703.27,259,0.28947366733478264,0.03408729270488611,0,5,2.1852617539179726,1009.333984732814,0.9846192095086594,0
TASK-2026-09-02-MOCK-PRODUCTION,mockL48,TASK-2026-09-02-MOCK-PRODUCTION/mockL48/results/M48_00269.json,48,48.0,0.35,0.3432,1024,6.0,systematic,31111005,ok,744.38,259,0.2624190817132563,0.037464328018592986,0,6,3.348392824069639,1007.8482554039336,0.9845284519104138,0
TASK-2026-09-02-MOCK-PRODUCTION,mockL48,TASK-2026-09-02-MOCK-PRODUCTION/mockL48/results/M48_00270.json,48,48.0,0.35,0.3432,1024,6.0,systematic,31111006,ok,700.44,259,0.29533550376617423,0.038260171955893096,0,3,2.4669242025719087,1009.2805762516261,0.9847841061660441,0
TASK-2026-09-02-MOCK-PRODUCTION,mockL48,TASK-2026-09-02-MOCK-PRODUCTION/mockL48/results/M48_00271.json,48,48.0,0.35,0.3432,1024,6.0,systematic,31111007,ok,698.26,259,0.2720948947991959,0.03440408962752135,0,6,3.3872891375556433,1008.227601241166,0.9845110808201172,0
TASK-2026-09-02-MOCK-PRODUCTION,mockL48,TASK-2026-09-02-MOCK-PRODUCTION/mockL48/results/M48_00272.json,48,48.0,0.35,0.3432,1024,6.0,systematic,31111008,ok,691.11,259,0.28647968645802724,0.03632910091078632,0,3,1.1998617712955737,1008.1508965955087,0.9846171036132761,0
TASK-2026-09-02-MOCK-PRODUCTION,mockL48,TASK-2026-09-02-MOCK-PRODUCTION/mockL48/results/M48_00273.json,48,48.0,0.35,0.3432,1024,6.0,systematic,31111009,ok,692.63,259,0.3054065360886488,0.039334128367333535,0,4,1.6465349115473638,1009.2956997112016,0.9843079886726585,0
TASK-2026-09-02-MOCK-PRODUCTION,mockL48,TASK-2026-09-02-MOCK-PRODUCTION/mockL48/results/M48_00274.json,48,48.0,0.35,0.3432,1024,6.0,systematic,31111010,ok,690.95,259,0.26134803305899873,0.035968596813911145,0,3,1.0440905868389398,1008.1561603411394,0.9846604523874585,0
TASK-2026-09-02-MOCK-PRODUCTION,mockL48,TASK-2026-09-02-MOCK-PRODUCTION/mockL48/results/M48_00275.json,48,48.0,0.35,0.3432,1024,6.0,systematic,31111011,ok,696.96,259,0.3079575737747383,0.03740893401994596,0,3,1.3525545110260353,1007.9089095393188,0.9847339136200023,0
TASK-2026-09-02-MOCK-PRODUCTION,mockL48,TASK-2026-09-02-MOCK-PRODUCTION/mockL48/results/M48_00276.json,48,48.0,0.35,0.3432,1024,6.0,systematic,31111012,ok,686.55,259,0.26748822464032174,0.03079119774765441,0,3,1.6462040360082013,1008.7993567030478,0.9843902514058332,0
TASK-2026-09-02-MOCK-PRODUCTION,mockL48,TASK-2026-09-02-MOCK-PRODUCTION/mockL48/results/M48_00277.json,48,48.0,0.35,0.3432,1024,6.0,systematic,31111013,ok,695.92,259,0.31304056267687064,0.038966144590037485,0,6,2.2124190315434116,1008.4973305803177,0.9845934709946137,0
TASK-2026-09-02-MOCK-PRODUCTION,mockL48,TASK-2026-09-02-MOCK-PRODUCTION/mockL48/results/M48_00278.json,48,48.0,0.35,0.3432,1024,6.0,systematic,31111014,ok,698.46,259,0.28986551868290333,0.03984321112247761,0,4,2.0582833767141304,1008.0688887831162,0.9845826596744273,0
TASK-2026-09-02-MOCK-PRODUCTION,mockL48,TASK-2026-09-02-MOCK-PRODUCTION/mockL48/results/M48_00279.json,48,48.0,0.35,0.3432,1024,6.0,systematic,31111015,ok,700.81,259,0.29016910126276224,0.03540399040779997,0,8,5.837551356707826,1008.9724231064287,0.9845037750477239,0
TASK-2026-09-02-MOCK-PRODUCTION,mockL48,TASK-2026-09-02-MOCK-PRODUCTION/mockL48/results/M48_00280.json,48,48.0,0.35,0.3432,1024,6.0,systematic,31111016,ok,695.16,259,0.24321012269464604,0.02911787441011887,0,4,2.755422414925765,1009.4426471754658,0.98443760977779,0
TASK-2026-09-02-MOCK-PRODUCTION,mockL48,TASK-2026-09-02-MOCK-PRODUCTION/mockL48/results/M48_00281.json,48,48.0,0.35,0.3432,1024,6.0,systematic,31111017,ok,687.77,259,0.2748901034975153,0.03732837272763868,0,7,2.8052993172527447,1008.3699113809705,0.9848297183898489,0
TASK-2026-09-02-MOCK-PRODUCTION,mockL48,TASK-2026-09-02-MOCK-PRODUCTION/mockL48/results/M48_00282.json,48,48.0,0.35,0.3432,1024,6.0,systematic,31111018,ok,697.68,259,0.29428062303868585,0.036226618896586966,0,6,4.021507850672312,1008.6386248393056,0.9845827264718884,0
TASK-2026-09-02-MOCK-PRODUCTION,mockL48,TASK-2026-09-02-MOCK-PRODUCTION/mockL48/results/M48_00283.json,48,48.0,0.35,0.3432,1024,6.0,systematic,31111019,ok,697.25,259,0.2854194990834892,0.031229971345739047,0,4,2.358905601123014,1008.7097895897285,0.9847962166813972,0
TASK-2026-09-02-MOCK-PRODUCTION,mockL48,TASK-2026-09-02-MOCK-PRODUCTION/mockL48/results/M48_00284.json,48,48.0,0.35,0.3432,1024,6.0,systematic,31111020,ok,696.01,259,0.2718060397084803,0.03728979086052357,0,4,2.0061989637781537,1007.5529389313965,0.9843737943496083,0
TASK-2026-09-02-MOCK-PRODUCTION,mockL48,TASK-2026-09-02-MOCK-PRODUCTION/mockL48/results/M48_00285.json,48,48.0,0.35,0.3432,1024,6.0,systematic,31111021,ok,693.92,259,0.27425757990122696,0.031440360002478754,0,4,1.8660127345916069,1008.3153520185633,0.9847529585250514,0
TASK-2026-09-02-MOCK-PRODUCTION,mockL48,TASK-2026-09-02-MOCK-PRODUCTION/mockL48/results/M48_00286.json,48,48.0,0.35,0.3432,1024,6.0,systematic,31111022,ok,692.35,259,0.29630755916642765,0.03474385156723242,0,5,3.353919179125006,1009.2494312001307,0.9845104728794086,0
TASK-2026-09-02-MOCK-PRODUCTION,mockL48,TASK-2026-09-02-MOCK-PRODUCTION/mockL48/results/M48_00287.json,48,48.0,0.35,0.3432,1024,6.0,systematic,31111023,ok,725.69,259,0.27011965543837474,0.039429638148276894,0,2,1.0197219477660129,1009.0369158338394,0.9844408194959362,0
TASK-2026-09-02-MOCK-PRODUCTION,mockL48,TASK-2026-09-02-MOCK-PRODUCTION/mockL48/results/M48_00288.json,48,48.0,0.35,0.3532,1024,6.0,systematic,31112000,ok,698.87,266,0.250448166496785,0.03300579080351508,0,3,2.11410713925684,1009.2570303684508,0.9842391043726364,0
TASK-2026-09-02-MOCK-PRODUCTION,mockL48,TASK-2026-09-02-MOCK-PRODUCTION/mockL48/results/M48_00289.json,48,48.0,0.35,0.3532,1024,6.0,systematic,31112001,ok,710.09,266,0.27074679939729046,0.0282985683397659,0,7,3.6196236002374937,1009.289967371158,0.9845455999571815,0
TASK-2026-09-02-MOCK-PRODUCTION,mockL48,TASK-2026-09-02-MOCK-PRODUCTION/mockL48/results/M48_00290.json,48,48.0,0.35,0.3532,1024,6.0,systematic,31112002,ok,709.03,266,0.25083735083283926,0.03468992501918221,0,8,3.5520626554020636,1008.7194642344308,0.984580244697371,0
TASK-2026-09-02-MOCK-PRODUCTION,mockL48,TASK-2026-09-02-MOCK-PRODUCTION/mockL48/results/M48_00291.json,48,48.0,0.35,0.3532,1024,6.0,systematic,31112003,ok,705.27,266,0.25597014822641606,0.03045654947207461,0,7,4.893941939699431,1007.9542546428521,0.9845557857400251,0
TASK-2026-09-02-MOCK-PRODUCTION,mockL48,TASK-2026-09-02-MOCK-PRODUCTION/mockL48/results/M48_00292.json,48,48.0,0.35,0.3532,1024,6.0,systematic,31112004,ok,727.61,266,0.23245672611179274,0.030357055936148413,0,3,1.4797144929540496,1008.2891655477528,0.9844044740452815,0
TASK-2026-09-02-MOCK-PRODUCTION,mockL48,TASK-2026-09-02-MOCK-PRODUCTION/mockL48/results/M48_00293.json,48,48.0,0.35,0.3532,1024,6.0,systematic,31112005,ok,708.47,266,0.22762053508971616,0.02418780898461851,0,6,3.7787339546080276,1008.3710536077871,0.9845885532426369,0
TASK-2026-09-02-MOCK-PRODUCTION,mockL48,TASK-2026-09-02-MOCK-PRODUCTION/mockL48/results/M48_00294.json,48,48.0,0.35,0.3532,1024,6.0,systematic,31112006,ok,710.43,266,0.2611564320629519,0.03271116526294034,0,8,3.3843373182886207,1008.7898616322121,0.9842451455894116,0
TASK-2026-09-02-MOCK-PRODUCTION,mockL48,TASK-2026-09-02-MOCK-PRODUCTION/mockL48/results/M48_00295.json,48,48.0,0.35,0.3532,1024,6.0,systematic,31112007,ok,716.58,266,0.2405513967848607,0.02506170955302007,0,4,2.5916489948047197,1008.8859151242041,0.9844719834600001,0
TASK-2026-09-02-MOCK-PRODUCTION,mockL48,TASK-2026-09-02-MOCK-PRODUCTION/mockL48/results/M48_00296.json,48,48.0,0.35,0.3532,1024,6.0,systematic,31112008,ok,708.14,266,0.266551659933933,0.0324663975506452,0,2,1.0377974358314546,1007.8156573958498,0.9846076767449512,0
TASK-2026-09-02-MOCK-PRODUCTION,mockL48,TASK-2026-09-02-MOCK-PRODUCTION/mockL48/results/M48_00297.json,48,48.0,0.35,0.3532,1024,6.0,systematic,31112009,ok,729.03,266,0.2590319656526108,0.03248276391012247,0,6,4.754799800480661,1005.5136005618576,0.9847724998768598,0
TASK-2026-09-02-MOCK-PRODUCTION,mockL48,TASK-2026-09-02-MOCK-PRODUCTION/mockL48/results/M48_00298.json,48,48.0,0.35,0.3532,1024,6.0,systematic,31112010,ok,712.04,266,0.2633224496638284,0.028389207268259838,0,6,3.5282542716205576,1009.6813982762817,0.9845424618316682,0
TASK-2026-09-02-MOCK-PRODUCTION,mockL48,TASK-2026-09-02-MOCK-PRODUCTION/mockL48/results/M48_00299.json,48,48.0,0.35,0.3532,1024,6.0,systematic,31112011,ok,710.02,266,0.2549484224588571,0.030892058928373364,0,6,3.2352872208475003,1008.5025561268021,0.9846026833181173,0
TASK-2026-09-02-MOCK-PRODUCTION,mockL48,TASK-2026-09-02-MOCK-PRODUCTION/mockL48/results/M48_00300.json,48,48.0,0.35,0.3532,1024,6.0,systematic,31112012,ok,713.65,266,0.2259324034308683,0.027447279141925397,0,8,3.591948589358874,1007.8485714097617,0.984672625272299,0
TASK-2026-09-02-MOCK-PRODUCTION,mockL48,TASK-2026-09-02-MOCK-PRODUCTION/mockL48/results/M48_00301.json,48,48.0,0.35,0.3532,1024,6.0,systematic,31112013,ok,729.04,266,0.2738427127580353,0.029270106560823933,0,6,3.130619629667226,1009.0075859622212,0.9842181448984668,0
TASK-2026-09-02-MOCK-PRODUCTION,mockL48,TASK-2026-09-02-MOCK-PRODUCTION/mockL48/results/M48_00302.json,48,48.0,0.35,0.3532,1024,6.0,systematic,31112014,ok,709.98,266,0.24591107618502156,0.025535507142303206,0,2,1.7756343389734073,1008.6155846080221,0.9845246144484899,0
TASK-2026-09-02-MOCK-PRODUCTION,mockL48,TASK-2026-09-02-MOCK-PRODUCTION/mockL48/results/M48_00303.json,48,48.0,0.35,0.3532,1024,6.0,systematic,31112015,ok,705.78,266,0.24045675683849438,0.029335108796379347,0,7,4.226765559496936,1008.8322633166307,0.984248410207969,0
TASK-2026-09-02-MOCK-PRODUCTION,mockL48,TASK-2026-09-02-MOCK-PRODUCTION/mockL48/results/M48_00304.json,48,48.0,0.35,0.3532,1024,6.0,systematic,31112016,ok,712.05,266,0.25499956565319143,0.035207620288587343,0,4,2.9348036608917125,1007.4570152812981,0.9843338764124577,0
TASK-2026-09-02-MOCK-PRODUCTION,mockL48,TASK-2026-09-02-MOCK-PRODUCTION/mockL48/results/M48_00305.json,48,48.0,0.35,0.3532,1024,6.0,systematic,31112017,ok,705.98,266,0.23346880103343176,0.02865568244856397,0,2,1.3187379265936896,1008.494066632731,0.9845348537611837,0
TASK-2026-09-02-MOCK-PRODUCTION,mockL48,TASK-2026-09-02-MOCK-PRODUCTION/mockL48/results/M48_00306.json,48,48.0,0.35,0.3532,1024,6.0,systematic,31112018,ok,707.66,266,0.2430665376262356,0.030205958531718546,0,7,4.503379974403243,1006.8719017012259,0.9844915565342872,0
TASK-2026-09-02-MOCK-PRODUCTION,mockL48,TASK-2026-09-02-MOCK-PRODUCTION/mockL48/results/M48_00307.json,48,48.0,0.35,0.3532,1024,6.0,systematic,31112019,ok,689.42,266,0.2553765896003755,0.02949768151873079,0,5,3.218820986972164,1008.4662784321268,0.984490464809544,0
TASK-2026-09-02-MOCK-PRODUCTION,mockL48,TASK-2026-09-02-MOCK-PRODUCTION/mockL48/results/M48_00308.json,48,48.0,0.35,0.3532,1024,6.0,systematic,31112020,ok,746.89,266,0.2365659713583269,0.025834561377630978,0,6,3.4726579058923273,1009.082653322593,0.9843441586858153,0
TASK-2026-09-02-MOCK-PRODUCTION,mockL48,TASK-2026-09-02-MOCK-PRODUCTION/mockL48/results/M48_00309.json,48,48.0,0.35,0.3532,1024,6.0,systematic,31112021,ok,710.32,266,0.24406408592451162,0.031079433484168136,0,7,2.600402741818687,1008.7228242437768,0.9844704375650632,0
TASK-2026-09-02-MOCK-PRODUCTION,mockL48,TASK-2026-09-02-MOCK-PRODUCTION/mockL48/results/M48_00310.json,48,48.0,0.35,0.3532,1024,6.0,systematic,31112022,ok,672.33,266,0.23202770334881856,0.027427010841539614,0,6,1.6405224258884932,1007.7607148720334,0.9843519697629064,0
TASK-2026-09-02-MOCK-PRODUCTION,mockL48,TASK-2026-09-02-MOCK-PRODUCTION/mockL48/results/M48_00311.json,48,48.0,0.35,0.3532,1024,6.0,systematic,31112023,ok,678.48,266,0.24787526881056435,0.029146684061494198,0,5,4.100837706982456,1008.7926204495932,0.9845564396923424,0
TASK-2026-09-02-MOCK-PRODUCTION,mockL64,TASK-2026-09-02-MOCK-PRODUCTION/mockL64/results/M64_00000.json,64,64.0,0.35,0.2332,1024,6.0,systematic,31200000,ok,1655.89,314,0.8384462551479913,0.09416735628896365,0,3,1.4185166245944973,1013.895749968059,0.9898143007012481,0
TASK-2026-09-02-MOCK-PRODUCTION,mockL64,TASK-2026-09-02-MOCK-PRODUCTION/mockL64/results/M64_00001.json,64,64.0,0.35,0.2332,1024,6.0,systematic,31200001,ok,1620.78,314,0.8703432366042321,0.08712740225477263,0,2,1.8571489295379515,1013.979470066625,0.9893601194463197,0
TASK-2026-09-02-MOCK-PRODUCTION,mockL64,TASK-2026-09-02-MOCK-PRODUCTION/mockL64/results/M64_00002.json,64,64.0,0.35,0.2332,1024,6.0,systematic,31200002,ok,1624.9,314,0.7816229956749539,0.09721666523175591,0,2,1.0706900319192605,1013.9517984339408,0.9895433017295118,0
TASK-2026-09-02-MOCK-PRODUCTION,mockL64,TASK-2026-09-02-MOCK-PRODUCTION/mockL64/results/M64_00003.json,64,64.0,0.35,0.2332,1024,6.0,systematic,31200003,ok,1625.36,314,0.8218446625597597,0.10381732167139869,0,1,1.0,1014.4988915357749,0.9893311874285278,0
TASK-2026-09-02-MOCK-PRODUCTION,mockL64,TASK-2026-09-02-MOCK-PRODUCTION/mockL64/results/M64_00004.json,64,64.0,0.35,0.2332,1024,6.0,systematic,31200004,ok,1622.8,314,0.8971206922625519,0.09760832470004066,0,2,1.0398248341954115,1014.1161388464226,0.9895718141223104,0
TASK-2026-09-02-MOCK-PRODUCTION,mockL64,TASK-2026-09-02-MOCK-PRODUCTION/mockL64/results/M64_00005.json,64,64.0,0.35,0.2332,1024,6.0,systematic,31200005,ok,1629.13,314,0.8269673065261949,0.12395144339678749,0,2,1.7466427245984761,1012.7884107110341,0.9895903859268398,0
TASK-2026-09-02-MOCK-PRODUCTION,mockL64,TASK-2026-09-02-MOCK-PRODUCTION/mockL64/results/M64_00006.json,64,64.0,0.35,0.2332,1024,6.0,systematic,31200006,ok,1643.13,314,0.9069085794276357,0.10524127975906897,0,5,2.7432542028788345,1013.7484337287435,0.9896756079402791,0
TASK-2026-09-02-MOCK-PRODUCTION,mockL64,TASK-2026-09-02-MOCK-PRODUCTION/mockL64/results/M64_00007.json,64,64.0,0.35,0.2332,1024,6.0,systematic,31200007,ok,1607.54,314,0.7425125016140657,0.10269888693580638,0,5,2.9743967957700534,1014.0498449905299,0.9895073644328536,0
TASK-2026-09-02-MOCK-PRODUCTION,mockL64,TASK-2026-09-02-MOCK-PRODUCTION/mockL64/results/M64_00008.json,64,64.0,0.35,0.2332,1024,6.0,systematic,31200008,ok,1614.14,314,0.7770391417856111,0.10217738207668339,0,1,1.0,1013.5966506984511,0.9894394159836751,0
TASK-2026-09-02-MOCK-PRODUCTION,mockL64,TASK-2026-09-02-MOCK-PRODUCTION/mockL64/results/M64_00009.json,64,64.0,0.35,0.2332,1024,6.0,systematic,31200009,ok,1635.54,314,0.8550724707298882,0.11825673996737068,0,5,1.732089820972543,1013.7171089146469,0.9896451151352817,0
TASK-2026-09-02-MOCK-PRODUCTION,mockL64,TASK-2026-09-02-MOCK-PRODUCTION/mockL64/results/M64_00010.json,64,64.0,0.35,0.2332,1024,6.0,systematic,31200010,ok,1629.37,314,0.8802085341011698,0.10266433007742141,0,1,1.0,1013.5988683463701,0.9895362118643187,0
TASK-2026-09-02-MOCK-PRODUCTION,mockL64,TASK-2026-09-02-MOCK-PRODUCTION/mockL64/results/M64_00011.json,64,64.0,0.35,0.2332,1024,6.0,systematic,31200011,ok,1535.05,314,0.7275845166401871,0.07734114676975365,0,3,2.091237978995401,1013.1994783966121,0.9896243383418456,0
TASK-2026-09-02-MOCK-PRODUCTION,mockL64,TASK-2026-09-02-MOCK-PRODUCTION/mockL64/results/M64_00012.json,64,64.0,0.35,0.2332,1024,6.0,systematic,31200012,ok,1542.78,314,0.816154512393415,0.09585230368739257,0,2,1.1932314485018833,1012.9277890747658,0.9897149019625869,0
TASK-2026-09-02-MOCK-PRODUCTION,mockL64,TASK-2026-09-02-MOCK-PRODUCTION/mockL64/results/M64_00013.json,64,64.0,0.35,0.2332,1024,6.0,systematic,31200013,ok,1569.89,314,0.8556945284464965,0.10493482226421391,0,2,1.9990772691743084,1014.7944530762247,0.9898654426802745,0
TASK-2026-09-02-MOCK-PRODUCTION,mockL64,TASK-2026-09-02-MOCK-PRODUCTION/mockL64/results/M64_00014.json,64,64.0,0.35,0.2332,1024,6.0,systematic,31200014,ok,1545.93,314,0.7344419183577984,0.1042714327181941,0,2,1.0039138793360958,1013.217649945909,0.989341658768818,0
TASK-2026-09-02-MOCK-PRODUCTION,mockL64,TASK-2026-09-02-MOCK-PRODUCTION/mockL64/results/M64_00015.json,64,64.0,0.35,0.2332,1024,6.0,systematic,31200015,ok,1739.35,314,0.8682982715926557,0.09078212144616372,0,3,2.1727011649061154,1013.8954832558171,0.9895950261933619,0
TASK-2026-09-02-MOCK-PRODUCTION,mockL64,TASK-2026-09-02-MOCK-PRODUCTION/mockL64/results/M64_00016.json,64,64.0,0.35,0.2332,1024,6.0,systematic,31200016,ok,1726.65,314,0.8287387358638473,0.09985342866946968,0,3,1.4836715982024609,1013.6306648684742,0.9897184933802342,0
TASK-2026-09-02-MOCK-PRODUCTION,mockL64,TASK-2026-09-02-MOCK-PRODUCTION/mockL64/results/M64_00017.json,64,64.0,0.35,0.2332,1024,6.0,systematic,31200017,ok,1719.01,314,0.7373915245496808,0.10090576823320312,0,6,2.407210317770054,1013.2071215914758,0.9897049933188031,0
TASK-2026-09-02-MOCK-PRODUCTION,mockL64,TASK-2026-09-02-MOCK-PRODUCTION/mockL64/results/M64_00018.json,64,64.0,0.35,0.2332,1024,6.0,systematic,31200018,ok,1722.69,314,0.8117456570798958,0.09675437730296933,0,4,1.8070795850136145,1013.768957729457,0.9896012774076878,0
TASK-2026-09-02-MOCK-PRODUCTION,mockL64,TASK-2026-09-02-MOCK-PRODUCTION/mockL64/results/M64_00019.json,64,64.0,0.35,0.2332,1024,6.0,systematic,31200019,ok,1730.71,314,0.7669272797844209,0.08383188393053845,0,2,1.7971809356661,1013.0971127739172,0.9895547348627625,0
TASK-2026-09-02-MOCK-PRODUCTION,mockL64,TASK-2026-09-02-MOCK-PRODUCTION/mockL64/results/M64_00020.json,64,64.0,0.35,0.2332,1024,6.0,systematic,31200020,ok,1710.43,314,0.6669024875912646,0.12426158666622378,0,4,2.0429644119377626,1012.90338197521,0.9895461308795114,0
TASK-2026-09-02-MOCK-PRODUCTION,mockL64,TASK-2026-09-02-MOCK-PRODUCTION/mockL64/results/M64_00021.json,64,64.0,0.35,0.2332,1024,6.0,systematic,31200021,ok,1728.42,314,0.6393371143290779,0.08680642083713204,0,3,1.2847141733460428,1012.9164492685228,0.9894991509750429,0
TASK-2026-09-02-MOCK-PRODUCTION,mockL64,TASK-2026-09-02-MOCK-PRODUCTION/mockL64/results/M64_00022.json,64,64.0,0.35,0.2332,1024,6.0,systematic,31200022,ok,1734.46,314,0.8990666913762543,0.1359494472132385,0,3,1.1553919894220703,1013.3256083637755,0.9897220389447849,0
TASK-2026-09-02-MOCK-PRODUCTION,mockL64,TASK-2026-09-02-MOCK-PRODUCTION/mockL64/results/M64_00023.json,64,64.0,0.35,0.2332,1024,6.0,systematic,31200023,ok,1757.74,314,0.9870911337698864,0.10286740989304695,0,3,1.9867747424106348,1014.5237896282482,0.9901410487694878,0
TASK-2026-09-02-MOCK-PRODUCTION,mockL64,TASK-2026-09-02-MOCK-PRODUCTION/mockL64/results/M64_00024.json,64,64.0,0.35,0.2432,1024,6.0,systematic,31201000,ok,1789.56,327,0.8529153128736195,0.0998438721276155,0,2,1.0277174467017414,1013.9401037192749,0.989377505159116,0
TASK-2026-09-02-MOCK-PRODUCTION,mockL64,TASK-2026-09-02-MOCK-PRODUCTION/mockL64/results/M64_00025.json,64,64.0,0.35,0.2432,1024,6.0,systematic,31201001,ok,1776.6,327,0.6930075455168283,0.0854925385888031,0,2,1.6593072716224428,1012.5660969695688,0.9894031807947229,0
TASK-2026-09-02-MOCK-PRODUCTION,mockL64,TASK-2026-09-02-MOCK-PRODUCTION/mockL64/results/M64_00026.json,64,64.0,0.35,0.2432,1024,6.0,systematic,31201002,ok,1773.84,327,0.7208424261833161,0.09569802656958659,0,3,1.0481714058373468,1013.0634190713155,0.9893902337578525,0
TASK-2026-09-02-MOCK-PRODUCTION,mockL64,TASK-2026-09-02-MOCK-PRODUCTION/mockL64/results/M64_00027.json,64,64.0,0.35,0.2432,1024,6.0,systematic,31201003,ok,1774.05,327,0.7032668253433945,0.08931651277314616,0,2,1.0520688686438977,1013.8960357200469,0.9892506363970482,0
TASK-2026-09-02-MOCK-PRODUCTION,mockL64,TASK-2026-09-02-MOCK-PRODUCTION/mockL64/results/M64_00028.json,64,64.0,0.35,0.2432,1024,6.0,systematic,31201004,ok,1801.86,327,0.7799525323376808,0.0963725432703765,0,5,2.0178815415228177,1012.8444495367776,0.9895881190910389,0
TASK-2026-09-02-MOCK-PRODUCTION,mockL64,TASK-2026-09-02-MOCK-PRODUCTION/mockL64/results/M64_00029.json,64,64.0,0.35,0.2432,1024,6.0,systematic,31201005,ok,1793.65,327,0.6920203960652656,0.07583060860992097,0,4,2.6186249781484903,1012.3858942706174,0.9897006885700789,0
TASK-2026-09-02-MOCK-PRODUCTION,mockL64,TASK-2026-09-02-MOCK-PRODUCTION/mockL64/results/M64_00030.json,64,64.0,0.35,0.2432,1024,6.0,systematic,31201006,ok,1771.73,327,0.8184651425833966,0.09011875340447328,0,2,1.0019550323449877,1013.5386824600887,0.9892610322715514,0
TASK-2026-09-02-MOCK-PRODUCTION,mockL64,TASK-2026-09-02-MOCK-PRODUCTION/mockL64/results/M64_00031.json,64,64.0,0.35,0.2432,1024,6.0,systematic,31201007,ok,1761.03,327,0.7147342949943167,0.08311379780536393,0,1,1.0,1012.4206705625594,0.9890011718757243,0
TASK-2026-09-02-MOCK-PRODUCTION,mockL64,TASK-2026-09-02-MOCK-PRODUCTION/mockL64/results/M64_00032.json,64,64.0,0.35,0.2432,1024,6.0,systematic,31201008,ok,1766.7,327,0.6810430609444776,0.08628905036926185,0,2,1.0874975368436337,1013.0419871771568,0.9890691765336957,0
TASK-2026-09-02-MOCK-PRODUCTION,mockL64,TASK-2026-09-02-MOCK-PRODUCTION/mockL64/results/M64_00033.json,64,64.0,0.35,0.2432,1024,6.0,systematic,31201009,ok,1798.83,327,0.7118795214007199,0.08310565704258671,0,2,1.0058765408412873,1013.2808333882637,0.9896052700778977,0
TASK-2026-09-02-MOCK-PRODUCTION,mockL64,TASK-2026-09-02-MOCK-PRODUCTION/mockL64/results/M64_00034.json,64,64.0,0.35,0.2432,1024,6.0,systematic,31201010,ok,1777.71,327,0.6550629286649572,0.09134184977050676,0,2,1.4584297667794197,1013.1671344333748,0.9891078895727505,0
TASK-2026-09-02-MOCK-PRODUCTION,mockL64,TASK-2026-09-02-MOCK-PRODUCTION/mockL64/results/M64_00035.json,64,64.0,0.35,0.2432,1024,6.0,systematic,31201011,ok,1709.99,327,0.7573413523144198,0.1136143491889685,0,3,2.8535475584002787,1013.3418208231953,0.9894570212920638,0
TASK-2026-09-02-MOCK-PRODUCTION,mockL64,TASK-2026-09-02-MOCK-PRODUCTION/mockL64/results/M64_00036.json,64,64.0,0.35,0.2432,1024,6.0,systematic,31201012,ok,1706.68,327,0.6629678434919324,0.09967753551965626,0,1,1.0,1013.5477982130642,0.9891211974856096,0
TASK-2026-09-02-MOCK-PRODUCTION,mockL64,TASK-2026-09-02-MOCK-PRODUCTION/mockL64/results/M64_00037.json,64,64.0,0.35,0.2432,1024,6.0,systematic,31201013,ok,1711.08,327,0.6841053460337099,0.10079707942414716,0,2,1.486308806645027,1013.7481186461144,0.9892693733543562,0
TASK-2026-09-02-MOCK-PRODUCTION,mockL64,TASK-2026-09-02-MOCK-PRODUCTION/mockL64/results/M64_00038.json,64,64.0,0.35,0.2432,1024,6.0,systematic,31201014,ok,1725.75,327,0.8063524927109788,0.10658722041683046,0,3,1.3735316000712587,1013.0993951017479,0.9897692755172806,0
TASK-2026-09-02-MOCK-PRODUCTION,mockL64,TASK-2026-09-02-MOCK-PRODUCTION/mockL64/results/M64_00039.json,64,64.0,0.35,0.2432,1024,6.0,systematic,31201015,ok,1714.39,327,0.6689689545624428,0.08259989958873669,0,3,1.8372154143203059,1012.8517032612023,0.9894183228322286,0
TASK-2026-09-02-MOCK-PRODUCTION,mockL64,TASK-2026-09-02-MOCK-PRODUCTION/mockL64/results/M64_00040.json,64,64.0,0.35,0.2432,1024,6.0,systematic,31201016,ok,1703.0,327,0.787523538672902,0.09184393450441233,0,3,1.1071392370848396,1013.6050421302888,0.9894937770501164,0
TASK-2026-09-02-MOCK-PRODUCTION,mockL64,TASK-2026-09-02-MOCK-PRODUCTION/mockL64/results/M64_00041.json,64,64.0,0.35,0.2432,1024,6.0,systematic,31201017,ok,1704.3,327,0.6687284485148806,0.09618648077399619,0,2,1.8320922252235567,1012.9005738972457,0.9891771568976793,0
TASK-2026-09-02-MOCK-PRODUCTION,mockL64,TASK-2026-09-02-MOCK-PRODUCTION/mockL64/results/M64_00042.json,64,64.0,0.35,0.2432,1024,6.0,systematic,31201018,ok,1709.95,327,0.5976786841456889,0.1000005243933129,0,2,1.1481806734191076,1012.263501041346,0.9892410646687078,0
TASK-2026-09-02-MOCK-PRODUCTION,mockL64,TASK-2026-09-02-MOCK-PRODUCTION/mockL64/results/M64_00043.json,64,64.0,0.35,0.2432,1024,6.0,systematic,31201019,ok,1698.35,327,0.713542515201653,0.0875269125835907,0,3,1.2599291078401922,1013.90149451947,0.9892377194548782,0
TASK-2026-09-02-MOCK-PRODUCTION,mockL64,TASK-2026-09-02-MOCK-PRODUCTION/mockL64/results/M64_00044.json,64,64.0,0.35,0.2432,1024,6.0,systematic,31201020,ok,1695.53,327,0.7145057559073583,0.07662157470753272,0,1,1.0,1013.0435223546801,0.9892946802338503,0
TASK-2026-09-02-MOCK-PRODUCTION,mockL64,TASK-2026-09-02-MOCK-PRODUCTION/mockL64/results/M64_00045.json,64,64.0,0.35,0.2432,1024,6.0,systematic,31201021,ok,1704.9,327,0.6648941809287142,0.08647514606422281,0,2,1.0217151097642967,1013.3220119175959,0.9891513426106715,0
TASK-2026-09-02-MOCK-PRODUCTION,mockL64,TASK-2026-09-02-MOCK-PRODUCTION/mockL64/results/M64_00046.json,64,64.0,0.35,0.2432,1024,6.0,systematic,31201022,ok,1699.07,327,0.6749344260908914,0.09917468617956822,0,2,1.1066905332837988,1012.6182549680577,0.9893418062186375,0
TASK-2026-09-02-MOCK-PRODUCTION,mockL64,TASK-2026-09-02-MOCK-PRODUCTION/mockL64/results/M64_00047.json,64,64.0,0.35,0.2432,1024,6.0,systematic,31201023,ok,1847.11,327,0.673379199989348,0.09418445285291469,0,3,1.027808109342623,1013.6527094225963,0.9893469184140308,0
TASK-2026-09-02-MOCK-PRODUCTION,mockL64,TASK-2026-09-02-MOCK-PRODUCTION/mockL64/results/M64_00048.json,64,64.0,0.35,0.2532,1024,6.0,systematic,31202000,ok,1916.23,341,0.6192774087004387,0.0749054910300471,0,1,1.0,1012.9974316611612,0.9893571059232955,0
TASK-2026-09-02-MOCK-PRODUCTION,mockL64,TASK-2026-09-02-MOCK-PRODUCTION/mockL64/results/M64_00049.json,64,64.0,0.35,0.2532,1024,6.0,systematic,31202001,ok,1899.27,341,0.6870448136553768,0.09513164676724661,0,3,1.9697264561018586,1012.3937006367264,0.9894053084593274,0
TASK-2026-09-02-MOCK-PRODUCTION,mockL64,TASK-2026-09-02-MOCK-PRODUCTION/mockL64/results/M64_00050.json,64,64.0,0.35,0.2532,1024,6.0,systematic,31202002,ok,1902.49,341,0.6606994657590559,0.08694261328819369,0,4,2.3546256001221577,1012.7905321427053,0.989393335418009,0
TASK-2026-09-02-MOCK-PRODUCTION,mockL64,TASK-2026-09-02-MOCK-PRODUCTION/mockL64/results/M64_00051.json,64,64.0,0.35,0.2532,1024,6.0,systematic,31202003,ok,1921.03,341,0.624330406564165,0.08475064606634732,0,4,2.5419161531487418,1012.8032374662813,0.989433414400895,0
TASK-2026-09-02-MOCK-PRODUCTION,mockL64,TASK-2026-09-02-MOCK-PRODUCTION/mockL64/results/M64_00052.json,64,64.0,0.35,0.2532,1024,6.0,systematic,31202004,ok,1918.26,341,0.704718641421809,0.08072432266722955,0,2,1.9039470673895755,1013.7796382656043,0.9892158739115744,0
TASK-2026-09-02-MOCK-PRODUCTION,mockL64,TASK-2026-09-02-MOCK-PRODUCTION/mockL64/results/M64_00053.json,64,64.0,0.35,0.2532,1024,6.0,systematic,31202005,ok,1902.28,341,0.6885864142925517,0.07978096251704743,0,2,1.779998913574882,1013.9905386558142,0.989369782430051,0
TASK-2026-09-02-MOCK-PRODUCTION,mockL64,TASK-2026-09-02-MOCK-PRODUCTION/mockL64/results/M64_00054.json,64,64.0,0.35,0.2532,1024,6.0,systematic,31202006,ok,1897.74,341,0.6163249529412185,0.08015644205320852,0,2,1.99972537951026,1013.8605919373382,0.9890727742108621,0
TASK-2026-09-02-MOCK-PRODUCTION,mockL64,TASK-2026-09-02-MOCK-PRODUCTION/mockL64/results/M64_00055.json,64,64.0,0.35,0.2532,1024,6.0,systematic,31202007,ok,1896.31,341,0.5888231061478212,0.08308342180083497,0,2,1.19781131127129,1013.8699322745925,0.9891027246206251,0
TASK-2026-09-02-MOCK-PRODUCTION,mockL64,TASK-2026-09-02-MOCK-PRODUCTION/mockL64/results/M64_00056.json,64,64.0,0.35,0.2532,1024,6.0,systematic,31202008,ok,1912.36,341,0.5749792976713503,0.0736623202933456,0,2,1.1955197198000658,1011.4816724248952,0.9890397823556603,0
TASK-2026-09-02-MOCK-PRODUCTION,mockL64,TASK-2026-09-02-MOCK-PRODUCTION/mockL64/results/M64_00057.json,64,64.0,0.35,0.2532,1024,6.0,systematic,31202009,ok,1929.89,341,0.7435913295370924,0.07992971450983836,0,3,2.4128158753388282,1012.8992568374123,0.9894263053737232,0
TASK-2026-09-02-MOCK-PRODUCTION,mockL64,TASK-2026-09-02-MOCK-PRODUCTION/mockL64/results/M64_00058.json,64,64.0,0.35,0.2532,1024,6.0,systematic,31202010,ok,1891.5,341,0.7224570540103067,0.09906484198835969,0,2,1.2920339588698448,1014.6353700279701,0.9892325515631567,0
TASK-2026-09-02-MOCK-PRODUCTION,mockL64,TASK-2026-09-02-MOCK-PRODUCTION/mockL64/results/M64_00059.json,64,64.0,0.35,0.2532,1024,6.0,systematic,31202011,ok,1897.69,341,0.6066070265486525,0.07064408404489657,0,1,1.0,1011.9348073953108,0.9890657552820287,0
TASK-2026-09-02-MOCK-PRODUCTION,mockL64,TASK-2026-09-02-MOCK-PRODUCTION/mockL64/results/M64_00060.json,64,64.0,0.35,0.2532,1024,6.0,systematic,31202012,ok,1899.59,341,0.5661435442976344,0.07974454251024315,0,2,1.8590124988919423,1013.3761654113097,0.9889723981952941,0
TASK-2026-09-02-MOCK-PRODUCTION,mockL64,TASK-2026-09-02-MOCK-PRODUCTION/mockL64/results/M64_00061.json,64,64.0,0.35,0.2532,1024,6.0,systematic,31202013,ok,1911.53,341,0.6329404756217496,0.07401797566330512,0,1,1.0,1012.8025122969301,0.9891740909957406,0
TASK-2026-09-02-MOCK-PRODUCTION,mockL64,TASK-2026-09-02-MOCK-PRODUCTION/mockL64/results/M64_00062.json,64,64.0,0.35,0.2532,1024,6.0,systematic,31202014,ok,1905.48,341,0.6884507758294325,0.0801803450383735,0,2,1.9825750242013553,1012.9469381620453,0.9890692545017736,0
TASK-2026-09-02-MOCK-PRODUCTION,mockL64,TASK-2026-09-02-MOCK-PRODUCTION/mockL64/results/M64_00063.json,64,64.0,0.35,0.2532,1024,6.0,systematic,31202015,ok,1891.85,341,0.5325941424283533,0.07310810689938144,0,2,1.0644490644490645,1013.2495222502733,0.9890384183560886,0
TASK-2026-09-02-MOCK-PRODUCTION,mockL64,TASK-2026-09-02-MOCK-PRODUCTION/mockL64/results/M64_00064.json,64,64.0,0.35,0.2532,1024,6.0,systematic,31202016,ok,1743.62,341,0.6009249349921378,0.0843736499517301,0,3,1.6261832979739705,1011.5701504825984,0.989081099509897,0
TASK-2026-09-02-MOCK-PRODUCTION,mockL64,TASK-2026-09-02-MOCK-PRODUCTION/mockL64/results/M64_00065.json,64,64.0,0.35,0.2532,1024,6.0,systematic,31202017,ok,1753.52,341,0.6169371994803692,0.0719093693899334,0,4,2.211261962302667,1012.8411105022923,0.989207022401606,0
TASK-2026-09-02-MOCK-PRODUCTION,mockL64,TASK-2026-09-02-MOCK-PRODUCTION/mockL64/results/M64_00066.json,64,64.0,0.35,0.2532,1024,6.0,systematic,31202018,ok,1737.52,341,0.7119704930646179,0.06407314853514005,0,1,1.0,1013.2255937364923,0.9892743409473892,0
TASK-2026-09-02-MOCK-PRODUCTION,mockL64,TASK-2026-09-02-MOCK-PRODUCTION/mockL64/results/M64_00067.json,64,64.0,0.35,0.2532,1024,6.0,systematic,31202019,ok,1739.03,341,0.6335333295733354,0.08772678245350664,0,3,1.013777087688021,1013.0376343247799,0.9891913625905092,0
TASK-2026-09-02-MOCK-PRODUCTION,mockL64,TASK-2026-09-02-MOCK-PRODUCTION/mockL64/results/M64_00068.json,64,64.0,0.35,0.2532,1024,6.0,systematic,31202020,ok,1738.88,341,0.6752444124743213,0.07950913084175938,0,2,1.0377974358314546,1013.5306727060679,0.9891198742023743,0
TASK-2026-09-02-MOCK-PRODUCTION,mockL64,TASK-2026-09-02-MOCK-PRODUCTION/mockL64/results/M64_00069.json,64,64.0,0.35,0.2532,1024,6.0,systematic,31202021,ok,1759.87,341,0.7005597235784327,0.0958633429190947,0,4,2.645554226777073,1013.0007427685529,0.9894354566985286,0
TASK-2026-09-02-MOCK-PRODUCTION,mockL64,TASK-2026-09-02-MOCK-PRODUCTION/mockL64/results/M64_00070.json,64,64.0,0.35,0.2532,1024,6.0,systematic,31202022,ok,1752.14,341,0.5324439822536957,0.07891819470708498,0,2,1.0500187257291518,1012.8943647475381,0.9890348182223693,0
TASK-2026-09-02-MOCK-PRODUCTION,mockL64,TASK-2026-09-02-MOCK-PRODUCTION/mockL64/results/M64_00071.json,64,64.0,0.35,0.2532,1024,6.0,systematic,31202023,ok,1765.79,341,0.7222615079293689,0.08809675661086429,0,2,1.5547357807959197,1013.2322855876088,0.9895123719390616,0
TASK-2026-09-02-MOCK-PRODUCTION,mockL64,TASK-2026-09-02-MOCK-PRODUCTION/mockL64/results/M64_00072.json,64,64.0,0.35,0.2632,1024,6.0,systematic,31203000,ok,1788.69,354,0.5555714489276393,0.08043850418280146,0,1,1.0,1012.8464219427652,0.9890053251441512,0
TASK-2026-09-02-MOCK-PRODUCTION,mockL64,TASK-2026-09-02-MOCK-PRODUCTION/mockL64/results/M64_00073.json,64,64.0,0.35,0.2632,1024,6.0,systematic,31203001,ok,1791.46,354,0.5782881719669213,0.06500968654773512,0,2,1.4356778071388474,1013.121530679033,0.9891311763855258,0
TASK-2026-09-02-MOCK-PRODUCTION,mockL64,TASK-2026-09-02-MOCK-PRODUCTION/mockL64/results/M64_00074.json,64,64.0,0.35,0.2632,1024,6.0,systematic,31203002,ok,1659.66,354,0.6156706682119275,0.07996314018647968,0,1,1.0,1013.0011899497329,0.9892980312500813,0
TASK-2026-09-02-MOCK-PRODUCTION,mockL64,TASK-2026-09-02-MOCK-PRODUCTION/mockL64/results/M64_00075.json,64,64.0,0.35,0.2632,1024,6.0,systematic,31203003,ok,1660.81,354,0.5345835706046937,0.07591694943824705,0,3,1.8075593081264458,1012.8394426806146,0.9893674095904715,0
TASK-2026-09-02-MOCK-PRODUCTION,mockL64,TASK-2026-09-02-MOCK-PRODUCTION/mockL64/results/M64_00076.json,64,64.0,0.35,0.2632,1024,6.0,systematic,31203004,ok,1779.81,354,0.6535095302347207,0.07825255066022556,0,3,1.8765654808563033,1013.1270677732031,0.988888086529364,0
TASK-2026-09-02-MOCK-PRODUCTION,mockL64,TASK-2026-09-02-MOCK-PRODUCTION/mockL64/results/M64_00077.json,64,64.0,0.35,0.2632,1024,6.0,systematic,31203005,ok,1776.26,354,0.566364488116142,0.06533116082128643,0,3,1.791892381463418,1012.6433310314011,0.9891485869346511,0
TASK-2026-09-02-MOCK-PRODUCTION,mockL64,TASK-2026-09-02-MOCK-PRODUCTION/mockL64/results/M64_00078.json,64,64.0,0.35,0.2632,1024,6.0,systematic,31203006,ok,1791.31,354,0.5837636809340823,0.062103082372013264,0,4,1.6162323629962791,1013.2630173694776,0.9891993386939089,0
TASK-2026-09-02-MOCK-PRODUCTION,mockL64,TASK-2026-09-02-MOCK-PRODUCTION/mockL64/results/M64_00079.json,64,64.0,0.35,0.2632,1024,6.0,systematic,31203007,ok,1798.95,354,0.5073538971831268,0.06109868108800625,0,3,1.377910353618313,1013.2649590016465,0.9891467833642289,0
TASK-2026-09-02-MOCK-PRODUCTION,mockL64,TASK-2026-09-02-MOCK-PRODUCTION/mockL64/results/M64_00080.json,64,64.0,0.35,0.2632,1024,6.0,systematic,31203008,ok,1789.45,354,0.6313305338724287,0.08301220976947647,0,1,1.0,1013.2034870848387,0.9888694680510873,0
TASK-2026-09-02-MOCK-PRODUCTION,mockL64,TASK-2026-09-02-MOCK-PRODUCTION/mockL64/results/M64_00081.json,64,64.0,0.35,0.2632,1024,6.0,systematic,31203009,ok,1797.73,354,0.5184378332427632,0.0657390212242834,0,1,1.0,1013.3593643256027,0.9888573154570419,0
TASK-2026-09-02-MOCK-PRODUCTION,mockL64,TASK-2026-09-02-MOCK-PRODUCTION/mockL64/results/M64_00082.json,64,64.0,0.35,0.2632,1024,6.0,systematic,31203010,ok,1803.93,354,0.5503881839700817,0.06646907945944097,0,4,1.0441217765014448,1011.7888652785516,0.9890162782596992,0
TASK-2026-09-02-MOCK-PRODUCTION,mockL64,TASK-2026-09-02-MOCK-PRODUCTION/mockL64/results/M64_00083.json,64,64.0,0.35,0.2632,1024,6.0,systematic,31203011,ok,1804.2,354,0.5723924187592353,0.06415312160758634,0,1,1.0,1012.5055812759792,0.988881285771637,0
TASK-2026-09-02-MOCK-PRODUCTION,mockL64,TASK-2026-09-02-MOCK-PRODUCTION/mockL64/results/M64_00084.json,64,64.0,0.35,0.2632,1024,6.0,systematic,31203012,ok,1785.75,354,0.5623633797318429,0.08485845977118414,0,3,1.5464034898845849,1012.5455286494322,0.9888465047055633,0
TASK-2026-09-02-MOCK-PRODUCTION,mockL64,TASK-2026-09-02-MOCK-PRODUCTION/mockL64/results/M64_00085.json,64,64.0,0.35,0.2632,1024,6.0,systematic,31203013,ok,1808.12,354,0.5478862826479425,0.07491199811370776,0,4,1.698021790105064,1012.6769570300246,0.9893275988087332,0
TASK-2026-09-02-MOCK-PRODUCTION,mockL64,TASK-2026-09-02-MOCK-PRODUCTION/mockL64/results/M64_00086.json,64,64.0,0.35,0.2632,1024,6.0,systematic,31203014,ok,1764.68,354,0.5685632213631688,0.059265524226009704,0,2,1.0686059499254017,1013.5991745193735,0.9886778791081666,0
TASK-2026-09-02-MOCK-PRODUCTION,mockL64,TASK-2026-09-02-MOCK-PRODUCTION/mockL64/results/M64_00087.json,64,64.0,0.35,0.2632,1024,6.0,systematic,31203015,ok,1770.47,354,0.4955922918713669,0.05877631728706978,0,2,1.8735745962770654,1012.0653137029569,0.9886491336977834,0
TASK-2026-09-02-MOCK-PRODUCTION,mockL64,TASK-2026-09-02-MOCK-PRODUCTION/mockL64/results/M64_00088.json,64,64.0,0.35,0.2632,1024,6.0,systematic,31203016,ok,1843.3,354,0.5496992504144209,0.0920104282101754,0,2,1.0058765408412873,1013.2567395161826,0.9892027332493962,0
TASK-2026-09-02-MOCK-PRODUCTION,mockL64,TASK-2026-09-02-MOCK-PRODUCTION/mockL64/results/M64_00089.json,64,64.0,0.35,0.2632,1024,6.0,systematic,31203017,ok,1795.77,354,0.4907784525089462,0.06847447685414909,0,2,1.983287498155875,1012.530093034594,0.9889029517652405,0
TASK-2026-09-02-MOCK-PRODUCTION,mockL64,TASK-2026-09-02-MOCK-PRODUCTION/mockL64/results/M64_00090.json,64,64.0,0.35,0.2632,1024,6.0,systematic,31203018,ok,1798.3,354,0.619147036461852,0.0692216020878061,0,2,1.4331543785604164,1012.0058584978367,0.9891832123725162,0
TASK-2026-09-02-MOCK-PRODUCTION,mockL64,TASK-2026-09-02-MOCK-PRODUCTION/mockL64/results/M64_00091.json,64,64.0,0.35,0.2632,1024,6.0,systematic,31203019,ok,1826.57,354,0.5461682307690139,0.0672132946880579,0,1,1.0,1012.8355581932361,0.9888877660670117,0
TASK-2026-09-02-MOCK-PRODUCTION,mockL64,TASK-2026-09-02-MOCK-PRODUCTION/mockL64/results/M64_00092.json,64,64.0,0.35,0.2632,1024,6.0,systematic,31203020,ok,1834.24,354,0.6714276894300046,0.08553365948436646,0,1,1.0,1013.0491179870977,0.9890903592374956,0
TASK-2026-09-02-MOCK-PRODUCTION,mockL64,TASK-2026-09-02-MOCK-PRODUCTION/mockL64/results/M64_00093.json,64,64.0,0.35,0.2632,1024,6.0,systematic,31203021,ok,1787.78,354,0.5521067710781047,0.08091904114241548,0,3,2.5202155427263944,1013.4743489778169,0.9891473694117157,0
TASK-2026-09-02-MOCK-PRODUCTION,mockL64,TASK-2026-09-02-MOCK-PRODUCTION/mockL64/results/M64_00094.json,64,64.0,0.35,0.2632,1024,6.0,systematic,31203022,ok,1844.67,354,0.5332413448438764,0.08179326542859738,0,2,1.9499828912328727,1013.1046129523443,0.9890226427614427,0
TASK-2026-09-02-MOCK-PRODUCTION,mockL64,TASK-2026-09-02-MOCK-PRODUCTION/mockL64/results/M64_00095.json,64,64.0,0.35,0.2632,1024,6.0,systematic,31203023,ok,1643.89,354,0.6106879204116176,0.08462063776636053,0,1,1.0,1012.157261754625,0.9888699220744258,0
TASK-2026-09-02-MOCK-PRODUCTION,mockL64,TASK-2026-09-02-MOCK-PRODUCTION/mockL64/results/M64_00096.json,64,64.0,0.35,0.2732,1024,6.0,systematic,31204000,ok,1895.3,368,0.47836397159505617,0.05099061786265941,0,2,1.440727662439373,1012.4997055895597,0.988872013174534,0
TASK-2026-09-02-MOCK-PRODUCTION,mockL64,TASK-2026-09-02-MOCK-PRODUCTION/mockL64/results/M64_00097.json,64,64.0,0.35,0.2732,1024,6.0,systematic,31204001,ok,1675.06,368,0.5035073354878064,0.058580668795919576,0,1,1.0,1012.554424586023,0.9889080921360004,0
TASK-2026-09-02-MOCK-PRODUCTION,mockL64,TASK-2026-09-02-MOCK-PRODUCTION/mockL64/results/M64_00098.json,64,64.0,0.35,0.2732,1024,6.0,systematic,31204002,ok,1899.22,368,0.5064991255392503,0.06926205112916532,0,1,1.0,1012.1509168565505,0.9889458401166251,0
TASK-2026-09-02-MOCK-PRODUCTION,mockL64,TASK-2026-09-02-MOCK-PRODUCTION/mockL64/results/M64_00099.json,64,64.0,0.35,0.2732,1024,6.0,systematic,31204003,ok,1895.07,368,0.47491398120221545,0.07365305971513696,0,1,1.0,1012.5696879955444,0.9887526433298689,0
TASK-2026-09-02-MOCK-PRODUCTION,mockL64,TASK-2026-09-02-MOCK-PRODUCTION/mockL64/results/M64_00100.json,64,64.0,0.35,0.2732,1024,6.0,systematic,31204004,ok,1875.31,368,0.5340894462510205,0.05758221019298259,0,2,1.9438736731266197,1013.3350718584555,0.9891690938281095,0
TASK-2026-09-02-MOCK-PRODUCTION,mockL64,TASK-2026-09-02-MOCK-PRODUCTION/mockL64/results/M64_00101.json,64,64.0,0.35,0.2732,1024,6.0,systematic,31204005,ok,1889.5,368,0.5271737625648598,0.05734884392374402,0,2,1.0019550323449877,1012.9179291717,0.9891089820315847,0
TASK-2026-09-02-MOCK-PRODUCTION,mockL64,TASK-2026-09-02-MOCK-PRODUCTION/mockL64/results/M64_00102.json,64,64.0,0.35,0.2732,1024,6.0,systematic,31204006,ok,1884.78,368,0.5241317274481783,0.06481758768014592,0,4,2.272222174067557,1012.8003306955574,0.9889016256894457,0
TASK-2026-09-02-MOCK-PRODUCTION,mockL64,TASK-2026-09-02-MOCK-PRODUCTION/mockL64/results/M64_00103.json,64,64.0,0.35,0.2732,1024,6.0,systematic,31204007,ok,1719.16,368,0.5307846129095308,0.06982888516089691,0,2,1.976357056694813,1013.4171237351035,0.9888569177840677,0
TASK-2026-09-02-MOCK-PRODUCTION,mockL64,TASK-2026-09-02-MOCK-PRODUCTION/mockL64/results/M64_00104.json,64,64.0,0.35,0.2732,1024,6.0,systematic,31204008,ok,1714.67,368,0.5319332480140604,0.06983954027362836,0,1,1.0,1012.0692125415468,0.9887898169795687,0
TASK-2026-09-02-MOCK-PRODUCTION,mockL64,TASK-2026-09-02-MOCK-PRODUCTION/mockL64/results/M64_00105.json,64,64.0,0.35,0.2732,1024,6.0,systematic,31204009,ok,1905.3,368,0.5845902770883287,0.06326710397796513,0,2,1.0769647919148762,1013.1900802754333,0.9891628515208152,0
TASK-2026-09-02-MOCK-PRODUCTION,mockL64,TASK-2026-09-02-MOCK-PRODUCTION/mockL64/results/M64_00106.json,64,64.0,0.35,0.2732,1024,6.0,systematic,31204010,ok,1885.66,368,0.5407248512897154,0.08331128238732298,0,3,1.4378709259848392,1013.5487679317074,0.9889181964421432,0
TASK-2026-09-02-MOCK-PRODUCTION,mockL64,TASK-2026-09-02-MOCK-PRODUCTION/mockL64/results/M64_00107.json,64,64.0,0.35,0.2732,1024,6.0,systematic,31204011,ok,1711.08,368,0.5083132163596218,0.060555133589148366,0,1,1.0,1013.0005108745954,0.9888722138895076,0
TASK-2026-09-02-MOCK-PRODUCTION,mockL64,TASK-2026-09-02-MOCK-PRODUCTION/mockL64/results/M64_00108.json,64,64.0,0.35,0.2732,1024,6.0,systematic,31204012,ok,1802.92,368,0.5400233779484223,0.06300141451314373,0,2,1.0058765408412873,1013.1153528383761,0.9889818995761395,0
TASK-2026-09-02-MOCK-PRODUCTION,mockL64,TASK-2026-09-02-MOCK-PRODUCTION/mockL64/results/M64_00109.json,64,64.0,0.35,0.2732,1024,6.0,systematic,31204013,ok,1731.8,368,0.5041824436723175,0.06974954682551494,0,3,2.7122600270042367,1013.328754215344,0.9892589186683033,0
TASK-2026-09-02-MOCK-PRODUCTION,mockL64,TASK-2026-09-02-MOCK-PRODUCTION/mockL64/results/M64_00110.json,64,64.0,0.35,0.2732,1024,6.0,systematic,31204014,ok,1718.16,368,0.4429507168281063,0.05114715496057219,0,1,1.0,1012.20915650066,0.9885546282798371,0
TASK-2026-09-02-MOCK-PRODUCTION,mockL64,TASK-2026-09-02-MOCK-PRODUCTION/mockL64/results/M64_00111.json,64,64.0,0.35,0.2732,1024,6.0,systematic,31204015,ok,1787.36,368,0.5445964716826679,0.04982332814623314,0,3,2.474632431029193,1013.1897783181042,0.9888296107139357,0
TASK-2026-09-02-MOCK-PRODUCTION,mockL64,TASK-2026-09-02-MOCK-PRODUCTION/mockL64/results/M64_00112.json,64,64.0,0.35,0.2732,1024,6.0,systematic,31204016,ok,1772.5,368,0.48413857488785933,0.06673347499823068,0,3,1.9040438706397196,1013.1402294175566,0.9889181948056072,0
TASK-2026-09-02-MOCK-PRODUCTION,mockL64,TASK-2026-09-02-MOCK-PRODUCTION/mockL64/results/M64_00113.json,64,64.0,0.35,0.2732,1024,6.0,systematic,31204017,ok,1767.21,368,0.5056240430572954,0.05057607263604185,0,3,1.054177901367869,1012.492826188656,0.9890061737860647,0
TASK-2026-09-02-MOCK-PRODUCTION,mockL64,TASK-2026-09-02-MOCK-PRODUCTION/mockL64/results/M64_00114.json,64,64.0,0.35,0.2732,1024,6.0,systematic,31204018,ok,1771.34,368,0.4917040874228842,0.06919276282944323,0,3,1.9306240886126291,1012.4265067328325,0.98897139895125,0
TASK-2026-09-02-MOCK-PRODUCTION,mockL64,TASK-2026-09-02-MOCK-PRODUCTION/mockL64/results/M64_00115.json,64,64.0,0.35,0.2732,1024,6.0,systematic,31204019,ok,1766.34,368,0.47170915327119445,0.056737062248208944,0,1,1.0,1012.5962072485044,0.9888064797998873,0
TASK-2026-09-02-MOCK-PRODUCTION,mockL64,TASK-2026-09-02-MOCK-PRODUCTION/mockL64/results/M64_00116.json,64,64.0,0.35,0.2732,1024,6.0,systematic,31204020,ok,1773.43,368,0.5588146981802133,0.06643188122428245,0,2,1.0357738353945236,1013.382752606794,0.989073040587035,0
TASK-2026-09-02-MOCK-PRODUCTION,mockL64,TASK-2026-09-02-MOCK-PRODUCTION/mockL64/results/M64_00117.json,64,64.0,0.35,0.2732,1024,6.0,systematic,31204021,ok,1768.85,368,0.4962076570633229,0.07880618698420117,0,1,1.0,1012.2238081083216,0.9887568553665139,0
TASK-2026-09-02-MOCK-PRODUCTION,mockL64,TASK-2026-09-02-MOCK-PRODUCTION/mockL64/results/M64_00118.json,64,64.0,0.35,0.2732,1024,6.0,systematic,31204022,ok,1788.54,368,0.5891556345543628,0.06802843676372174,0,5,1.9758803666184275,1012.9250028711015,0.9892187235280502,0
TASK-2026-09-02-MOCK-PRODUCTION,mockL64,TASK-2026-09-02-MOCK-PRODUCTION/mockL64/results/M64_00119.json,64,64.0,0.35,0.2732,1024,6.0,systematic,31204023,ok,1861.87,368,0.46649114252910084,0.05504222989407343,0,1,1.0,1011.878707275341,0.9891462133864795,0
TASK-2026-09-02-MOCK-PRODUCTION,mockL64,TASK-2026-09-02-MOCK-PRODUCTION/mockL64/results/M64_00120.json,64,64.0,0.35,0.2832,1024,6.0,systematic,31205000,ok,1886.54,381,0.47300612210828885,0.0531037725286486,0,2,1.1437521951687744,1013.1356247265277,0.988634030447985,0
TASK-2026-09-02-MOCK-PRODUCTION,mockL64,TASK-2026-09-02-MOCK-PRODUCTION/mockL64/results/M64_00121.json,64,64.0,0.35,0.2832,1024,6.0,systematic,31205001,ok,1914.0,381,0.5045349571046113,0.05599077116976981,0,3,1.5112125719161105,1013.0803245803586,0.9888208966153224,0
TASK-2026-09-02-MOCK-PRODUCTION,mockL64,TASK-2026-09-02-MOCK-PRODUCTION/mockL64/results/M64_00122.json,64,64.0,0.35,0.2832,1024,6.0,systematic,31205002,ok,1889.49,381,0.5061572941687275,0.05292685619447903,0,1,1.0,1013.1746764942093,0.9886783202906798,0
TASK-2026-09-02-MOCK-PRODUCTION,mockL64,TASK-2026-09-02-MOCK-PRODUCTION/mockL64/results/M64_00123.json,64,64.0,0.35,0.2832,1024,6.0,systematic,31205003,ok,1894.99,381,0.42024119634409196,0.046786867845815656,0,3,2.018145634693037,1012.8874483515277,0.9886483460548361,0
TASK-2026-09-02-MOCK-PRODUCTION,mockL64,TASK-2026-09-02-MOCK-PRODUCTION/mockL64/results/M64_00124.json,64,64.0,0.35,0.2832,1024,6.0,systematic,31205004,ok,1886.34,381,0.46312214265584895,0.053141036234516804,0,2,1.100259594176864,1012.9641104082458,0.9885381200803813,0
TASK-2026-09-02-MOCK-PRODUCTION,mockL64,TASK-2026-09-02-MOCK-PRODUCTION/mockL64/results/M64_00125.json,64,64.0,0.35,0.2832,1024,6.0,systematic,31205005,ok,1897.62,381,0.5032098674931402,0.049194657165964675,0,3,1.4039868461925726,1012.3008362426989,0.9888973022440927,0
TASK-2026-09-02-MOCK-PRODUCTION,mockL64,TASK-2026-09-02-MOCK-PRODUCTION/mockL64/results/M64_00126.json,64,64.0,0.35,0.2832,1024,6.0,systematic,31205006,ok,1895.05,381,0.4175803645048305,0.054626105189424304,0,3,1.0728547019040895,1011.7581784740257,0.988668984307493,0
TASK-2026-09-02-MOCK-PRODUCTION,mockL64,TASK-2026-09-02-MOCK-PRODUCTION/mockL64/results/M64_00127.json,64,64.0,0.35,0.2832,1024,6.0,systematic,31205007,ok,1884.68,381,0.432643104715004,0.05788718276251251,0,1,1.0,1012.2320557748196,0.9886649552777653,0
TASK-2026-09-02-MOCK-PRODUCTION,mockL64,TASK-2026-09-02-MOCK-PRODUCTION/mockL64/results/M64_00128.json,64,64.0,0.35,0.2832,1024,6.0,systematic,31205008,ok,1815.74,381,0.43623737700278953,0.04861874375729,0,3,1.7462354990524216,1013.2185555933689,0.9888911045669867,0
TASK-2026-09-02-MOCK-PRODUCTION,mockL64,TASK-2026-09-02-MOCK-PRODUCTION/mockL64/results/M64_00129.json,64,64.0,0.35,0.2832,1024,6.0,systematic,31205009,ok,1817.22,381,0.4182512969156628,0.06239123098175325,0,1,1.0,1011.7643599316101,0.9886643849229498,0
TASK-2026-09-02-MOCK-PRODUCTION,mockL64,TASK-2026-09-02-MOCK-PRODUCTION/mockL64/results/M64_00130.json,64,64.0,0.35,0.2832,1024,6.0,systematic,31205010,ok,1815.05,381,0.4557418431607464,0.05189492304077024,0,4,3.182073645175191,1013.0127152670434,0.9888145447036258,0
TASK-2026-09-02-MOCK-PRODUCTION,mockL64,TASK-2026-09-02-MOCK-PRODUCTION/mockL64/results/M64_00131.json,64,64.0,0.35,0.2832,1024,6.0,systematic,31205011,ok,1816.99,381,0.4346585010652396,0.047941952536195036,0,2,1.0706900319192605,1011.9052622779272,0.9886206632606301,0
TASK-2026-09-02-MOCK-PRODUCTION,mockL64,TASK-2026-09-02-MOCK-PRODUCTION/mockL64/results/M64_00132.json,64,64.0,0.35,0.2832,1024,6.0,systematic,31205012,ok,1831.04,381,0.49607036781648284,0.05976818368386261,0,3,1.9853152228655384,1013.548314526128,0.9889255103434359,0
TASK-2026-09-02-MOCK-PRODUCTION,mockL64,TASK-2026-09-02-MOCK-PRODUCTION/mockL64/results/M64_00133.json,64,64.0,0.35,0.2832,1024,6.0,systematic,31205013,ok,1809.57,381,0.3798620116983775,0.04646167311970792,0,1,1.0,1012.5532613529103,0.9886313659960594,0
TASK-2026-09-02-MOCK-PRODUCTION,mockL64,TASK-2026-09-02-MOCK-PRODUCTION/mockL64/results/M64_00134.json,64,64.0,0.35,0.2832,1024,6.0,systematic,31205014,ok,1858.44,381,0.4242602775183465,0.04749206928081188,0,1,1.0,1012.9224770120716,0.988722835813618,0
TASK-2026-09-02-MOCK-PRODUCTION,mockL64,TASK-2026-09-02-MOCK-PRODUCTION/mockL64/results/M64_00135.json,64,64.0,0.35,0.2832,1024,6.0,systematic,31205015,ok,1804.12,381,0.5311725727418579,0.07073901974057062,0,5,2.9962909834894473,1012.7692215792113,0.9889137462100822,0
TASK-2026-09-02-MOCK-PRODUCTION,mockL64,TASK-2026-09-02-MOCK-PRODUCTION/mockL64/results/M64_00136.json,64,64.0,0.35,0.2832,1024,6.0,systematic,31205016,ok,1877.7,381,0.4328100256322691,0.06137183050023575,0,2,1.1393379388876694,1012.5987415066154,0.9887555514064401,0
TASK-2026-09-02-MOCK-PRODUCTION,mockL64,TASK-2026-09-02-MOCK-PRODUCTION/mockL64/results/M64_00137.json,64,64.0,0.35,0.2832,1024,6.0,systematic,31205017,ok,1874.73,381,0.42838024824393733,0.05387697335003761,0,3,2.507259406622415,1012.049933860813,0.9886839734609151,0
TASK-2026-09-02-MOCK-PRODUCTION,mockL64,TASK-2026-09-02-MOCK-PRODUCTION/mockL64/results/M64_00138.json,64,64.0,0.35,0.2832,1024,6.0,systematic,31205018,ok,1859.53,381,0.43085209039774164,0.04372205699463596,0,3,1.1825093770651534,1012.4056060644151,0.9885251337313808,0
TASK-2026-09-02-MOCK-PRODUCTION,mockL64,TASK-2026-09-02-MOCK-PRODUCTION/mockL64/results/M64_00139.json,64,64.0,0.35,0.2832,1024,6.0,systematic,31205019,ok,1801.19,381,0.44688597321918766,0.05027031790469821,0,2,1.368012357533503,1012.3866538459818,0.9887691020905027,0
TASK-2026-09-02-MOCK-PRODUCTION,mockL64,TASK-2026-09-02-MOCK-PRODUCTION/mockL64/results/M64_00140.json,64,64.0,0.35,0.2832,1024,6.0,systematic,31205020,ok,1876.98,381,0.4205702140392613,0.04855578427514234,0,4,1.8889313224623323,1013.673360110244,0.9886852646205228,0
TASK-2026-09-02-MOCK-PRODUCTION,mockL64,TASK-2026-09-02-MOCK-PRODUCTION/mockL64/results/M64_00141.json,64,64.0,0.35,0.2832,1024,6.0,systematic,31205021,ok,1865.87,381,0.43825138904615424,0.0664475627165844,0,2,1.8552759622495958,1012.9855984096822,0.9885730827725542,0
TASK-2026-09-02-MOCK-PRODUCTION,mockL64,TASK-2026-09-02-MOCK-PRODUCTION/mockL64/results/M64_00142.json,64,64.0,0.35,0.2832,1024,6.0,systematic,31205022,ok,1861.44,381,0.43262893300286753,0.06138512649038975,0,2,1.0874975368436337,1012.460495437305,0.9884571702818071,0
TASK-2026-09-02-MOCK-PRODUCTION,mockL64,TASK-2026-09-02-MOCK-PRODUCTION/mockL64/results/M64_00143.json,64,64.0,0.35,0.2832,1024,6.0,systematic,31205023,ok,1865.44,381,0.4205762452474203,0.058790861528381935,0,3,1.0277839310743655,1012.8401325995628,0.9886359268498642,0
TASK-2026-09-02-SMC-HIGHRUNG-LAMBDA,armB(via TASK-2026-09-02-MOCK-PRODUCTION),TASK-2026-09-02-SMC-HIGHRUNG-LAMBDA/armB/results/B_00000.json,64,64.0,0.35,0.2932,1024,6.0,systematic,30300000,ok,1809.34,395,0.4074448424884833,0.049426170523771275,0,2,1.9996262295332063,1012.5727419682477,0.9886982468354656,0
TASK-2026-09-02-SMC-HIGHRUNG-LAMBDA,armB(via TASK-2026-09-02-MOCK-PRODUCTION),TASK-2026-09-02-SMC-HIGHRUNG-LAMBDA/armB/results/B_00001.json,64,64.0,0.35,0.2932,1024,6.0,systematic,30300001,ok,1807.84,395,0.42166569643507396,0.05612347742708057,0,2,1.0039138793360958,1011.3853362672604,0.9887530438456035,0
TASK-2026-09-02-SMC-HIGHRUNG-LAMBDA,armB(via TASK-2026-09-02-MOCK-PRODUCTION),TASK-2026-09-02-SMC-HIGHRUNG-LAMBDA/armB/results/B_00002.json,64,64.0,0.35,0.2932,1024,6.0,systematic,30300002,ok,1769.16,395,0.4273677182362233,0.055515418235603006,0,4,2.5217671532671173,1011.9974295064679,0.9886835465455677,0
TASK-2026-09-02-SMC-HIGHRUNG-LAMBDA,armB(via TASK-2026-09-02-MOCK-PRODUCTION),TASK-2026-09-02-SMC-HIGHRUNG-LAMBDA/armB/results/B_00003.json,64,64.0,0.35,0.2932,1024,6.0,systematic,30300003,ok,1769.18,395,0.42409195246857223,0.06850351327860156,0,3,1.4302729393149918,1012.0715989992236,0.9888218479840244,0
TASK-2026-09-02-SMC-HIGHRUNG-LAMBDA,armB(via TASK-2026-09-02-MOCK-PRODUCTION),TASK-2026-09-02-SMC-HIGHRUNG-LAMBDA/armB/results/B_00004.json,64,64.0,0.35,0.2932,1024,6.0,systematic,30300004,ok,1853.07,395,0.4613140528173855,0.04707153834938814,0,3,2.8279206243898227,1013.1229801098227,0.989049323285371,0
TASK-2026-09-02-SMC-HIGHRUNG-LAMBDA,armB(via TASK-2026-09-02-MOCK-PRODUCTION),TASK-2026-09-02-SMC-HIGHRUNG-LAMBDA/armB/results/B_00005.json,64,64.0,0.35,0.2932,1024,6.0,systematic,30300005,ok,1837.59,395,0.37698600286922757,0.04803266729139149,0,3,1.0078507662378606,1011.6047072562584,0.9889612744650651,0
TASK-2026-09-02-SMC-HIGHRUNG-LAMBDA,armB(via TASK-2026-09-02-MOCK-PRODUCTION),TASK-2026-09-02-SMC-HIGHRUNG-LAMBDA/armB/results/B_00006.json,64,64.0,0.35,0.2932,1024,6.0,systematic,30300006,ok,1820.72,395,0.4029871143641233,0.05303986189257199,0,1,1.0,1012.499970378762,0.9886534794149018,0
TASK-2026-09-02-SMC-HIGHRUNG-LAMBDA,armB(via TASK-2026-09-02-MOCK-PRODUCTION),TASK-2026-09-02-SMC-HIGHRUNG-LAMBDA/armB/results/B_00007.json,64,64.0,0.35,0.2932,1024,6.0,systematic,30300007,ok,1844.11,395,0.4081858202128652,0.04712488164408475,0,2,1.2608896413729413,1012.9744150109257,0.9888673582598468,0
TASK-2026-09-02-SMC-HIGHRUNG-LAMBDA,armB(via TASK-2026-09-02-MOCK-PRODUCTION),TASK-2026-09-02-SMC-HIGHRUNG-LAMBDA/armB/results/B_00008.json,64,64.0,0.35,0.2932,1024,6.0,systematic,30300008,ok,1858.45,395,0.4131482231927652,0.05608715472907564,0,3,2.19612705407296,1012.0689427355823,0.9888698419642922,0
TASK-2026-09-02-SMC-HIGHRUNG-LAMBDA,armB(via TASK-2026-09-02-MOCK-PRODUCTION),TASK-2026-09-02-SMC-HIGHRUNG-LAMBDA/armB/results/B_00009.json,64,64.0,0.35,0.2932,1024,6.0,systematic,30300009,ok,1826.71,395,0.3386965613486122,0.03934053668511197,0,2,1.1548499079270818,1012.6207200808423,0.9883691218964249,0
TASK-2026-09-02-SMC-HIGHRUNG-LAMBDA,armB(via TASK-2026-09-02-MOCK-PRODUCTION),TASK-2026-09-02-SMC-HIGHRUNG-LAMBDA/armB/results/B_00010.json,64,64.0,0.35,0.2932,1024,6.0,systematic,30300010,ok,1835.53,395,0.361631276335264,0.047393774101113034,0,2,1.0098133064197707,1011.9628664460319,0.9888282453037889,0
TASK-2026-09-02-SMC-HIGHRUNG-LAMBDA,armB(via TASK-2026-09-02-MOCK-PRODUCTION),TASK-2026-09-02-SMC-HIGHRUNG-LAMBDA/armB/results/B_00011.json,64,64.0,0.35,0.2932,1024,6.0,systematic,30300011,ok,1845.31,395,0.415137578135753,0.05234499227195714,0,2,1.330974098341512,1012.1629425013798,0.988770055451985,0
TASK-2026-09-02-SMC-HIGHRUNG-LAMBDA,armB(via TASK-2026-09-02-MOCK-PRODUCTION),TASK-2026-09-02-SMC-HIGHRUNG-LAMBDA/armB/results/B_00012.json,64,64.0,0.35,0.2932,1024,6.0,systematic,30300012,ok,1842.42,395,0.44844174948181714,0.05225058888550896,0,3,2.0928574564992637,1012.3983002572402,0.9887407791955874,0
TASK-2026-09-02-SMC-HIGHRUNG-LAMBDA,armB(via TASK-2026-09-02-MOCK-PRODUCTION),TASK-2026-09-02-SMC-HIGHRUNG-LAMBDA/armB/results/B_00013.json,64,64.0,0.35,0.2932,1024,6.0,systematic,30300013,ok,2014.16,395,0.42637242356549143,0.06701097091671039,0,3,1.8292796108984715,1011.1067798578122,0.9887849729241754,0
TASK-2026-09-02-SMC-HIGHRUNG-LAMBDA,armB(via TASK-2026-09-02-MOCK-PRODUCTION),TASK-2026-09-02-SMC-HIGHRUNG-LAMBDA/armB/results/B_00014.json,64,64.0,0.35,0.2932,1024,6.0,systematic,30300014,ok,1997.17,395,0.3860641284769668,0.04884818614874413,0,1,1.0,1010.9516587860045,0.9885380801787989,0
TASK-2026-09-02-SMC-HIGHRUNG-LAMBDA,armB(via TASK-2026-09-02-MOCK-PRODUCTION),TASK-2026-09-02-SMC-HIGHRUNG-LAMBDA/armB/results/B_00015.json,64,64.0,0.35,0.2932,1024,6.0,systematic,30300015,ok,2013.62,395,0.4158912741755893,0.055174615947433434,0,2,1.5698749580798161,1012.2297567680006,0.9887350373695079,0
TASK-2026-09-02-SMC-HIGHRUNG-LAMBDA,armB(via TASK-2026-09-02-MOCK-PRODUCTION),TASK-2026-09-02-SMC-HIGHRUNG-LAMBDA/armB/results/B_00016.json,64,64.0,0.35,0.2932,1024,6.0,systematic,30300016,ok,2006.67,395,0.43504284194770765,0.05346536814181599,0,4,1.9137392320046722,1012.4003438566511,0.9887578197377322,0
TASK-2026-09-02-SMC-HIGHRUNG-LAMBDA,armB(via TASK-2026-09-02-MOCK-PRODUCTION),TASK-2026-09-02-SMC-HIGHRUNG-LAMBDA/armB/results/B_00017.json,64,64.0,0.35,0.2932,1024,6.0,systematic,30300017,ok,2014.96,395,0.3911129129090822,0.05883203856535585,0,1,1.0,1011.8894996202307,0.9887370648151078,0
TASK-2026-09-02-SMC-HIGHRUNG-LAMBDA,armB(via TASK-2026-09-02-MOCK-PRODUCTION),TASK-2026-09-02-SMC-HIGHRUNG-LAMBDA/armB/results/B_00018.json,64,64.0,0.35,0.2932,1024,6.0,systematic,30300018,ok,2007.64,395,0.4380463872483545,0.05119140525941145,0,3,2.3372846220716403,1012.820794778192,0.9884547585334421,0
TASK-2026-09-02-SMC-HIGHRUNG-LAMBDA,armB(via TASK-2026-09-02-MOCK-PRODUCTION),TASK-2026-09-02-SMC-HIGHRUNG-LAMBDA/armB/results/B_00019.json,64,64.0,0.35,0.2932,1024,6.0,systematic,30300019,ok,2026.89,395,0.4626977507294815,0.05181455941840615,0,1,1.0,1013.1263478672325,0.9887844792431083,0
TASK-2026-09-02-SMC-HIGHRUNG-LAMBDA,armB(via TASK-2026-09-02-MOCK-PRODUCTION),TASK-2026-09-02-SMC-HIGHRUNG-LAMBDA/armB/results/B_00020.json,64,64.0,0.35,0.2932,1024,6.0,systematic,30300020,ok,2012.68,395,0.38707518380946676,0.04613770787156136,0,2,1.644629032460444,1012.6509874442286,0.9885425464463459,0
TASK-2026-09-02-SMC-HIGHRUNG-LAMBDA,armB(via TASK-2026-09-02-MOCK-PRODUCTION),TASK-2026-09-02-SMC-HIGHRUNG-LAMBDA/armB/results/B_00021.json,64,64.0,0.35,0.2932,1024,6.0,systematic,30300021,ok,1989.68,395,0.3761356073399857,0.035922301691344645,0,2,1.8908728942233828,1012.3383102146471,0.988349593883254,0
TASK-2026-09-02-SMC-HIGHRUNG-LAMBDA,armB(via TASK-2026-09-02-MOCK-PRODUCTION),TASK-2026-09-02-SMC-HIGHRUNG-LAMBDA/armB/results/B_00022.json,64,64.0,0.35,0.2932,1024,6.0,systematic,30300022,ok,2013.38,395,0.4083205568617463,0.05486140964148506,0,2,1.9039470673895755,1012.5679357326944,0.9888166326190775,0
TASK-2026-09-02-SMC-HIGHRUNG-LAMBDA,armB(via TASK-2026-09-02-MOCK-PRODUCTION),TASK-2026-09-02-SMC-HIGHRUNG-LAMBDA/armB/results/B_00023.json,64,64.0,0.35,0.2932,1024,6.0,systematic,30300023,ok,2016.31,395,0.39400686744028085,0.03674973967733594,0,3,2.986902449167944,1013.5759366235819,0.9886972246139166,0
TASK-2026-09-02-SMC-HIGHRUNG-LAMBDA,armB(via TASK-2026-09-02-MOCK-PRODUCTION),TASK-2026-09-02-SMC-HIGHRUNG-LAMBDA/armB/results/B_00024.json,64,64.0,0.35,0.2932,1024,6.0,systematic,30300024,ok,2034.11,395,0.41517100141734453,0.05413404720548564,0,3,1.1877089808530497,1013.4557411466811,0.989018421423526,0
TASK-2026-09-02-SMC-HIGHRUNG-LAMBDA,armB(via TASK-2026-09-02-MOCK-PRODUCTION),TASK-2026-09-02-SMC-HIGHRUNG-LAMBDA/armB/results/B_00025.json,64,64.0,0.35,0.2932,1024,6.0,systematic,30300025,ok,2025.07,395,0.41111516375620083,0.041929245705447954,0,1,1.0,1011.922947800952,0.9884971337209131,0
TASK-2026-09-02-SMC-HIGHRUNG-LAMBDA,armB(via TASK-2026-09-02-MOCK-PRODUCTION),TASK-2026-09-02-SMC-HIGHRUNG-LAMBDA/armB/results/B_00026.json,64,64.0,0.35,0.2932,1024,6.0,systematic,30300026,ok,1996.57,395,0.4084619524343412,0.04254567041132178,0,2,1.9818480787767676,1012.7176878170592,0.9885588894192611,0
TASK-2026-09-02-SMC-HIGHRUNG-LAMBDA,armB(via TASK-2026-09-02-MOCK-PRODUCTION),TASK-2026-09-02-SMC-HIGHRUNG-LAMBDA/armB/results/B_00027.json,64,64.0,0.35,0.2932,1024,6.0,systematic,30300027,ok,2006.08,395,0.44491793422040515,0.050194559462276335,0,1,1.0,1011.4840630020223,0.988783238232463,0
TASK-2026-09-02-SMC-HIGHRUNG-LAMBDA,armB(via TASK-2026-09-02-MOCK-PRODUCTION),TASK-2026-09-02-SMC-HIGHRUNG-LAMBDA/armB/results/B_00028.json,64,64.0,0.35,0.2932,1024,6.0,systematic,30300028,ok,1861.97,395,0.4243350095558149,0.050022221352518825,0,1,1.0,1013.6871880393818,0.9886662760598218,0
TASK-2026-09-02-SMC-HIGHRUNG-LAMBDA,armB(via TASK-2026-09-02-MOCK-PRODUCTION),TASK-2026-09-02-SMC-HIGHRUNG-LAMBDA/armB/results/B_00029.json,64,64.0,0.35,0.2932,1024,6.0,systematic,30300029,ok,1850.64,395,0.45733344242140617,0.04931728809132892,0,1,1.0,1012.5989082468421,0.9887124457682644,0
TASK-2026-09-02-SMC-HIGHRUNG-LAMBDA,armB(via TASK-2026-09-02-MOCK-PRODUCTION),TASK-2026-09-02-SMC-HIGHRUNG-LAMBDA/armB/results/B_00030.json,64,64.0,0.35,0.2932,1024,6.0,systematic,30300030,ok,1862.28,395,0.392007896564626,0.05491719043219984,0,2,1.9966410876478093,1013.2549251385982,0.9884739190951033,0
TASK-2026-09-02-SMC-HIGHRUNG-LAMBDA,armB(via TASK-2026-09-02-MOCK-PRODUCTION),TASK-2026-09-02-SMC-HIGHRUNG-LAMBDA/armB/results/B_00031.json,64,64.0,0.35,0.2932,1024,6.0,systematic,30300031,ok,1861.36,395,0.3347395930623828,0.052428563876286194,0,2,1.9400541732656413,1012.5171617656013,0.9887605589062686,0
TASK-2026-09-02-SMC-HIGHRUNG-LAMBDA,armB(via TASK-2026-09-02-MOCK-PRODUCTION),TASK-2026-09-02-SMC-HIGHRUNG-LAMBDA/armB/results/B_00032.json,64,64.0,0.35,0.2932,1024,6.0,systematic,30300032,ok,1876.01,395,0.39813397743838363,0.048477929275182505,0,3,1.4344051719656699,1012.1691655284216,0.9888012124035013,0
TASK-2026-09-02-SMC-HIGHRUNG-LAMBDA,armB(via TASK-2026-09-02-MOCK-PRODUCTION),TASK-2026-09-02-SMC-HIGHRUNG-LAMBDA/armB/results/B_00033.json,64,64.0,0.35,0.2932,1024,6.0,systematic,30300033,ok,1863.74,395,0.36168620606718516,0.04904573690009556,0,4,2.4698062455542,1011.7208247334198,0.9889992116824406,0
TASK-2026-09-02-SMC-HIGHRUNG-LAMBDA,armB(via TASK-2026-09-02-MOCK-PRODUCTION),TASK-2026-09-02-SMC-HIGHRUNG-LAMBDA/armB/results/B_00034.json,64,64.0,0.35,0.2932,1024,6.0,systematic,30300034,ok,1849.86,395,0.3274572649635632,0.05171840987637172,0,1,1.0,1012.6037606049684,0.9885682408282617,0
TASK-2026-09-02-SMC-HIGHRUNG-LAMBDA,armB(via TASK-2026-09-02-MOCK-PRODUCTION),TASK-2026-09-02-SMC-HIGHRUNG-LAMBDA/armB/results/B_00035.json,64,64.0,0.35,0.2932,1024,6.0,systematic,30300035,ok,1868.93,395,0.405953619274709,0.06512996885581732,0,2,1.1818403137820657,1011.7140599866157,0.9886052855814077,0
TASK-2026-09-02-SMC-HIGHRUNG-LAMBDA,armB(via TASK-2026-09-02-MOCK-PRODUCTION),TASK-2026-09-02-SMC-HIGHRUNG-LAMBDA/armB/results/B_00036.json,64,64.0,0.35,0.2932,1024,6.0,systematic,30300036,ok,1850.89,395,0.42331325565608774,0.05000383133799418,0,1,1.0,1011.8056483289846,0.9886636684668926,0
TASK-2026-09-02-SMC-HIGHRUNG-LAMBDA,armB(via TASK-2026-09-02-MOCK-PRODUCTION),TASK-2026-09-02-SMC-HIGHRUNG-LAMBDA/armB/results/B_00037.json,64,64.0,0.35,0.2932,1024,6.0,systematic,30300037,ok,1862.35,395,0.3994351799563013,0.05344251987403103,0,1,1.0,1011.9604589675191,0.9886260731585995,0
TASK-2026-09-02-SMC-HIGHRUNG-LAMBDA,armB(via TASK-2026-09-02-MOCK-PRODUCTION),TASK-2026-09-02-SMC-HIGHRUNG-LAMBDA/armB/results/B_00038.json,64,64.0,0.35,0.2932,1024,6.0,systematic,30300038,ok,1856.8,395,0.44213785840800734,0.04435701029676852,0,1,1.0,1011.5476059886377,0.9885205494138992,0
TASK-2026-09-02-SMC-HIGHRUNG-LAMBDA,armB(via TASK-2026-09-02-MOCK-PRODUCTION),TASK-2026-09-02-SMC-HIGHRUNG-LAMBDA/armB/results/B_00039.json,64,64.0,0.35,0.2932,1024,6.0,systematic,30300039,ok,1852.91,395,0.3285377776715206,0.05041106272843103,0,3,2.5179158882544197,1012.5525196335267,0.9886066626133901,0
TASK-2026-09-02-SMC-HIGHRUNG-LAMBDA,armB(via TASK-2026-09-02-MOCK-PRODUCTION),TASK-2026-09-02-SMC-HIGHRUNG-LAMBDA/armB/results/B_00040.json,64,64.0,0.35,0.2932,1024,6.0,systematic,30300040,ok,1844.18,395,0.36442387364740764,0.04132352701995346,0,1,1.0,1011.892165255937,0.988527003810522,0
TASK-2026-09-02-SMC-HIGHRUNG-LAMBDA,armB(via TASK-2026-09-02-MOCK-PRODUCTION),TASK-2026-09-02-SMC-HIGHRUNG-LAMBDA/armB/results/B_00041.json,64,64.0,0.35,0.2932,1024,6.0,systematic,30300041,ok,1846.24,395,0.3804436694615626,0.04272924531502489,0,1,1.0,1013.1451767797562,0.9886066589754403,0
TASK-2026-09-02-SMC-HIGHRUNG-LAMBDA,armB(via TASK-2026-09-02-MOCK-PRODUCTION),TASK-2026-09-02-SMC-HIGHRUNG-LAMBDA/armB/results/B_00042.json,64,64.0,0.35,0.2932,1024,6.0,systematic,30300042,ok,1859.14,395,0.386102847937124,0.050593595619794623,0,1,1.0,1012.2435188259448,0.9889119585381149,0
TASK-2026-09-02-SMC-HIGHRUNG-LAMBDA,armB(via TASK-2026-09-02-MOCK-PRODUCTION),TASK-2026-09-02-SMC-HIGHRUNG-LAMBDA/armB/results/B_00043.json,64,64.0,0.35,0.2932,1024,6.0,systematic,30300043,ok,1854.23,395,0.38001925113834,0.04900275819200098,0,3,2.25241550563439,1012.5650054851156,0.9885431184039086,0
TASK-2026-09-02-SMC-HIGHRUNG-LAMBDA,armB(via TASK-2026-09-02-MOCK-PRODUCTION),TASK-2026-09-02-SMC-HIGHRUNG-LAMBDA/armB/results/B_00044.json,64,64.0,0.35,0.2932,1024,6.0,systematic,30300044,ok,1843.75,395,0.3548640790188411,0.04370105888059873,0,2,1.0520688686438977,1011.9077142779594,0.9886458131212941,0
TASK-2026-09-02-SMC-HIGHRUNG-LAMBDA,armB(via TASK-2026-09-02-MOCK-PRODUCTION),TASK-2026-09-02-SMC-HIGHRUNG-LAMBDA/armB/results/B_00045.json,64,64.0,0.35,0.2932,1024,6.0,systematic,30300045,ok,1839.54,395,0.3721091586618196,0.05311914445798665,0,3,2.577988012056783,1012.4795901698379,0.9888304457064198,0
TASK-2026-09-02-SMC-HIGHRUNG-LAMBDA,armB(via TASK-2026-09-02-MOCK-PRODUCTION),TASK-2026-09-02-SMC-HIGHRUNG-LAMBDA/armB/results/B_00046.json,64,64.0,0.35,0.2932,1024,6.0,systematic,30300046,ok,1828.97,395,0.4181482072242054,0.04150100138126217,0,1,1.0,1012.2881752672819,0.9884754373306612,0
TASK-2026-09-02-SMC-HIGHRUNG-LAMBDA,armB(via TASK-2026-09-02-MOCK-PRODUCTION),TASK-2026-09-02-SMC-HIGHRUNG-LAMBDA/armB/results/B_00047.json,64,64.0,0.35,0.2932,1024,6.0,systematic,30300047,ok,1830.88,395,0.4116357845981149,0.04537882621016307,0,1,1.0,1012.5415902625433,0.9883411726399373,0
TASK-2026-09-02-SMC-HIGHRUNG-LAMBDA,armB(via TASK-2026-09-02-MOCK-PRODUCTION),TASK-2026-09-02-SMC-HIGHRUNG-LAMBDA/armB/results/B_00048.json,64,64.0,0.35,0.2932,1024,6.0,systematic,30300048,ok,1850.17,395,0.42187869954505053,0.06276475107911127,0,3,1.251717181363479,1012.17047877443,0.9889005341685327,0
TASK-2026-09-02-SMC-HIGHRUNG-LAMBDA,armB(via TASK-2026-09-02-MOCK-PRODUCTION),TASK-2026-09-02-SMC-HIGHRUNG-LAMBDA/armB/results/B_00049.json,64,64.0,0.35,0.2932,1024,6.0,systematic,30300049,ok,1838.01,395,0.3651321511754383,0.0448415349233484,0,2,1.0177325959472234,1012.6727882345424,0.988803593745109,0
TASK-2026-09-02-SMC-HIGHRUNG-LAMBDA,armB(via TASK-2026-09-02-MOCK-PRODUCTION),TASK-2026-09-02-SMC-HIGHRUNG-LAMBDA/armB/results/B_00050.json,64,64.0,0.35,0.2932,1024,6.0,systematic,30300050,ok,1836.22,395,0.4392913850570817,0.045164394077745446,0,2,1.1218244025394082,1013.5364531766894,0.9886950727225878,0
TASK-2026-09-02-SMC-HIGHRUNG-LAMBDA,armB(via TASK-2026-09-02-MOCK-PRODUCTION),TASK-2026-09-02-SMC-HIGHRUNG-LAMBDA/armB/results/B_00051.json,64,64.0,0.35,0.2932,1024,6.0,systematic,30300051,ok,1837.71,395,0.36004088769191767,0.03799689282826209,0,4,1.4735013813513353,1013.3935107631971,0.9886212485649225,0
TASK-2026-09-02-SMC-HIGHRUNG-LAMBDA,armB(via TASK-2026-09-02-MOCK-PRODUCTION),TASK-2026-09-02-SMC-HIGHRUNG-LAMBDA/armB/results/B_00052.json,64,64.0,0.35,0.2932,1024,6.0,systematic,30300052,ok,1854.49,395,0.40857472812270335,0.051965029700388146,0,1,1.0,1012.3070618056718,0.9888861220018483,0
TASK-2026-09-02-SMC-HIGHRUNG-LAMBDA,armB(via TASK-2026-09-02-MOCK-PRODUCTION),TASK-2026-09-02-SMC-HIGHRUNG-LAMBDA/armB/results/B_00053.json,64,64.0,0.35,0.2932,1024,6.0,systematic,30300053,ok,1864.62,395,0.41886301391567576,0.050498709294564494,0,1,1.0,1012.921859978466,0.9884787757937216,0
TASK-2026-09-02-SMC-HIGHRUNG-LAMBDA,armB(via TASK-2026-09-02-MOCK-PRODUCTION),TASK-2026-09-02-SMC-HIGHRUNG-LAMBDA/armB/results/B_00054.json,64,64.0,0.35,0.2932,1024,6.0,systematic,30300054,ok,1780.29,395,0.4072820258976883,0.04925397865588938,0,2,1.0157470551766894,1011.7528064868277,0.9885377482440402,0
TASK-2026-09-02-SMC-HIGHRUNG-LAMBDA,armB(via TASK-2026-09-02-MOCK-PRODUCTION),TASK-2026-09-02-SMC-HIGHRUNG-LAMBDA/armB/results/B_00055.json,64,64.0,0.35,0.2932,1024,6.0,systematic,30300055,ok,1780.99,395,0.4390712226452232,0.056702113740986416,0,2,1.1218244025394082,1013.0678607895089,0.9887106281009488,0
TASK-2026-09-02-SMC-HIGHRUNG-LAMBDA,armB(via TASK-2026-09-02-MOCK-PRODUCTION),TASK-2026-09-02-SMC-HIGHRUNG-LAMBDA/armB/results/B_00056.json,64,64.0,0.35,0.2932,1024,6.0,systematic,30300056,ok,1784.6,395,0.4331883699124318,0.05044812818029404,0,3,2.043617398625604,1012.5071521578787,0.9887757928296258,0
TASK-2026-09-02-SMC-HIGHRUNG-LAMBDA,armB(via TASK-2026-09-02-MOCK-PRODUCTION),TASK-2026-09-02-SMC-HIGHRUNG-LAMBDA/armB/results/B_00057.json,64,64.0,0.35,0.2932,1024,6.0,systematic,30300057,ok,1788.16,395,0.3890571060667265,0.03900593932003877,0,3,1.548820116511279,1012.9510827870537,0.9886851337638288,0
TASK-2026-09-02-SMC-HIGHRUNG-LAMBDA,armB(via TASK-2026-09-02-MOCK-PRODUCTION),TASK-2026-09-02-SMC-HIGHRUNG-LAMBDA/armB/results/B_00058.json,64,64.0,0.35,0.2932,1024,6.0,systematic,30300058,ok,1807.32,395,0.4412649839491459,0.045867359961926306,0,2,1.8735745962770654,1013.1052822517842,0.9888825592717716,0
TASK-2026-09-02-SMC-HIGHRUNG-LAMBDA,armB(via TASK-2026-09-02-MOCK-PRODUCTION),TASK-2026-09-02-SMC-HIGHRUNG-LAMBDA/armB/results/B_00059.json,64,64.0,0.35,0.2932,1024,6.0,systematic,30300059,ok,1779.01,395,0.45445397512881147,0.047769289538539254,0,3,1.2096450811332116,1012.6007612770363,0.9889792524819099,0
TASK-2026-09-02-SMC-HIGHRUNG-LAMBDA,armB(via TASK-2026-09-02-MOCK-PRODUCTION),TASK-2026-09-02-SMC-HIGHRUNG-LAMBDA/armB/results/B_00060.json,64,64.0,0.35,0.2932,1024,6.0,systematic,30300060,ok,1787.05,395,0.3671278478647648,0.048015009382411294,0,3,1.0217628980298994,1012.5200077196533,0.988784489539144,0
TASK-2026-09-02-SMC-HIGHRUNG-LAMBDA,armB(via TASK-2026-09-02-MOCK-PRODUCTION),TASK-2026-09-02-SMC-HIGHRUNG-LAMBDA/armB/results/B_00061.json,64,64.0,0.35,0.2932,1024,6.0,systematic,30300061,ok,1786.6,395,0.3749888312455819,0.05221003704448101,0,3,2.230035346209959,1012.3051982912278,0.9884773362758444,0
TASK-2026-09-02-SMC-HIGHRUNG-LAMBDA,armB(via TASK-2026-09-02-MOCK-PRODUCTION),TASK-2026-09-02-SMC-HIGHRUNG-LAMBDA/armB/results/B_00062.json,64,64.0,0.35,0.2932,1024,6.0,systematic,30300062,ok,1792.11,395,0.39796911340783514,0.045033380810680076,0,2,1.8055984130482698,1012.4172701325514,0.9886304826111678,0
TASK-2026-09-02-SMC-HIGHRUNG-LAMBDA,armB(via TASK-2026-09-02-MOCK-PRODUCTION),TASK-2026-09-02-SMC-HIGHRUNG-LAMBDA/armB/results/B_00063.json,64,64.0,0.35,0.2932,1024,6.0,systematic,30300063,ok,1800.48,395,0.39597854199708915,0.05007014010477024,0,1,1.0,1012.3147178505608,0.9888031504209854,0
TASK-2026-09-02-SMC-HIGHRUNG-LAMBDA,armB(via TASK-2026-09-02-MOCK-PRODUCTION),TASK-2026-09-02-SMC-HIGHRUNG-LAMBDA/armB/results/B_00064.json,64,64.0,0.35,0.2932,1024,6.0,systematic,30300064,ok,2011.33,395,0.33375741905539535,0.04013737812958709,0,2,1.1153165418652145,1012.6735185800837,0.9882956738420208,0
TASK-2026-09-02-SMC-HIGHRUNG-LAMBDA,armB(via TASK-2026-09-02-MOCK-PRODUCTION),TASK-2026-09-02-SMC-HIGHRUNG-LAMBDA/armB/results/B_00065.json,64,64.0,0.35,0.2932,1024,6.0,systematic,30300065,ok,2036.53,395,0.4848176172470403,0.05682629536331837,0,3,1.660331947316585,1011.8935139777577,0.9889681923036963,0
TASK-2026-09-02-SMC-HIGHRUNG-LAMBDA,armB(via TASK-2026-09-02-MOCK-PRODUCTION),TASK-2026-09-02-SMC-HIGHRUNG-LAMBDA/armB/results/B_00066.json,64,64.0,0.35,0.2932,1024,6.0,systematic,30300066,ok,1783.23,395,0.35520115986349093,0.044781044730342064,0,4,1.594777842331477,1012.6846273621269,0.9885426774159395,0
TASK-2026-09-02-SMC-HIGHRUNG-LAMBDA,armB(via TASK-2026-09-02-MOCK-PRODUCTION),TASK-2026-09-02-SMC-HIGHRUNG-LAMBDA/armB/results/B_00067.json,64,64.0,0.35,0.2932,1024,6.0,systematic,30300067,ok,1781.89,395,0.4587454620360926,0.05161650566821264,0,2,1.104543204154509,1011.6217964120156,0.988926638822716,0
TASK-2026-09-02-SMC-HIGHRUNG-LAMBDA,armB(via TASK-2026-09-02-MOCK-PRODUCTION),TASK-2026-09-02-SMC-HIGHRUNG-LAMBDA/armB/results/B_00068.json,64,64.0,0.35,0.2932,1024,6.0,systematic,30300068,ok,2009.59,395,0.4269301273213766,0.051538374471063145,0,4,1.528728091276749,1012.5064300617483,0.9887229557443291,0
TASK-2026-09-02-SMC-HIGHRUNG-LAMBDA,armB(via TASK-2026-09-02-MOCK-PRODUCTION),TASK-2026-09-02-SMC-HIGHRUNG-LAMBDA/armB/results/B_00069.json,64,64.0,0.35,0.2932,1024,6.0,systematic,30300069,ok,1983.38,395,0.48433896335202953,0.06355239336035337,0,1,1.0,1012.0552613862676,0.9885977077057728,0
TASK-2026-09-02-SMC-HIGHRUNG-LAMBDA,armB(via TASK-2026-09-02-MOCK-PRODUCTION),TASK-2026-09-02-SMC-HIGHRUNG-LAMBDA/armB/results/B_00070.json,64,64.0,0.35,0.2932,1024,6.0,systematic,30300070,ok,1969.5,395,0.37165768205105865,0.04906311978256664,0,1,1.0,1011.64553973692,0.988354186013553,0
TASK-2026-09-02-SMC-HIGHRUNG-LAMBDA,armB(via TASK-2026-09-02-MOCK-PRODUCTION),TASK-2026-09-02-SMC-HIGHRUNG-LAMBDA/armB/results/B_00071.json,64,64.0,0.35,0.2932,1024,6.0,systematic,30300071,ok,1993.9,395,0.3569685815107836,0.039051829430655265,0,4,1.1603733287298015,1012.5738781930653,0.9888227539846561,0
TASK-2026-09-02-SMC-HIGHRUNG-LAMBDA,armB(via TASK-2026-09-02-MOCK-PRODUCTION),TASK-2026-09-02-SMC-HIGHRUNG-LAMBDA/armB/results/B_00072.json,64,64.0,0.35,0.2932,1024,6.0,systematic,30300072,ok,1993.28,395,0.42184394991992497,0.04792583973427129,0,2,1.773442071757889,1012.9571672097895,0.9888144955440068,0
TASK-2026-09-02-SMC-HIGHRUNG-LAMBDA,armB(via TASK-2026-09-02-MOCK-PRODUCTION),TASK-2026-09-02-SMC-HIGHRUNG-LAMBDA/armB/results/B_00073.json,64,64.0,0.35,0.2932,1024,6.0,systematic,30300073,ok,1996.4,395,0.400873737731562,0.04655302973758021,0,3,1.1645565121589323,1012.4851932094333,0.9887857151926491,0
TASK-2026-09-02-SMC-HIGHRUNG-LAMBDA,armB(via TASK-2026-09-02-MOCK-PRODUCTION),TASK-2026-09-02-SMC-HIGHRUNG-LAMBDA/armB/results/B_00074.json,64,64.0,0.35,0.2932,1024,6.0,systematic,30300074,ok,1980.14,395,0.4088892452105481,0.05365947038448487,0,4,2.821467971865397,1012.418263825276,0.9887512412187774,0
TASK-2026-09-02-SMC-HIGHRUNG-LAMBDA,armB(via TASK-2026-09-02-MOCK-PRODUCTION),TASK-2026-09-02-SMC-HIGHRUNG-LAMBDA/armB/results/B_00075.json,64,64.0,0.35,0.2932,1024,6.0,systematic,30300075,ok,1963.0,395,0.3695926433021909,0.04594740421336604,0,1,1.0,1012.5199938647909,0.9885266315018266,0
TASK-2026-09-02-SMC-HIGHRUNG-LAMBDA,armB(via TASK-2026-09-02-MOCK-PRODUCTION),TASK-2026-09-02-SMC-HIGHRUNG-LAMBDA/armB/results/B_00076.json,64,64.0,0.35,0.2932,1024,6.0,systematic,30300076,ok,1793.3,395,0.4328173877385307,0.05081008518618544,0,2,1.0459297976120416,1012.6367530867919,0.9887807107534198,0
TASK-2026-09-02-SMC-HIGHRUNG-LAMBDA,armB(via TASK-2026-09-02-MOCK-PRODUCTION),TASK-2026-09-02-SMC-HIGHRUNG-LAMBDA/armB/results/B_00077.json,64,64.0,0.35,0.2932,1024,6.0,systematic,30300077,ok,1783.32,395,0.36307512141623305,0.03948850836634605,0,1,1.0,1012.9007807652681,0.9885912889145456,0
TASK-2026-09-02-SMC-HIGHRUNG-LAMBDA,armB(via TASK-2026-09-02-MOCK-PRODUCTION),TASK-2026-09-02-SMC-HIGHRUNG-LAMBDA/armB/results/B_00078.json,64,64.0,0.35,0.2932,1024,6.0,systematic,30300078,ok,1832.98,395,0.3872186253943355,0.04927548414277471,0,3,1.3128566742373213,1012.120753033145,0.9885993236825859,0
TASK-2026-09-02-SMC-HIGHRUNG-LAMBDA,armB(via TASK-2026-09-02-MOCK-PRODUCTION),TASK-2026-09-02-SMC-HIGHRUNG-LAMBDA/armB/results/B_00079.json,64,64.0,0.35,0.2932,1024,6.0,systematic,30300079,ok,1829.94,395,0.3690718636346335,0.06293559202982357,0,1,1.0,1012.2784977579732,0.9886638655816039,0
TASK-2026-09-02-SMC-HIGHRUNG-LAMBDA,armB(via TASK-2026-09-02-MOCK-PRODUCTION),TASK-2026-09-02-SMC-HIGHRUNG-LAMBDA/armB/results/B_00080.json,64,64.0,0.35,0.2932,1024,6.0,systematic,30300080,ok,1831.31,395,0.36262377980328087,0.05137142799556831,0,2,1.0520688686438977,1012.1136653168321,0.9886662703963807,0
TASK-2026-09-02-SMC-HIGHRUNG-LAMBDA,armB(via TASK-2026-09-02-MOCK-PRODUCTION),TASK-2026-09-02-SMC-HIGHRUNG-LAMBDA/armB/results/B_00081.json,64,64.0,0.35,0.2932,1024,6.0,systematic,30300081,ok,1992.27,395,0.4224952626763803,0.05583373465584743,0,6,3.0677159825634126,1012.8944725526172,0.9888253285549561,0
TASK-2026-09-02-SMC-HIGHRUNG-LAMBDA,armB(via TASK-2026-09-02-MOCK-PRODUCTION),TASK-2026-09-02-SMC-HIGHRUNG-LAMBDA/armB/results/B_00082.json,64,64.0,0.35,0.2932,1024,6.0,systematic,30300082,ok,1988.16,395,0.43170777965217527,0.04151478980200667,0,2,1.0257128603429555,1011.6234266426703,0.9887012973510952,0
TASK-2026-09-02-SMC-HIGHRUNG-LAMBDA,armB(via TASK-2026-09-02-MOCK-PRODUCTION),TASK-2026-09-02-SMC-HIGHRUNG-LAMBDA/armB/results/B_00083.json,64,64.0,0.35,0.2932,1024,6.0,systematic,30300083,ok,1986.39,395,0.4337853415792611,0.058061291967740236,0,1,1.0,1011.9920042034241,0.9886695731688759,0
TASK-2026-09-02-SMC-HIGHRUNG-LAMBDA,armB(via TASK-2026-09-02-MOCK-PRODUCTION),TASK-2026-09-02-SMC-HIGHRUNG-LAMBDA/armB/results/B_00084.json,64,64.0,0.35,0.2932,1024,6.0,systematic,30300084,ok,1820.1,395,0.40088402775173604,0.05148111160726284,0,2,1.9989019703531996,1013.0119626768276,0.9886808927439564,0
TASK-2026-09-02-SMC-HIGHRUNG-LAMBDA,armB(via TASK-2026-09-02-MOCK-PRODUCTION),TASK-2026-09-02-SMC-HIGHRUNG-LAMBDA/armB/results/B_00085.json,64,64.0,0.35,0.2932,1024,6.0,systematic,30300085,ok,1832.46,395,0.39967675757495086,0.05028099726592724,0,2,1.5395602330389024,1012.1953288431799,0.9887018703342869,0
TASK-2026-09-02-SMC-HIGHRUNG-LAMBDA,armB(via TASK-2026-09-02-MOCK-PRODUCTION),TASK-2026-09-02-SMC-HIGHRUNG-LAMBDA/armB/results/B_00086.json,64,64.0,0.35,0.2932,1024,6.0,systematic,30300086,ok,1854.61,395,0.4777532529385075,0.04922944918064581,0,2,1.5496807755970678,1013.8996113227239,0.9889104649431514,0
TASK-2026-09-02-SMC-HIGHRUNG-LAMBDA,armB(via TASK-2026-09-02-MOCK-PRODUCTION),TASK-2026-09-02-SMC-HIGHRUNG-LAMBDA/armB/results/B_00087.json,64,64.0,0.35,0.2932,1024,6.0,systematic,30300087,ok,1996.58,395,0.4918353831124278,0.050029616868849755,0,2,1.8942066947269542,1012.0985684105507,0.9889540516180748,0
TASK-2026-09-02-SMC-HIGHRUNG-LAMBDA,armB(via TASK-2026-09-02-MOCK-PRODUCTION),TASK-2026-09-02-SMC-HIGHRUNG-LAMBDA/armB/results/B_00088.json,64,64.0,0.35,0.2932,1024,6.0,systematic,30300088,ok,2002.52,395,0.40884874427271906,0.041957423212943185,0,2,1.709644074152577,1012.984490371903,0.9886195082350137,0
TASK-2026-09-02-SMC-HIGHRUNG-LAMBDA,armB(via TASK-2026-09-02-MOCK-PRODUCTION),TASK-2026-09-02-SMC-HIGHRUNG-LAMBDA/armB/results/B_00089.json,64,64.0,0.35,0.2932,1024,6.0,systematic,30300089,ok,1987.78,395,0.3843826721089524,0.04528219943763814,0,3,1.1238684424323102,1012.4747798764097,0.9887605541272694,0
TASK-2026-09-02-SMC-HIGHRUNG-LAMBDA,armB(via TASK-2026-09-02-MOCK-PRODUCTION),TASK-2026-09-02-SMC-HIGHRUNG-LAMBDA/armB/results/B_00090.json,64,64.0,0.35,0.2932,1024,6.0,systematic,30300090,ok,1837.4,395,0.43987534676059115,0.04728122129071939,0,2,1.007843016639498,1011.4828919576895,0.9887837453466384,0
TASK-2026-09-02-SMC-HIGHRUNG-LAMBDA,armB(via TASK-2026-09-02-MOCK-PRODUCTION),TASK-2026-09-02-SMC-HIGHRUNG-LAMBDA/armB/results/B_00091.json,64,64.0,0.35,0.2932,1024,6.0,systematic,30300091,ok,2000.0,395,0.35908890040126945,0.041260424184598424,0,2,1.4508383397579758,1013.0990058983967,0.9886722432600376,0
TASK-2026-09-02-SMC-HIGHRUNG-LAMBDA,armB(via TASK-2026-09-02-MOCK-PRODUCTION),TASK-2026-09-02-SMC-HIGHRUNG-LAMBDA/armB/results/B_00092.json,64,64.0,0.35,0.2932,1024,6.0,systematic,30300092,ok,1978.48,395,0.3400369507340545,0.046966736329623816,0,3,1.0689218586576905,1012.043314600589,0.9883931220901553,0
TASK-2026-09-02-SMC-HIGHRUNG-LAMBDA,armB(via TASK-2026-09-02-MOCK-PRODUCTION),TASK-2026-09-02-SMC-HIGHRUNG-LAMBDA/armB/results/B_00093.json,64,64.0,0.35,0.2932,1024,6.0,systematic,30300093,ok,1972.87,395,0.391937056178774,0.05078311204906336,0,3,1.6612578700051015,1013.0110590839056,0.9884706498314573,0
TASK-2026-09-02-SMC-HIGHRUNG-LAMBDA,armB(via TASK-2026-09-02-MOCK-PRODUCTION),TASK-2026-09-02-SMC-HIGHRUNG-LAMBDA/armB/results/B_00094.json,64,64.0,0.35,0.2932,1024,6.0,systematic,30300094,ok,1970.97,395,0.3600597070128708,0.05430092995404115,0,1,1.0,1013.3432724707219,0.9884822460193369,0
TASK-2026-09-02-SMC-HIGHRUNG-LAMBDA,armB(via TASK-2026-09-02-MOCK-PRODUCTION),TASK-2026-09-02-SMC-HIGHRUNG-LAMBDA/armB/results/B_00095.json,64,64.0,0.35,0.2932,1024,6.0,systematic,30300095,ok,1987.8,395,0.37948877409296694,0.05284795001089155,0,2,1.8179952009098852,1011.7612402217455,0.988632072304351,0
TASK-2026-09-02-SMC-HIGHRUNG-LAMBDA,armB(via TASK-2026-09-02-MOCK-PRODUCTION),TASK-2026-09-02-SMC-HIGHRUNG-LAMBDA/armB/results/B_00096.json,64,64.0,0.35,0.3032,1024,6.0,systematic,30301000,ok,2052.93,408,0.3246121892669622,0.03362246105992077,0,3,2.395004316862258,1011.7930964434104,0.9887200951727942,0
TASK-2026-09-02-SMC-HIGHRUNG-LAMBDA,armB(via TASK-2026-09-02-MOCK-PRODUCTION),TASK-2026-09-02-SMC-HIGHRUNG-LAMBDA/armB/results/B_00097.json,64,64.0,0.35,0.3032,1024,6.0,systematic,30301001,ok,1858.99,408,0.36112591240203995,0.0367309698424876,0,2,1.2872122856336161,1012.6039162475633,0.9884289422769941,0
TASK-2026-09-02-SMC-HIGHRUNG-LAMBDA,armB(via TASK-2026-09-02-MOCK-PRODUCTION),TASK-2026-09-02-SMC-HIGHRUNG-LAMBDA/armB/results/B_00098.json,64,64.0,0.35,0.3032,1024,6.0,systematic,30301002,ok,1963.65,408,0.3325024588303252,0.04910349933951606,0,2,1.3580901856763925,1012.757684755342,0.9885302869234251,0
TASK-2026-09-02-SMC-HIGHRUNG-LAMBDA,armB(via TASK-2026-09-02-MOCK-PRODUCTION),TASK-2026-09-02-SMC-HIGHRUNG-LAMBDA/armB/results/B_00099.json,64,64.0,0.35,0.3032,1024,6.0,systematic,30301003,ok,1872.82,408,0.3106661739022363,0.03496379979930512,0,2,1.5522087580565416,1012.153648111201,0.9885548893406644,0
TASK-2026-09-02-SMC-HIGHRUNG-LAMBDA,armB(via TASK-2026-09-02-MOCK-PRODUCTION),TASK-2026-09-02-SMC-HIGHRUNG-LAMBDA/armB/results/B_00100.json,64,64.0,0.35,0.3032,1024,6.0,systematic,30301004,ok,1836.52,408,0.3717332334930922,0.04689936183867528,0,1,1.0,1013.7415870679106,0.9883645489717011,0
TASK-2026-09-02-SMC-HIGHRUNG-LAMBDA,armB(via TASK-2026-09-02-MOCK-PRODUCTION),TASK-2026-09-02-SMC-HIGHRUNG-LAMBDA/armB/results/B_00101.json,64,64.0,0.35,0.3032,1024,6.0,systematic,30301005,ok,1868.37,408,0.3901181810457526,0.04344466548242759,0,3,1.4784960336596082,1012.3479630137556,0.9885810848868292,0
TASK-2026-09-02-SMC-HIGHRUNG-LAMBDA,armB(via TASK-2026-09-02-MOCK-PRODUCTION),TASK-2026-09-02-SMC-HIGHRUNG-LAMBDA/armB/results/B_00102.json,64,64.0,0.35,0.3032,1024,6.0,systematic,30301006,ok,1887.05,408,0.3727328519657556,0.04043453394777901,0,2,1.0197219477660129,1012.5941072840493,0.9885484642624183,0
TASK-2026-09-02-SMC-HIGHRUNG-LAMBDA,armB(via TASK-2026-09-02-MOCK-PRODUCTION),TASK-2026-09-02-SMC-HIGHRUNG-LAMBDA/armB/results/B_00103.json,64,64.0,0.35,0.3032,1024,6.0,systematic,30301007,ok,1871.04,408,0.3619049209657449,0.04318396245878271,0,1,1.0,1012.558655455572,0.9883660197914248,0
TASK-2026-09-02-SMC-HIGHRUNG-LAMBDA,armB(via TASK-2026-09-02-MOCK-PRODUCTION),TASK-2026-09-02-SMC-HIGHRUNG-LAMBDA/armB/results/B_00104.json,64,64.0,0.35,0.3032,1024,6.0,systematic,30301008,ok,1879.89,408,0.3222137781505767,0.041500384282120294,0,2,1.9998092833248782,1013.0770431988269,0.9886681059494478,0
TASK-2026-09-02-SMC-HIGHRUNG-LAMBDA,armB(via TASK-2026-09-02-MOCK-PRODUCTION),TASK-2026-09-02-SMC-HIGHRUNG-LAMBDA/armB/results/B_00105.json,64,64.0,0.35,0.3032,1024,6.0,systematic,30301009,ok,1868.17,408,0.38127340819571853,0.04834683477552048,0,5,2.214100804493338,1012.2961315215091,0.9885832095415118,0
TASK-2026-09-02-SMC-HIGHRUNG-LAMBDA,armB(via TASK-2026-09-02-MOCK-PRODUCTION),TASK-2026-09-02-SMC-HIGHRUNG-LAMBDA/armB/results/B_00106.json,64,64.0,0.35,0.3032,1024,6.0,systematic,30301010,ok,1871.42,408,0.3453460591393669,0.029692598816066174,0,3,1.0668772116893186,1012.5069444713102,0.9884338448942238,0
TASK-2026-09-02-SMC-HIGHRUNG-LAMBDA,armB(via TASK-2026-09-02-MOCK-PRODUCTION),TASK-2026-09-02-SMC-HIGHRUNG-LAMBDA/armB/results/B_00107.json,64,64.0,0.35,0.3032,1024,6.0,systematic,30301011,ok,1882.44,408,0.3363888949049523,0.0479082689483578,0,3,1.5410626315356308,1012.1838663027661,0.9888059371845762,0
TASK-2026-09-02-SMC-HIGHRUNG-LAMBDA,armB(via TASK-2026-09-02-MOCK-PRODUCTION),TASK-2026-09-02-SMC-HIGHRUNG-LAMBDA/armB/results/B_00108.json,64,64.0,0.35,0.3032,1024,6.0,systematic,30301012,ok,1882.61,408,0.39251955857016674,0.04270914106329589,0,4,2.4628682290712476,1013.516090545745,0.9887600150926993,0
TASK-2026-09-02-SMC-HIGHRUNG-LAMBDA,armB(via TASK-2026-09-02-MOCK-PRODUCTION),TASK-2026-09-02-SMC-HIGHRUNG-LAMBDA/armB/results/B_00109.json,64,64.0,0.35,0.3032,1024,6.0,systematic,30301013,ok,1870.79,408,0.3328012134891185,0.032000492203104546,0,3,2.487524138029198,1012.074079089442,0.9884043283257521,0
TASK-2026-09-02-SMC-HIGHRUNG-LAMBDA,armB(via TASK-2026-09-02-MOCK-PRODUCTION),TASK-2026-09-02-SMC-HIGHRUNG-LAMBDA/armB/results/B_00110.json,64,64.0,0.35,0.3032,1024,6.0,systematic,30301014,ok,1870.56,408,0.3430259201946888,0.03803909180079923,0,3,1.7398841820565152,1012.5418153410528,0.9885235498883949,0
TASK-2026-09-02-SMC-HIGHRUNG-LAMBDA,armB(via TASK-2026-09-02-MOCK-PRODUCTION),TASK-2026-09-02-SMC-HIGHRUNG-LAMBDA/armB/results/B_00111.json,64,64.0,0.35,0.3032,1024,6.0,systematic,30301015,ok,1788.56,408,0.37399106898162104,0.04724146274690614,0,3,1.4691905675974837,1012.0951808239697,0.9884717523636527,0
TASK-2026-09-02-SMC-HIGHRUNG-LAMBDA,armB(via TASK-2026-09-02-MOCK-PRODUCTION),TASK-2026-09-02-SMC-HIGHRUNG-LAMBDA/armB/results/B_00112.json,64,64.0,0.35,0.3032,1024,6.0,systematic,30301016,ok,1708.23,408,0.3814931993405326,0.04263792340214486,0,3,2.6974403827849662,1011.9432634240734,0.9884386668308653,0
TASK-2026-09-02-SMC-HIGHRUNG-LAMBDA,armB(via TASK-2026-09-02-MOCK-PRODUCTION),TASK-2026-09-02-SMC-HIGHRUNG-LAMBDA/armB/results/B_00113.json,64,64.0,0.35,0.3032,1024,6.0,systematic,30301017,ok,2061.3,408,0.3357793670687054,0.044729959792749074,0,4,3.3685725483645057,1012.6523568076719,0.988540437378376,0
TASK-2026-09-02-SMC-HIGHRUNG-LAMBDA,armB(via TASK-2026-09-02-MOCK-PRODUCTION),TASK-2026-09-02-SMC-HIGHRUNG-LAMBDA/armB/results/B_00114.json,64,64.0,0.35,0.3032,1024,6.0,systematic,30301018,ok,2054.38,408,0.3637914226872302,0.03695555753626851,0,2,1.6930648307219345,1013.136279766726,0.988542444398527,0
TASK-2026-09-02-SMC-HIGHRUNG-LAMBDA,armB(via TASK-2026-09-02-MOCK-PRODUCTION),TASK-2026-09-02-SMC-HIGHRUNG-LAMBDA/armB/results/B_00115.json,64,64.0,0.35,0.3032,1024,6.0,systematic,30301019,ok,2057.7,408,0.3306605065684422,0.05027566670566702,0,2,1.8681870011402508,1012.7767888451847,0.9885098216807822,0
TASK-2026-09-02-SMC-HIGHRUNG-LAMBDA,armB(via TASK-2026-09-02-MOCK-PRODUCTION),TASK-2026-09-02-SMC-HIGHRUNG-LAMBDA/armB/results/B_00116.json,64,64.0,0.35,0.3032,1024,6.0,systematic,30301020,ok,2038.2,408,0.31641637785472393,0.03414134439113803,0,3,1.9727058256920431,1011.8975063979339,0.9884981653050469,0
TASK-2026-09-02-SMC-HIGHRUNG-LAMBDA,armB(via TASK-2026-09-02-MOCK-PRODUCTION),TASK-2026-09-02-SMC-HIGHRUNG-LAMBDA/armB/results/B_00117.json,64,64.0,0.35,0.3032,1024,6.0,systematic,30301021,ok,2060.13,408,0.30667168023419283,0.03604810319050577,0,2,1.6174489811658364,1011.8666637741336,0.9885575391804173,0
TASK-2026-09-02-SMC-HIGHRUNG-LAMBDA,armB(via TASK-2026-09-02-MOCK-PRODUCTION),TASK-2026-09-02-SMC-HIGHRUNG-LAMBDA/armB/results/B_00118.json,64,64.0,0.35,0.3032,1024,6.0,systematic,30301022,ok,2059.53,408,0.3285035802914149,0.031103447537404523,0,3,1.8162003374059923,1012.0687052255789,0.9886470224013921,0
TASK-2026-09-02-SMC-HIGHRUNG-LAMBDA,armB(via TASK-2026-09-02-MOCK-PRODUCTION),TASK-2026-09-02-SMC-HIGHRUNG-LAMBDA/armB/results/B_00119.json,64,64.0,0.35,0.3032,1024,6.0,systematic,30301023,ok,2071.66,408,0.34240056363508686,0.03978124134083688,0,5,2.7441731438590984,1012.586707958228,0.9888296330463832,0
TASK-2026-09-02-SMC-HIGHRUNG-LAMBDA,armB(via TASK-2026-09-02-MOCK-PRODUCTION),TASK-2026-09-02-SMC-HIGHRUNG-LAMBDA/armB/results/B_00120.json,64,64.0,0.35,0.3032,1024,6.0,systematic,30301024,ok,1878.76,408,0.2962185294186046,0.029188851699899,0,2,1.343267368334751,1012.0060559121621,0.9885808298616326,0
TASK-2026-09-02-SMC-HIGHRUNG-LAMBDA,armB(via TASK-2026-09-02-MOCK-PRODUCTION),TASK-2026-09-02-SMC-HIGHRUNG-LAMBDA/armB/results/B_00121.json,64,64.0,0.35,0.3032,1024,6.0,systematic,30301025,ok,1898.95,408,0.37950352636525964,0.038794521565891256,0,1,1.0,1012.6670063034313,0.9887417216373515,0
TASK-2026-09-02-SMC-HIGHRUNG-LAMBDA,armB(via TASK-2026-09-02-MOCK-PRODUCTION),TASK-2026-09-02-SMC-HIGHRUNG-LAMBDA/armB/results/B_00122.json,64,64.0,0.35,0.3032,1024,6.0,systematic,30301026,ok,2039.23,408,0.35944998398912664,0.0423697333106482,0,1,1.0,1012.0888195152598,0.9883330897447712,0
TASK-2026-09-02-SMC-HIGHRUNG-LAMBDA,armB(via TASK-2026-09-02-MOCK-PRODUCTION),TASK-2026-09-02-SMC-HIGHRUNG-LAMBDA/armB/results/B_00123.json,64,64.0,0.35,0.3032,1024,6.0,systematic,30301027,ok,2072.11,408,0.36971750709492535,0.04623690524988044,0,1,1.0,1012.9593732097171,0.9885662724353652,0
TASK-2026-09-02-SMC-HIGHRUNG-LAMBDA,armB(via TASK-2026-09-02-MOCK-PRODUCTION),TASK-2026-09-02-SMC-HIGHRUNG-LAMBDA/armB/results/B_00124.json,64,64.0,0.35,0.3032,1024,6.0,systematic,30301028,ok,2054.13,408,0.3133856913962685,0.03558517816510619,0,1,1.0,1011.8892909741588,0.9887055006956417,0
TASK-2026-09-02-SMC-HIGHRUNG-LAMBDA,armB(via TASK-2026-09-02-MOCK-PRODUCTION),TASK-2026-09-02-SMC-HIGHRUNG-LAMBDA/armB/results/B_00125.json,64,64.0,0.35,0.3032,1024,6.0,systematic,30301029,ok,2054.49,408,0.33320688126629994,0.03267884600184605,0,2,1.089615269510857,1012.2835898787828,0.9884451443271222,0
TASK-2026-09-02-SMC-HIGHRUNG-LAMBDA,armB(via TASK-2026-09-02-MOCK-PRODUCTION),TASK-2026-09-02-SMC-HIGHRUNG-LAMBDA/armB/results/B_00126.json,64,64.0,0.35,0.3032,1024,6.0,systematic,30301030,ok,2074.6,408,0.37675868544595303,0.039086560826010995,0,2,1.760153089486848,1011.8822295642713,0.9886295925144517,0
TASK-2026-09-02-SMC-HIGHRUNG-LAMBDA,armB(via TASK-2026-09-02-MOCK-PRODUCTION),TASK-2026-09-02-SMC-HIGHRUNG-LAMBDA/armB/results/B_00127.json,64,64.0,0.35,0.3032,1024,6.0,systematic,30301031,ok,2052.5,408,0.3542559192578644,0.044624047300043976,0,2,1.6248930763032294,1012.5877519511218,0.9886296253386713,0
TASK-2026-09-02-SMC-HIGHRUNG-LAMBDA,armB(via TASK-2026-09-02-MOCK-PRODUCTION),TASK-2026-09-02-SMC-HIGHRUNG-LAMBDA/armB/results/B_00128.json,64,64.0,0.35,0.3032,1024,6.0,systematic,30301032,ok,2133.63,408,0.39895983827620585,0.04930031073080816,0,3,1.3661053251446782,1011.2231207878262,0.9885033914074838,0
TASK-2026-09-02-SMC-HIGHRUNG-LAMBDA,armB(via TASK-2026-09-02-MOCK-PRODUCTION),TASK-2026-09-02-SMC-HIGHRUNG-LAMBDA/armB/results/B_00129.json,64,64.0,0.35,0.3032,1024,6.0,systematic,30301033,ok,1893.34,408,0.3785645120968224,0.04372053985908179,0,2,1.2001062105716143,1012.3749813859006,0.9885008526788999,0
TASK-2026-09-02-SMC-HIGHRUNG-LAMBDA,armB(via TASK-2026-09-02-MOCK-PRODUCTION),TASK-2026-09-02-SMC-HIGHRUNG-LAMBDA/armB/results/B_00130.json,64,64.0,0.35,0.3032,1024,6.0,systematic,30301034,ok,1835.64,408,0.36024886202027084,0.04954489508012174,0,2,1.937444569266245,1012.7167550294413,0.9886361652139088,0
TASK-2026-09-02-SMC-HIGHRUNG-LAMBDA,armB(via TASK-2026-09-02-MOCK-PRODUCTION),TASK-2026-09-02-SMC-HIGHRUNG-LAMBDA/armB/results/B_00131.json,64,64.0,0.35,0.3032,1024,6.0,systematic,30301035,ok,1851.25,408,0.3413495208929458,0.03866627125174449,0,2,1.4964564310852198,1012.6149161846186,0.9887030858871216,0
TASK-2026-09-02-SMC-HIGHRUNG-LAMBDA,armB(via TASK-2026-09-02-MOCK-PRODUCTION),TASK-2026-09-02-SMC-HIGHRUNG-LAMBDA/armB/results/B_00132.json,64,64.0,0.35,0.3032,1024,6.0,systematic,30301036,ok,1836.61,408,0.34945822218419464,0.045126005217160016,0,2,1.8699927595418895,1011.5758513176711,0.988385234307147,0
TASK-2026-09-02-SMC-HIGHRUNG-LAMBDA,armB(via TASK-2026-09-02-MOCK-PRODUCTION),TASK-2026-09-02-SMC-HIGHRUNG-LAMBDA/armB/results/B_00133.json,64,64.0,0.35,0.3032,1024,6.0,systematic,30301037,ok,1825.73,408,0.3545631637943906,0.04697022733870515,0,1,1.0,1012.5089341555414,0.9885853520592753,0
TASK-2026-09-02-SMC-HIGHRUNG-LAMBDA,armB(via TASK-2026-09-02-MOCK-PRODUCTION),TASK-2026-09-02-SMC-HIGHRUNG-LAMBDA/armB/results/B_00134.json,64,64.0,0.35,0.3032,1024,6.0,systematic,30301038,ok,2051.82,408,0.3601893283225805,0.04756918652937388,0,3,2.0233405372028406,1012.6379914438272,0.9887028397997383,0
TASK-2026-09-02-SMC-HIGHRUNG-LAMBDA,armB(via TASK-2026-09-02-MOCK-PRODUCTION),TASK-2026-09-02-SMC-HIGHRUNG-LAMBDA/armB/results/B_00135.json,64,64.0,0.35,0.3032,1024,6.0,systematic,30301039,ok,2051.87,408,0.35296508915842356,0.04198913963834989,0,3,1.9697930599179454,1012.3294806518448,0.9884201944553743,0
TASK-2026-09-02-SMC-HIGHRUNG-LAMBDA,armB(via TASK-2026-09-02-MOCK-PRODUCTION),TASK-2026-09-02-SMC-HIGHRUNG-LAMBDA/armB/results/B_00136.json,64,64.0,0.35,0.3032,1024,6.0,systematic,30301040,ok,2037.66,408,0.35458791865159917,0.0374255866626103,0,5,1.7743603627995126,1013.6606660363153,0.988564424743224,0
TASK-2026-09-02-SMC-HIGHRUNG-LAMBDA,armB(via TASK-2026-09-02-MOCK-PRODUCTION),TASK-2026-09-02-SMC-HIGHRUNG-LAMBDA/armB/results/B_00137.json,64,64.0,0.35,0.3032,1024,6.0,systematic,30301041,ok,2034.97,408,0.3481073470269027,0.04794201737388642,0,2,1.6421718634989741,1011.6819263482379,0.9885733122000108,0
TASK-2026-09-02-SMC-HIGHRUNG-LAMBDA,armB(via TASK-2026-09-02-MOCK-PRODUCTION),TASK-2026-09-02-SMC-HIGHRUNG-LAMBDA/armB/results/B_00138.json,64,64.0,0.35,0.3032,1024,6.0,systematic,30301042,ok,2060.31,408,0.3873605249000235,0.041092143501737406,0,2,1.4079835001933572,1012.9808474600111,0.9888080220916994,0
TASK-2026-09-02-SMC-HIGHRUNG-LAMBDA,armB(via TASK-2026-09-02-MOCK-PRODUCTION),TASK-2026-09-02-SMC-HIGHRUNG-LAMBDA/armB/results/B_00139.json,64,64.0,0.35,0.3032,1024,6.0,systematic,30301043,ok,2060.81,408,0.3862256608589665,0.04816143559556773,0,2,1.9720083501024956,1012.0313845121419,0.9886238721476233,0
TASK-2026-09-02-SMC-HIGHRUNG-LAMBDA,armB(via TASK-2026-09-02-MOCK-PRODUCTION),TASK-2026-09-02-SMC-HIGHRUNG-LAMBDA/armB/results/B_00140.json,64,64.0,0.35,0.3032,1024,6.0,systematic,30301044,ok,2037.25,408,0.35197593385658443,0.04589075652465655,0,1,1.0,1012.8693406940756,0.9885625071124404,0
TASK-2026-09-02-SMC-HIGHRUNG-LAMBDA,armB(via TASK-2026-09-02-MOCK-PRODUCTION),TASK-2026-09-02-SMC-HIGHRUNG-LAMBDA/armB/results/B_00141.json,64,64.0,0.35,0.3032,1024,6.0,systematic,30301045,ok,1981.5,408,0.36257143942223413,0.05243074599087637,0,2,1.8476914781517728,1011.5846390304092,0.9885512494843286,0
TASK-2026-09-02-SMC-HIGHRUNG-LAMBDA,armB(via TASK-2026-09-02-MOCK-PRODUCTION),TASK-2026-09-02-SMC-HIGHRUNG-LAMBDA/armB/results/B_00142.json,64,64.0,0.35,0.3032,1024,6.0,systematic,30301046,ok,2003.37,408,0.42379835684331446,0.05046392366959872,0,3,1.7002519790244488,1013.1158103035383,0.9888061283697345,0
TASK-2026-09-02-SMC-HIGHRUNG-LAMBDA,armB(via TASK-2026-09-02-MOCK-PRODUCTION),TASK-2026-09-02-SMC-HIGHRUNG-LAMBDA/armB/results/B_00143.json,64,64.0,0.35,0.3032,1024,6.0,systematic,30301047,ok,2056.09,408,0.3625145589242912,0.04365445853540202,0,2,1.0177325959472234,1011.9863829715983,0.9885728851034347,0
TASK-2026-09-02-SMC-HIGHRUNG-LAMBDA,armB(via TASK-2026-09-02-MOCK-PRODUCTION),TASK-2026-09-02-SMC-HIGHRUNG-LAMBDA/armB/results/B_00144.json,64,64.0,0.35,0.3032,1024,6.0,systematic,30301048,ok,2052.55,408,0.3577781715797296,0.039348701940651126,0,2,1.0603072392955661,1012.55900280545,0.988548510079021,0
TASK-2026-09-02-SMC-HIGHRUNG-LAMBDA,armB(via TASK-2026-09-02-MOCK-PRODUCTION),TASK-2026-09-02-SMC-HIGHRUNG-LAMBDA/armB/results/B_00145.json,64,64.0,0.35,0.3032,1024,6.0,systematic,30301049,ok,2046.83,408,0.38466994781130237,0.053827266117327924,0,2,1.5294282380396733,1012.7471136207529,0.9883662159183539,0
TASK-2026-09-02-SMC-HIGHRUNG-LAMBDA,armB(via TASK-2026-09-02-MOCK-PRODUCTION),TASK-2026-09-02-SMC-HIGHRUNG-LAMBDA/armB/results/B_00146.json,64,64.0,0.35,0.3032,1024,6.0,systematic,30301050,ok,2056.32,408,0.3898590624656427,0.03592324033210182,0,3,2.858417066934178,1012.077596294692,0.9884339276409085,0
TASK-2026-09-02-SMC-HIGHRUNG-LAMBDA,armB(via TASK-2026-09-02-MOCK-PRODUCTION),TASK-2026-09-02-SMC-HIGHRUNG-LAMBDA/armB/results/B_00147.json,64,64.0,0.35,0.3032,1024,6.0,systematic,30301051,ok,2056.11,408,0.3824746169745983,0.04300653441373487,0,2,1.4989935956084173,1011.9511337631883,0.9885172306429136,0
TASK-2026-09-02-SMC-HIGHRUNG-LAMBDA,armB(via TASK-2026-09-02-MOCK-PRODUCTION),TASK-2026-09-02-SMC-HIGHRUNG-LAMBDA/armB/results/B_00148.json,64,64.0,0.35,0.3032,1024,6.0,systematic,30301052,ok,2060.68,408,0.30462691138094444,0.03683388047253326,0,1,1.0,1012.3560239948642,0.9886036362915829,0
TASK-2026-09-02-SMC-HIGHRUNG-LAMBDA,armB(via TASK-2026-09-02-MOCK-PRODUCTION),TASK-2026-09-02-SMC-HIGHRUNG-LAMBDA/armB/results/B_00149.json,64,64.0,0.35,0.3032,1024,6.0,systematic,30301053,ok,2023.64,408,0.2776876328400274,0.035575238973475656,0,2,1.2490393159786828,1011.8648903504801,0.9883165555824673,0
TASK-2026-09-02-SMC-HIGHRUNG-LAMBDA,armB(via TASK-2026-09-02-MOCK-PRODUCTION),TASK-2026-09-02-SMC-HIGHRUNG-LAMBDA/armB/results/B_00150.json,64,64.0,0.35,0.3032,1024,6.0,systematic,30301054,ok,2077.18,408,0.34727190941002717,0.04861415889948683,0,2,1.0748694566485364,1011.8592784823687,0.9886435351488856,0
TASK-2026-09-02-SMC-HIGHRUNG-LAMBDA,armB(via TASK-2026-09-02-MOCK-PRODUCTION),TASK-2026-09-02-SMC-HIGHRUNG-LAMBDA/armB/results/B_00151.json,64,64.0,0.35,0.3032,1024,6.0,systematic,30301055,ok,1983.52,408,0.3237764069484672,0.050404094280429225,0,3,2.2499216822229373,1013.120757594696,0.9884386736573564,0
TASK-2026-09-02-SMC-HIGHRUNG-LAMBDA,armB(via TASK-2026-09-02-MOCK-PRODUCTION),TASK-2026-09-02-SMC-HIGHRUNG-LAMBDA/armB/results/B_00152.json,64,64.0,0.35,0.3032,1024,6.0,systematic,30301056,ok,1985.44,408,0.32909370141054917,0.046011437444929165,0,3,1.3143245350373398,1012.4498254805363,0.9886177176265338,0
TASK-2026-09-02-SMC-HIGHRUNG-LAMBDA,armB(via TASK-2026-09-02-MOCK-PRODUCTION),TASK-2026-09-02-SMC-HIGHRUNG-LAMBDA/armB/results/B_00153.json,64,64.0,0.35,0.3032,1024,6.0,systematic,30301057,ok,2053.72,408,0.3239744590802125,0.05119793195730563,0,3,1.3681979978914185,1012.0010332844759,0.988613227342161,0
TASK-2026-09-02-SMC-HIGHRUNG-LAMBDA,armB(via TASK-2026-09-02-MOCK-PRODUCTION),TASK-2026-09-02-SMC-HIGHRUNG-LAMBDA/armB/results/B_00154.json,64,64.0,0.35,0.3032,1024,6.0,systematic,30301058,ok,2048.87,408,0.36745764847465473,0.032438413709224116,0,3,1.980769884657088,1012.1789547074446,0.9888291998826707,0
TASK-2026-09-02-SMC-HIGHRUNG-LAMBDA,armB(via TASK-2026-09-02-MOCK-PRODUCTION),TASK-2026-09-02-SMC-HIGHRUNG-LAMBDA/armB/results/B_00155.json,64,64.0,0.35,0.3032,1024,6.0,systematic,30301059,ok,2053.79,408,0.37657696264219115,0.041187654898847,0,1,1.0,1012.6705197837772,0.9883955841981895,0
TASK-2026-09-02-SMC-HIGHRUNG-LAMBDA,armB(via TASK-2026-09-02-MOCK-PRODUCTION),TASK-2026-09-02-SMC-HIGHRUNG-LAMBDA/armB/results/B_00156.json,64,64.0,0.35,0.3032,1024,6.0,systematic,30301060,ok,2063.47,408,0.3619191827188093,0.04279218008651851,0,1,1.0,1013.7027538873267,0.9884646511800826,0
TASK-2026-09-02-SMC-HIGHRUNG-LAMBDA,armB(via TASK-2026-09-02-MOCK-PRODUCTION),TASK-2026-09-02-SMC-HIGHRUNG-LAMBDA/armB/results/B_00157.json,64,64.0,0.35,0.3032,1024,6.0,systematic,30301061,ok,2033.14,408,0.32837288261015773,0.0345452435491106,0,1,1.0,1011.9147393516686,0.9884121493654714,0
TASK-2026-09-02-SMC-HIGHRUNG-LAMBDA,armB(via TASK-2026-09-02-MOCK-PRODUCTION),TASK-2026-09-02-SMC-HIGHRUNG-LAMBDA/armB/results/B_00158.json,64,64.0,0.35,0.3032,1024,6.0,systematic,30301062,ok,2055.57,408,0.3608725218064724,0.04770998345442811,0,3,2.007896964149621,1012.246069423643,0.988780558915099,0
TASK-2026-09-02-SMC-HIGHRUNG-LAMBDA,armB(via TASK-2026-09-02-MOCK-PRODUCTION),TASK-2026-09-02-SMC-HIGHRUNG-LAMBDA/armB/results/B_00159.json,64,64.0,0.35,0.3032,1024,6.0,systematic,30301063,ok,2059.52,408,0.31682655226443657,0.03427224341321995,0,4,2.2008840678876824,1011.77268402321,0.9883821422033386,0
TASK-2026-09-02-SMC-HIGHRUNG-LAMBDA,armB(via TASK-2026-09-02-MOCK-PRODUCTION),TASK-2026-09-02-SMC-HIGHRUNG-LAMBDA/armB/results/B_00160.json,64,64.0,0.35,0.3032,1024,6.0,systematic,30301064,ok,2032.69,408,0.39312453477496845,0.039626543487931466,0,4,1.5596985842503428,1013.1204222297604,0.98844950927166,0
TASK-2026-09-02-SMC-HIGHRUNG-LAMBDA,armB(via TASK-2026-09-02-MOCK-PRODUCTION),TASK-2026-09-02-SMC-HIGHRUNG-LAMBDA/armB/results/B_00161.json,64,64.0,0.35,0.3032,1024,6.0,systematic,30301065,ok,2057.52,408,0.36335521740386456,0.04577587594644812,0,3,2.192967119379949,1012.1608117392494,0.988490211422736,0
TASK-2026-09-02-SMC-HIGHRUNG-LAMBDA,armB(via TASK-2026-09-02-MOCK-PRODUCTION),TASK-2026-09-02-SMC-HIGHRUNG-LAMBDA/armB/results/B_00162.json,64,64.0,0.35,0.3032,1024,6.0,systematic,30301066,ok,2026.91,408,0.3187186689990389,0.039714630117711175,0,3,2.6008284346553565,1012.7527321592352,0.9886292341424473,0
TASK-2026-09-02-SMC-HIGHRUNG-LAMBDA,armB(via TASK-2026-09-02-MOCK-PRODUCTION),TASK-2026-09-02-SMC-HIGHRUNG-LAMBDA/armB/results/B_00163.json,64,64.0,0.35,0.3032,1024,6.0,systematic,30301067,ok,2060.25,408,0.4183160098156997,0.04673481932688746,0,3,2.0262573092634892,1012.5744129857592,0.9886920406865849,0
TASK-2026-09-02-SMC-HIGHRUNG-LAMBDA,armB(via TASK-2026-09-02-MOCK-PRODUCTION),TASK-2026-09-02-SMC-HIGHRUNG-LAMBDA/armB/results/B_00164.json,64,64.0,0.35,0.3032,1024,6.0,systematic,30301068,ok,2165.61,408,0.30223351255381886,0.03560297911839348,0,1,1.0,1011.9413309727684,0.9885468970676626,0
TASK-2026-09-02-SMC-HIGHRUNG-LAMBDA,armB(via TASK-2026-09-02-MOCK-PRODUCTION),TASK-2026-09-02-SMC-HIGHRUNG-LAMBDA/armB/results/B_00165.json,64,64.0,0.35,0.3032,1024,6.0,systematic,30301069,ok,2042.78,408,0.365739508330036,0.040172263191721826,0,3,1.6573717269873585,1011.3315606928552,0.9886357666966263,0
TASK-2026-09-02-SMC-HIGHRUNG-LAMBDA,armB(via TASK-2026-09-02-MOCK-PRODUCTION),TASK-2026-09-02-SMC-HIGHRUNG-LAMBDA/armB/results/B_00166.json,64,64.0,0.35,0.3032,1024,6.0,systematic,30301070,ok,2033.72,408,0.3317142415961688,0.03613609422534793,0,1,1.0,1012.3654418918712,0.9883557199944525,0
TASK-2026-09-02-SMC-HIGHRUNG-LAMBDA,armB(via TASK-2026-09-02-MOCK-PRODUCTION),TASK-2026-09-02-SMC-HIGHRUNG-LAMBDA/armB/results/B_00167.json,64,64.0,0.35,0.3032,1024,6.0,systematic,30301071,ok,2054.55,408,0.35681232788252126,0.03683392178178939,0,1,1.0,1012.0882230096088,0.988301145974429,0
TASK-2026-09-02-SMC-HIGHRUNG-LAMBDA,armB(via TASK-2026-09-02-MOCK-PRODUCTION),TASK-2026-09-02-SMC-HIGHRUNG-LAMBDA/armB/results/B_00168.json,64,64.0,0.35,0.3032,1024,6.0,systematic,30301072,ok,2078.61,408,0.32864795015041126,0.036168089444454,0,2,1.395448121305358,1012.8950076702122,0.9888550933280169,0
TASK-2026-09-02-SMC-HIGHRUNG-LAMBDA,armB(via TASK-2026-09-02-MOCK-PRODUCTION),TASK-2026-09-02-SMC-HIGHRUNG-LAMBDA/armB/results/B_00169.json,64,64.0,0.35,0.3032,1024,6.0,systematic,30301073,ok,2073.13,408,0.36536252430969096,0.037158601852091806,0,6,2.7238287216466994,1012.2027142095825,0.9887426349416174,0
TASK-2026-09-02-SMC-HIGHRUNG-LAMBDA,armB(via TASK-2026-09-02-MOCK-PRODUCTION),TASK-2026-09-02-SMC-HIGHRUNG-LAMBDA/armB/results/B_00170.json,64,64.0,0.35,0.3032,1024,6.0,systematic,30301074,ok,2044.32,408,0.3439218563305816,0.03830374778962311,0,1,1.0,1011.8059025083268,0.9883626524510386,0
TASK-2026-09-02-SMC-HIGHRUNG-LAMBDA,armB(via TASK-2026-09-02-MOCK-PRODUCTION),TASK-2026-09-02-SMC-HIGHRUNG-LAMBDA/armB/results/B_00171.json,64,64.0,0.35,0.3032,1024,6.0,systematic,30301075,ok,2048.47,408,0.3495233300397361,0.03668776766966343,0,1,1.0,1013.507603720137,0.9885503164678247,0
TASK-2026-09-02-SMC-HIGHRUNG-LAMBDA,armB(via TASK-2026-09-02-MOCK-PRODUCTION),TASK-2026-09-02-SMC-HIGHRUNG-LAMBDA/armB/results/B_00172.json,64,64.0,0.35,0.3032,1024,6.0,systematic,30301076,ok,2035.97,408,0.3553101256335194,0.05198766895439785,0,3,2.5256058847048735,1012.0060201466831,0.9884115391549333,0
TASK-2026-09-02-SMC-HIGHRUNG-LAMBDA,armB(via TASK-2026-09-02-MOCK-PRODUCTION),TASK-2026-09-02-SMC-HIGHRUNG-LAMBDA/armB/results/B_00173.json,64,64.0,0.35,0.3032,1024,6.0,systematic,30301077,ok,2060.15,408,0.3866091390381059,0.049066583454358444,0,2,1.2824013717092309,1012.3159401023192,0.9886723168144173,0
TASK-2026-09-02-SMC-HIGHRUNG-LAMBDA,armB(via TASK-2026-09-02-MOCK-PRODUCTION),TASK-2026-09-02-SMC-HIGHRUNG-LAMBDA/armB/results/B_00174.json,64,64.0,0.35,0.3032,1024,6.0,systematic,30301078,ok,2057.21,408,0.37378908180980736,0.04794265865817404,0,2,1.531962142750699,1013.0806044120823,0.9886130241838841,0
TASK-2026-09-02-SMC-HIGHRUNG-LAMBDA,armB(via TASK-2026-09-02-MOCK-PRODUCTION),TASK-2026-09-02-SMC-HIGHRUNG-LAMBDA/armB/results/B_00175.json,64,64.0,0.35,0.3032,1024,6.0,systematic,30301079,ok,2058.86,408,0.3652782221486802,0.04125328033472944,0,3,1.8097305880119432,1012.5658617708679,0.9887388644950289,0
TASK-2026-09-02-SMC-HIGHRUNG-LAMBDA,armB(via TASK-2026-09-02-MOCK-PRODUCTION),TASK-2026-09-02-SMC-HIGHRUNG-LAMBDA/armB/results/B_00176.json,64,64.0,0.35,0.3032,1024,6.0,systematic,30301080,ok,2048.57,408,0.36044715782202125,0.03685685925044604,0,3,2.784278529816307,1012.0980539605907,0.9885638090945739,0
TASK-2026-09-02-SMC-HIGHRUNG-LAMBDA,armB(via TASK-2026-09-02-MOCK-PRODUCTION),TASK-2026-09-02-SMC-HIGHRUNG-LAMBDA/armB/results/B_00177.json,64,64.0,0.35,0.3032,1024,6.0,systematic,30301081,ok,2068.32,408,0.35082258983772435,0.046314036382485255,0,2,1.0058765408412873,1012.1593440015099,0.9884661641822639,0
TASK-2026-09-02-SMC-HIGHRUNG-LAMBDA,armB(via TASK-2026-09-02-MOCK-PRODUCTION),TASK-2026-09-02-SMC-HIGHRUNG-LAMBDA/armB/results/B_00178.json,64,64.0,0.35,0.3032,1024,6.0,systematic,30301082,ok,2066.34,408,0.31215731104979516,0.042004301588354824,0,3,1.0378344138169942,1011.8654175001773,0.9887171472776856,0
TASK-2026-09-02-SMC-HIGHRUNG-LAMBDA,armB(via TASK-2026-09-02-MOCK-PRODUCTION),TASK-2026-09-02-SMC-HIGHRUNG-LAMBDA/armB/results/B_00179.json,64,64.0,0.35,0.3032,1024,6.0,systematic,30301083,ok,2069.06,408,0.32686487193957936,0.04188519848499921,0,3,1.3062038003602545,1012.1679718180227,0.9885004681566262,0
TASK-2026-09-02-SMC-HIGHRUNG-LAMBDA,armB(via TASK-2026-09-02-MOCK-PRODUCTION),TASK-2026-09-02-SMC-HIGHRUNG-LAMBDA/armB/results/B_00180.json,64,64.0,0.35,0.3032,1024,6.0,systematic,30301084,ok,2034.14,408,0.39276184894061095,0.04003931739338321,0,4,2.574544668856774,1012.2435394953345,0.9886466027597888,0
TASK-2026-09-02-SMC-HIGHRUNG-LAMBDA,armB(via TASK-2026-09-02-MOCK-PRODUCTION),TASK-2026-09-02-SMC-HIGHRUNG-LAMBDA/armB/results/B_00181.json,64,64.0,0.35,0.3032,1024,6.0,systematic,30301085,ok,2054.1,408,0.38642650404286655,0.04760160381257751,0,2,1.0137653262279835,1012.692339535327,0.9884956774046758,0
TASK-2026-09-02-SMC-HIGHRUNG-LAMBDA,armB(via TASK-2026-09-02-MOCK-PRODUCTION),TASK-2026-09-02-SMC-HIGHRUNG-LAMBDA/armB/results/B_00182.json,64,64.0,0.35,0.3032,1024,6.0,systematic,30301086,ok,2048.17,408,0.33974586143669827,0.03538182873548745,0,3,1.7249777093429932,1011.9214199742903,0.9886284598938447,0
TASK-2026-09-02-SMC-HIGHRUNG-LAMBDA,armB(via TASK-2026-09-02-MOCK-PRODUCTION),TASK-2026-09-02-SMC-HIGHRUNG-LAMBDA/armB/results/B_00183.json,64,64.0,0.35,0.3032,1024,6.0,systematic,30301087,ok,2056.94,408,0.35604300730420824,0.04086962288140927,0,1,1.0,1013.1024754171758,0.9885008299768078,0
TASK-2026-09-02-SMC-HIGHRUNG-LAMBDA,armB(via TASK-2026-09-02-MOCK-PRODUCTION),TASK-2026-09-02-SMC-HIGHRUNG-LAMBDA/armB/results/B_00184.json,64,64.0,0.35,0.3032,1024,6.0,systematic,30301088,ok,2085.99,408,0.3706909537248625,0.04154806042628311,0,2,1.4432540163185306,1012.7877794375702,0.9885928009259676,0
TASK-2026-09-02-SMC-HIGHRUNG-LAMBDA,armB(via TASK-2026-09-02-MOCK-PRODUCTION),TASK-2026-09-02-SMC-HIGHRUNG-LAMBDA/armB/results/B_00185.json,64,64.0,0.35,0.3032,1024,6.0,systematic,30301089,ok,2045.02,408,0.3721490330173115,0.042177087074970046,0,3,1.2975241790985677,1012.720863420843,0.9886237080880684,0
TASK-2026-09-02-SMC-HIGHRUNG-LAMBDA,armB(via TASK-2026-09-02-MOCK-PRODUCTION),TASK-2026-09-02-SMC-HIGHRUNG-LAMBDA/armB/results/B_00186.json,64,64.0,0.35,0.3032,1024,6.0,systematic,30301090,ok,2066.78,408,0.3265147959298037,0.032766391098858004,0,1,1.0,1012.3440940216074,0.9886940775263181,0
TASK-2026-09-02-SMC-HIGHRUNG-LAMBDA,armB(via TASK-2026-09-02-MOCK-PRODUCTION),TASK-2026-09-02-SMC-HIGHRUNG-LAMBDA/armB/results/B_00187.json,64,64.0,0.35,0.3032,1024,6.0,systematic,30301091,ok,2051.27,408,0.3454795087305236,0.03685474610407045,0,2,1.7329256804772843,1011.8598250668585,0.9885325208347088,0
TASK-2026-09-02-SMC-HIGHRUNG-LAMBDA,armB(via TASK-2026-09-02-MOCK-PRODUCTION),TASK-2026-09-02-SMC-HIGHRUNG-LAMBDA/armB/results/B_00188.json,64,64.0,0.35,0.3032,1024,6.0,systematic,30301092,ok,2090.93,408,0.3293160894217518,0.03417131519631334,0,1,1.0,1011.8043246138571,0.988648832972541,0
TASK-2026-09-02-SMC-HIGHRUNG-LAMBDA,armB(via TASK-2026-09-02-MOCK-PRODUCTION),TASK-2026-09-02-SMC-HIGHRUNG-LAMBDA/armB/results/B_00189.json,64,64.0,0.35,0.3032,1024,6.0,systematic,30301093,ok,2077.55,408,0.3302701731974892,0.04035041076557535,0,4,2.1816608132625377,1011.6529501948297,0.9887679104303633,0
TASK-2026-09-02-SMC-HIGHRUNG-LAMBDA,armB(via TASK-2026-09-02-MOCK-PRODUCTION),TASK-2026-09-02-SMC-HIGHRUNG-LAMBDA/armB/results/B_00190.json,64,64.0,0.35,0.3032,1024,6.0,systematic,30301094,ok,2052.08,408,0.3120423329099547,0.035950455811609945,0,3,1.2983435402030148,1012.5747643028532,0.9884889762402628,0
TASK-2026-09-02-SMC-HIGHRUNG-LAMBDA,armB(via TASK-2026-09-02-MOCK-PRODUCTION),TASK-2026-09-02-SMC-HIGHRUNG-LAMBDA/armB/results/B_00191.json,64,64.0,0.35,0.3032,1024,6.0,systematic,30301095,ok,2064.24,408,0.4256511245685895,0.04466753720303903,0,2,1.516751768330609,1012.6376433991488,0.9886209448207646,0
TASK-2026-09-02-SMC-HIGHRUNG-LAMBDA,armB(via TASK-2026-09-02-MOCK-PRODUCTION),TASK-2026-09-02-SMC-HIGHRUNG-LAMBDA/armB/results/B_00192.json,64,64.0,0.35,0.3132,1024,6.0,systematic,30302000,ok,2071.51,421,0.3034998722381036,0.03359921976174139,0,3,2.010021584361114,1012.1898059638814,0.9882508194161271,0
TASK-2026-09-02-SMC-HIGHRUNG-LAMBDA,armB(via TASK-2026-09-02-MOCK-PRODUCTION),TASK-2026-09-02-SMC-HIGHRUNG-LAMBDA/armB/results/B_00193.json,64,64.0,0.35,0.3132,1024,6.0,systematic,30302001,ok,2104.72,421,0.37459119864241597,0.04304769955683382,0,2,1.5874767232374003,1011.6464870968556,0.9884157369183242,0
TASK-2026-09-02-SMC-HIGHRUNG-LAMBDA,armB(via TASK-2026-09-02-MOCK-PRODUCTION),TASK-2026-09-02-SMC-HIGHRUNG-LAMBDA/armB/results/B_00194.json,64,64.0,0.35,0.3132,1024,6.0,systematic,30302002,ok,1871.43,421,0.3438203303466313,0.0347030713936074,0,2,1.4913823265869235,1013.1940144402885,0.9885725644724597,0
TASK-2026-09-02-SMC-HIGHRUNG-LAMBDA,armB(via TASK-2026-09-02-MOCK-PRODUCTION),TASK-2026-09-02-SMC-HIGHRUNG-LAMBDA/armB/results/B_00195.json,64,64.0,0.35,0.3132,1024,6.0,systematic,30302003,ok,1806.52,421,0.3168103086611548,0.03606055826982655,0,4,3.471324337566376,1011.2486696716331,0.9886284585938284,0
TASK-2026-09-02-SMC-HIGHRUNG-LAMBDA,armB(via TASK-2026-09-02-MOCK-PRODUCTION),TASK-2026-09-02-SMC-HIGHRUNG-LAMBDA/armB/results/B_00196.json,64,64.0,0.35,0.3132,1024,6.0,systematic,30302004,ok,1793.21,421,0.28431066656637505,0.03725744880845099,0,2,1.0917367194674252,1013.6912849509159,0.9884608228058197,0
TASK-2026-09-02-SMC-HIGHRUNG-LAMBDA,armB(via TASK-2026-09-02-MOCK-PRODUCTION),TASK-2026-09-02-SMC-HIGHRUNG-LAMBDA/armB/results/B_00197.json,64,64.0,0.35,0.3132,1024,6.0,systematic,30302005,ok,2094.24,421,0.29736965939058846,0.03392286213355758,0,3,1.2684090452723282,1012.1379396973467,0.9883954615537537,0
TASK-2026-09-02-SMC-HIGHRUNG-LAMBDA,armB(via TASK-2026-09-02-MOCK-PRODUCTION),TASK-2026-09-02-SMC-HIGHRUNG-LAMBDA/armB/results/B_00198.json,64,64.0,0.35,0.3132,1024,6.0,systematic,30302006,ok,2048.79,421,0.2998475536512008,0.03425924631356013,0,2,1.7119943574404723,1012.2565701591637,0.9882390891140478,0
TASK-2026-09-02-SMC-HIGHRUNG-LAMBDA,armB(via TASK-2026-09-02-MOCK-PRODUCTION),TASK-2026-09-02-SMC-HIGHRUNG-LAMBDA/armB/results/B_00199.json,64,64.0,0.35,0.3132,1024,6.0,systematic,30302007,ok,2068.26,421,0.3971918913347875,0.045574530049118,0,3,1.4797061405117986,1012.7038989597819,0.9886039054058589,0
TASK-2026-09-02-SMC-HIGHRUNG-LAMBDA,armB(via TASK-2026-09-02-MOCK-PRODUCTION),TASK-2026-09-02-SMC-HIGHRUNG-LAMBDA/armB/results/B_00200.json,64,64.0,0.35,0.3132,1024,6.0,systematic,30302008,ok,1779.9,421,0.28951072454384424,0.03113172420193158,0,2,1.1773075126648223,1012.5332149466254,0.9885079035029306,0
TASK-2026-09-02-SMC-HIGHRUNG-LAMBDA,armB(via TASK-2026-09-02-MOCK-PRODUCTION),TASK-2026-09-02-SMC-HIGHRUNG-LAMBDA/armB/results/B_00201.json,64,64.0,0.35,0.3132,1024,6.0,systematic,30302009,ok,2097.56,421,0.3324680718130929,0.034981257612150665,0,2,1.3605678028779407,1012.3601435373143,0.9883264921233834,0
TASK-2026-09-02-SMC-HIGHRUNG-LAMBDA,armB(via TASK-2026-09-02-MOCK-PRODUCTION),TASK-2026-09-02-SMC-HIGHRUNG-LAMBDA/armB/results/B_00202.json,64,64.0,0.35,0.3132,1024,6.0,systematic,30302010,ok,2080.48,421,0.2903411606766358,0.04065323085811492,0,3,1.8959397104132614,1013.2440458895741,0.988300913421262,0
TASK-2026-09-02-SMC-HIGHRUNG-LAMBDA,armB(via TASK-2026-09-02-MOCK-PRODUCTION),TASK-2026-09-02-SMC-HIGHRUNG-LAMBDA/armB/results/B_00203.json,64,64.0,0.35,0.3132,1024,6.0,systematic,30302011,ok,2088.97,421,0.299429141994648,0.034739156171298496,0,1,1.0,1011.884985189441,0.9885830862916466,0
TASK-2026-09-02-SMC-HIGHRUNG-LAMBDA,armB(via TASK-2026-09-02-MOCK-PRODUCTION),TASK-2026-09-02-SMC-HIGHRUNG-LAMBDA/armB/results/B_00204.json,64,64.0,0.35,0.3132,1024,6.0,systematic,30302012,ok,2073.73,421,0.3195849696915327,0.032928769918546534,0,1,1.0,1012.0910159480073,0.9883933876176719,0
TASK-2026-09-02-SMC-HIGHRUNG-LAMBDA,armB(via TASK-2026-09-02-MOCK-PRODUCTION),TASK-2026-09-02-SMC-HIGHRUNG-LAMBDA/armB/results/B_00205.json,64,64.0,0.35,0.3132,1024,6.0,systematic,30302013,ok,2058.77,421,0.2989158133408791,0.0339306063296321,0,2,1.6273694862013415,1012.9995986882295,0.9883677786573036,0
TASK-2026-09-02-SMC-HIGHRUNG-LAMBDA,armB(via TASK-2026-09-02-MOCK-PRODUCTION),TASK-2026-09-02-SMC-HIGHRUNG-LAMBDA/armB/results/B_00206.json,64,64.0,0.35,0.3132,1024,6.0,systematic,30302014,ok,2077.04,421,0.259439072379538,0.0381678223362181,0,1,1.0,1013.0915012770067,0.9885004262776922,0
TASK-2026-09-02-SMC-HIGHRUNG-LAMBDA,armB(via TASK-2026-09-02-MOCK-PRODUCTION),TASK-2026-09-02-SMC-HIGHRUNG-LAMBDA/armB/results/B_00207.json,64,64.0,0.35,0.3132,1024,6.0,systematic,30302015,ok,2082.85,421,0.2622295926822526,0.024752198102116967,0,3,2.1597946850450467,1012.1523748926561,0.9884828793250428,0
TASK-2026-09-02-SMC-HIGHRUNG-LAMBDA,armB(via TASK-2026-09-02-MOCK-PRODUCTION),TASK-2026-09-02-SMC-HIGHRUNG-LAMBDA/armB/results/B_00208.json,64,64.0,0.35,0.3132,1024,6.0,systematic,30302016,ok,2090.87,421,0.3115928539862093,0.035602420447459315,0,2,1.2848054735975376,1012.0436006573943,0.9882854689228815,0
TASK-2026-09-02-SMC-HIGHRUNG-LAMBDA,armB(via TASK-2026-09-02-MOCK-PRODUCTION),TASK-2026-09-02-SMC-HIGHRUNG-LAMBDA/armB/results/B_00209.json,64,64.0,0.35,0.3132,1024,6.0,systematic,30302017,ok,2082.75,421,0.331494388385391,0.034132958632590506,0,1,1.0,1012.5350864115338,0.9884562139168259,0
TASK-2026-09-02-SMC-HIGHRUNG-LAMBDA,armB(via TASK-2026-09-02-MOCK-PRODUCTION),TASK-2026-09-02-SMC-HIGHRUNG-LAMBDA/armB/results/B_00210.json,64,64.0,0.35,0.3132,1024,6.0,systematic,30302018,ok,2074.36,421,0.34810339616774255,0.03492382014083395,0,2,1.6930648307219345,1011.5273102138888,0.9884243693246596,0
TASK-2026-09-02-SMC-HIGHRUNG-LAMBDA,armB(via TASK-2026-09-02-MOCK-PRODUCTION),TASK-2026-09-02-SMC-HIGHRUNG-LAMBDA/armB/results/B_00211.json,64,64.0,0.35,0.3132,1024,6.0,systematic,30302019,ok,2071.46,421,0.31023289098337037,0.03873462089676093,0,2,1.1415432851419614,1012.047592990425,0.9883630567116277,0
TASK-2026-09-02-SMC-HIGHRUNG-LAMBDA,armB(via TASK-2026-09-02-MOCK-PRODUCTION),TASK-2026-09-02-SMC-HIGHRUNG-LAMBDA/armB/results/B_00212.json,64,64.0,0.35,0.3132,1024,6.0,systematic,30302020,ok,2082.09,421,0.3205378525369011,0.03818608404599015,0,4,2.52990793105445,1012.5099008170695,0.9884168362143135,0
TASK-2026-09-02-SMC-HIGHRUNG-LAMBDA,armB(via TASK-2026-09-02-MOCK-PRODUCTION),TASK-2026-09-02-SMC-HIGHRUNG-LAMBDA/armB/results/B_00213.json,64,64.0,0.35,0.3132,1024,6.0,systematic,30302021,ok,2090.92,421,0.28329846291183347,0.03712400671551863,0,1,1.0,1012.0414565612466,0.9882871925008667,0
TASK-2026-09-02-SMC-HIGHRUNG-LAMBDA,armB(via TASK-2026-09-02-MOCK-PRODUCTION),TASK-2026-09-02-SMC-HIGHRUNG-LAMBDA/armB/results/B_00214.json,64,64.0,0.35,0.3132,1024,6.0,systematic,30302022,ok,2073.27,421,0.2691871447505566,0.029523836721499584,0,2,1.9779974345431224,1012.0681061125306,0.9881435382182802,0
TASK-2026-09-02-SMC-HIGHRUNG-LAMBDA,armB(via TASK-2026-09-02-MOCK-PRODUCTION),TASK-2026-09-02-SMC-HIGHRUNG-LAMBDA/armB/results/B_00215.json,64,64.0,0.35,0.3132,1024,6.0,systematic,30302023,ok,2074.1,421,0.34943169403832114,0.04795816288435914,0,1,1.0,1011.9270353633336,0.9883591870759914,0
TASK-2026-09-02-SMC-HIGHRUNG-LAMBDA,armB(via TASK-2026-09-02-MOCK-PRODUCTION),TASK-2026-09-02-SMC-HIGHRUNG-LAMBDA/armB/results/B_00216.json,64,64.0,0.35,0.3132,1024,6.0,systematic,30302024,ok,2071.97,421,0.28683243331220676,0.031654712827549676,0,2,1.9207502930832356,1012.2626391288964,0.9883914073306216,0
TASK-2026-09-02-SMC-HIGHRUNG-LAMBDA,armB(via TASK-2026-09-02-MOCK-PRODUCTION),TASK-2026-09-02-SMC-HIGHRUNG-LAMBDA/armB/results/B_00217.json,64,64.0,0.35,0.3132,1024,6.0,systematic,30302025,ok,2078.3,421,0.2953672690723984,0.029784327104817654,0,3,2.114584635737016,1012.5410136916682,0.9883559750873694,0
TASK-2026-09-02-SMC-HIGHRUNG-LAMBDA,armB(via TASK-2026-09-02-MOCK-PRODUCTION),TASK-2026-09-02-SMC-HIGHRUNG-LAMBDA/armB/results/B_00218.json,64,64.0,0.35,0.3132,1024,6.0,systematic,30302026,ok,2071.18,421,0.31052219766713685,0.029404864575923013,0,3,1.487194179301346,1012.0452501505293,0.988346481295935,0
TASK-2026-09-02-SMC-HIGHRUNG-LAMBDA,armB(via TASK-2026-09-02-MOCK-PRODUCTION),TASK-2026-09-02-SMC-HIGHRUNG-LAMBDA/armB/results/B_00219.json,64,64.0,0.35,0.3132,1024,6.0,systematic,30302027,ok,2082.98,421,0.29972347238555647,0.032096605648048566,0,1,1.0,1011.6017297424576,0.9883562205319716,0
TASK-2026-09-02-SMC-HIGHRUNG-LAMBDA,armB(via TASK-2026-09-02-MOCK-PRODUCTION),TASK-2026-09-02-SMC-HIGHRUNG-LAMBDA/armB/results/B_00220.json,64,64.0,0.35,0.3132,1024,6.0,systematic,30302028,ok,1795.19,421,0.32921722870069264,0.03583186585289573,0,4,2.511258531912346,1010.7285628755064,0.9882467050345768,0
TASK-2026-09-02-SMC-HIGHRUNG-LAMBDA,armB(via TASK-2026-09-02-MOCK-PRODUCTION),TASK-2026-09-02-SMC-HIGHRUNG-LAMBDA/armB/results/B_00221.json,64,64.0,0.35,0.3132,1024,6.0,systematic,30302029,ok,1811.42,421,0.30923130575046653,0.030057558782835527,0,1,1.0,1012.7796334041304,0.9886932444019594,0
TASK-2026-09-02-SMC-HIGHRUNG-LAMBDA,armB(via TASK-2026-09-02-MOCK-PRODUCTION),TASK-2026-09-02-SMC-HIGHRUNG-LAMBDA/armB/results/B_00222.json,64,64.0,0.35,0.3132,1024,6.0,systematic,30302030,ok,2096.43,421,0.3369768714724779,0.03815715349954849,0,1,1.0,1011.7480934103708,0.9884079099691054,0
TASK-2026-09-02-SMC-HIGHRUNG-LAMBDA,armB(via TASK-2026-09-02-MOCK-PRODUCTION),TASK-2026-09-02-SMC-HIGHRUNG-LAMBDA/armB/results/B_00223.json,64,64.0,0.35,0.3132,1024,6.0,systematic,30302031,ok,2073.03,421,0.2866451540989198,0.032765764128592195,0,1,1.0,1012.0743941897433,0.988450754615793,0
TASK-2026-09-02-SMC-HIGHRUNG-LAMBDA,armB(via TASK-2026-09-02-MOCK-PRODUCTION),TASK-2026-09-02-SMC-HIGHRUNG-LAMBDA/armB/results/B_00224.json,64,64.0,0.35,0.3132,1024,6.0,systematic,30302032,ok,2074.05,421,0.3180866015268624,0.04004706312162461,0,4,1.6652363241361567,1011.7175673483249,0.9882745891709082,0
TASK-2026-09-02-SMC-HIGHRUNG-LAMBDA,armB(via TASK-2026-09-02-MOCK-PRODUCTION),TASK-2026-09-02-SMC-HIGHRUNG-LAMBDA/armB/results/B_00225.json,64,64.0,0.35,0.3132,1024,6.0,systematic,30302033,ok,2098.16,421,0.28994196828966384,0.030284393990295682,0,2,1.150400224687544,1011.947592585523,0.9884469367588927,0
TASK-2026-09-02-SMC-HIGHRUNG-LAMBDA,armB(via TASK-2026-09-02-MOCK-PRODUCTION),TASK-2026-09-02-SMC-HIGHRUNG-LAMBDA/armB/results/B_00226.json,64,64.0,0.35,0.3132,1024,6.0,systematic,30302034,ok,2102.16,421,0.33394592505271437,0.03341554199776796,0,3,1.6792853505184027,1011.9411918767713,0.9885135966293179,0
TASK-2026-09-02-SMC-HIGHRUNG-LAMBDA,armB(via TASK-2026-09-02-MOCK-PRODUCTION),TASK-2026-09-02-SMC-HIGHRUNG-LAMBDA/armB/results/B_00227.json,64,64.0,0.35,0.3132,1024,6.0,systematic,30302035,ok,2064.4,421,0.29755658331987744,0.03330316889520779,0,2,1.043891017115187,1012.751327590911,0.9883247923650105,0
TASK-2026-09-02-SMC-HIGHRUNG-LAMBDA,armB(via TASK-2026-09-02-MOCK-PRODUCTION),TASK-2026-09-02-SMC-HIGHRUNG-LAMBDA/armB/results/B_00228.json,64,64.0,0.35,0.3132,1024,6.0,systematic,30302036,ok,2076.13,421,0.33425399573578035,0.03679065160714489,0,1,1.0,1011.761066211499,0.9881966075885259,0
TASK-2026-09-02-SMC-HIGHRUNG-LAMBDA,armB(via TASK-2026-09-02-MOCK-PRODUCTION),TASK-2026-09-02-SMC-HIGHRUNG-LAMBDA/armB/results/B_00229.json,64,64.0,0.35,0.3132,1024,6.0,systematic,30302037,ok,2102.23,421,0.3213850867088781,0.03435707465251768,0,1,1.0,1012.9179269478099,0.9885232131528667,0
TASK-2026-09-02-SMC-HIGHRUNG-LAMBDA,armB(via TASK-2026-09-02-MOCK-PRODUCTION),TASK-2026-09-02-SMC-HIGHRUNG-LAMBDA/armB/results/B_00230.json,64,64.0,0.35,0.3132,1024,6.0,systematic,30302038,ok,2073.99,421,0.273833514091771,0.03501685149884623,0,3,1.4697754216975552,1012.6977250491043,0.9882772845280575,0
TASK-2026-09-02-SMC-HIGHRUNG-LAMBDA,armB(via TASK-2026-09-02-MOCK-PRODUCTION),TASK-2026-09-02-SMC-HIGHRUNG-LAMBDA/armB/results/B_00231.json,64,64.0,0.35,0.3132,1024,6.0,systematic,30302039,ok,2082.58,421,0.32031424672180997,0.03659269153311316,0,3,1.0058804005195472,1012.1464736554527,0.9883581198390863,0
TASK-2026-09-02-SMC-HIGHRUNG-LAMBDA,armB(via TASK-2026-09-02-MOCK-PRODUCTION),TASK-2026-09-02-SMC-HIGHRUNG-LAMBDA/armB/results/B_00232.json,64,64.0,0.35,0.3132,1024,6.0,systematic,30302040,ok,2087.37,421,0.3584640671784143,0.040104255721883475,0,2,1.8533936651583711,1012.0978487629262,0.9884765748318388,0
TASK-2026-09-02-SMC-HIGHRUNG-LAMBDA,armB(via TASK-2026-09-02-MOCK-PRODUCTION),TASK-2026-09-02-SMC-HIGHRUNG-LAMBDA/armB/results/B_00233.json,64,64.0,0.35,0.3132,1024,6.0,systematic,30302041,ok,2080.5,421,0.33147803533238956,0.030587642448988758,0,2,1.0337540346511715,1012.0923904884853,0.9882816533985443,0
TASK-2026-09-02-SMC-HIGHRUNG-LAMBDA,armB(via TASK-2026-09-02-MOCK-PRODUCTION),TASK-2026-09-02-SMC-HIGHRUNG-LAMBDA/armB/results/B_00234.json,64,64.0,0.35,0.3132,1024,6.0,systematic,30302042,ok,2076.37,421,0.2887321467906574,0.03894307030636752,0,1,1.0,1011.1674263288467,0.9882164464917735,0
TASK-2026-09-02-SMC-HIGHRUNG-LAMBDA,armB(via TASK-2026-09-02-MOCK-PRODUCTION),TASK-2026-09-02-SMC-HIGHRUNG-LAMBDA/armB/results/B_00235.json,64,64.0,0.35,0.3132,1024,6.0,systematic,30302043,ok,2085.95,421,0.3207756608532047,0.0410235261659501,0,3,2.289387270313701,1012.2939051974092,0.9885209020615524,0
TASK-2026-09-02-SMC-HIGHRUNG-LAMBDA,armB(via TASK-2026-09-02-MOCK-PRODUCTION),TASK-2026-09-02-SMC-HIGHRUNG-LAMBDA/armB/results/B_00236.json,64,64.0,0.35,0.3132,1024,6.0,systematic,30302044,ok,2087.74,421,0.3379216095987017,0.03418382915992441,0,2,1.504067932755752,1012.8388244378931,0.988431936829351,0
TASK-2026-09-02-SMC-HIGHRUNG-LAMBDA,armB(via TASK-2026-09-02-MOCK-PRODUCTION),TASK-2026-09-02-SMC-HIGHRUNG-LAMBDA/armB/results/B_00237.json,64,64.0,0.35,0.3132,1024,6.0,systematic,30302045,ok,1804.79,421,0.3806772460673034,0.04682823720046294,0,2,1.88407786598053,1012.1488404212943,0.9886652663385274,0
TASK-2026-09-02-SMC-HIGHRUNG-LAMBDA,armB(via TASK-2026-09-02-MOCK-PRODUCTION),TASK-2026-09-02-SMC-HIGHRUNG-LAMBDA/armB/results/B_00238.json,64,64.0,0.35,0.3132,1024,6.0,systematic,30302046,ok,2086.74,421,0.3121274282394779,0.032836694656009,0,2,1.5116788005478268,1011.8672059190067,0.9885442190355562,0
TASK-2026-09-02-SMC-HIGHRUNG-LAMBDA,armB(via TASK-2026-09-02-MOCK-PRODUCTION),TASK-2026-09-02-SMC-HIGHRUNG-LAMBDA/armB/results/B_00239.json,64,64.0,0.35,0.3132,1024,6.0,systematic,30302047,ok,2072.27,421,0.29736456040612924,0.030845847926962506,0,2,1.5066050179170272,1012.4281420728768,0.9884112020295377,0
TASK-2026-09-02-SMC-HIGHRUNG-LAMBDA,armB(via TASK-2026-09-02-MOCK-PRODUCTION),TASK-2026-09-02-SMC-HIGHRUNG-LAMBDA/armB/results/B_00240.json,64,64.0,0.35,0.3132,1024,6.0,systematic,30302048,ok,2079.26,421,0.35851806369704864,0.03767042639195159,0,2,1.100259594176864,1013.1338371636558,0.9884133535626977,0
TASK-2026-09-02-SMC-HIGHRUNG-LAMBDA,armB(via TASK-2026-09-02-MOCK-PRODUCTION),TASK-2026-09-02-SMC-HIGHRUNG-LAMBDA/armB/results/B_00241.json,64,64.0,0.35,0.3132,1024,6.0,systematic,30302049,ok,2066.72,421,0.3245522561170173,0.035490023118210555,0,4,2.463655202552524,1011.9194717337002,0.9883020243795071,0
TASK-2026-09-02-SMC-HIGHRUNG-LAMBDA,armB(via TASK-2026-09-02-MOCK-PRODUCTION),TASK-2026-09-02-SMC-HIGHRUNG-LAMBDA/armB/results/B_00242.json,64,64.0,0.35,0.3132,1024,6.0,systematic,30302050,ok,2125.4,421,0.3166937755995296,0.036046310562214315,0,2,1.9023512336719883,1011.7168058421172,0.9887121391856044,0
TASK-2026-09-02-SMC-HIGHRUNG-LAMBDA,armB(via TASK-2026-09-02-MOCK-PRODUCTION),TASK-2026-09-02-SMC-HIGHRUNG-LAMBDA/armB/results/B_00243.json,64,64.0,0.35,0.3132,1024,6.0,systematic,30302051,ok,2049.36,421,0.30818345971809136,0.03266772111050505,0,2,1.4787003610108302,1012.7605914789519,0.9883815882064564,0
TASK-2026-09-02-SMC-HIGHRUNG-LAMBDA,armB(via TASK-2026-09-02-MOCK-PRODUCTION),TASK-2026-09-02-SMC-HIGHRUNG-LAMBDA/armB/results/B_00244.json,64,64.0,0.35,0.3132,1024,6.0,systematic,30302052,ok,2031.18,421,0.3046420169736528,0.030301203405682087,0,3,2.744618477259402,1011.0416186179656,0.9884132634693764,0
TASK-2026-09-02-SMC-HIGHRUNG-LAMBDA,armB(via TASK-2026-09-02-MOCK-PRODUCTION),TASK-2026-09-02-SMC-HIGHRUNG-LAMBDA/armB/results/B_00245.json,64,64.0,0.35,0.3132,1024,6.0,systematic,30302053,ok,2037.5,421,0.3188349405729755,0.04043407809939994,0,2,1.263268477802542,1011.5134112442976,0.9883196505163608,0
TASK-2026-09-02-SMC-HIGHRUNG-LAMBDA,armB(via TASK-2026-09-02-MOCK-PRODUCTION),TASK-2026-09-02-SMC-HIGHRUNG-LAMBDA/armB/results/B_00246.json,64,64.0,0.35,0.3132,1024,6.0,systematic,30302054,ok,2070.58,421,0.32990795551784824,0.04065695334681392,0,3,2.7268036947657484,1011.9686135233286,0.9885101506132022,0
TASK-2026-09-02-SMC-HIGHRUNG-LAMBDA,armB(via TASK-2026-09-02-MOCK-PRODUCTION),TASK-2026-09-02-SMC-HIGHRUNG-LAMBDA/armB/results/B_00247.json,64,64.0,0.35,0.3132,1024,6.0,systematic,30302055,ok,2061.98,421,0.3153998706319878,0.03498677480739875,0,2,1.757916336959,1011.6373144648393,0.9884754121950672,0
TASK-2026-09-02-SMC-HIGHRUNG-LAMBDA,armB(via TASK-2026-09-02-MOCK-PRODUCTION),TASK-2026-09-02-SMC-HIGHRUNG-LAMBDA/armB/results/B_00248.json,64,64.0,0.35,0.3132,1024,6.0,systematic,30302056,ok,2080.9,421,0.27664321628006633,0.028280176372265924,0,3,2.6394542754298085,1012.1398646774004,0.9885567916838227,0
TASK-2026-09-02-SMC-HIGHRUNG-LAMBDA,armB(via TASK-2026-09-02-MOCK-PRODUCTION),TASK-2026-09-02-SMC-HIGHRUNG-LAMBDA/armB/results/B_00249.json,64,64.0,0.35,0.3132,1024,6.0,systematic,30302057,ok,2065.82,421,0.2788983590653248,0.030375378473841228,0,2,1.1393379388876694,1011.3771503216025,0.9883340881575073,0
TASK-2026-09-02-SMC-HIGHRUNG-LAMBDA,armB(via TASK-2026-09-02-MOCK-PRODUCTION),TASK-2026-09-02-SMC-HIGHRUNG-LAMBDA/armB/results/B_00250.json,64,64.0,0.35,0.3132,1024,6.0,systematic,30302058,ok,2087.15,421,0.32785500919901334,0.031239875701575333,0,3,2.267299201259303,1012.693752346217,0.9884988425246548,0
TASK-2026-09-02-SMC-HIGHRUNG-LAMBDA,armB(via TASK-2026-09-02-MOCK-PRODUCTION),TASK-2026-09-02-SMC-HIGHRUNG-LAMBDA/armB/results/B_00251.json,64,64.0,0.35,0.3132,1024,6.0,systematic,30302059,ok,2050.86,421,0.3255535094375961,0.04153803290829147,0,3,1.1075134349545408,1012.5864617425048,0.9885172895585391,0
TASK-2026-09-02-SMC-HIGHRUNG-LAMBDA,armB(via TASK-2026-09-02-MOCK-PRODUCTION),TASK-2026-09-02-SMC-HIGHRUNG-LAMBDA/armB/results/B_00252.json,64,64.0,0.35,0.3132,1024,6.0,systematic,30302060,ok,2089.2,421,0.3528463048601965,0.0409205998170652,0,2,1.4634941548218532,1011.6943309965101,0.9885198864364801,0
TASK-2026-09-02-SMC-HIGHRUNG-LAMBDA,armB(via TASK-2026-09-02-MOCK-PRODUCTION),TASK-2026-09-02-SMC-HIGHRUNG-LAMBDA/armB/results/B_00253.json,64,64.0,0.35,0.3132,1024,6.0,systematic,30302061,ok,2075.85,421,0.30052086648455234,0.027762074877235785,0,2,1.2920339588698448,1012.0032852613006,0.9884642818700421,0
TASK-2026-09-02-SMC-HIGHRUNG-LAMBDA,armB(via TASK-2026-09-02-MOCK-PRODUCTION),TASK-2026-09-02-SMC-HIGHRUNG-LAMBDA/armB/results/B_00254.json,64,64.0,0.35,0.3132,1024,6.0,systematic,30302062,ok,2084.02,421,0.31316556166537446,0.03627334849466837,0,1,1.0,1012.897027548679,0.9886373752339093,0
TASK-2026-09-02-SMC-HIGHRUNG-LAMBDA,armB(via TASK-2026-09-02-MOCK-PRODUCTION),TASK-2026-09-02-SMC-HIGHRUNG-LAMBDA/armB/results/B_00255.json,64,64.0,0.35,0.3132,1024,6.0,systematic,30302063,ok,2085.3,421,0.337161425760903,0.040816493646745396,0,3,1.4126421296545777,1012.0045096117218,0.9884058524214796,0
TASK-2026-09-02-SMC-HIGHRUNG-LAMBDA,armB(via TASK-2026-09-02-MOCK-PRODUCTION),TASK-2026-09-02-SMC-HIGHRUNG-LAMBDA/armB/results/B_00256.json,64,64.0,0.35,0.3132,1024,6.0,systematic,30302064,ok,1933.28,421,0.32521103890293,0.036772072974541395,0,3,1.9284581912612324,1011.7385181804099,0.9882557971089349,0
TASK-2026-09-02-SMC-HIGHRUNG-LAMBDA,armB(via TASK-2026-09-02-MOCK-PRODUCTION),TASK-2026-09-02-SMC-HIGHRUNG-LAMBDA/armB/results/B_00257.json,64,64.0,0.35,0.3132,1024,6.0,systematic,30302065,ok,1940.21,421,0.33044363566378193,0.037386447969992326,0,4,2.8405608651366405,1012.5608298747276,0.9884783923231348,0
TASK-2026-09-02-SMC-HIGHRUNG-LAMBDA,armB(via TASK-2026-09-02-MOCK-PRODUCTION),TASK-2026-09-02-SMC-HIGHRUNG-LAMBDA/armB/results/B_00258.json,64,64.0,0.35,0.3132,1024,6.0,systematic,30302066,ok,1913.77,421,0.28893557401521475,0.029294398201124092,0,4,2.3890673629433183,1012.2548077602297,0.9884389277641901,0
TASK-2026-09-02-SMC-HIGHRUNG-LAMBDA,armB(via TASK-2026-09-02-MOCK-PRODUCTION),TASK-2026-09-02-SMC-HIGHRUNG-LAMBDA/armB/results/B_00259.json,64,64.0,0.35,0.3132,1024,6.0,systematic,30302067,ok,1843.3,421,0.3118465548344806,0.033151498101023205,0,2,1.622414150572639,1013.0279992294012,0.9887738155197655,0
TASK-2026-09-02-SMC-HIGHRUNG-LAMBDA,armB(via TASK-2026-09-02-MOCK-PRODUCTION),TASK-2026-09-02-SMC-HIGHRUNG-LAMBDA/armB/results/B_00260.json,64,64.0,0.35,0.3132,1024,6.0,systematic,30302068,ok,1905.91,421,0.3413439784188145,0.030850277499881264,0,2,1.8590124988919423,1011.2881642832913,0.9883619542590723,0
TASK-2026-09-02-SMC-HIGHRUNG-LAMBDA,armB(via TASK-2026-09-02-MOCK-PRODUCTION),TASK-2026-09-02-SMC-HIGHRUNG-LAMBDA/armB/results/B_00261.json,64,64.0,0.35,0.3132,1024,6.0,systematic,30302069,ok,1887.83,421,0.2649231033214278,0.032124403841908705,0,2,1.0039138793360958,1011.5427393938896,0.9883436354642046,0
TASK-2026-09-02-SMC-HIGHRUNG-LAMBDA,armB(via TASK-2026-09-02-MOCK-PRODUCTION),TASK-2026-09-02-SMC-HIGHRUNG-LAMBDA/armB/results/B_00262.json,64,64.0,0.35,0.3132,1024,6.0,systematic,30302070,ok,1766.79,421,0.3111680490014973,0.02945453765806529,0,1,1.0,1012.9323376837552,0.9886132763537745,0
TASK-2026-09-02-SMC-HIGHRUNG-LAMBDA,armB(via TASK-2026-09-02-MOCK-PRODUCTION),TASK-2026-09-02-SMC-HIGHRUNG-LAMBDA/armB/results/B_00263.json,64,64.0,0.35,0.3132,1024,6.0,systematic,30302071,ok,1750.96,421,0.3048201764710351,0.03890194956210941,0,2,1.1932314485018833,1011.2026526640954,0.9883719264211995,0
TASK-2026-09-02-SMC-HIGHRUNG-LAMBDA,armB(via TASK-2026-09-02-MOCK-PRODUCTION),TASK-2026-09-02-SMC-HIGHRUNG-LAMBDA/armB/results/B_00264.json,64,64.0,0.35,0.3132,1024,6.0,systematic,30302072,ok,1741.45,421,0.31312655086121854,0.03664279378342218,0,1,1.0,1012.1499117223269,0.9882706856678614,0
TASK-2026-09-02-SMC-HIGHRUNG-LAMBDA,armB(via TASK-2026-09-02-MOCK-PRODUCTION),TASK-2026-09-02-SMC-HIGHRUNG-LAMBDA/armB/results/B_00265.json,64,64.0,0.35,0.3132,1024,6.0,systematic,30302073,ok,2044.5,421,0.35062807160697784,0.0405313749942572,0,2,1.9992373514741997,1012.3630413553124,0.9885601965153946,0
TASK-2026-09-02-SMC-HIGHRUNG-LAMBDA,armB(via TASK-2026-09-02-MOCK-PRODUCTION),TASK-2026-09-02-SMC-HIGHRUNG-LAMBDA/armB/results/B_00266.json,64,64.0,0.35,0.3132,1024,6.0,systematic,30302074,ok,2020.51,421,0.37053731527270717,0.03881130612553941,0,1,1.0,1011.9371924994983,0.9885115327491384,0
TASK-2026-09-02-SMC-HIGHRUNG-LAMBDA,armB(via TASK-2026-09-02-MOCK-PRODUCTION),TASK-2026-09-02-SMC-HIGHRUNG-LAMBDA/armB/results/B_00267.json,64,64.0,0.35,0.3132,1024,6.0,systematic,30302075,ok,2035.82,421,0.3399770965406394,0.03182677410777002,0,4,1.1383261901350044,1011.7751882011689,0.9883511657319894,0
TASK-2026-09-02-SMC-HIGHRUNG-LAMBDA,armB(via TASK-2026-09-02-MOCK-PRODUCTION),TASK-2026-09-02-SMC-HIGHRUNG-LAMBDA/armB/results/B_00268.json,64,64.0,0.35,0.3132,1024,6.0,systematic,30302076,ok,2041.61,421,0.3297528162979476,0.035655625589255203,0,3,1.6136754662160706,1012.021021274292,0.9884035446335556,0
TASK-2026-09-02-SMC-HIGHRUNG-LAMBDA,armB(via TASK-2026-09-02-MOCK-PRODUCTION),TASK-2026-09-02-SMC-HIGHRUNG-LAMBDA/armB/results/B_00269.json,64,64.0,0.35,0.3132,1024,6.0,systematic,30302077,ok,2051.18,421,0.3020616589912486,0.040814894673198716,0,2,1.3879452751069508,1013.515386478629,0.9884734578983092,0
TASK-2026-09-02-SMC-HIGHRUNG-LAMBDA,armB(via TASK-2026-09-02-MOCK-PRODUCTION),TASK-2026-09-02-SMC-HIGHRUNG-LAMBDA/armB/results/B_00270.json,64,64.0,0.35,0.3132,1024,6.0,systematic,30302078,ok,2028.73,421,0.33026083675663404,0.03597756907348566,0,1,1.0,1013.1037987095087,0.9885445941804225,0
TASK-2026-09-02-SMC-HIGHRUNG-LAMBDA,armB(via TASK-2026-09-02-MOCK-PRODUCTION),TASK-2026-09-02-SMC-HIGHRUNG-LAMBDA/armB/results/B_00271.json,64,64.0,0.35,0.3132,1024,6.0,systematic,30302079,ok,2029.76,421,0.2869658603598204,0.033270575639618466,0,3,2.1912989688998117,1012.6994153927603,0.9884547711686338,0
TASK-2026-09-02-SMC-HIGHRUNG-LAMBDA,armB(via TASK-2026-09-02-MOCK-PRODUCTION),TASK-2026-09-02-SMC-HIGHRUNG-LAMBDA/armB/results/B_00272.json,64,64.0,0.35,0.3132,1024,6.0,systematic,30302080,ok,2038.88,421,0.32212499281389023,0.03244733523861931,0,2,1.8301033230941077,1011.9419102357167,0.9883116005899828,0
TASK-2026-09-02-SMC-HIGHRUNG-LAMBDA,armB(via TASK-2026-09-02-MOCK-PRODUCTION),TASK-2026-09-02-SMC-HIGHRUNG-LAMBDA/armB/results/B_00273.json,64,64.0,0.35,0.3132,1024,6.0,systematic,30302081,ok,2057.36,421,0.2888421640962312,0.03988061799316302,0,4,3.1363127890073996,1012.9148743937477,0.9887100584688941,0
TASK-2026-09-02-SMC-HIGHRUNG-LAMBDA,armB(via TASK-2026-09-02-MOCK-PRODUCTION),TASK-2026-09-02-SMC-HIGHRUNG-LAMBDA/armB/results/B_00274.json,64,64.0,0.35,0.3132,1024,6.0,systematic,30302082,ok,2033.26,421,0.32167638113522734,0.03878251819222363,0,1,1.0,1011.9777198796978,0.9883184302468354,0
TASK-2026-09-02-SMC-HIGHRUNG-LAMBDA,armB(via TASK-2026-09-02-MOCK-PRODUCTION),TASK-2026-09-02-SMC-HIGHRUNG-LAMBDA/armB/results/B_00275.json,64,64.0,0.35,0.3132,1024,6.0,systematic,30302083,ok,2038.78,421,0.3269151991374898,0.042854184729555614,0,2,1.272812462825888,1011.7296712748573,0.9885041921083304,0
TASK-2026-09-02-SMC-HIGHRUNG-LAMBDA,armB(via TASK-2026-09-02-MOCK-PRODUCTION),TASK-2026-09-02-SMC-HIGHRUNG-LAMBDA/armB/results/B_00276.json,64,64.0,0.35,0.3132,1024,6.0,systematic,30302084,ok,2047.36,421,0.3224921116863009,0.03995453197809023,0,2,1.9948557948405754,1012.9469008362197,0.9888137706083773,0
TASK-2026-09-02-SMC-HIGHRUNG-LAMBDA,armB(via TASK-2026-09-02-MOCK-PRODUCTION),TASK-2026-09-02-SMC-HIGHRUNG-LAMBDA/armB/results/B_00277.json,64,64.0,0.35,0.3132,1024,6.0,systematic,30302085,ok,2050.13,421,0.34481924829359906,0.034788068703515786,0,4,3.1802206734239564,1012.1354919540292,0.9885534630282252,0
TASK-2026-09-02-SMC-HIGHRUNG-LAMBDA,armB(via TASK-2026-09-02-MOCK-PRODUCTION),TASK-2026-09-02-SMC-HIGHRUNG-LAMBDA/armB/results/B_00278.json,64,64.0,0.35,0.3132,1024,6.0,systematic,30302086,ok,2050.57,421,0.30939560141564604,0.031135523093131164,0,2,1.0197219477660129,1012.7698974828727,0.9885824359995257,0
TASK-2026-09-02-SMC-HIGHRUNG-LAMBDA,armB(via TASK-2026-09-02-MOCK-PRODUCTION),TASK-2026-09-02-SMC-HIGHRUNG-LAMBDA/armB/results/B_00279.json,64,64.0,0.35,0.3132,1024,6.0,systematic,30302087,ok,1839.43,421,0.3076530734623601,0.03408993654194503,0,4,3.1667361274696337,1012.418948044331,0.9883795864851465,0
TASK-2026-09-02-SMC-HIGHRUNG-LAMBDA,armB(via TASK-2026-09-02-MOCK-PRODUCTION),TASK-2026-09-02-SMC-HIGHRUNG-LAMBDA/armB/results/B_00280.json,64,64.0,0.35,0.3132,1024,6.0,systematic,30302088,ok,1832.95,421,0.3272621507545262,0.03871604796258966,0,2,1.2024044051711682,1012.7793029874151,0.9883057249307792,0
TASK-2026-09-02-SMC-HIGHRUNG-LAMBDA,armB(via TASK-2026-09-02-MOCK-PRODUCTION),TASK-2026-09-02-SMC-HIGHRUNG-LAMBDA/armB/results/B_00281.json,64,64.0,0.35,0.3132,1024,6.0,systematic,30302089,ok,2028.04,421,0.3033211552144705,0.0491735245784654,0,2,1.0277174467017414,1012.2834651572471,0.9883526225060906,0
TASK-2026-09-02-SMC-HIGHRUNG-LAMBDA,armB(via TASK-2026-09-02-MOCK-PRODUCTION),TASK-2026-09-02-SMC-HIGHRUNG-LAMBDA/armB/results/B_00282.json,64,64.0,0.35,0.3132,1024,6.0,systematic,30302090,ok,2027.18,421,0.33129114387938313,0.038622784959010455,0,1,1.0,1012.3183251451572,0.988519331747594,0
TASK-2026-09-02-SMC-HIGHRUNG-LAMBDA,armB(via TASK-2026-09-02-MOCK-PRODUCTION),TASK-2026-09-02-SMC-HIGHRUNG-LAMBDA/armB/results/B_00283.json,64,64.0,0.35,0.3132,1024,6.0,systematic,30302091,ok,2032.65,421,0.28853736305045097,0.03650230345876126,0,1,1.0,1011.1664675612718,0.988240760604209,0
TASK-2026-09-02-SMC-HIGHRUNG-LAMBDA,armB(via TASK-2026-09-02-MOCK-PRODUCTION),TASK-2026-09-02-SMC-HIGHRUNG-LAMBDA/armB/results/B_00284.json,64,64.0,0.35,0.3132,1024,6.0,systematic,30302092,ok,2032.4,421,0.34938944273807665,0.04490686161808816,0,1,1.0,1011.5634105933451,0.9880325417020025,0
TASK-2026-09-02-SMC-HIGHRUNG-LAMBDA,armB(via TASK-2026-09-02-MOCK-PRODUCTION),TASK-2026-09-02-SMC-HIGHRUNG-LAMBDA/armB/results/B_00285.json,64,64.0,0.35,0.3132,1024,6.0,systematic,30302093,ok,1755.5,421,0.3077381137589267,0.03377228023410584,0,3,1.5584838693376217,1011.7527178935769,0.9884844373833587,0
TASK-2026-09-02-SMC-HIGHRUNG-LAMBDA,armB(via TASK-2026-09-02-MOCK-PRODUCTION),TASK-2026-09-02-SMC-HIGHRUNG-LAMBDA/armB/results/B_00286.json,64,64.0,0.35,0.3132,1024,6.0,systematic,30302094,ok,1755.6,421,0.3030949919443794,0.03574588656192928,0,4,2.668173050988056,1012.1649005948672,0.9883817742020246,0
TASK-2026-09-02-SMC-HIGHRUNG-LAMBDA,armB(via TASK-2026-09-02-MOCK-PRODUCTION),TASK-2026-09-02-SMC-HIGHRUNG-LAMBDA/armB/results/B_00287.json,64,64.0,0.35,0.3132,1024,6.0,systematic,30302095,ok,1743.3,421,0.33723298422505465,0.044359340553757565,0,2,1.614962851615924,1012.6351986145388,0.9882341497926506,0
TASK-2026-09-02-MOCK-PRODUCTION,mockL64,TASK-2026-09-02-MOCK-PRODUCTION/mockL64/results/M64_00144.json,64,64.0,0.35,0.3232,1024,6.0,systematic,31209000,ok,1996.71,435,0.32217730064216565,0.04669965043515797,0,2,1.0377974358314546,1013.4325658225017,0.9882593796010696,0
TASK-2026-09-02-MOCK-PRODUCTION,mockL64,TASK-2026-09-02-MOCK-PRODUCTION/mockL64/results/M64_00145.json,64,64.0,0.35,0.3232,1024,6.0,systematic,31209001,ok,1994.21,435,0.27997766042835237,0.036244067582988586,0,1,1.0,1013.0525423769435,0.988319578887098,0
TASK-2026-09-02-MOCK-PRODUCTION,mockL64,TASK-2026-09-02-MOCK-PRODUCTION/mockL64/results/M64_00146.json,64,64.0,0.35,0.3232,1024,6.0,systematic,31209002,ok,1960.79,435,0.29189401731719933,0.02783105703665644,0,1,1.0,1012.8544840882957,0.9881852400850848,0
TASK-2026-09-02-MOCK-PRODUCTION,mockL64,TASK-2026-09-02-MOCK-PRODUCTION/mockL64/results/M64_00147.json,64,64.0,0.35,0.3232,1024,6.0,systematic,31209003,ok,2041.9,435,0.29896287866793214,0.030330276629361528,0,3,1.7834563038102138,1011.6983549461485,0.9885511093290618,0
TASK-2026-09-02-MOCK-PRODUCTION,mockL64,TASK-2026-09-02-MOCK-PRODUCTION/mockL64/results/M64_00148.json,64,64.0,0.35,0.3232,1024,6.0,systematic,31209004,ok,1926.55,435,0.24183963569141537,0.02301401620332869,0,3,1.5059991440053082,1013.0337820669617,0.9885163479577742,0
TASK-2026-09-02-MOCK-PRODUCTION,mockL64,TASK-2026-09-02-MOCK-PRODUCTION/mockL64/results/M64_00149.json,64,64.0,0.35,0.3232,1024,6.0,systematic,31209005,ok,1917.01,435,0.2928912342103373,0.03406101341227218,0,3,2.9386858286297217,1012.9040226926164,0.9881885195250112,0
TASK-2026-09-02-MOCK-PRODUCTION,mockL64,TASK-2026-09-02-MOCK-PRODUCTION/mockL64/results/M64_00150.json,64,64.0,0.35,0.3232,1024,6.0,systematic,31209006,ok,2139.71,435,0.3049551763397368,0.03502142161520009,0,5,2.098688239791527,1012.2688418389534,0.9883509414810676,0
TASK-2026-09-02-MOCK-PRODUCTION,mockL64,TASK-2026-09-02-MOCK-PRODUCTION/mockL64/results/M64_00151.json,64,64.0,0.35,0.3232,1024,6.0,systematic,31209007,ok,2138.9,435,0.3032329760196306,0.03212873181213986,0,3,2.4487424394572757,1012.2385985689434,0.988460626194814,0
TASK-2026-09-02-MOCK-PRODUCTION,mockL64,TASK-2026-09-02-MOCK-PRODUCTION/mockL64/results/M64_00152.json,64,64.0,0.35,0.3232,1024,6.0,systematic,31209008,ok,2158.39,435,0.2808818158403854,0.026971411655624437,0,2,1.9818480787767676,1011.5866496028357,0.9884711809461353,0
TASK-2026-09-02-MOCK-PRODUCTION,mockL64,TASK-2026-09-02-MOCK-PRODUCTION/mockL64/results/M64_00153.json,64,64.0,0.35,0.3232,1024,6.0,systematic,31209009,ok,2160.61,435,0.2588770127897746,0.030291454483053037,0,3,2.1539738296255213,1010.84681166019,0.9882250942384279,0
TASK-2026-09-02-MOCK-PRODUCTION,mockL64,TASK-2026-09-02-MOCK-PRODUCTION/mockL64/results/M64_00154.json,64,64.0,0.35,0.3232,1024,6.0,systematic,31209010,ok,2046.54,435,0.30395203740655924,0.03663929759752311,0,2,1.272812462825888,1012.047615000152,0.9882857794439552,0
TASK-2026-09-02-MOCK-PRODUCTION,mockL64,TASK-2026-09-02-MOCK-PRODUCTION/mockL64/results/M64_00155.json,64,64.0,0.35,0.3232,1024,6.0,systematic,31209011,ok,2074.31,435,0.3033427966784894,0.03559304369157212,0,2,1.7283099227632495,1012.8334299882351,0.988416685165045,0
TASK-2026-09-02-MOCK-PRODUCTION,mockL64,TASK-2026-09-02-MOCK-PRODUCTION/mockL64/results/M64_00156.json,64,64.0,0.35,0.3232,1024,6.0,systematic,31209012,ok,2161.62,435,0.28527109606687484,0.03515786741903567,0,2,1.4634941548218532,1012.0202711673234,0.9883200383946276,0
TASK-2026-09-02-MOCK-PRODUCTION,mockL64,TASK-2026-09-02-MOCK-PRODUCTION/mockL64/results/M64_00157.json,64,64.0,0.35,0.3232,1024,6.0,systematic,31209013,ok,2155.56,435,0.29922215541284153,0.037173027250841664,0,4,2.7551328200951155,1013.0983838873515,0.9883665805760362,0
TASK-2026-09-02-MOCK-PRODUCTION,mockL64,TASK-2026-09-02-MOCK-PRODUCTION/mockL64/results/M64_00158.json,64,64.0,0.35,0.3232,1024,6.0,systematic,31209014,ok,2164.64,435,0.29873157046077103,0.04049547686641874,0,1,1.0,1011.8402519523158,0.9881615042900166,0
TASK-2026-09-02-MOCK-PRODUCTION,mockL64,TASK-2026-09-02-MOCK-PRODUCTION/mockL64/results/M64_00159.json,64,64.0,0.35,0.3232,1024,6.0,systematic,31209015,ok,2137.65,435,0.2655925115648406,0.039145932577100764,0,2,1.207010629211569,1010.9904053759202,0.9884281512130334,0
TASK-2026-09-02-MOCK-PRODUCTION,mockL64,TASK-2026-09-02-MOCK-PRODUCTION/mockL64/results/M64_00160.json,64,64.0,0.35,0.3232,1024,6.0,systematic,31209016,ok,2024.11,435,0.2662438399657985,0.03663871956065341,0,3,1.8528369232944004,1012.0449360187816,0.9883976130483725,0
TASK-2026-09-02-MOCK-PRODUCTION,mockL64,TASK-2026-09-02-MOCK-PRODUCTION/mockL64/results/M64_00161.json,64,64.0,0.35,0.3232,1024,6.0,systematic,31209017,ok,2029.02,435,0.2697801256636523,0.03155160748714404,0,3,2.222039508537862,1011.9281755097458,0.9883793154650882,0
TASK-2026-09-02-MOCK-PRODUCTION,mockL64,TASK-2026-09-02-MOCK-PRODUCTION/mockL64/results/M64_00162.json,64,64.0,0.35,0.3232,1024,6.0,systematic,31209018,ok,2142.62,435,0.2815920127741421,0.03341672622158601,0,2,1.481236209327227,1011.255022227046,0.9884996914214031,0
TASK-2026-09-02-MOCK-PRODUCTION,mockL64,TASK-2026-09-02-MOCK-PRODUCTION/mockL64/results/M64_00163.json,64,64.0,0.35,0.3232,1024,6.0,systematic,31209019,ok,2132.03,435,0.23700842491671936,0.029834269348894327,0,1,1.0,1012.5211180740814,0.9883506121427332,0
TASK-2026-09-02-MOCK-PRODUCTION,mockL64,TASK-2026-09-02-MOCK-PRODUCTION/mockL64/results/M64_00164.json,64,64.0,0.35,0.3232,1024,6.0,systematic,31209020,ok,2135.58,435,0.2551499764683824,0.026908069179944948,0,2,1.8476914781517728,1011.6426909178349,0.9883069017085183,0
TASK-2026-09-02-MOCK-PRODUCTION,mockL64,TASK-2026-09-02-MOCK-PRODUCTION/mockL64/results/M64_00165.json,64,64.0,0.35,0.3232,1024,6.0,systematic,31209021,ok,2145.57,435,0.2712686471341492,0.03501722976036768,0,3,2.7956211774617548,1013.2838792961286,0.9883124006091659,0
TASK-2026-09-02-MOCK-PRODUCTION,mockL64,TASK-2026-09-02-MOCK-PRODUCTION/mockL64/results/M64_00166.json,64,64.0,0.35,0.3232,1024,6.0,systematic,31209022,ok,2038.74,435,0.2823379337351787,0.03199200128559323,0,2,1.0137653262279835,1011.4105325641007,0.988459973111585,0
TASK-2026-09-02-MOCK-PRODUCTION,mockL64,TASK-2026-09-02-MOCK-PRODUCTION/mockL64/results/M64_00167.json,64,64.0,0.35,0.3232,1024,6.0,systematic,31209023,ok,2157.5,435,0.24842784437854318,0.02449543339140441,0,1,1.0,1011.915445911999,0.988089110920244,0
TASK-2026-09-02-MOCK-PRODUCTION,mockL64,TASK-2026-09-02-MOCK-PRODUCTION/mockL64/results/M64_00168.json,64,64.0,0.35,0.3332,1024,6.0,systematic,31210000,ok,2086.74,448,0.22368022645677935,0.023444758748083223,0,1,1.0,1012.248965036167,0.9881726765980109,0
TASK-2026-09-02-MOCK-PRODUCTION,mockL64,TASK-2026-09-02-MOCK-PRODUCTION/mockL64/results/M64_00169.json,64,64.0,0.35,0.3332,1024,6.0,systematic,31210001,ok,2185.54,448,0.2419192833087871,0.0267023634283179,0,3,1.2375819978802707,1012.0818918142794,0.9883360423057146,0
TASK-2026-09-02-MOCK-PRODUCTION,mockL64,TASK-2026-09-02-MOCK-PRODUCTION/mockL64/results/M64_00170.json,64,64.0,0.35,0.3332,1024,6.0,systematic,31210002,ok,2208.81,448,0.22339714943640343,0.02448398874809323,0,1,1.0,1012.4138213281426,0.9884047600127772,0
TASK-2026-09-02-MOCK-PRODUCTION,mockL64,TASK-2026-09-02-MOCK-PRODUCTION/mockL64/results/M64_00171.json,64,64.0,0.35,0.3332,1024,6.0,systematic,31210003,ok,2209.59,448,0.2457184154569123,0.019524506554852227,0,2,1.0058765408412873,1012.0238272451343,0.9882611792496115,0
TASK-2026-09-02-MOCK-PRODUCTION,mockL64,TASK-2026-09-02-MOCK-PRODUCTION/mockL64/results/M64_00172.json,64,64.0,0.35,0.3332,1024,6.0,systematic,31210004,ok,2195.99,448,0.2447534679800559,0.026937227412086234,0,2,1.4584297667794197,1012.6260069788084,0.9882302097389951,0
TASK-2026-09-02-MOCK-PRODUCTION,mockL64,TASK-2026-09-02-MOCK-PRODUCTION/mockL64/results/M64_00173.json,64,64.0,0.35,0.3332,1024,6.0,systematic,31210005,ok,2187.76,448,0.25230534750631495,0.03499185334377528,0,2,1.395448121305358,1013.2306218681347,0.9885966068861222,0
TASK-2026-09-02-MOCK-PRODUCTION,mockL64,TASK-2026-09-02-MOCK-PRODUCTION/mockL64/results/M64_00174.json,64,64.0,0.35,0.3332,1024,6.0,systematic,31210006,ok,2101.86,448,0.24360002151024887,0.02700243653183406,0,2,1.3457325978649515,1011.7587447541854,0.9880917027355005,0
TASK-2026-09-02-MOCK-PRODUCTION,mockL64,TASK-2026-09-02-MOCK-PRODUCTION/mockL64/results/M64_00175.json,64,64.0,0.35,0.3332,1024,6.0,systematic,31210007,ok,2212.68,448,0.2340941994765616,0.02369085355950404,0,2,1.3334282836709157,1012.7775671373043,0.9884472521641755,0
TASK-2026-09-02-MOCK-PRODUCTION,mockL64,TASK-2026-09-02-MOCK-PRODUCTION/mockL64/results/M64_00176.json,64,64.0,0.35,0.3332,1024,6.0,systematic,31210008,ok,2105.48,448,0.2517027124216196,0.022039548484940087,0,3,2.481801441873015,1011.4083997045419,0.9880861273023872,0
TASK-2026-09-02-MOCK-PRODUCTION,mockL64,TASK-2026-09-02-MOCK-PRODUCTION/mockL64/results/M64_00177.json,64,64.0,0.35,0.3332,1024,6.0,systematic,31210009,ok,2110.25,448,0.24753706284382213,0.03334235069929774,0,4,2.59789012600774,1012.4875688017793,0.9882925803577346,0
TASK-2026-09-02-MOCK-PRODUCTION,mockL64,TASK-2026-09-02-MOCK-PRODUCTION/mockL64/results/M64_00178.json,64,64.0,0.35,0.3332,1024,6.0,systematic,31210010,ok,2085.52,448,0.2315346112489956,0.02220359905029882,0,1,1.0,1012.7305730041707,0.9881490358034174,0
TASK-2026-09-02-MOCK-PRODUCTION,mockL64,TASK-2026-09-02-MOCK-PRODUCTION/mockL64/results/M64_00179.json,64,64.0,0.35,0.3332,1024,6.0,systematic,31210011,ok,2193.95,448,0.26161916241932603,0.033692409721481756,0,3,1.4459965966037747,1012.0310080031726,0.9886271701287034,0
TASK-2026-09-02-MOCK-PRODUCTION,mockL64,TASK-2026-09-02-MOCK-PRODUCTION/mockL64/results/M64_00180.json,64,64.0,0.35,0.3332,1024,6.0,systematic,31210012,ok,2081.26,448,0.23952641584633003,0.02747685479697355,0,1,1.0,1011.9846381265352,0.9880105329638206,0
TASK-2026-09-02-MOCK-PRODUCTION,mockL64,TASK-2026-09-02-MOCK-PRODUCTION/mockL64/results/M64_00181.json,64,64.0,0.35,0.3332,1024,6.0,systematic,31210013,ok,2080.97,448,0.26752143123225103,0.026836903677216768,0,2,1.8908728942233828,1011.6141232926278,0.9882263241468048,0
TASK-2026-09-02-MOCK-PRODUCTION,mockL64,TASK-2026-09-02-MOCK-PRODUCTION/mockL64/results/M64_00182.json,64,64.0,0.35,0.3332,1024,6.0,systematic,31210014,ok,2114.96,448,0.27222590176877726,0.03102317757960039,0,3,2.58276312224439,1010.8838570467447,0.9883150774142971,0
TASK-2026-09-02-MOCK-PRODUCTION,mockL64,TASK-2026-09-02-MOCK-PRODUCTION/mockL64/results/M64_00183.json,64,64.0,0.35,0.3332,1024,6.0,systematic,31210015,ok,1922.6,448,0.2306633793349279,0.02513014978826086,0,2,1.1415432851419614,1012.394819629311,0.988377047365838,0
TASK-2026-09-02-MOCK-PRODUCTION,mockL64,TASK-2026-09-02-MOCK-PRODUCTION/mockL64/results/M64_00184.json,64,64.0,0.35,0.3332,1024,6.0,systematic,31210016,ok,2094.71,448,0.2523059132881108,0.023070199426267885,0,3,1.2569869503403268,1011.8893316531573,0.9882674436325755,0
TASK-2026-09-02-MOCK-PRODUCTION,mockL64,TASK-2026-09-02-MOCK-PRODUCTION/mockL64/results/M64_00185.json,64,64.0,0.35,0.3332,1024,6.0,systematic,31210017,ok,2198.66,448,0.23721255225244886,0.035692444596062654,0,4,2.010221961497023,1011.9986673745257,0.9885301437797416,0
TASK-2026-09-02-MOCK-PRODUCTION,mockL64,TASK-2026-09-02-MOCK-PRODUCTION/mockL64/results/M64_00186.json,64,64.0,0.35,0.3332,1024,6.0,systematic,31210018,ok,2151.69,448,0.26845435200247475,0.026943233898894022,0,2,1.4837723717128724,1010.6985557241854,0.9884356966909525,0
TASK-2026-09-02-MOCK-PRODUCTION,mockL64,TASK-2026-09-02-MOCK-PRODUCTION/mockL64/results/M64_00187.json,64,64.0,0.35,0.3332,1024,6.0,systematic,31210019,ok,2175.52,448,0.2559467799412457,0.027620104575779174,0,3,1.961803268873855,1012.2263979434017,0.9884642169524502,0
TASK-2026-09-02-MOCK-PRODUCTION,mockL64,TASK-2026-09-02-MOCK-PRODUCTION/mockL64/results/M64_00188.json,64,64.0,0.35,0.3332,1024,6.0,systematic,31210020,ok,2141.91,448,0.2835295205183737,0.03389538181691495,0,1,1.0,1012.3212274123186,0.9882293888291465,0
TASK-2026-09-02-MOCK-PRODUCTION,mockL64,TASK-2026-09-02-MOCK-PRODUCTION/mockL64/results/M64_00189.json,64,64.0,0.35,0.3332,1024,6.0,systematic,31210021,ok,2154.53,448,0.25646550565778037,0.024129439768718706,0,3,1.4724502548691953,1012.6079957327559,0.9882483301856856,0
TASK-2026-09-02-MOCK-PRODUCTION,mockL64,TASK-2026-09-02-MOCK-PRODUCTION/mockL64/results/M64_00190.json,64,64.0,0.35,0.3332,1024,6.0,systematic,31210022,ok,2163.71,448,0.21827562926429012,0.02152950535196171,0,3,1.1781355684639843,1011.6506550084827,0.9883708332397302,0
TASK-2026-09-02-MOCK-PRODUCTION,mockL64,TASK-2026-09-02-MOCK-PRODUCTION/mockL64/results/M64_00191.json,64,64.0,0.35,0.3332,1024,6.0,systematic,31210023,ok,2160.55,448,0.26917249490611406,0.029588313156520756,0,2,1.7259942059520674,1012.231986576891,0.9881669925684101,0
TASK-2026-09-02-MOCK-PRODUCTION,mockL64,TASK-2026-09-02-MOCK-PRODUCTION/mockL64/results/M64_00192.json,64,64.0,0.35,0.3432,1024,6.0,systematic,31211000,ok,2078.89,462,0.21472864996877208,0.02358231433434405,0,5,4.646336816171714,1011.6126876814559,0.9881611768395804,0
TASK-2026-09-02-MOCK-PRODUCTION,mockL64,TASK-2026-09-02-MOCK-PRODUCTION/mockL64/results/M64_00193.json,64,64.0,0.35,0.3432,1024,6.0,systematic,31211001,ok,2261.52,462,0.20939547498866742,0.0269185465829467,0,2,1.6421718634989741,1012.4005809717552,0.9881093823971632,0
TASK-2026-09-02-MOCK-PRODUCTION,mockL64,TASK-2026-09-02-MOCK-PRODUCTION/mockL64/results/M64_00194.json,64,64.0,0.35,0.3432,1024,6.0,systematic,31211002,ok,2182.05,462,0.2644245115914007,0.02819551850763467,0,2,1.486308806645027,1012.1827078755218,0.9883985702006335,0
TASK-2026-09-02-MOCK-PRODUCTION,mockL64,TASK-2026-09-02-MOCK-PRODUCTION/mockL64/results/M64_00195.json,64,64.0,0.35,0.3432,1024,6.0,systematic,31211003,ok,2173.82,462,0.24104868587083594,0.02570564209425437,0,1,1.0,1012.6257090881429,0.9885457493510921,0
TASK-2026-09-02-MOCK-PRODUCTION,mockL64,TASK-2026-09-02-MOCK-PRODUCTION/mockL64/results/M64_00196.json,64,64.0,0.35,0.3432,1024,6.0,systematic,31211004,ok,2173.25,462,0.20986519568076925,0.02228599956641961,0,3,1.9327877313278774,1011.7628895221196,0.988457162163431,0
TASK-2026-09-02-MOCK-PRODUCTION,mockL64,TASK-2026-09-02-MOCK-PRODUCTION/mockL64/results/M64_00197.json,64,64.0,0.35,0.3432,1024,6.0,systematic,31211005,ok,2183.59,462,0.20163813562496535,0.018241007368521633,0,3,2.145380145674769,1012.8096143084513,0.9883757350961472,0
TASK-2026-09-02-MOCK-PRODUCTION,mockL64,TASK-2026-09-02-MOCK-PRODUCTION/mockL64/results/M64_00198.json,64,64.0,0.35,0.3432,1024,6.0,systematic,31211006,ok,2195.59,462,0.22452170989231224,0.02821056466225565,0,2,1.5949961668106647,1011.7274212169154,0.9881958335539033,0
TASK-2026-09-02-MOCK-PRODUCTION,mockL64,TASK-2026-09-02-MOCK-PRODUCTION/mockL64/results/M64_00199.json,64,64.0,0.35,0.3432,1024,6.0,systematic,31211007,ok,2166.36,462,0.25623287212937773,0.029679596801742588,0,1,1.0,1012.181057240967,0.9882587910322649,0
TASK-2026-09-02-MOCK-PRODUCTION,mockL64,TASK-2026-09-02-MOCK-PRODUCTION/mockL64/results/M64_00200.json,64,64.0,0.35,0.3432,1024,6.0,systematic,31211008,ok,2177.37,462,0.20656678640703136,0.018885640102198856,0,4,3.067141695478451,1012.377803380498,0.9881090646397976,0
TASK-2026-09-02-MOCK-PRODUCTION,mockL64,TASK-2026-09-02-MOCK-PRODUCTION/mockL64/results/M64_00201.json,64,64.0,0.35,0.3432,1024,6.0,systematic,31211009,ok,2192.78,462,0.21636476304601227,0.025847002654269622,0,3,2.0790806311540093,1012.0280995606159,0.9882040357536573,0
TASK-2026-09-02-MOCK-PRODUCTION,mockL64,TASK-2026-09-02-MOCK-PRODUCTION/mockL64/results/M64_00202.json,64,64.0,0.35,0.3432,1024,6.0,systematic,31211010,ok,2190.52,462,0.1950835056472409,0.019861382168347836,0,3,2.3787482135160274,1011.8997929803044,0.9883526639042229,0
TASK-2026-09-02-MOCK-PRODUCTION,mockL64,TASK-2026-09-02-MOCK-PRODUCTION/mockL64/results/M64_00203.json,64,64.0,0.35,0.3432,1024,6.0,systematic,31211011,ok,2191.84,462,0.21653893995623247,0.021919151822967064,0,2,1.2466781437552907,1011.7234229220926,0.9881272983105209,0
TASK-2026-09-02-MOCK-PRODUCTION,mockL64,TASK-2026-09-02-MOCK-PRODUCTION/mockL64/results/M64_00204.json,64,64.0,0.35,0.3432,1024,6.0,systematic,31211012,ok,2176.56,462,0.20661757102828715,0.02588741076980049,0,2,1.9890435072916826,1011.594444930541,0.987946182067976,0
TASK-2026-09-02-MOCK-PRODUCTION,mockL64,TASK-2026-09-02-MOCK-PRODUCTION/mockL64/results/M64_00205.json,64,64.0,0.35,0.3432,1024,6.0,systematic,31211013,ok,2191.76,462,0.24003627145018916,0.02897095963301343,0,2,1.7623836927876082,1011.6829299531787,0.9883006165770516,0
TASK-2026-09-02-MOCK-PRODUCTION,mockL64,TASK-2026-09-02-MOCK-PRODUCTION/mockL64/results/M64_00206.json,64,64.0,0.35,0.3432,1024,6.0,systematic,31211014,ok,2178.66,462,0.24260104200022758,0.03214486022411993,0,2,1.9475780089153045,1012.7068496266455,0.9882165599113494,0
TASK-2026-09-02-MOCK-PRODUCTION,mockL64,TASK-2026-09-02-MOCK-PRODUCTION/mockL64/results/M64_00207.json,64,64.0,0.35,0.3432,1024,6.0,systematic,31211015,ok,2178.37,462,0.23170773610898437,0.027128030150098497,0,4,2.205912300041233,1012.0099370798381,0.9881405933947386,0
TASK-2026-09-02-MOCK-PRODUCTION,mockL64,TASK-2026-09-02-MOCK-PRODUCTION/mockL64/results/M64_00208.json,64,64.0,0.35,0.3432,1024,6.0,systematic,31211016,ok,2175.78,462,0.19604664986065973,0.023295187645016258,0,3,1.5313714894922086,1012.6647226631825,0.9883250192667158,0
TASK-2026-09-02-MOCK-PRODUCTION,mockL64,TASK-2026-09-02-MOCK-PRODUCTION/mockL64/results/M64_00209.json,64,64.0,0.35,0.3432,1024,6.0,systematic,31211017,ok,2165.68,462,0.18393987113794402,0.02169006215295161,0,2,1.007843016639498,1010.9464705094379,0.9882097928835999,0
TASK-2026-09-02-MOCK-PRODUCTION,mockL64,TASK-2026-09-02-MOCK-PRODUCTION/mockL64/results/M64_00210.json,64,64.0,0.35,0.3432,1024,6.0,systematic,31211018,ok,2168.9,462,0.22316154138213556,0.029726719860428803,0,3,1.746200602841013,1010.5079641662857,0.9881750798120347,0
TASK-2026-09-02-MOCK-PRODUCTION,mockL64,TASK-2026-09-02-MOCK-PRODUCTION/mockL64/results/M64_00211.json,64,64.0,0.35,0.3432,1024,6.0,systematic,31211019,ok,2181.27,462,0.22758084952803856,0.025124546926335253,0,3,2.985150769791382,1012.0661936618725,0.9883781487778082,0
TASK-2026-09-02-MOCK-PRODUCTION,mockL64,TASK-2026-09-02-MOCK-PRODUCTION/mockL64/results/M64_00212.json,64,64.0,0.35,0.3432,1024,6.0,systematic,31211020,ok,1874.06,462,0.19933654970621098,0.024263639792868632,0,4,1.7033176956764695,1012.8582555417352,0.9883160562354726,0
TASK-2026-09-02-MOCK-PRODUCTION,mockL64,TASK-2026-09-02-MOCK-PRODUCTION/mockL64/results/M64_00213.json,64,64.0,0.35,0.3432,1024,6.0,systematic,31211021,ok,2008.12,462,0.24210494262253185,0.023644098786119998,0,3,1.4320778578705993,1012.0853223754661,0.988367666392725,0
TASK-2026-09-02-MOCK-PRODUCTION,mockL64,TASK-2026-09-02-MOCK-PRODUCTION/mockL64/results/M64_00214.json,64,64.0,0.35,0.3432,1024,6.0,systematic,31211022,ok,1938.38,462,0.18837021459600795,0.017586408217348106,0,2,1.481236209327227,1010.1826243724969,0.9882542999795297,0
TASK-2026-09-02-MOCK-PRODUCTION,mockL64,TASK-2026-09-02-MOCK-PRODUCTION/mockL64/results/M64_00215.json,64,64.0,0.35,0.3432,1024,6.0,systematic,31211023,ok,1995.57,462,0.2154142970633406,0.024919896980885366,0,3,2.1768056731934964,1010.9688734891637,0.9881506990952574,0
TASK-2026-09-02-MOCK-PRODUCTION,mockL64,TASK-2026-09-02-MOCK-PRODUCTION/mockL64/results/M64_00216.json,64,64.0,0.35,0.3532,1024,6.0,systematic,31212000,ok,1944.64,475,0.18754060993758173,0.02032927861111034,0,3,1.011803030653914,1012.5814842441985,0.9881658956701794,0
TASK-2026-09-02-MOCK-PRODUCTION,mockL64,TASK-2026-09-02-MOCK-PRODUCTION/mockL64/results/M64_00217.json,64,64.0,0.35,0.3532,1024,6.0,systematic,31212001,ok,2033.3,475,0.2276673839032426,0.021250299454044087,0,3,1.377251580736425,1012.0958759944845,0.9882004257095389,0
TASK-2026-09-02-MOCK-PRODUCTION,mockL64,TASK-2026-09-02-MOCK-PRODUCTION/mockL64/results/M64_00218.json,64,64.0,0.35,0.3532,1024,6.0,systematic,31212002,ok,1939.19,475,0.20878257068219297,0.02241276738656475,0,3,1.541275557450061,1011.6754600353062,0.9882145911990105,0
TASK-2026-09-02-MOCK-PRODUCTION,mockL64,TASK-2026-09-02-MOCK-PRODUCTION/mockL64/results/M64_00219.json,64,64.0,0.35,0.3532,1024,6.0,systematic,31212003,ok,1942.83,475,0.1613950481222771,0.01635644942048378,0,2,1.3854475787804716,1011.7223432668909,0.9882557252586516,0
TASK-2026-09-02-MOCK-PRODUCTION,mockL64,TASK-2026-09-02-MOCK-PRODUCTION/mockL64/results/M64_00220.json,64,64.0,0.35,0.3532,1024,6.0,systematic,31212004,ok,1941.79,475,0.16060581734374474,0.022182386832672655,0,2,1.0177325959472234,1012.1031952892241,0.9882430107725512,0
TASK-2026-09-02-MOCK-PRODUCTION,mockL64,TASK-2026-09-02-MOCK-PRODUCTION/mockL64/results/M64_00221.json,64,64.0,0.35,0.3532,1024,6.0,systematic,31212005,ok,2018.96,475,0.18554609880430398,0.02315620510742222,0,2,1.338343407939879,1012.3523126411114,0.9881713622090014,0
TASK-2026-09-02-MOCK-PRODUCTION,mockL64,TASK-2026-09-02-MOCK-PRODUCTION/mockL64/results/M64_00222.json,64,64.0,0.35,0.3532,1024,6.0,systematic,31212006,ok,1943.51,475,0.17868229769321314,0.018704263836063523,0,3,1.6531387653044172,1010.6174022135856,0.9880186525945605,0
TASK-2026-09-02-MOCK-PRODUCTION,mockL64,TASK-2026-09-02-MOCK-PRODUCTION/mockL64/results/M64_00223.json,64,64.0,0.35,0.3532,1024,6.0,systematic,31212007,ok,1942.47,475,0.17956107414063877,0.017893931107375128,0,2,1.4609616429576582,1012.0288606024117,0.9880861653604502,0
TASK-2026-09-02-MOCK-PRODUCTION,mockL64,TASK-2026-09-02-MOCK-PRODUCTION/mockL64/results/M64_00224.json,64,64.0,0.35,0.3532,1024,6.0,systematic,31212008,ok,1943.69,475,0.1703026020861188,0.016266387765816775,0,4,3.162552780793823,1012.5708904305861,0.9882777099779371,0
TASK-2026-09-02-MOCK-PRODUCTION,mockL64,TASK-2026-09-02-MOCK-PRODUCTION/mockL64/results/M64_00225.json,64,64.0,0.35,0.3532,1024,6.0,systematic,31212009,ok,1957.4,475,0.17978809290025763,0.017053573220330943,0,2,1.9825750242013553,1011.1674690928943,0.9882114671411271,0
TASK-2026-09-02-MOCK-PRODUCTION,mockL64,TASK-2026-09-02-MOCK-PRODUCTION/mockL64/results/M64_00226.json,64,64.0,0.35,0.3532,1024,6.0,systematic,31212010,ok,1942.89,475,0.20683335865882801,0.023744231421374287,0,2,1.6199327664623295,1012.129002008094,0.9882842692740512,0
TASK-2026-09-02-MOCK-PRODUCTION,mockL64,TASK-2026-09-02-MOCK-PRODUCTION/mockL64/results/M64_00227.json,64,64.0,0.35,0.3532,1024,6.0,systematic,31212011,ok,1867.9,475,0.17920728900014182,0.01878130472995226,0,1,1.0,1012.0187131227269,0.9880800602006325,0
TASK-2026-09-02-MOCK-PRODUCTION,mockL64,TASK-2026-09-02-MOCK-PRODUCTION/mockL64/results/M64_00228.json,64,64.0,0.35,0.3532,1024,6.0,systematic,31212012,ok,1891.94,475,0.19958594290415899,0.02077149788944048,0,2,1.2093186326521197,1011.8176351086934,0.9883013218477056,0
TASK-2026-09-02-MOCK-PRODUCTION,mockL64,TASK-2026-09-02-MOCK-PRODUCTION/mockL64/results/M64_00229.json,64,64.0,0.35,0.3532,1024,6.0,systematic,31212013,ok,1878.61,475,0.15201823360853522,0.016027006735852306,0,4,2.313909815915721,1012.7936601844767,0.9882342996787565,0
TASK-2026-09-02-MOCK-PRODUCTION,mockL64,TASK-2026-09-02-MOCK-PRODUCTION/mockL64/results/M64_00230.json,64,64.0,0.35,0.3532,1024,6.0,systematic,31212014,ok,1988.5,475,0.1964767627914452,0.019603860409489568,0,1,1.0,1012.8786132398545,0.9881210474516642,0
TASK-2026-09-02-MOCK-PRODUCTION,mockL64,TASK-2026-09-02-MOCK-PRODUCTION/mockL64/results/M64_00231.json,64,64.0,0.35,0.3532,1024,6.0,systematic,31212015,ok,1983.99,475,0.19055776389775514,0.026914284343965422,0,3,1.6067717032537643,1012.6767807067195,0.9882748533565405,0
TASK-2026-09-02-MOCK-PRODUCTION,mockL64,TASK-2026-09-02-MOCK-PRODUCTION/mockL64/results/M64_00232.json,64,64.0,0.35,0.3532,1024,6.0,systematic,31212016,ok,1967.26,475,0.1746038252658052,0.018251676782736218,0,1,1.0,1012.336374758247,0.9880941153997743,0
TASK-2026-09-02-MOCK-PRODUCTION,mockL64,TASK-2026-09-02-MOCK-PRODUCTION/mockL64/results/M64_00233.json,64,64.0,0.35,0.3532,1024,6.0,systematic,31212017,ok,1979.82,475,0.1790468685393251,0.01800129024346413,0,2,1.8496013546884922,1010.8552873697047,0.9880978518821054,0
TASK-2026-09-02-MOCK-PRODUCTION,mockL64,TASK-2026-09-02-MOCK-PRODUCTION/mockL64/results/M64_00234.json,64,64.0,0.35,0.3532,1024,6.0,systematic,31212018,ok,1963.28,475,0.17822427715590833,0.01772767480736313,0,2,1.1349379698800528,1011.7768589927394,0.9879870966684479,0
TASK-2026-09-02-MOCK-PRODUCTION,mockL64,TASK-2026-09-02-MOCK-PRODUCTION/mockL64/results/M64_00235.json,64,64.0,0.35,0.3532,1024,6.0,systematic,31212019,ok,1997.45,475,0.18322434632773937,0.02526367084119203,0,2,1.0644490644490645,1013.1368438983108,0.9881672855061434,0
TASK-2026-09-02-MOCK-PRODUCTION,mockL64,TASK-2026-09-02-MOCK-PRODUCTION/mockL64/results/M64_00236.json,64,64.0,0.35,0.3532,1024,6.0,systematic,31212020,ok,1971.3,475,0.17825062832406008,0.01875215238689485,0,2,1.0459297976120416,1011.9873099399016,0.9880998720157587,0
TASK-2026-09-02-MOCK-PRODUCTION,mockL64,TASK-2026-09-02-MOCK-PRODUCTION/mockL64/results/M64_00237.json,64,64.0,0.35,0.3532,1024,6.0,systematic,31212021,ok,1977.25,475,0.16634835816084947,0.015421090968360312,0,2,1.0377974358314546,1012.3024296870126,0.9879823696643805,0
TASK-2026-09-02-MOCK-PRODUCTION,mockL64,TASK-2026-09-02-MOCK-PRODUCTION/mockL64/results/M64_00238.json,64,64.0,0.35,0.3532,1024,6.0,systematic,31212022,ok,1973.82,475,0.2106643238208845,0.02383450796083507,0,2,1.8533936651583711,1011.7916407362884,0.9880205346828304,0
TASK-2026-09-02-MOCK-PRODUCTION,mockL64,TASK-2026-09-02-MOCK-PRODUCTION/mockL64/results/M64_00239.json,64,64.0,0.35,0.3532,1024,6.0,systematic,31212023,ok,1972.49,475,0.22408815410122365,0.02478570375819988,0,2,1.0811666886630593,1011.7744684823417,0.988162799738378,0
