source_task,arm,L,T,zeta,lam,N_c,R_index,dtau_mult,resample_scheme,seed,status,wall_s,n_steps,cmi_weighted_mean,cmi_unweighted_mean,gess_final,ess_cum_final,n_distinct_anc_final,brentq_fallbacks,result_path,exact_compatible
TASK-2026-09-01-SMCRUCHE-READY,arm1,96,96.0,0.35,0.3032,128,0,6.0,systematic,1168016,ok,1210.86,922,0.39150251170142114,0.39150251170142114,1.0,126.88228515147851,1,0,research/tasks/active/TASK-2026-09-01-SMCRUCHE-READY/arm1/results/ARM1_00000.json,yes
TASK-2026-09-01-SMCRUCHE-READY,arm1,96,96.0,0.35,0.3032,128,1,6.0,systematic,1168017,ok,1373.43,922,0.3600924973750028,0.3600924973750028,1.0,126.95911385697043,1,0,research/tasks/active/TASK-2026-09-01-SMCRUCHE-READY/arm1/results/ARM1_00001.json,yes
TASK-2026-09-01-SMCRUCHE-READY,arm1,96,96.0,0.35,0.3032,128,2,6.0,systematic,1168018,ok,1375.01,922,0.4516711516737355,0.4516711516737355,1.0,127.25380522353372,1,0,research/tasks/active/TASK-2026-09-01-SMCRUCHE-READY/arm1/results/ARM1_00002.json,yes
TASK-2026-09-01-SMCRUCHE-READY,arm1,96,96.0,0.35,0.3032,128,3,6.0,systematic,1168019,ok,1379.92,922,0.5864394122506498,0.5864394122506498,1.0,127.27623956900041,1,0,research/tasks/active/TASK-2026-09-01-SMCRUCHE-READY/arm1/results/ARM1_00003.json,yes
TASK-2026-09-01-SMCRUCHE-READY,arm1,96,96.0,0.35,0.3032,128,4,6.0,systematic,1168020,ok,1382.89,922,0.5371981731646471,0.5371981731646471,1.0,127.02721839703763,1,0,research/tasks/active/TASK-2026-09-01-SMCRUCHE-READY/arm1/results/ARM1_00004.json,yes
TASK-2026-09-01-SMCRUCHE-READY,arm1,96,96.0,0.35,0.3032,128,5,6.0,systematic,1168021,ok,1372.63,922,0.18365233596474145,0.18365233596474145,1.0,127.24258971289923,1,0,research/tasks/active/TASK-2026-09-01-SMCRUCHE-READY/arm1/results/ARM1_00005.json,yes
TASK-2026-09-01-SMCRUCHE-READY,arm1,96,96.0,0.35,0.3032,128,6,6.0,systematic,1168022,ok,1351.63,922,0.44041800328154057,0.44041800328154057,1.0,127.17056434985363,1,0,research/tasks/active/TASK-2026-09-01-SMCRUCHE-READY/arm1/results/ARM1_00006.json,yes
TASK-2026-09-01-SMCRUCHE-READY,arm1,96,96.0,0.35,0.3032,128,7,6.0,systematic,1168023,ok,1351.28,922,0.3563284839004946,0.3563284839004946,1.0,126.98350528580826,1,0,research/tasks/active/TASK-2026-09-01-SMCRUCHE-READY/arm1/results/ARM1_00007.json,yes
TASK-2026-09-01-SMCRUCHE-READY,arm1,96,96.0,0.35,0.3032,128,8,6.0,systematic,1168024,ok,1354.6,922,0.6052105392354037,0.6052105392354037,1.0,127.21687328076096,1,0,research/tasks/active/TASK-2026-09-01-SMCRUCHE-READY/arm1/results/ARM1_00008.json,yes
TASK-2026-09-01-SMCRUCHE-READY,arm1,96,96.0,0.35,0.3032,128,9,6.0,systematic,1168025,ok,1356.55,922,0.516747936247055,0.516747936247055,1.0,127.01086399909912,1,0,research/tasks/active/TASK-2026-09-01-SMCRUCHE-READY/arm1/results/ARM1_00009.json,yes
TASK-2026-09-01-SMCRUCHE-READY,arm1,96,96.0,0.35,0.3032,128,10,6.0,systematic,1168026,ok,1365.88,922,0.5712218799339328,0.5712218799339328,1.0,127.16646749431565,1,0,research/tasks/active/TASK-2026-09-01-SMCRUCHE-READY/arm1/results/ARM1_00010.json,yes
TASK-2026-09-01-SMCRUCHE-READY,arm1,96,96.0,0.35,0.3032,128,11,6.0,systematic,1168027,ok,1360.74,922,0.23863807475375653,0.23863807475375653,1.0,127.24768708429025,1,0,research/tasks/active/TASK-2026-09-01-SMCRUCHE-READY/arm1/results/ARM1_00011.json,yes
TASK-2026-09-01-SMCRUCHE-READY,arm1,96,96.0,0.35,0.3032,128,12,6.0,systematic,1168028,ok,1369.93,922,0.28578924350508006,0.28578924350508006,1.0,127.1725127601731,1,0,research/tasks/active/TASK-2026-09-01-SMCRUCHE-READY/arm1/results/ARM1_00012.json,yes
TASK-2026-09-01-SMCRUCHE-READY,arm1,96,96.0,0.35,0.3032,128,13,6.0,systematic,1168029,ok,1169.85,922,0.4026270014684438,0.4026270014684438,1.0,126.98963023826632,1,0,research/tasks/active/TASK-2026-09-01-SMCRUCHE-READY/arm1/results/ARM1_00013.json,yes
TASK-2026-09-01-SMCRUCHE-READY,arm1,96,96.0,0.35,0.3032,128,14,6.0,systematic,1168030,ok,1182.52,922,0.10127779077454971,0.10127779077454971,1.0,127.43362430682267,1,0,research/tasks/active/TASK-2026-09-01-SMCRUCHE-READY/arm1/results/ARM1_00014.json,yes
TASK-2026-09-01-SMCRUCHE-READY,arm1,96,96.0,0.35,0.3032,128,15,6.0,systematic,1168031,ok,1182.13,922,0.35767697153482203,0.35767697153482203,1.0,127.00923677577919,1,0,research/tasks/active/TASK-2026-09-01-SMCRUCHE-READY/arm1/results/ARM1_00015.json,yes
TASK-2026-09-01-SMCRUCHE-READY,arm1,96,96.0,0.35,0.3032,128,16,6.0,systematic,1168032,ok,1172.99,922,0.20634810273876153,0.20634810273876153,1.0,127.39325211691956,1,0,research/tasks/active/TASK-2026-09-01-SMCRUCHE-READY/arm1/results/ARM1_00016.json,yes
TASK-2026-09-01-SMCRUCHE-READY,arm1,96,96.0,0.35,0.3032,128,17,6.0,systematic,1168033,ok,1449.05,922,0.37812804095700137,0.37812804095700137,1.0,127.03670642007029,1,0,research/tasks/active/TASK-2026-09-01-SMCRUCHE-READY/arm1/results/ARM1_00017.json,yes
TASK-2026-09-01-SMCRUCHE-READY,arm1,96,96.0,0.35,0.3032,128,18,6.0,systematic,1168034,ok,1427.08,922,0.20685802205637016,0.20685802205637016,1.0,127.0465407601249,1,0,research/tasks/active/TASK-2026-09-01-SMCRUCHE-READY/arm1/results/ARM1_00018.json,yes
TASK-2026-09-01-SMCRUCHE-READY,arm1,96,96.0,0.35,0.3032,128,19,6.0,systematic,1168035,ok,1428.78,922,0.6095978819981688,0.6095978819981688,1.0,126.97977098069599,1,0,research/tasks/active/TASK-2026-09-01-SMCRUCHE-READY/arm1/results/ARM1_00019.json,yes
TASK-2026-09-01-SMCRUCHE-READY,arm1,96,96.0,0.35,0.3032,128,20,6.0,systematic,1168036,ok,1461.55,922,0.24040692663586027,0.24040692663586027,1.0,127.1555997906726,1,0,research/tasks/active/TASK-2026-09-01-SMCRUCHE-READY/arm1/results/ARM1_00020.json,yes
TASK-2026-09-01-SMCRUCHE-READY,arm1,96,96.0,0.35,0.3032,128,21,6.0,systematic,1168037,ok,1451.84,922,0.32127782289863105,0.32127782289863105,1.0,126.92241175047727,1,0,research/tasks/active/TASK-2026-09-01-SMCRUCHE-READY/arm1/results/ARM1_00021.json,yes
TASK-2026-09-01-SMCRUCHE-READY,arm1,96,96.0,0.35,0.3032,128,22,6.0,systematic,1168038,ok,1435.77,922,0.5956425657864985,0.5956425657864985,1.0,127.25660195657373,1,0,research/tasks/active/TASK-2026-09-01-SMCRUCHE-READY/arm1/results/ARM1_00022.json,yes
TASK-2026-09-01-SMCRUCHE-READY,arm1,96,96.0,0.35,0.3032,128,23,6.0,systematic,1168039,ok,1452.36,922,0.44234319876253847,0.44234319876253847,1.0,127.08094345629611,1,0,research/tasks/active/TASK-2026-09-01-SMCRUCHE-READY/arm1/results/ARM1_00023.json,yes
TASK-2026-09-01-SMCRUCHE-READY,arm1,96,96.0,0.35,0.3032,128,24,6.0,systematic,1168040,ok,1446.81,922,0.38959813691224804,0.38959813691224804,1.0,127.0986958460238,1,0,research/tasks/active/TASK-2026-09-01-SMCRUCHE-READY/arm1/results/ARM1_00024.json,yes
TASK-2026-09-01-SMCRUCHE-READY,arm1,96,96.0,0.35,0.3032,128,25,6.0,systematic,1168041,ok,1464.38,922,0.41581656538412953,0.41581656538412953,1.0,127.18980335696534,1,0,research/tasks/active/TASK-2026-09-01-SMCRUCHE-READY/arm1/results/ARM1_00025.json,yes
TASK-2026-09-01-SMCRUCHE-READY,arm1,96,96.0,0.35,0.3032,128,26,6.0,systematic,1168042,ok,1443.39,922,0.47812089307823047,0.47812089307823047,1.0,127.32851603200362,1,0,research/tasks/active/TASK-2026-09-01-SMCRUCHE-READY/arm1/results/ARM1_00026.json,yes
TASK-2026-09-01-SMCRUCHE-READY,arm1,96,96.0,0.35,0.3032,128,27,6.0,systematic,1168043,ok,1451.99,922,0.24961765447889944,0.24961765447889944,1.0,127.14393716564007,1,0,research/tasks/active/TASK-2026-09-01-SMCRUCHE-READY/arm1/results/ARM1_00027.json,yes
TASK-2026-09-01-SMCRUCHE-READY,arm1,96,96.0,0.35,0.3032,128,28,6.0,systematic,1168044,ok,1466.41,922,0.3675633842663405,0.3675633842663405,1.0,127.23755443314784,1,0,research/tasks/active/TASK-2026-09-01-SMCRUCHE-READY/arm1/results/ARM1_00028.json,yes
TASK-2026-09-01-SMCRUCHE-READY,arm1,96,96.0,0.35,0.3032,128,29,6.0,systematic,1168045,ok,1457.17,922,0.4182072208700818,0.4182072208700818,1.0,127.10833644091016,1,0,research/tasks/active/TASK-2026-09-01-SMCRUCHE-READY/arm1/results/ARM1_00029.json,yes
TASK-2026-09-01-SMCRUCHE-READY,arm1,96,96.0,0.35,0.3032,128,30,6.0,systematic,1168046,ok,1453.94,922,0.39927064420165265,0.39927064420165265,1.0,126.9750723502476,1,0,research/tasks/active/TASK-2026-09-01-SMCRUCHE-READY/arm1/results/ARM1_00030.json,yes
TASK-2026-09-01-SMCRUCHE-READY,arm1,96,96.0,0.35,0.3032,128,31,6.0,systematic,1168047,ok,1451.59,922,0.30840826486995054,0.30840826486995054,1.0,127.073730374141,1,0,research/tasks/active/TASK-2026-09-01-SMCRUCHE-READY/arm1/results/ARM1_00031.json,yes
TASK-2026-09-01-SMCRUCHE-READY,arm1,96,96.0,0.35,0.3032,256,0,6.0,systematic,1296016,ok,2479.58,922,0.47293671085772887,0.47293671085772887,1.0,254.11473522541183,1,0,research/tasks/active/TASK-2026-09-01-SMCRUCHE-READY/arm1/results/ARM1_00032.json,yes
TASK-2026-09-01-SMCRUCHE-READY,arm1,96,96.0,0.35,0.3032,256,1,6.0,systematic,1296017,ok,2489.03,922,0.3168595964339818,0.3168595964339818,1.0,254.30353057592006,1,0,research/tasks/active/TASK-2026-09-01-SMCRUCHE-READY/arm1/results/ARM1_00033.json,yes
TASK-2026-09-01-SMCRUCHE-READY,arm1,96,96.0,0.35,0.3032,256,2,6.0,systematic,1296018,ok,2423.88,922,0.23220916273354544,0.23220916273354544,1.0,254.02276597058915,1,0,research/tasks/active/TASK-2026-09-01-SMCRUCHE-READY/arm1/results/ARM1_00034.json,yes
TASK-2026-09-01-SMCRUCHE-READY,arm1,96,96.0,0.35,0.3032,256,3,6.0,systematic,1296019,ok,2371.82,922,0.2825618374253618,0.2825618374253618,1.0,253.97082106793914,1,0,research/tasks/active/TASK-2026-09-01-SMCRUCHE-READY/arm1/results/ARM1_00035.json,yes
TASK-2026-09-01-SMCRUCHE-READY,arm1,96,96.0,0.35,0.3032,256,4,6.0,systematic,1296020,ok,2347.31,922,0.3516078167761456,0.3516078167761456,1.0,254.1695145040882,1,0,research/tasks/active/TASK-2026-09-01-SMCRUCHE-READY/arm1/results/ARM1_00036.json,yes
TASK-2026-09-01-SMCRUCHE-READY,arm1,96,96.0,0.35,0.3032,256,5,6.0,systematic,1296021,ok,2350.34,922,0.24563083644736405,0.24563083644736405,1.0,253.70407284478722,1,0,research/tasks/active/TASK-2026-09-01-SMCRUCHE-READY/arm1/results/ARM1_00037.json,yes
TASK-2026-09-01-SMCRUCHE-READY,arm1,96,96.0,0.35,0.3032,256,6,6.0,systematic,1296022,ok,2370.65,922,0.48150079996963735,0.48150079996963735,1.0,254.10375516547597,1,0,research/tasks/active/TASK-2026-09-01-SMCRUCHE-READY/arm1/results/ARM1_00038.json,yes
TASK-2026-09-01-SMCRUCHE-READY,arm1,96,96.0,0.35,0.3032,256,7,6.0,systematic,1296023,ok,2370.38,922,0.4566987188104037,0.4566987188104037,1.0,254.30405650957968,1,0,research/tasks/active/TASK-2026-09-01-SMCRUCHE-READY/arm1/results/ARM1_00039.json,yes
TASK-2026-09-01-SMCRUCHE-READY,arm1,96,96.0,0.35,0.3032,256,8,6.0,systematic,1296024,ok,2305.31,922,0.16753011109336013,0.16753011109336013,1.0,253.9488341297648,1,0,research/tasks/active/TASK-2026-09-01-SMCRUCHE-READY/arm1/results/ARM1_00040.json,yes
TASK-2026-09-01-SMCRUCHE-READY,arm1,96,96.0,0.35,0.3032,256,9,6.0,systematic,1296025,ok,2710.59,922,0.1417118279665448,0.1417118279665448,1.0,254.2804021915994,1,0,research/tasks/active/TASK-2026-09-01-SMCRUCHE-READY/arm1/results/ARM1_00041.json,yes
TASK-2026-09-01-SMCRUCHE-READY,arm1,96,96.0,0.35,0.3032,256,10,6.0,systematic,1296026,ok,2672.95,922,0.24042541152858016,0.24042541152858016,1.0,254.51464178965935,1,0,research/tasks/active/TASK-2026-09-01-SMCRUCHE-READY/arm1/results/ARM1_00042.json,yes
TASK-2026-09-01-SMCRUCHE-READY,arm1,96,96.0,0.35,0.3032,256,11,6.0,systematic,1296027,ok,2699.21,922,0.28026187076760417,0.28026187076760417,1.0,253.86460510569648,1,0,research/tasks/active/TASK-2026-09-01-SMCRUCHE-READY/arm1/results/ARM1_00043.json,yes
TASK-2026-09-01-SMCRUCHE-READY,arm1,96,96.0,0.35,0.3032,256,12,6.0,systematic,1296028,ok,2721.27,922,0.3974330270694597,0.3974330270694597,1.0,254.20286629418823,1,0,research/tasks/active/TASK-2026-09-01-SMCRUCHE-READY/arm1/results/ARM1_00044.json,yes
TASK-2026-09-01-SMCRUCHE-READY,arm1,96,96.0,0.35,0.3032,256,13,6.0,systematic,1296029,ok,2679.89,922,0.5244373142313785,0.5244373142313785,1.0,254.4209445352203,1,0,research/tasks/active/TASK-2026-09-01-SMCRUCHE-READY/arm1/results/ARM1_00045.json,yes
TASK-2026-09-01-SMCRUCHE-READY,arm1,96,96.0,0.35,0.3032,256,14,6.0,systematic,1296030,ok,2722.43,922,0.4124516969996771,0.4124516969996771,1.0,253.84570665612753,1,0,research/tasks/active/TASK-2026-09-01-SMCRUCHE-READY/arm1/results/ARM1_00046.json,yes
TASK-2026-09-01-SMCRUCHE-READY,arm1,96,96.0,0.35,0.3032,256,15,6.0,systematic,1296031,ok,2214.21,922,0.20857145113837916,0.20857145113837916,1.0,253.95047069245769,1,0,research/tasks/active/TASK-2026-09-01-SMCRUCHE-READY/arm1/results/ARM1_00047.json,yes
TASK-2026-09-01-SMCRUCHE-READY,arm1,96,96.0,0.35,0.3032,256,16,6.0,systematic,1296032,ok,2269.26,922,0.22377919919332848,0.22377919919332848,1.0,253.9135462644303,1,0,research/tasks/active/TASK-2026-09-01-SMCRUCHE-READY/arm1/results/ARM1_00048.json,yes
TASK-2026-09-01-SMCRUCHE-READY,arm1,96,96.0,0.35,0.3032,256,17,6.0,systematic,1296033,ok,2234.16,922,0.35667617008618746,0.35667617008618746,1.0,254.1411825958557,1,0,research/tasks/active/TASK-2026-09-01-SMCRUCHE-READY/arm1/results/ARM1_00049.json,yes
TASK-2026-09-01-SMCRUCHE-READY,arm1,96,96.0,0.35,0.3032,256,18,6.0,systematic,1296034,ok,2405.5,922,0.40867346125477816,0.40867346125477816,1.0,254.37044303489333,1,0,research/tasks/active/TASK-2026-09-01-SMCRUCHE-READY/arm1/results/ARM1_00050.json,yes
TASK-2026-09-01-SMCRUCHE-READY,arm1,96,96.0,0.35,0.3032,256,19,6.0,systematic,1296035,ok,2456.29,922,0.36210032016966365,0.36210032016966365,1.0,254.4799527429125,1,0,research/tasks/active/TASK-2026-09-01-SMCRUCHE-READY/arm1/results/ARM1_00051.json,yes
TASK-2026-09-01-SMCRUCHE-READY,arm1,96,96.0,0.35,0.3032,256,20,6.0,systematic,1296036,ok,2452.5,922,0.3663171948996064,0.3663171948996064,1.0,254.0226770131089,1,0,research/tasks/active/TASK-2026-09-01-SMCRUCHE-READY/arm1/results/ARM1_00052.json,yes
TASK-2026-09-01-SMCRUCHE-READY,arm1,96,96.0,0.35,0.3032,256,21,6.0,systematic,1296037,ok,2463.34,922,0.3544491797824115,0.3544491797824115,1.0,254.02226411102075,1,0,research/tasks/active/TASK-2026-09-01-SMCRUCHE-READY/arm1/results/ARM1_00053.json,yes
TASK-2026-09-01-SMCRUCHE-READY,arm1,96,96.0,0.35,0.3032,256,22,6.0,systematic,1296038,ok,2425.42,922,0.333411115667503,0.333411115667503,1.0,253.84206834256017,1,0,research/tasks/active/TASK-2026-09-01-SMCRUCHE-READY/arm1/results/ARM1_00054.json,yes
TASK-2026-09-01-SMCRUCHE-READY,arm1,96,96.0,0.35,0.3032,256,23,6.0,systematic,1296039,ok,2445.16,922,0.2020640936739596,0.2020640936739596,1.0,254.31849789150982,1,0,research/tasks/active/TASK-2026-09-01-SMCRUCHE-READY/arm1/results/ARM1_00055.json,yes
TASK-2026-09-01-SMCRUCHE-READY,arm1,96,96.0,0.35,0.3032,256,24,6.0,systematic,1296040,ok,2341.74,922,0.2984492821051409,0.2984492821051409,1.0,254.1209072862972,1,0,research/tasks/active/TASK-2026-09-01-SMCRUCHE-READY/arm1/results/ARM1_00056.json,yes
TASK-2026-09-01-SMCRUCHE-READY,arm1,96,96.0,0.35,0.3032,256,25,6.0,systematic,1296041,ok,2337.43,922,0.2592338987352326,0.2592338987352326,1.0,254.17296030813407,1,0,research/tasks/active/TASK-2026-09-01-SMCRUCHE-READY/arm1/results/ARM1_00057.json,yes
TASK-2026-09-01-SMCRUCHE-READY,arm1,96,96.0,0.35,0.3032,256,26,6.0,systematic,1296042,ok,2332.98,922,0.35775126935900836,0.35775126935900836,1.0,254.17497522599075,1,0,research/tasks/active/TASK-2026-09-01-SMCRUCHE-READY/arm1/results/ARM1_00058.json,yes
TASK-2026-09-01-SMCRUCHE-READY,arm1,96,96.0,0.35,0.3032,256,27,6.0,systematic,1296043,ok,2362.85,922,0.3530773970725527,0.3530773970725527,1.0,254.32308583033802,1,0,research/tasks/active/TASK-2026-09-01-SMCRUCHE-READY/arm1/results/ARM1_00059.json,yes
TASK-2026-09-01-SMCRUCHE-READY,arm1,96,96.0,0.35,0.3032,256,28,6.0,systematic,1296044,ok,2343.81,922,0.5527544599082894,0.5527544599082894,1.0,253.95101900955285,1,0,research/tasks/active/TASK-2026-09-01-SMCRUCHE-READY/arm1/results/ARM1_00060.json,yes
TASK-2026-09-01-SMCRUCHE-READY,arm1,96,96.0,0.35,0.3032,256,29,6.0,systematic,1296045,ok,2340.64,922,0.37848959216435224,0.37848959216435224,1.0,253.8721636733347,1,0,research/tasks/active/TASK-2026-09-01-SMCRUCHE-READY/arm1/results/ARM1_00061.json,yes
TASK-2026-09-01-SMCRUCHE-READY,arm1,96,96.0,0.35,0.3032,256,30,6.0,systematic,1296046,ok,2320.01,922,0.26336138160280154,0.26336138160280154,1.0,254.25064118835215,1,0,research/tasks/active/TASK-2026-09-01-SMCRUCHE-READY/arm1/results/ARM1_00062.json,yes
TASK-2026-09-01-SMCRUCHE-READY,arm1,96,96.0,0.35,0.3032,256,31,6.0,systematic,1296047,ok,2436.86,922,0.4655681008046657,0.4655681008046657,1.0,254.3437185023025,1,0,research/tasks/active/TASK-2026-09-01-SMCRUCHE-READY/arm1/results/ARM1_00063.json,yes
TASK-2026-09-01-SMCRUCHE-READY,arm1,96,96.0,0.35,0.3032,512,0,6.0,systematic,1552000,ok,4859.78,922,0.26267719951539215,0.26267719951539215,1.0,508.0459992187191,1,0,research/tasks/active/TASK-2026-09-01-SMCRUCHE-READY/arm1/results/ARM1_00064.json,yes
TASK-2026-09-01-SMCRUCHE-READY,arm1,96,96.0,0.35,0.3032,512,1,6.0,systematic,1552001,ok,4867.25,922,0.19563389160272174,0.19563389160272174,1.0,507.76495791196146,1,0,research/tasks/active/TASK-2026-09-01-SMCRUCHE-READY/arm1/results/ARM1_00065.json,yes
TASK-2026-09-01-SMCRUCHE-READY,arm1,96,96.0,0.35,0.3032,512,2,6.0,systematic,1552002,ok,4868.45,922,0.26285492589833986,0.26285492589833986,1.0,508.6382802354071,1,0,research/tasks/active/TASK-2026-09-01-SMCRUCHE-READY/arm1/results/ARM1_00066.json,yes
TASK-2026-09-01-SMCRUCHE-READY,arm1,96,96.0,0.35,0.3032,512,3,6.0,systematic,1552003,ok,4613.12,922,0.2117554931773294,0.2117554931773294,1.0,508.0159468439763,1,0,research/tasks/active/TASK-2026-09-01-SMCRUCHE-READY/arm1/results/ARM1_00067.json,yes
TASK-2026-09-01-SMCRUCHE-READY,arm1,96,96.0,0.35,0.3032,512,4,6.0,systematic,1552004,ok,4648.38,922,0.19094985461311761,0.19094985461311761,1.0,507.95125722368846,1,0,research/tasks/active/TASK-2026-09-01-SMCRUCHE-READY/arm1/results/ARM1_00068.json,yes
TASK-2026-09-01-SMCRUCHE-READY,arm1,96,96.0,0.35,0.3032,512,5,6.0,systematic,1552005,ok,5464.6,922,0.1914714020289312,0.1914714020289312,1.0,508.5752222662567,1,0,research/tasks/active/TASK-2026-09-01-SMCRUCHE-READY/arm1/results/ARM1_00069.json,yes
TASK-2026-09-01-SMCRUCHE-READY,arm1,96,96.0,0.35,0.3032,512,6,6.0,systematic,1552006,ok,5414.05,922,0.15753373009950267,0.15753373009950267,1.0,507.9685921045636,1,0,research/tasks/active/TASK-2026-09-01-SMCRUCHE-READY/arm1/results/ARM1_00070.json,yes
TASK-2026-09-01-SMCRUCHE-READY,arm1,96,96.0,0.35,0.3032,512,7,6.0,systematic,1552007,ok,4628.98,922,0.2100445014803221,0.2100445014803221,1.0,508.2692762528592,1,0,research/tasks/active/TASK-2026-09-01-SMCRUCHE-READY/arm1/results/ARM1_00071.json,yes
TASK-2026-09-01-SMCRUCHE-READY,arm1,96,96.0,0.35,0.3032,512,8,6.0,systematic,1552008,ok,5449.65,922,0.30604908518408064,0.30604908518408064,1.0,508.16682790486595,1,0,research/tasks/active/TASK-2026-09-01-SMCRUCHE-READY/arm1/results/ARM1_00072.json,yes
TASK-2026-09-01-SMCRUCHE-READY,arm1,96,96.0,0.35,0.3032,512,9,6.0,systematic,1552009,ok,5433.49,922,0.2571765548208249,0.2571765548208249,1.0,507.96239573768844,1,0,research/tasks/active/TASK-2026-09-01-SMCRUCHE-READY/arm1/results/ARM1_00073.json,yes
TASK-2026-09-01-SMCRUCHE-READY,arm1,96,96.0,0.35,0.3032,512,10,6.0,systematic,1552010,ok,5439.49,922,0.1696964005816269,0.1696964005816269,1.0,508.7080310991338,1,0,research/tasks/active/TASK-2026-09-01-SMCRUCHE-READY/arm1/results/ARM1_00074.json,yes
TASK-2026-09-01-SMCRUCHE-READY,arm1,96,96.0,0.35,0.3032,512,11,6.0,systematic,1552011,ok,5438.94,922,0.345922228049865,0.345922228049865,1.0,508.3725376468619,1,0,research/tasks/active/TASK-2026-09-01-SMCRUCHE-READY/arm1/results/ARM1_00075.json,yes
TASK-2026-09-01-SMCRUCHE-READY,arm1,96,96.0,0.35,0.3032,512,12,6.0,systematic,1552012,ok,5450.91,922,0.2109512338767467,0.2109512338767467,1.0,508.56328049081213,1,0,research/tasks/active/TASK-2026-09-01-SMCRUCHE-READY/arm1/results/ARM1_00076.json,yes
TASK-2026-09-01-SMCRUCHE-READY,arm1,96,96.0,0.35,0.3032,512,13,6.0,systematic,1552013,ok,5453.06,922,0.3066958792982306,0.3066958792982306,1.0,508.40652674395545,1,0,research/tasks/active/TASK-2026-09-01-SMCRUCHE-READY/arm1/results/ARM1_00077.json,yes
TASK-2026-09-01-SMCRUCHE-READY,arm1,96,96.0,0.35,0.3032,512,14,6.0,systematic,1552014,ok,5390.01,922,0.19340535498385897,0.19340535498385897,1.0,508.57276401945614,1,0,research/tasks/active/TASK-2026-09-01-SMCRUCHE-READY/arm1/results/ARM1_00078.json,yes
TASK-2026-09-01-SMCRUCHE-READY,arm1,96,96.0,0.35,0.3032,512,15,6.0,systematic,1552015,ok,4704.73,922,0.35808909039184333,0.35808909039184333,1.0,507.9684254789595,1,0,research/tasks/active/TASK-2026-09-01-SMCRUCHE-READY/arm1/results/ARM1_00079.json,yes
TASK-2026-09-01-SMCRUCHE-READY,arm1,96,96.0,0.35,0.3032,512,16,6.0,systematic,1552016,ok,5491.48,922,0.3044878723567147,0.3044878723567147,1.0,508.2112067992906,1,0,research/tasks/active/TASK-2026-09-01-SMCRUCHE-READY/arm1/results/ARM1_00080.json,yes
TASK-2026-09-01-SMCRUCHE-READY,arm1,96,96.0,0.35,0.3032,512,17,6.0,systematic,1552017,ok,5433.14,922,0.28536007100806227,0.28536007100806227,1.0,508.2302341218702,1,0,research/tasks/active/TASK-2026-09-01-SMCRUCHE-READY/arm1/results/ARM1_00081.json,yes
TASK-2026-09-01-SMCRUCHE-READY,arm1,96,96.0,0.35,0.3032,512,18,6.0,systematic,1552018,ok,5445.18,922,0.31890726506446293,0.31890726506446293,1.0,508.0030555357168,1,0,research/tasks/active/TASK-2026-09-01-SMCRUCHE-READY/arm1/results/ARM1_00082.json,yes
TASK-2026-09-01-SMCRUCHE-READY,arm1,96,96.0,0.35,0.3032,512,19,6.0,systematic,1552019,ok,5562.37,922,0.19096257507220765,0.19096257507220765,1.0,508.1516824864147,1,0,research/tasks/active/TASK-2026-09-01-SMCRUCHE-READY/arm1/results/ARM1_00083.json,yes
TASK-2026-09-01-SMCRUCHE-READY,arm1,96,96.0,0.35,0.3032,512,20,6.0,systematic,1552020,ok,5620.99,922,0.3796369911706067,0.3796369911706067,1.0,507.3687488389561,1,0,research/tasks/active/TASK-2026-09-01-SMCRUCHE-READY/arm1/results/ARM1_00084.json,yes
TASK-2026-09-01-SMCRUCHE-READY,arm1,96,96.0,0.35,0.3032,512,21,6.0,systematic,1552021,ok,5553.55,922,0.28424879533958936,0.28424879533958936,1.0,507.8893394276917,1,0,research/tasks/active/TASK-2026-09-01-SMCRUCHE-READY/arm1/results/ARM1_00085.json,yes
TASK-2026-09-01-SMCRUCHE-READY,arm1,96,96.0,0.35,0.3032,512,22,6.0,systematic,1552022,ok,5624.82,922,0.16627001422136312,0.16627001422136312,1.0,507.41027557579076,1,0,research/tasks/active/TASK-2026-09-01-SMCRUCHE-READY/arm1/results/ARM1_00086.json,yes
TASK-2026-09-01-SMCRUCHE-READY,arm1,96,96.0,0.35,0.3032,512,23,6.0,systematic,1552023,ok,4518.24,922,0.2581921627267055,0.2581921627267055,1.0,508.0102080905991,1,0,research/tasks/active/TASK-2026-09-01-SMCRUCHE-READY/arm1/results/ARM1_00087.json,yes
TASK-2026-09-01-SMCRUCHE-READY,arm1,96,96.0,0.35,0.3032,512,24,6.0,systematic,1552024,ok,4499.78,922,0.29287712716195846,0.29287712716195846,1.0,508.5736247298132,1,0,research/tasks/active/TASK-2026-09-01-SMCRUCHE-READY/arm1/results/ARM1_00088.json,yes
TASK-2026-09-01-SMCRUCHE-READY,arm1,96,96.0,0.35,0.3032,512,25,6.0,systematic,1552025,ok,4482.92,922,0.2512132643899982,0.2512132643899982,1.0,508.06309740796877,1,0,research/tasks/active/TASK-2026-09-01-SMCRUCHE-READY/arm1/results/ARM1_00089.json,yes
TASK-2026-09-01-SMCRUCHE-READY,arm1,96,96.0,0.35,0.3032,512,26,6.0,systematic,1552026,ok,5656.61,922,0.15057199174510752,0.15057199174510752,1.0,507.94834619174014,1,0,research/tasks/active/TASK-2026-09-01-SMCRUCHE-READY/arm1/results/ARM1_00090.json,yes
TASK-2026-09-01-SMCRUCHE-READY,arm1,96,96.0,0.35,0.3032,512,27,6.0,systematic,1552027,ok,5615.8,922,0.32756553222076823,0.32756553222076823,1.0,507.7880994868758,1,0,research/tasks/active/TASK-2026-09-01-SMCRUCHE-READY/arm1/results/ARM1_00091.json,yes
TASK-2026-09-01-SMCRUCHE-READY,arm1,96,96.0,0.35,0.3032,512,28,6.0,systematic,1552028,ok,5598.53,922,0.22216585797110583,0.22216585797110583,1.0,507.4670080286031,1,0,research/tasks/active/TASK-2026-09-01-SMCRUCHE-READY/arm1/results/ARM1_00092.json,yes
TASK-2026-09-01-SMCRUCHE-READY,arm1,96,96.0,0.35,0.3032,512,29,6.0,systematic,1552029,ok,5641.55,922,0.33049427794436803,0.33049427794436803,1.0,508.06889172703785,1,0,research/tasks/active/TASK-2026-09-01-SMCRUCHE-READY/arm1/results/ARM1_00093.json,yes
TASK-2026-09-01-SMCRUCHE-READY,arm1,96,96.0,0.35,0.3032,512,30,6.0,systematic,1552030,ok,5633.67,922,0.20122392037125697,0.20122392037125697,1.0,508.6658184101216,1,0,research/tasks/active/TASK-2026-09-01-SMCRUCHE-READY/arm1/results/ARM1_00094.json,yes
TASK-2026-09-01-SMCRUCHE-READY,arm1,96,96.0,0.35,0.3032,512,31,6.0,systematic,1552031,ok,5659.53,922,0.2799237435127446,0.2799237435127446,1.0,508.42761298959624,1,0,research/tasks/active/TASK-2026-09-01-SMCRUCHE-READY/arm1/results/ARM1_00095.json,yes
TASK-2026-09-01-SMCRUCHE-READY,arm1,96,96.0,0.35,0.3032,512,32,6.0,systematic,1552032,ok,5606.17,922,0.2598369421169285,0.2598369421169285,1.0,508.11151901600164,1,0,research/tasks/active/TASK-2026-09-01-SMCRUCHE-READY/arm1/results/ARM1_00096.json,yes
TASK-2026-09-01-SMCRUCHE-READY,arm1,96,96.0,0.35,0.3032,512,33,6.0,systematic,1552033,ok,5570.1,922,0.27667002260767193,0.27667002260767193,1.0,507.73703407147826,1,0,research/tasks/active/TASK-2026-09-01-SMCRUCHE-READY/arm1/results/ARM1_00097.json,yes
TASK-2026-09-01-SMCRUCHE-READY,arm1,96,96.0,0.35,0.3032,512,34,6.0,systematic,1552034,ok,5588.47,922,0.2715705540202068,0.2715705540202068,1.0,508.1531709715898,1,0,research/tasks/active/TASK-2026-09-01-SMCRUCHE-READY/arm1/results/ARM1_00098.json,yes
TASK-2026-09-01-SMCRUCHE-READY,arm1,96,96.0,0.35,0.3032,512,35,6.0,systematic,1552035,ok,5560.4,922,0.19221760609022048,0.19221760609022048,1.0,507.96039948929985,1,0,research/tasks/active/TASK-2026-09-01-SMCRUCHE-READY/arm1/results/ARM1_00099.json,yes
TASK-2026-09-01-SMCRUCHE-READY,arm1,96,96.0,0.35,0.3032,512,36,6.0,systematic,1552036,ok,5611.14,922,0.3741338809669488,0.3741338809669488,1.0,507.8374681141938,1,0,research/tasks/active/TASK-2026-09-01-SMCRUCHE-READY/arm1/results/ARM1_00100.json,yes
TASK-2026-09-01-SMCRUCHE-READY,arm1,96,96.0,0.35,0.3032,512,37,6.0,systematic,1552037,ok,4669.65,922,0.32648724392376594,0.32648724392376594,1.0,508.0814798149282,1,0,research/tasks/active/TASK-2026-09-01-SMCRUCHE-READY/arm1/results/ARM1_00101.json,yes
TASK-2026-09-01-SMCRUCHE-READY,arm1,96,96.0,0.35,0.3032,512,38,6.0,systematic,1552038,ok,4504.61,922,0.37388755034391746,0.37388755034391746,1.0,508.48845750335033,1,0,research/tasks/active/TASK-2026-09-01-SMCRUCHE-READY/arm1/results/ARM1_00102.json,yes
TASK-2026-09-01-SMCRUCHE-READY,arm1,96,96.0,0.35,0.3032,512,39,6.0,systematic,1552039,ok,4580.64,922,0.1503052159919797,0.1503052159919797,1.0,507.7759691075724,1,0,research/tasks/active/TASK-2026-09-01-SMCRUCHE-READY/arm1/results/ARM1_00103.json,yes
TASK-2026-09-01-SMCRUCHE-READY,arm1,96,96.0,0.35,0.3032,512,40,6.0,systematic,1552040,ok,4550.64,922,0.3824166352078351,0.3824166352078351,1.0,507.61453720314483,1,0,research/tasks/active/TASK-2026-09-01-SMCRUCHE-READY/arm1/results/ARM1_00104.json,yes
TASK-2026-09-01-SMCRUCHE-READY,arm1,96,96.0,0.35,0.3032,512,41,6.0,systematic,1552041,ok,4568.24,922,0.23978130018949206,0.23978130018949206,1.0,508.4389162665077,1,0,research/tasks/active/TASK-2026-09-01-SMCRUCHE-READY/arm1/results/ARM1_00105.json,yes
TASK-2026-09-01-SMCRUCHE-READY,arm1,96,96.0,0.35,0.3032,512,42,6.0,systematic,1552042,ok,4625.36,922,0.3035211931422867,0.3035211931422867,1.0,508.3828034484764,1,0,research/tasks/active/TASK-2026-09-01-SMCRUCHE-READY/arm1/results/ARM1_00106.json,yes
TASK-2026-09-01-SMCRUCHE-READY,arm1,96,96.0,0.35,0.3032,512,43,6.0,systematic,1552043,ok,4587.86,922,0.37276530570765243,0.37276530570765243,1.0,508.4573510381493,1,0,research/tasks/active/TASK-2026-09-01-SMCRUCHE-READY/arm1/results/ARM1_00107.json,yes
TASK-2026-09-01-SMCRUCHE-READY,arm1,96,96.0,0.35,0.3032,512,44,6.0,systematic,1552044,ok,4550.08,922,0.4394449357364324,0.4394449357364324,1.0,507.98816485557853,1,0,research/tasks/active/TASK-2026-09-01-SMCRUCHE-READY/arm1/results/ARM1_00108.json,yes
TASK-2026-09-01-SMCRUCHE-READY,arm1,96,96.0,0.35,0.3032,512,45,6.0,systematic,1552045,ok,4566.41,922,0.25476838342475594,0.25476838342475594,1.0,508.2155159259622,1,0,research/tasks/active/TASK-2026-09-01-SMCRUCHE-READY/arm1/results/ARM1_00109.json,yes
TASK-2026-09-01-SMCRUCHE-READY,arm1,96,96.0,0.35,0.3032,512,46,6.0,systematic,1552046,ok,4662.11,922,0.2121284748519839,0.2121284748519839,1.0,508.54750691630653,1,0,research/tasks/active/TASK-2026-09-01-SMCRUCHE-READY/arm1/results/ARM1_00110.json,yes
TASK-2026-09-01-SMCRUCHE-READY,arm1,96,96.0,0.35,0.3032,512,47,6.0,systematic,1552047,ok,4671.54,922,0.2780208573238774,0.2780208573238774,1.0,507.8621849632575,1,0,research/tasks/active/TASK-2026-09-01-SMCRUCHE-READY/arm1/results/ARM1_00111.json,yes
TASK-2026-09-01-SMCRUCHE-READY,arm2,128,128.0,0.35,0.3032,64,0,6.0,systematic,20192000,ok,2127.95,1643,0.6640738037977449,0.6640738037977449,1.0,63.58415202766546,1,0,research/tasks/active/TASK-2026-09-01-SMCRUCHE-READY/arm2/results/ARM2_00000.json,yes
TASK-2026-09-01-SMCRUCHE-READY,arm2,128,128.0,0.35,0.3032,64,1,6.0,systematic,20192001,ok,2763.22,1643,0.6061056798142302,0.6061056798142302,1.0,63.72781445040463,1,0,research/tasks/active/TASK-2026-09-01-SMCRUCHE-READY/arm2/results/ARM2_00001.json,yes
TASK-2026-09-01-SMCRUCHE-READY,arm2,128,128.0,0.35,0.3032,64,2,6.0,systematic,20192002,ok,2750.96,1643,0.8002159868887172,0.8002159868887172,1.0,63.70675549637033,1,0,research/tasks/active/TASK-2026-09-01-SMCRUCHE-READY/arm2/results/ARM2_00002.json,yes
TASK-2026-09-01-SMCRUCHE-READY,arm2,128,128.0,0.35,0.3032,64,3,6.0,systematic,20192003,ok,2753.67,1643,0.3729821105627798,0.3729821105627798,1.0,63.64113263576416,1,0,research/tasks/active/TASK-2026-09-01-SMCRUCHE-READY/arm2/results/ARM2_00003.json,yes
TASK-2026-09-01-SMCRUCHE-READY,arm2,128,128.0,0.35,0.3032,64,4,6.0,systematic,20192004,ok,2784.6,1643,0.48318575315587475,0.48318575315587475,1.0,63.76926484988092,1,0,research/tasks/active/TASK-2026-09-01-SMCRUCHE-READY/arm2/results/ARM2_00004.json,yes
TASK-2026-09-01-SMCRUCHE-READY,arm2,128,128.0,0.35,0.3032,64,5,6.0,systematic,20192005,ok,2737.22,1643,0.46068059684863083,0.46068059684863083,1.0,63.725026162810586,1,0,research/tasks/active/TASK-2026-09-01-SMCRUCHE-READY/arm2/results/ARM2_00005.json,yes
TASK-2026-09-01-SMCRUCHE-READY,arm2,128,128.0,0.35,0.3032,64,6,6.0,systematic,20192006,ok,2724.86,1643,0.2608718386273156,0.2608718386273156,1.0,63.64635151516709,1,0,research/tasks/active/TASK-2026-09-01-SMCRUCHE-READY/arm2/results/ARM2_00006.json,yes
TASK-2026-09-01-SMCRUCHE-READY,arm2,128,128.0,0.35,0.3032,64,7,6.0,systematic,20192007,ok,2757.97,1643,0.24000460494687997,0.24000460494687997,1.0,63.77271887688801,1,0,research/tasks/active/TASK-2026-09-01-SMCRUCHE-READY/arm2/results/ARM2_00007.json,yes
TASK-2026-09-01-SMCRUCHE-READY,arm2,128,128.0,0.35,0.3032,64,8,6.0,systematic,20192008,ok,2756.58,1643,0.591300848634202,0.591300848634202,1.0,63.497726156872176,1,0,research/tasks/active/TASK-2026-09-01-SMCRUCHE-READY/arm2/results/ARM2_00008.json,yes
TASK-2026-09-01-SMCRUCHE-READY,arm2,128,128.0,0.35,0.3032,64,9,6.0,systematic,20192009,ok,2740.55,1643,0.44622438037622486,0.44622438037622486,1.0,63.57439599812691,1,0,research/tasks/active/TASK-2026-09-01-SMCRUCHE-READY/arm2/results/ARM2_00009.json,yes
TASK-2026-09-01-SMCRUCHE-READY,arm2,128,128.0,0.35,0.3032,64,10,6.0,systematic,20192010,ok,2738.61,1643,0.6080961636409773,0.6080961636409773,1.0,63.787489890280554,1,0,research/tasks/active/TASK-2026-09-01-SMCRUCHE-READY/arm2/results/ARM2_00010.json,yes
TASK-2026-09-01-SMCRUCHE-READY,arm2,128,128.0,0.35,0.3032,64,11,6.0,systematic,20192011,ok,2741.97,1643,0.2370957107861204,0.2370957107861204,1.0,63.69131908084432,1,0,research/tasks/active/TASK-2026-09-01-SMCRUCHE-READY/arm2/results/ARM2_00011.json,yes
TASK-2026-09-01-SMCRUCHE-READY,arm2,128,128.0,0.35,0.3032,64,12,6.0,systematic,20192012,ok,2757.24,1643,0.745050771789088,0.745050771789088,1.0,63.67257177663344,1,0,research/tasks/active/TASK-2026-09-01-SMCRUCHE-READY/arm2/results/ARM2_00012.json,yes
TASK-2026-09-01-SMCRUCHE-READY,arm2,128,128.0,0.35,0.3032,64,13,6.0,systematic,20192013,ok,2757.98,1643,0.33319017246136906,0.33319017246136906,1.0,63.701815676385,1,0,research/tasks/active/TASK-2026-09-01-SMCRUCHE-READY/arm2/results/ARM2_00013.json,yes
TASK-2026-09-01-SMCRUCHE-READY,arm2,128,128.0,0.35,0.3032,64,14,6.0,systematic,20192014,ok,2768.47,1643,0.9885572849853094,0.9885572849853094,1.0,63.51743553849768,1,0,research/tasks/active/TASK-2026-09-01-SMCRUCHE-READY/arm2/results/ARM2_00014.json,yes
TASK-2026-09-01-SMCRUCHE-READY,arm2,128,128.0,0.35,0.3032,64,15,6.0,systematic,20192015,ok,2750.39,1643,0.5631656486438945,0.5631656486438945,1.0,63.66795853949828,1,0,research/tasks/active/TASK-2026-09-01-SMCRUCHE-READY/arm2/results/ARM2_00015.json,yes
TASK-2026-09-01-SMCRUCHE-READY,arm2,128,128.0,0.35,0.3032,64,16,6.0,systematic,20192016,ok,2745.36,1643,0.6069753321505836,0.6069753321505836,1.0,63.748540091783894,1,0,research/tasks/active/TASK-2026-09-01-SMCRUCHE-READY/arm2/results/ARM2_00016.json,yes
TASK-2026-09-01-SMCRUCHE-READY,arm2,128,128.0,0.35,0.3032,64,17,6.0,systematic,20192017,ok,2778.25,1643,0.6084420992732471,0.6084420992732471,1.0,63.643599205198214,1,0,research/tasks/active/TASK-2026-09-01-SMCRUCHE-READY/arm2/results/ARM2_00017.json,yes
TASK-2026-09-01-SMCRUCHE-READY,arm2,128,128.0,0.35,0.3032,64,18,6.0,systematic,20192018,ok,2861.53,1643,0.9699443513642394,0.9699443513642394,1.0,63.75970622818938,1,0,research/tasks/active/TASK-2026-09-01-SMCRUCHE-READY/arm2/results/ARM2_00018.json,yes
TASK-2026-09-01-SMCRUCHE-READY,arm2,128,128.0,0.35,0.3032,64,19,6.0,systematic,20192019,ok,2860.56,1643,0.6212791649769949,0.6212791649769949,1.0,63.7766629318489,1,0,research/tasks/active/TASK-2026-09-01-SMCRUCHE-READY/arm2/results/ARM2_00019.json,yes
TASK-2026-09-01-SMCRUCHE-READY,arm2,128,128.0,0.35,0.3032,64,20,6.0,systematic,20192020,ok,2833.76,1643,0.6127372032075943,0.6127372032075943,1.0,63.69697760064701,1,0,research/tasks/active/TASK-2026-09-01-SMCRUCHE-READY/arm2/results/ARM2_00020.json,yes
TASK-2026-09-01-SMCRUCHE-READY,arm2,128,128.0,0.35,0.3032,64,21,6.0,systematic,20192021,ok,2838.05,1643,0.29606412129613796,0.29606412129613796,1.0,63.74684664547705,1,0,research/tasks/active/TASK-2026-09-01-SMCRUCHE-READY/arm2/results/ARM2_00021.json,yes
TASK-2026-09-01-SMCRUCHE-READY,arm2,128,128.0,0.35,0.3032,64,22,6.0,systematic,20192022,ok,2876.86,1643,0.5667575534781715,0.5667575534781715,1.0,63.57675655946428,1,0,research/tasks/active/TASK-2026-09-01-SMCRUCHE-READY/arm2/results/ARM2_00022.json,yes
TASK-2026-09-01-SMCRUCHE-READY,arm2,128,128.0,0.35,0.3032,64,23,6.0,systematic,20192023,ok,2843.99,1643,0.2614584667113846,0.2614584667113846,1.0,63.7052796485825,1,0,research/tasks/active/TASK-2026-09-01-SMCRUCHE-READY/arm2/results/ARM2_00023.json,yes
TASK-2026-09-01-SMCRUCHE-READY,arm2,128,128.0,0.35,0.3032,64,24,6.0,systematic,20192024,ok,2854.12,1643,0.5484187399186212,0.5484187399186212,1.0,63.69522894371982,1,0,research/tasks/active/TASK-2026-09-01-SMCRUCHE-READY/arm2/results/ARM2_00024.json,yes
TASK-2026-09-01-SMCRUCHE-READY,arm2,128,128.0,0.35,0.3032,64,25,6.0,systematic,20192025,ok,2864.25,1643,0.46805259785483583,0.46805259785483583,1.0,63.68712719830555,1,0,research/tasks/active/TASK-2026-09-01-SMCRUCHE-READY/arm2/results/ARM2_00025.json,yes
TASK-2026-09-01-SMCRUCHE-READY,arm2,128,128.0,0.35,0.3032,64,26,6.0,systematic,20192026,ok,2854.71,1643,0.3550603555656109,0.3550603555656109,1.0,63.74650051462596,1,0,research/tasks/active/TASK-2026-09-01-SMCRUCHE-READY/arm2/results/ARM2_00026.json,yes
TASK-2026-09-01-SMCRUCHE-READY,arm2,128,128.0,0.35,0.3032,64,27,6.0,systematic,20192027,ok,2865.59,1643,0.32099108068846127,0.32099108068846127,1.0,63.72100574553534,1,0,research/tasks/active/TASK-2026-09-01-SMCRUCHE-READY/arm2/results/ARM2_00027.json,yes
TASK-2026-09-01-SMCRUCHE-READY,arm2,128,128.0,0.35,0.3032,64,28,6.0,systematic,20192028,ok,2869.3,1643,0.4242053328376717,0.4242053328376717,1.0,63.73636676724109,1,0,research/tasks/active/TASK-2026-09-01-SMCRUCHE-READY/arm2/results/ARM2_00028.json,yes
TASK-2026-09-01-SMCRUCHE-READY,arm2,128,128.0,0.35,0.3032,64,29,6.0,systematic,20192029,ok,2899.74,1643,0.361494268302313,0.361494268302313,1.0,63.661579407933566,1,0,research/tasks/active/TASK-2026-09-01-SMCRUCHE-READY/arm2/results/ARM2_00029.json,yes
TASK-2026-09-01-SMCRUCHE-READY,arm2,128,128.0,0.35,0.3032,64,30,6.0,systematic,20192030,ok,2874.46,1643,0.6035000052115,0.6035000052115,1.0,63.66217078212393,1,0,research/tasks/active/TASK-2026-09-01-SMCRUCHE-READY/arm2/results/ARM2_00030.json,yes
TASK-2026-09-01-SMCRUCHE-READY,arm2,128,128.0,0.35,0.3032,64,31,6.0,systematic,20192031,ok,2846.74,1643,0.5014129159728736,0.5014129159728736,1.0,63.76219362602324,1,0,research/tasks/active/TASK-2026-09-01-SMCRUCHE-READY/arm2/results/ARM2_00031.json,yes
TASK-2026-09-01-SMCRUCHE-READY,arm2,128,128.0,0.35,0.3032,64,32,6.0,systematic,20192032,ok,2891.69,1643,0.3552370712595683,0.3552370712595683,1.0,63.634603667546976,1,0,research/tasks/active/TASK-2026-09-01-SMCRUCHE-READY/arm2/results/ARM2_00032.json,yes
TASK-2026-09-01-SMCRUCHE-READY,arm2,128,128.0,0.35,0.3032,64,33,6.0,systematic,20192033,ok,2904.27,1643,0.4268000985129455,0.4268000985129455,1.0,63.74217699181992,1,0,research/tasks/active/TASK-2026-09-01-SMCRUCHE-READY/arm2/results/ARM2_00033.json,yes
TASK-2026-09-01-SMCRUCHE-READY,arm2,128,128.0,0.35,0.3032,64,34,6.0,systematic,20192034,ok,2853.57,1643,0.2699727986807815,0.2699727986807815,1.0,63.567928607916585,1,0,research/tasks/active/TASK-2026-09-01-SMCRUCHE-READY/arm2/results/ARM2_00034.json,yes
TASK-2026-09-01-SMCRUCHE-READY,arm2,128,128.0,0.35,0.3032,64,35,6.0,systematic,20192035,ok,2820.58,1643,0.7451342186022576,0.7451342186022576,1.0,63.75185266328467,1,0,research/tasks/active/TASK-2026-09-01-SMCRUCHE-READY/arm2/results/ARM2_00035.json,yes
TASK-2026-09-01-SMCRUCHE-READY,arm2,128,128.0,0.35,0.3032,64,36,6.0,systematic,20192036,ok,2871.05,1643,0.4891702066763205,0.4891702066763205,1.0,63.77444427522212,1,0,research/tasks/active/TASK-2026-09-01-SMCRUCHE-READY/arm2/results/ARM2_00036.json,yes
TASK-2026-09-01-SMCRUCHE-READY,arm2,128,128.0,0.35,0.3032,64,37,6.0,systematic,20192037,ok,2909.04,1643,0.37446632777061317,0.37446632777061317,1.0,63.6994584815234,1,0,research/tasks/active/TASK-2026-09-01-SMCRUCHE-READY/arm2/results/ARM2_00037.json,yes
TASK-2026-09-01-SMCRUCHE-READY,arm2,128,128.0,0.35,0.3032,64,38,6.0,systematic,20192038,ok,3039.59,1643,0.4447841905186052,0.4447841905186052,1.0,63.75152510367109,1,0,research/tasks/active/TASK-2026-09-01-SMCRUCHE-READY/arm2/results/ARM2_00038.json,yes
TASK-2026-09-01-SMCRUCHE-READY,arm2,128,128.0,0.35,0.3032,64,39,6.0,systematic,20192039,ok,3038.9,1643,0.9615967079698773,0.9615967079698773,1.0,63.60696255364182,1,0,research/tasks/active/TASK-2026-09-01-SMCRUCHE-READY/arm2/results/ARM2_00039.json,yes
TASK-2026-09-01-SMCRUCHE-READY,arm2,128,128.0,0.35,0.3032,64,40,6.0,systematic,20192040,ok,3018.67,1643,0.20628147560445573,0.20628147560445573,1.0,63.61331687982968,1,0,research/tasks/active/TASK-2026-09-01-SMCRUCHE-READY/arm2/results/ARM2_00040.json,yes
TASK-2026-09-01-SMCRUCHE-READY,arm2,128,128.0,0.35,0.3032,64,41,6.0,systematic,20192041,ok,2991.23,1643,0.31306785371296064,0.31306785371296064,1.0,63.54859067090105,1,0,research/tasks/active/TASK-2026-09-01-SMCRUCHE-READY/arm2/results/ARM2_00041.json,yes
TASK-2026-09-01-SMCRUCHE-READY,arm2,128,128.0,0.35,0.3032,64,42,6.0,systematic,20192042,ok,3045.96,1643,0.4064449748175328,0.4064449748175328,1.0,63.79965889894151,1,0,research/tasks/active/TASK-2026-09-01-SMCRUCHE-READY/arm2/results/ARM2_00042.json,yes
TASK-2026-09-01-SMCRUCHE-READY,arm2,128,128.0,0.35,0.3032,64,43,6.0,systematic,20192043,ok,3080.57,1643,0.505832982776953,0.505832982776953,1.0,63.72460788307625,1,0,research/tasks/active/TASK-2026-09-01-SMCRUCHE-READY/arm2/results/ARM2_00043.json,yes
TASK-2026-09-01-SMCRUCHE-READY,arm2,128,128.0,0.35,0.3032,64,44,6.0,systematic,20192044,ok,3018.49,1643,0.47184321749831754,0.47184321749831754,1.0,63.77799391962013,1,0,research/tasks/active/TASK-2026-09-01-SMCRUCHE-READY/arm2/results/ARM2_00044.json,yes
TASK-2026-09-01-SMCRUCHE-READY,arm2,128,128.0,0.35,0.3032,64,45,6.0,systematic,20192045,ok,3034.04,1643,0.47555588743329663,0.47555588743329663,1.0,63.72416341389063,1,0,research/tasks/active/TASK-2026-09-01-SMCRUCHE-READY/arm2/results/ARM2_00045.json,yes
TASK-2026-09-01-SMCRUCHE-READY,arm2,128,128.0,0.35,0.3032,64,46,6.0,systematic,20192046,ok,2983.42,1643,0.4673351516010229,0.4673351516010229,1.0,63.54441835948704,1,0,research/tasks/active/TASK-2026-09-01-SMCRUCHE-READY/arm2/results/ARM2_00046.json,yes
TASK-2026-09-01-SMCRUCHE-READY,arm2,128,128.0,0.35,0.3032,64,47,6.0,systematic,20192047,ok,3022.7,1643,0.6910188192110076,0.6910188192110076,1.0,63.70841676892341,1,0,research/tasks/active/TASK-2026-09-01-SMCRUCHE-READY/arm2/results/ARM2_00047.json,yes
TASK-2026-09-01-SMCRUCHE-READY,arm2,128,128.0,0.35,0.3032,64,48,6.0,systematic,20192048,ok,3074.62,1643,0.7986619102211252,0.7986619102211252,1.0,63.69725599876283,1,0,research/tasks/active/TASK-2026-09-01-SMCRUCHE-READY/arm2/results/ARM2_00048.json,yes
TASK-2026-09-01-SMCRUCHE-READY,arm2,128,128.0,0.35,0.3032,64,49,6.0,systematic,20192049,ok,3052.99,1643,0.6781454719484299,0.6781454719484299,1.0,63.795875584517255,1,0,research/tasks/active/TASK-2026-09-01-SMCRUCHE-READY/arm2/results/ARM2_00049.json,yes
TASK-2026-09-01-SMCRUCHE-READY,arm2,128,128.0,0.35,0.3032,64,50,6.0,systematic,20192050,ok,3054.38,1643,0.745211303648039,0.745211303648039,1.0,63.705422786816754,1,0,research/tasks/active/TASK-2026-09-01-SMCRUCHE-READY/arm2/results/ARM2_00050.json,yes
TASK-2026-09-01-SMCRUCHE-READY,arm2,128,128.0,0.35,0.3032,64,51,6.0,systematic,20192051,ok,3013.89,1643,0.3405085342744885,0.3405085342744885,1.0,63.63312620550464,1,0,research/tasks/active/TASK-2026-09-01-SMCRUCHE-READY/arm2/results/ARM2_00051.json,yes
TASK-2026-09-01-SMCRUCHE-READY,arm2,128,128.0,0.35,0.3032,64,52,6.0,systematic,20192052,ok,3066.14,1643,0.570966596538029,0.570966596538029,1.0,63.58477460321829,1,0,research/tasks/active/TASK-2026-09-01-SMCRUCHE-READY/arm2/results/ARM2_00052.json,yes
TASK-2026-09-01-SMCRUCHE-READY,arm2,128,128.0,0.35,0.3032,64,53,6.0,systematic,20192053,ok,3019.8,1643,0.4025244364887872,0.4025244364887872,1.0,63.61419405059815,1,0,research/tasks/active/TASK-2026-09-01-SMCRUCHE-READY/arm2/results/ARM2_00053.json,yes
TASK-2026-09-01-SMCRUCHE-READY,arm2,128,128.0,0.35,0.3032,64,54,6.0,systematic,20192054,ok,3020.22,1643,0.5457565498988005,0.5457565498988005,1.0,63.67103038442429,1,0,research/tasks/active/TASK-2026-09-01-SMCRUCHE-READY/arm2/results/ARM2_00054.json,yes
TASK-2026-09-01-SMCRUCHE-READY,arm2,128,128.0,0.35,0.3032,64,55,6.0,systematic,20192055,ok,3047.83,1643,1.1905934317039746,1.1905934317039746,1.0,63.56884509721009,1,0,research/tasks/active/TASK-2026-09-01-SMCRUCHE-READY/arm2/results/ARM2_00055.json,yes
TASK-2026-09-01-SMCRUCHE-READY,arm2,128,128.0,0.35,0.3032,64,56,6.0,systematic,20192056,ok,3031.64,1643,0.5143552407766201,0.5143552407766201,1.0,63.76276704443281,1,0,research/tasks/active/TASK-2026-09-01-SMCRUCHE-READY/arm2/results/ARM2_00056.json,yes
TASK-2026-09-01-SMCRUCHE-READY,arm2,128,128.0,0.35,0.3032,64,57,6.0,systematic,20192057,ok,3102.59,1643,0.5248032079923406,0.5248032079923406,1.0,63.68243774747272,1,0,research/tasks/active/TASK-2026-09-01-SMCRUCHE-READY/arm2/results/ARM2_00057.json,yes
TASK-2026-09-01-SMCRUCHE-READY,arm2,128,128.0,0.35,0.3032,64,58,6.0,systematic,20192058,ok,2333.28,1643,0.5710481600286088,0.5710481600286088,1.0,63.62334647555294,1,0,research/tasks/active/TASK-2026-09-01-SMCRUCHE-READY/arm2/results/ARM2_00058.json,yes
TASK-2026-09-01-SMCRUCHE-READY,arm2,128,128.0,0.35,0.3032,64,59,6.0,systematic,20192059,ok,2263.78,1643,0.27234882455996623,0.27234882455996623,1.0,63.69793612789509,1,0,research/tasks/active/TASK-2026-09-01-SMCRUCHE-READY/arm2/results/ARM2_00059.json,yes
TASK-2026-09-01-SMCRUCHE-READY,arm2,128,128.0,0.35,0.3032,64,60,6.0,systematic,20192060,ok,2269.58,1643,0.662716460797984,0.662716460797984,1.0,63.636468717367194,1,0,research/tasks/active/TASK-2026-09-01-SMCRUCHE-READY/arm2/results/ARM2_00060.json,yes
TASK-2026-09-01-SMCRUCHE-READY,arm2,128,128.0,0.35,0.3032,64,61,6.0,systematic,20192061,ok,2267.11,1643,0.5413240965311462,0.5413240965311462,1.0,63.69857868427285,1,0,research/tasks/active/TASK-2026-09-01-SMCRUCHE-READY/arm2/results/ARM2_00061.json,yes
TASK-2026-09-01-SMCRUCHE-READY,arm2,128,128.0,0.35,0.3032,64,62,6.0,systematic,20192062,ok,2259.8,1643,0.475163348294786,0.475163348294786,1.0,63.81994017625315,1,0,research/tasks/active/TASK-2026-09-01-SMCRUCHE-READY/arm2/results/ARM2_00062.json,yes
TASK-2026-09-01-SMCRUCHE-READY,arm2,128,128.0,0.35,0.3032,64,63,6.0,systematic,20192063,ok,2281.56,1643,0.286234405817108,0.286234405817108,1.0,63.710956951641066,1,0,research/tasks/active/TASK-2026-09-01-SMCRUCHE-READY/arm2/results/ARM2_00063.json,yes
TASK-2026-09-01-SMCRUCHE-READY,arm2,128,128.0,0.35,0.3032,128,0,6.0,systematic,20256000,ok,4456.6,1643,0.6468019624465975,0.6468019624465975,1.0,127.36936980713315,1,0,research/tasks/active/TASK-2026-09-01-SMCRUCHE-READY/arm2/results/ARM2_00064.json,yes
TASK-2026-09-01-SMCRUCHE-READY,arm2,128,128.0,0.35,0.3032,128,1,6.0,systematic,20256001,ok,4387.29,1643,0.2005140720272891,0.2005140720272891,1.0,127.12964439973638,1,0,research/tasks/active/TASK-2026-09-01-SMCRUCHE-READY/arm2/results/ARM2_00065.json,yes
TASK-2026-09-01-SMCRUCHE-READY,arm2,128,128.0,0.35,0.3032,128,2,6.0,systematic,20256002,ok,4422.28,1643,0.5053606512519246,0.5053606512519246,1.0,127.40947406849212,1,0,research/tasks/active/TASK-2026-09-01-SMCRUCHE-READY/arm2/results/ARM2_00066.json,yes
TASK-2026-09-01-SMCRUCHE-READY,arm2,128,128.0,0.35,0.3032,128,3,6.0,systematic,20256003,ok,4453.92,1643,0.4313033888142096,0.4313033888142096,1.0,127.30035884702902,1,0,research/tasks/active/TASK-2026-09-01-SMCRUCHE-READY/arm2/results/ARM2_00067.json,yes
TASK-2026-09-01-SMCRUCHE-READY,arm2,128,128.0,0.35,0.3032,128,4,6.0,systematic,20256004,ok,4461.11,1643,0.2910272424114417,0.2910272424114417,1.0,127.53777186266989,1,0,research/tasks/active/TASK-2026-09-01-SMCRUCHE-READY/arm2/results/ARM2_00068.json,yes
TASK-2026-09-01-SMCRUCHE-READY,arm2,128,128.0,0.35,0.3032,128,5,6.0,systematic,20256005,ok,4508.62,1643,0.17222465924442948,0.17222465924442948,1.0,127.16213146374757,1,0,research/tasks/active/TASK-2026-09-01-SMCRUCHE-READY/arm2/results/ARM2_00069.json,yes
TASK-2026-09-01-SMCRUCHE-READY,arm2,128,128.0,0.35,0.3032,128,6,6.0,systematic,20256006,ok,4531.97,1643,0.2591407984556433,0.2591407984556433,1.0,127.43617629251744,1,0,research/tasks/active/TASK-2026-09-01-SMCRUCHE-READY/arm2/results/ARM2_00070.json,yes
TASK-2026-09-01-SMCRUCHE-READY,arm2,128,128.0,0.35,0.3032,128,7,6.0,systematic,20256007,ok,5451.57,1643,0.5841170970506353,0.5841170970506353,1.0,127.33665761717923,1,0,research/tasks/active/TASK-2026-09-01-SMCRUCHE-READY/arm2/results/ARM2_00071.json,yes
TASK-2026-09-01-SMCRUCHE-READY,arm2,128,128.0,0.35,0.3032,128,8,6.0,systematic,20256008,ok,5388.56,1643,0.3642388639801952,0.3642388639801952,1.0,127.36569095109463,1,0,research/tasks/active/TASK-2026-09-01-SMCRUCHE-READY/arm2/results/ARM2_00072.json,yes
TASK-2026-09-01-SMCRUCHE-READY,arm2,128,128.0,0.35,0.3032,128,9,6.0,systematic,20256009,ok,5407.16,1643,0.23605226619252678,0.23605226619252678,1.0,127.38479824181796,1,0,research/tasks/active/TASK-2026-09-01-SMCRUCHE-READY/arm2/results/ARM2_00073.json,yes
TASK-2026-09-01-SMCRUCHE-READY,arm2,128,128.0,0.35,0.3032,128,10,6.0,systematic,20256010,ok,5382.1,1643,0.7134768206066007,0.7134768206066007,1.0,127.30854688829432,1,0,research/tasks/active/TASK-2026-09-01-SMCRUCHE-READY/arm2/results/ARM2_00074.json,yes
TASK-2026-09-01-SMCRUCHE-READY,arm2,128,128.0,0.35,0.3032,128,11,6.0,systematic,20256011,ok,5428.4,1643,0.4533564904509775,0.4533564904509775,1.0,127.25320718538845,1,0,research/tasks/active/TASK-2026-09-01-SMCRUCHE-READY/arm2/results/ARM2_00075.json,yes
TASK-2026-09-01-SMCRUCHE-READY,arm2,128,128.0,0.35,0.3032,128,12,6.0,systematic,20256012,ok,5425.75,1643,0.49197862204578247,0.49197862204578247,1.0,127.4251500229587,1,0,research/tasks/active/TASK-2026-09-01-SMCRUCHE-READY/arm2/results/ARM2_00076.json,yes
TASK-2026-09-01-SMCRUCHE-READY,arm2,128,128.0,0.35,0.3032,128,13,6.0,systematic,20256013,ok,5391.61,1643,0.641411790033382,0.641411790033382,1.0,127.27661632732811,1,0,research/tasks/active/TASK-2026-09-01-SMCRUCHE-READY/arm2/results/ARM2_00077.json,yes
TASK-2026-09-01-SMCRUCHE-READY,arm2,128,128.0,0.35,0.3032,128,14,6.0,systematic,20256014,ok,5451.78,1643,0.2552714244390524,0.2552714244390524,1.0,127.18873263115455,1,0,research/tasks/active/TASK-2026-09-01-SMCRUCHE-READY/arm2/results/ARM2_00078.json,yes
TASK-2026-09-01-SMCRUCHE-READY,arm2,128,128.0,0.35,0.3032,128,15,6.0,systematic,20256015,ok,5432.93,1643,0.3597163619508582,0.3597163619508582,1.0,127.04039358957513,1,0,research/tasks/active/TASK-2026-09-01-SMCRUCHE-READY/arm2/results/ARM2_00079.json,yes
TASK-2026-09-01-SMCRUCHE-READY,arm2,128,128.0,0.35,0.3032,128,16,6.0,systematic,20256016,ok,5406.11,1643,0.2810803793856154,0.2810803793856154,1.0,127.42214241198795,1,0,research/tasks/active/TASK-2026-09-01-SMCRUCHE-READY/arm2/results/ARM2_00080.json,yes
TASK-2026-09-01-SMCRUCHE-READY,arm2,128,128.0,0.35,0.3032,128,17,6.0,systematic,20256017,ok,5365.1,1643,0.7370053440732691,0.7370053440732691,1.0,127.28068870157512,1,0,research/tasks/active/TASK-2026-09-01-SMCRUCHE-READY/arm2/results/ARM2_00081.json,yes
TASK-2026-09-01-SMCRUCHE-READY,arm2,128,128.0,0.35,0.3032,128,18,6.0,systematic,20256018,ok,5452.34,1643,0.4030797599306617,0.4030797599306617,1.0,127.38982080767317,1,0,research/tasks/active/TASK-2026-09-01-SMCRUCHE-READY/arm2/results/ARM2_00082.json,yes
TASK-2026-09-01-SMCRUCHE-READY,arm2,128,128.0,0.35,0.3032,128,19,6.0,systematic,20256019,ok,5375.77,1643,0.2140115276588596,0.2140115276588596,1.0,127.20760558116481,1,0,research/tasks/active/TASK-2026-09-01-SMCRUCHE-READY/arm2/results/ARM2_00083.json,yes
TASK-2026-09-01-SMCRUCHE-READY,arm2,128,128.0,0.35,0.3032,128,20,6.0,systematic,20256020,ok,5388.48,1643,0.529847911199316,0.529847911199316,1.0,127.41281032620562,1,0,research/tasks/active/TASK-2026-09-01-SMCRUCHE-READY/arm2/results/ARM2_00084.json,yes
TASK-2026-09-01-SMCRUCHE-READY,arm2,128,128.0,0.35,0.3032,128,21,6.0,systematic,20256021,ok,5462.97,1643,0.3741935830886888,0.3741935830886888,1.0,127.17337031427404,1,0,research/tasks/active/TASK-2026-09-01-SMCRUCHE-READY/arm2/results/ARM2_00085.json,yes
TASK-2026-09-01-SMCRUCHE-READY,arm2,128,128.0,0.35,0.3032,128,22,6.0,systematic,20256022,ok,5440.0,1643,0.877284327876618,0.877284327876618,1.0,127.42380037459897,1,0,research/tasks/active/TASK-2026-09-01-SMCRUCHE-READY/arm2/results/ARM2_00086.json,yes
TASK-2026-09-01-SMCRUCHE-READY,arm2,128,128.0,0.35,0.3032,128,23,6.0,systematic,20256023,ok,5464.88,1643,0.370199998291174,0.370199998291174,1.0,127.45596965226177,1,0,research/tasks/active/TASK-2026-09-01-SMCRUCHE-READY/arm2/results/ARM2_00087.json,yes
TASK-2026-09-01-SMCRUCHE-READY,arm2,128,128.0,0.35,0.3032,128,24,6.0,systematic,20256024,ok,5596.72,1643,0.20877173603702817,0.20877173603702817,1.0,127.15760818617744,1,0,research/tasks/active/TASK-2026-09-01-SMCRUCHE-READY/arm2/results/ARM2_00088.json,yes
TASK-2026-09-01-SMCRUCHE-READY,arm2,128,128.0,0.35,0.3032,128,25,6.0,systematic,20256025,ok,5748.66,1643,0.3537850264205048,0.3537850264205048,1.0,127.30354882545035,1,0,research/tasks/active/TASK-2026-09-01-SMCRUCHE-READY/arm2/results/ARM2_00089.json,yes
TASK-2026-09-01-SMCRUCHE-READY,arm2,128,128.0,0.35,0.3032,128,26,6.0,systematic,20256026,ok,5629.33,1643,0.8260998308271739,0.8260998308271739,1.0,127.38463201840169,1,0,research/tasks/active/TASK-2026-09-01-SMCRUCHE-READY/arm2/results/ARM2_00090.json,yes
TASK-2026-09-01-SMCRUCHE-READY,arm2,128,128.0,0.35,0.3032,128,27,6.0,systematic,20256027,ok,5606.22,1643,0.40831061736869456,0.40831061736869456,1.0,127.18928665804607,1,0,research/tasks/active/TASK-2026-09-01-SMCRUCHE-READY/arm2/results/ARM2_00091.json,yes
TASK-2026-09-01-SMCRUCHE-READY,arm2,128,128.0,0.35,0.3032,128,28,6.0,systematic,20256028,ok,5669.31,1643,0.7807449067701626,0.7807449067701626,1.0,127.48581974292179,1,0,research/tasks/active/TASK-2026-09-01-SMCRUCHE-READY/arm2/results/ARM2_00092.json,yes
TASK-2026-09-01-SMCRUCHE-READY,arm2,128,128.0,0.35,0.3032,128,29,6.0,systematic,20256029,ok,5683.83,1643,0.49648167374676744,0.49648167374676744,1.0,127.43946411888939,1,0,research/tasks/active/TASK-2026-09-01-SMCRUCHE-READY/arm2/results/ARM2_00093.json,yes
TASK-2026-09-01-SMCRUCHE-READY,arm2,128,128.0,0.35,0.3032,128,30,6.0,systematic,20256030,ok,5654.12,1643,0.24190053776147458,0.24190053776147458,1.0,127.30317252458838,1,0,research/tasks/active/TASK-2026-09-01-SMCRUCHE-READY/arm2/results/ARM2_00094.json,yes
TASK-2026-09-01-SMCRUCHE-READY,arm2,128,128.0,0.35,0.3032,128,31,6.0,systematic,20256031,ok,5684.59,1643,0.2860505472286181,0.2860505472286181,1.0,127.44015994245383,1,0,research/tasks/active/TASK-2026-09-01-SMCRUCHE-READY/arm2/results/ARM2_00095.json,yes
TASK-2026-09-01-SMCRUCHE-READY,arm2,128,128.0,0.35,0.3032,128,32,6.0,systematic,20256032,ok,5630.27,1643,0.3045825440599913,0.3045825440599913,1.0,127.35009176267592,1,0,research/tasks/active/TASK-2026-09-01-SMCRUCHE-READY/arm2/results/ARM2_00096.json,yes
TASK-2026-09-01-SMCRUCHE-READY,arm2,128,128.0,0.35,0.3032,128,33,6.0,systematic,20256033,ok,5677.25,1643,0.2713272530667923,0.2713272530667923,1.0,127.33194759903489,1,0,research/tasks/active/TASK-2026-09-01-SMCRUCHE-READY/arm2/results/ARM2_00097.json,yes
TASK-2026-09-01-SMCRUCHE-READY,arm2,128,128.0,0.35,0.3032,128,34,6.0,systematic,20256034,ok,5638.46,1643,0.8081714429143678,0.8081714429143678,1.0,127.42671984184862,1,0,research/tasks/active/TASK-2026-09-01-SMCRUCHE-READY/arm2/results/ARM2_00098.json,yes
TASK-2026-09-01-SMCRUCHE-READY,arm2,128,128.0,0.35,0.3032,128,35,6.0,systematic,20256035,ok,5605.29,1643,0.2611688335866241,0.2611688335866241,1.0,127.23243135445477,1,0,research/tasks/active/TASK-2026-09-01-SMCRUCHE-READY/arm2/results/ARM2_00099.json,yes
TASK-2026-09-01-SMCRUCHE-READY,arm2,128,128.0,0.35,0.3032,128,36,6.0,systematic,20256036,ok,5648.66,1643,0.20146188560436207,0.20146188560436207,1.0,127.38286595201716,1,0,research/tasks/active/TASK-2026-09-01-SMCRUCHE-READY/arm2/results/ARM2_00100.json,yes
TASK-2026-09-01-SMCRUCHE-READY,arm2,128,128.0,0.35,0.3032,128,37,6.0,systematic,20256037,ok,5693.49,1643,0.3179630094935624,0.3179630094935624,1.0,127.31956920968443,1,0,research/tasks/active/TASK-2026-09-01-SMCRUCHE-READY/arm2/results/ARM2_00101.json,yes
TASK-2026-09-01-SMCRUCHE-READY,arm2,128,128.0,0.35,0.3032,128,38,6.0,systematic,20256038,ok,5692.58,1643,0.6181034111707943,0.6181034111707943,1.0,127.28834788248713,1,0,research/tasks/active/TASK-2026-09-01-SMCRUCHE-READY/arm2/results/ARM2_00102.json,yes
TASK-2026-09-01-SMCRUCHE-READY,arm2,128,128.0,0.35,0.3032,128,39,6.0,systematic,20256039,ok,5706.28,1643,0.39584152860300087,0.39584152860300087,1.0,127.22196249375887,1,0,research/tasks/active/TASK-2026-09-01-SMCRUCHE-READY/arm2/results/ARM2_00103.json,yes
TASK-2026-09-01-SMCRUCHE-READY,arm2,128,128.0,0.35,0.3032,128,40,6.0,systematic,20256040,ok,5597.95,1643,0.2517382588034937,0.2517382588034937,1.0,127.26509945495388,1,0,research/tasks/active/TASK-2026-09-01-SMCRUCHE-READY/arm2/results/ARM2_00104.json,yes
TASK-2026-09-01-SMCRUCHE-READY,arm2,128,128.0,0.35,0.3032,128,41,6.0,systematic,20256041,ok,5640.47,1643,0.45606348950078546,0.45606348950078546,1.0,127.47387992101075,1,0,research/tasks/active/TASK-2026-09-01-SMCRUCHE-READY/arm2/results/ARM2_00105.json,yes
TASK-2026-09-01-SMCRUCHE-READY,arm2,128,128.0,0.35,0.3032,128,42,6.0,systematic,20256042,ok,5597.8,1643,0.3227423050715513,0.3227423050715513,1.0,127.28372738551555,1,0,research/tasks/active/TASK-2026-09-01-SMCRUCHE-READY/arm2/results/ARM2_00106.json,yes
TASK-2026-09-01-SMCRUCHE-READY,arm2,128,128.0,0.35,0.3032,128,43,6.0,systematic,20256043,ok,5635.9,1643,0.2712038286885593,0.2712038286885593,1.0,127.18477423675058,1,0,research/tasks/active/TASK-2026-09-01-SMCRUCHE-READY/arm2/results/ARM2_00107.json,yes
TASK-2026-09-01-SMCRUCHE-READY,arm2,128,128.0,0.35,0.3032,128,44,6.0,systematic,20256044,ok,5992.59,1643,0.6089787093112551,0.6089787093112551,1.0,127.34544337600788,1,0,research/tasks/active/TASK-2026-09-01-SMCRUCHE-READY/arm2/results/ARM2_00108.json,yes
TASK-2026-09-01-SMCRUCHE-READY,arm2,128,128.0,0.35,0.3032,128,45,6.0,systematic,20256045,ok,5989.08,1643,0.34629364025518916,0.34629364025518916,1.0,127.36083072625803,1,0,research/tasks/active/TASK-2026-09-01-SMCRUCHE-READY/arm2/results/ARM2_00109.json,yes
TASK-2026-09-01-SMCRUCHE-READY,arm2,128,128.0,0.35,0.3032,128,46,6.0,systematic,20256046,ok,6011.71,1643,0.23771781167331762,0.23771781167331762,1.0,127.24824150057682,1,0,research/tasks/active/TASK-2026-09-01-SMCRUCHE-READY/arm2/results/ARM2_00110.json,yes
TASK-2026-09-01-SMCRUCHE-READY,arm2,128,128.0,0.35,0.3032,128,47,6.0,systematic,20256047,ok,6029.27,1643,0.6732113047168908,0.6732113047168908,1.0,127.37464203915236,1,0,research/tasks/active/TASK-2026-09-01-SMCRUCHE-READY/arm2/results/ARM2_00111.json,yes
TASK-2026-09-01-SMCRUCHE-READY,arm2,128,128.0,0.35,0.3032,128,48,6.0,systematic,20256048,ok,5949.51,1643,0.5211828071892719,0.5211828071892719,1.0,127.15198825949292,1,0,research/tasks/active/TASK-2026-09-01-SMCRUCHE-READY/arm2/results/ARM2_00112.json,yes
TASK-2026-09-01-SMCRUCHE-READY,arm2,128,128.0,0.35,0.3032,128,49,6.0,systematic,20256049,ok,5950.06,1643,0.3515458165772073,0.3515458165772073,1.0,127.18704201674252,1,0,research/tasks/active/TASK-2026-09-01-SMCRUCHE-READY/arm2/results/ARM2_00113.json,yes
TASK-2026-09-01-SMCRUCHE-READY,arm2,128,128.0,0.35,0.3032,128,50,6.0,systematic,20256050,ok,6015.98,1643,0.42889955256133694,0.42889955256133694,1.0,127.24484520339672,1,0,research/tasks/active/TASK-2026-09-01-SMCRUCHE-READY/arm2/results/ARM2_00114.json,yes
TASK-2026-09-01-SMCRUCHE-READY,arm2,128,128.0,0.35,0.3032,128,51,6.0,systematic,20256051,ok,5938.51,1643,0.5082415375921596,0.5082415375921596,1.0,127.40443259816858,1,0,research/tasks/active/TASK-2026-09-01-SMCRUCHE-READY/arm2/results/ARM2_00115.json,yes
TASK-2026-09-01-SMCRUCHE-READY,arm2,128,128.0,0.35,0.3032,128,52,6.0,systematic,20256052,ok,5968.11,1643,0.31393614180540047,0.31393614180540047,1.0,127.35355613901476,1,0,research/tasks/active/TASK-2026-09-01-SMCRUCHE-READY/arm2/results/ARM2_00116.json,yes
TASK-2026-09-01-SMCRUCHE-READY,arm2,128,128.0,0.35,0.3032,128,53,6.0,systematic,20256053,ok,5964.72,1643,0.20506371080132876,0.20506371080132876,1.0,127.38946080387065,1,0,research/tasks/active/TASK-2026-09-01-SMCRUCHE-READY/arm2/results/ARM2_00117.json,yes
TASK-2026-09-01-SMCRUCHE-READY,arm2,128,128.0,0.35,0.3032,128,54,6.0,systematic,20256054,ok,5985.19,1643,0.4573995853171484,0.4573995853171484,1.0,126.76026114435555,1,0,research/tasks/active/TASK-2026-09-01-SMCRUCHE-READY/arm2/results/ARM2_00118.json,yes
TASK-2026-09-01-SMCRUCHE-READY,arm2,128,128.0,0.35,0.3032,128,55,6.0,systematic,20256055,ok,5949.27,1643,0.4156142948805541,0.4156142948805541,1.0,127.33957372608438,1,0,research/tasks/active/TASK-2026-09-01-SMCRUCHE-READY/arm2/results/ARM2_00119.json,yes
TASK-2026-09-01-SMCRUCHE-READY,arm2,128,128.0,0.35,0.3032,128,56,6.0,systematic,20256056,ok,5953.67,1643,0.19888531227101347,0.19888531227101347,1.0,127.45272451135031,1,0,research/tasks/active/TASK-2026-09-01-SMCRUCHE-READY/arm2/results/ARM2_00120.json,yes
TASK-2026-09-01-SMCRUCHE-READY,arm2,128,128.0,0.35,0.3032,128,57,6.0,systematic,20256057,ok,5983.94,1643,0.12316543368424691,0.12316543368424691,1.0,127.34799424180693,1,0,research/tasks/active/TASK-2026-09-01-SMCRUCHE-READY/arm2/results/ARM2_00121.json,yes
TASK-2026-09-01-SMCRUCHE-READY,arm2,128,128.0,0.35,0.3032,128,58,6.0,systematic,20256058,ok,5937.83,1643,0.7716880742779227,0.7716880742779227,1.0,127.35987135427847,1,0,research/tasks/active/TASK-2026-09-01-SMCRUCHE-READY/arm2/results/ARM2_00122.json,yes
TASK-2026-09-01-SMCRUCHE-READY,arm2,128,128.0,0.35,0.3032,128,59,6.0,systematic,20256059,ok,5966.89,1643,0.4147208899205053,0.4147208899205053,1.0,127.34885095196452,1,0,research/tasks/active/TASK-2026-09-01-SMCRUCHE-READY/arm2/results/ARM2_00123.json,yes
TASK-2026-09-01-SMCRUCHE-READY,arm2,128,128.0,0.35,0.3032,128,60,6.0,systematic,20256060,ok,6027.45,1643,0.7349732026257041,0.7349732026257041,1.0,127.41201015280609,1,0,research/tasks/active/TASK-2026-09-01-SMCRUCHE-READY/arm2/results/ARM2_00124.json,yes
TASK-2026-09-01-SMCRUCHE-READY,arm2,128,128.0,0.35,0.3032,128,61,6.0,systematic,20256061,ok,6032.25,1643,0.3190241519262895,0.3190241519262895,1.0,127.23177748956716,1,0,research/tasks/active/TASK-2026-09-01-SMCRUCHE-READY/arm2/results/ARM2_00125.json,yes
TASK-2026-09-01-SMCRUCHE-READY,arm2,128,128.0,0.35,0.3032,128,62,6.0,systematic,20256062,ok,5990.02,1643,0.5449481162541934,0.5449481162541934,1.0,127.26383235107959,1,0,research/tasks/active/TASK-2026-09-01-SMCRUCHE-READY/arm2/results/ARM2_00126.json,yes
TASK-2026-09-01-SMCRUCHE-READY,arm2,128,128.0,0.35,0.3032,128,63,6.0,systematic,20256063,ok,6009.98,1643,0.26680930072564546,0.26680930072564546,1.0,127.32200880287758,1,0,research/tasks/active/TASK-2026-09-01-SMCRUCHE-READY/arm2/results/ARM2_00127.json,yes
TASK-2026-09-01-SMCRUCHE-READY,arm2,128,128.0,0.35,0.3032,256,0,6.0,systematic,20384000,ok,8390.76,1643,0.17662455222951956,0.17662455222951956,1.0,254.69559399393435,1,0,research/tasks/active/TASK-2026-09-01-SMCRUCHE-READY/arm2/results/ARM2_00128.json,yes
TASK-2026-09-01-SMCRUCHE-READY,arm2,128,128.0,0.35,0.3032,256,1,6.0,systematic,20384001,ok,8665.88,1643,0.22558146566783377,0.22558146566783377,1.0,254.48124097488937,1,0,research/tasks/active/TASK-2026-09-01-SMCRUCHE-READY/arm2/results/ARM2_00129.json,yes
TASK-2026-09-01-SMCRUCHE-READY,arm2,128,128.0,0.35,0.3032,256,2,6.0,systematic,20384002,ok,8624.26,1643,0.1615167823418861,0.1615167823418861,1.0,254.62748721179125,1,0,research/tasks/active/TASK-2026-09-01-SMCRUCHE-READY/arm2/results/ARM2_00130.json,yes
TASK-2026-09-01-SMCRUCHE-READY,arm2,128,128.0,0.35,0.3032,256,3,6.0,systematic,20384003,ok,8717.93,1643,0.42624804210319456,0.42624804210319456,1.0,254.87211464873187,1,0,research/tasks/active/TASK-2026-09-01-SMCRUCHE-READY/arm2/results/ARM2_00131.json,yes
TASK-2026-09-01-SMCRUCHE-READY,arm2,128,128.0,0.35,0.3032,256,4,6.0,systematic,20384004,ok,8697.2,1643,0.1842400511622384,0.1842400511622384,1.0,254.41855912215402,1,0,research/tasks/active/TASK-2026-09-01-SMCRUCHE-READY/arm2/results/ARM2_00132.json,yes
TASK-2026-09-01-SMCRUCHE-READY,arm2,128,128.0,0.35,0.3032,256,5,6.0,systematic,20384005,ok,8757.1,1643,0.439847072984637,0.439847072984637,1.0,254.5607303160369,1,0,research/tasks/active/TASK-2026-09-01-SMCRUCHE-READY/arm2/results/ARM2_00133.json,yes
TASK-2026-09-01-SMCRUCHE-READY,arm2,128,128.0,0.35,0.3032,256,6,6.0,systematic,20384006,ok,8698.24,1643,0.16500143872581055,0.16500143872581055,1.0,254.6945861720798,1,0,research/tasks/active/TASK-2026-09-01-SMCRUCHE-READY/arm2/results/ARM2_00134.json,yes
TASK-2026-09-01-SMCRUCHE-READY,arm2,128,128.0,0.35,0.3032,256,7,6.0,systematic,20384007,ok,9141.2,1643,0.527606121361504,0.527606121361504,1.0,254.67220453576692,1,0,research/tasks/active/TASK-2026-09-01-SMCRUCHE-READY/arm2/results/ARM2_00135.json,yes
TASK-2026-09-01-SMCRUCHE-READY,arm2,128,128.0,0.35,0.3032,256,8,6.0,systematic,20384008,ok,9041.08,1643,0.15586589272613208,0.15586589272613208,1.0,254.48388567365816,1,0,research/tasks/active/TASK-2026-09-01-SMCRUCHE-READY/arm2/results/ARM2_00136.json,yes
TASK-2026-09-01-SMCRUCHE-READY,arm2,128,128.0,0.35,0.3032,256,9,6.0,systematic,20384009,ok,9111.44,1643,0.5067787061747302,0.5067787061747302,1.0,254.79468408332392,1,0,research/tasks/active/TASK-2026-09-01-SMCRUCHE-READY/arm2/results/ARM2_00137.json,yes
TASK-2026-09-01-SMCRUCHE-READY,arm2,128,128.0,0.35,0.3032,256,10,6.0,systematic,20384010,ok,9088.6,1643,0.3662597705551544,0.3662597705551544,1.0,254.64624115717046,1,0,research/tasks/active/TASK-2026-09-01-SMCRUCHE-READY/arm2/results/ARM2_00138.json,yes
TASK-2026-09-01-SMCRUCHE-READY,arm2,128,128.0,0.35,0.3032,256,11,6.0,systematic,20384011,ok,9081.3,1643,0.200424459608315,0.200424459608315,1.0,254.6845440878907,1,0,research/tasks/active/TASK-2026-09-01-SMCRUCHE-READY/arm2/results/ARM2_00139.json,yes
TASK-2026-09-01-SMCRUCHE-READY,arm2,128,128.0,0.35,0.3032,256,12,6.0,systematic,20384012,ok,9257.99,1643,0.40868928912074814,0.40868928912074814,1.0,254.5492103556854,1,0,research/tasks/active/TASK-2026-09-01-SMCRUCHE-READY/arm2/results/ARM2_00140.json,yes
TASK-2026-09-01-SMCRUCHE-READY,arm2,128,128.0,0.35,0.3032,256,13,6.0,systematic,20384013,ok,9112.8,1643,0.3953220160527504,0.3953220160527504,1.0,254.56918550902415,1,0,research/tasks/active/TASK-2026-09-01-SMCRUCHE-READY/arm2/results/ARM2_00141.json,yes
TASK-2026-09-01-SMCRUCHE-READY,arm2,128,128.0,0.35,0.3032,256,14,6.0,systematic,20384014,ok,9001.05,1643,0.47090391968732026,0.47090391968732026,1.0,254.67445481402868,1,0,research/tasks/active/TASK-2026-09-01-SMCRUCHE-READY/arm2/results/ARM2_00142.json,yes
TASK-2026-09-01-SMCRUCHE-READY,arm2,128,128.0,0.35,0.3032,256,15,6.0,systematic,20384015,ok,9119.75,1643,0.31623185155086614,0.31623185155086614,1.0,254.75185471498511,1,0,research/tasks/active/TASK-2026-09-01-SMCRUCHE-READY/arm2/results/ARM2_00143.json,yes
TASK-2026-09-01-SMCRUCHE-READY,arm2,128,128.0,0.35,0.3032,256,16,6.0,systematic,20384016,ok,9104.76,1643,0.2654293799000833,0.2654293799000833,1.0,254.79754738002765,1,0,research/tasks/active/TASK-2026-09-01-SMCRUCHE-READY/arm2/results/ARM2_00144.json,yes
TASK-2026-09-01-SMCRUCHE-READY,arm2,128,128.0,0.35,0.3032,256,17,6.0,systematic,20384017,ok,9134.54,1643,0.3233204567540655,0.3233204567540655,1.0,254.86348501117524,1,0,research/tasks/active/TASK-2026-09-01-SMCRUCHE-READY/arm2/results/ARM2_00145.json,yes
TASK-2026-09-01-SMCRUCHE-READY,arm2,128,128.0,0.35,0.3032,256,18,6.0,systematic,20384018,ok,9013.29,1643,0.13542470471625873,0.13542470471625873,1.0,254.1921870983185,1,0,research/tasks/active/TASK-2026-09-01-SMCRUCHE-READY/arm2/results/ARM2_00146.json,yes
TASK-2026-09-01-SMCRUCHE-READY,arm2,128,128.0,0.35,0.3032,256,19,6.0,systematic,20384019,ok,8985.05,1643,0.12990765136731497,0.12990765136731497,1.0,254.47967427046567,1,0,research/tasks/active/TASK-2026-09-01-SMCRUCHE-READY/arm2/results/ARM2_00147.json,yes
TASK-2026-09-01-SMCRUCHE-READY,arm2,128,128.0,0.35,0.3032,256,20,6.0,systematic,20384020,ok,9045.26,1643,0.28652225419820665,0.28652225419820665,1.0,254.70725600827504,1,0,research/tasks/active/TASK-2026-09-01-SMCRUCHE-READY/arm2/results/ARM2_00148.json,yes
TASK-2026-09-01-SMCRUCHE-READY,arm2,128,128.0,0.35,0.3032,256,21,6.0,systematic,20384021,ok,9053.08,1643,0.6309886584323877,0.6309886584323877,1.0,254.66149976440917,1,0,research/tasks/active/TASK-2026-09-01-SMCRUCHE-READY/arm2/results/ARM2_00149.json,yes
TASK-2026-09-01-SMCRUCHE-READY,arm2,128,128.0,0.35,0.3032,256,22,6.0,systematic,20384022,ok,10093.6,1643,0.2557170106648732,0.2557170106648732,1.0,254.66866218165765,1,0,research/tasks/active/TASK-2026-09-01-SMCRUCHE-READY/arm2/results/ARM2_00150.json,yes
TASK-2026-09-01-SMCRUCHE-READY,arm2,128,128.0,0.35,0.3032,256,23,6.0,systematic,20384023,ok,10004.53,1643,0.23283492014980553,0.23283492014980553,1.0,254.8126447732102,1,0,research/tasks/active/TASK-2026-09-01-SMCRUCHE-READY/arm2/results/ARM2_00151.json,yes
TASK-2026-09-01-SMCRUCHE-READY,arm2,128,128.0,0.35,0.3032,256,24,6.0,systematic,20384024,ok,10070.06,1643,0.1195059430964196,0.1195059430964196,1.0,254.40699467109275,1,0,research/tasks/active/TASK-2026-09-01-SMCRUCHE-READY/arm2/results/ARM2_00152.json,yes
TASK-2026-09-01-SMCRUCHE-READY,arm2,128,128.0,0.35,0.3032,256,25,6.0,systematic,20384025,ok,10049.17,1643,0.3986099167449851,0.3986099167449851,1.0,254.57061377628065,1,0,research/tasks/active/TASK-2026-09-01-SMCRUCHE-READY/arm2/results/ARM2_00153.json,yes
TASK-2026-09-01-SMCRUCHE-READY,arm2,128,128.0,0.35,0.3032,256,26,6.0,systematic,20384026,ok,9959.12,1643,0.1466907466136298,0.1466907466136298,1.0,254.67474027802834,1,0,research/tasks/active/TASK-2026-09-01-SMCRUCHE-READY/arm2/results/ARM2_00154.json,yes
TASK-2026-09-01-SMCRUCHE-READY,arm2,128,128.0,0.35,0.3032,256,27,6.0,systematic,20384027,ok,9912.46,1643,0.44911614856795556,0.44911614856795556,1.0,254.59512842606617,1,0,research/tasks/active/TASK-2026-09-01-SMCRUCHE-READY/arm2/results/ARM2_00155.json,yes
TASK-2026-09-01-SMCRUCHE-READY,arm2,128,128.0,0.35,0.3032,256,28,6.0,systematic,20384028,ok,10031.29,1643,0.23447624603183223,0.23447624603183223,1.0,254.66246237013192,1,0,research/tasks/active/TASK-2026-09-01-SMCRUCHE-READY/arm2/results/ARM2_00156.json,yes
TASK-2026-09-01-SMCRUCHE-READY,arm2,128,128.0,0.35,0.3032,256,29,6.0,systematic,20384029,ok,8941.22,1643,0.28865921072587175,0.28865921072587175,1.0,254.65239669278935,1,0,research/tasks/active/TASK-2026-09-01-SMCRUCHE-READY/arm2/results/ARM2_00157.json,yes
TASK-2026-09-01-SMCRUCHE-READY,arm2,128,128.0,0.35,0.3032,256,30,6.0,systematic,20384030,ok,8947.39,1643,0.36613224364539776,0.36613224364539776,1.0,254.53799423774092,1,0,research/tasks/active/TASK-2026-09-01-SMCRUCHE-READY/arm2/results/ARM2_00158.json,yes
TASK-2026-09-01-SMCRUCHE-READY,arm2,128,128.0,0.35,0.3032,256,31,6.0,systematic,20384031,ok,8874.49,1643,0.24575801285903132,0.24575801285903132,1.0,254.4642069723735,1,0,research/tasks/active/TASK-2026-09-01-SMCRUCHE-READY/arm2/results/ARM2_00159.json,yes
TASK-2026-09-01-SMCRUCHE-READY,arm2,128,128.0,0.35,0.3032,256,32,6.0,systematic,20384032,ok,8907.9,1643,0.32145469440282937,0.32145469440282937,1.0,254.52022090390403,1,0,research/tasks/active/TASK-2026-09-01-SMCRUCHE-READY/arm2/results/ARM2_00160.json,yes
TASK-2026-09-01-SMCRUCHE-READY,arm2,128,128.0,0.35,0.3032,256,33,6.0,systematic,20384033,ok,9007.67,1643,0.7647661172931508,0.7647661172931508,1.0,254.5222003532054,1,0,research/tasks/active/TASK-2026-09-01-SMCRUCHE-READY/arm2/results/ARM2_00161.json,yes
TASK-2026-09-01-SMCRUCHE-READY,arm2,128,128.0,0.35,0.3032,256,34,6.0,systematic,20384034,ok,8993.4,1643,0.33321165134449265,0.33321165134449265,1.0,254.7594481582282,1,0,research/tasks/active/TASK-2026-09-01-SMCRUCHE-READY/arm2/results/ARM2_00162.json,yes
TASK-2026-09-01-SMCRUCHE-READY,arm2,128,128.0,0.35,0.3032,256,35,6.0,systematic,20384035,ok,8836.01,1643,0.18891495022622998,0.18891495022622998,1.0,254.75112168435845,1,0,research/tasks/active/TASK-2026-09-01-SMCRUCHE-READY/arm2/results/ARM2_00163.json,yes
TASK-2026-09-01-SMCRUCHE-READY,arm2,128,128.0,0.35,0.3032,256,36,6.0,systematic,20384036,ok,8866.35,1643,0.2367515261601404,0.2367515261601404,1.0,254.61044472444962,1,0,research/tasks/active/TASK-2026-09-01-SMCRUCHE-READY/arm2/results/ARM2_00164.json,yes
TASK-2026-09-01-SMCRUCHE-READY,arm2,128,128.0,0.35,0.3032,256,37,6.0,systematic,20384037,ok,9065.03,1643,0.1501599694481488,0.1501599694481488,1.0,254.53124050504806,1,0,research/tasks/active/TASK-2026-09-01-SMCRUCHE-READY/arm2/results/ARM2_00165.json,yes
TASK-2026-09-01-SMCRUCHE-READY,arm2,128,128.0,0.35,0.3032,256,38,6.0,systematic,20384038,ok,9166.2,1643,0.3060502944101474,0.3060502944101474,1.0,254.70760636806517,1,0,research/tasks/active/TASK-2026-09-01-SMCRUCHE-READY/arm2/results/ARM2_00166.json,yes
TASK-2026-09-01-SMCRUCHE-READY,arm2,128,128.0,0.35,0.3032,256,39,6.0,systematic,20384039,ok,9115.0,1643,0.20222451955352275,0.20222451955352275,1.0,254.50785938553352,1,0,research/tasks/active/TASK-2026-09-01-SMCRUCHE-READY/arm2/results/ARM2_00167.json,yes
TASK-2026-09-01-SMCRUCHE-READY,arm2,128,128.0,0.35,0.3032,256,40,6.0,systematic,20384040,ok,9135.04,1643,0.5122102994993208,0.5122102994993208,1.0,254.6336664449272,1,0,research/tasks/active/TASK-2026-09-01-SMCRUCHE-READY/arm2/results/ARM2_00168.json,yes
TASK-2026-09-01-SMCRUCHE-READY,arm2,128,128.0,0.35,0.3032,256,41,6.0,systematic,20384041,ok,9095.76,1643,0.37841073257397906,0.37841073257397906,1.0,254.57940161022537,1,0,research/tasks/active/TASK-2026-09-01-SMCRUCHE-READY/arm2/results/ARM2_00169.json,yes
TASK-2026-09-01-SMCRUCHE-READY,arm2,128,128.0,0.35,0.3032,256,42,6.0,systematic,20384042,ok,9109.46,1643,0.32198817043938444,0.32198817043938444,1.0,254.70361831967588,1,0,research/tasks/active/TASK-2026-09-01-SMCRUCHE-READY/arm2/results/ARM2_00170.json,yes
TASK-2026-09-01-SMCRUCHE-READY,arm2,128,128.0,0.35,0.3032,256,43,6.0,systematic,20384043,ok,9153.81,1643,0.2315997715171585,0.2315997715171585,1.0,254.67278050273367,1,0,research/tasks/active/TASK-2026-09-01-SMCRUCHE-READY/arm2/results/ARM2_00171.json,yes
TASK-2026-09-01-SMCRUCHE-READY,arm2,128,128.0,0.35,0.3032,256,44,6.0,systematic,20384044,ok,9208.23,1643,0.5254720525592647,0.5254720525592647,1.0,254.55782039627795,1,0,research/tasks/active/TASK-2026-09-01-SMCRUCHE-READY/arm2/results/ARM2_00172.json,yes
TASK-2026-09-01-SMCRUCHE-READY,arm2,128,128.0,0.35,0.3032,256,45,6.0,systematic,20384045,ok,9214.83,1643,0.20418519059003115,0.20418519059003115,1.0,254.39982268908247,1,0,research/tasks/active/TASK-2026-09-01-SMCRUCHE-READY/arm2/results/ARM2_00173.json,yes
TASK-2026-09-01-SMCRUCHE-READY,arm2,128,128.0,0.35,0.3032,256,46,6.0,systematic,20384046,ok,9226.38,1643,0.21505125189352922,0.21505125189352922,1.0,254.3014840992025,1,0,research/tasks/active/TASK-2026-09-01-SMCRUCHE-READY/arm2/results/ARM2_00174.json,yes
TASK-2026-09-01-SMCRUCHE-READY,arm2,128,128.0,0.35,0.3032,256,47,6.0,systematic,20384047,ok,9254.94,1643,0.1545137886796364,0.1545137886796364,1.0,254.41534201440095,1,0,research/tasks/active/TASK-2026-09-01-SMCRUCHE-READY/arm2/results/ARM2_00175.json,yes
TASK-2026-09-01-SMCRUCHE-READY,arm2,128,128.0,0.35,0.3032,256,48,6.0,systematic,20384048,ok,9291.09,1643,0.27335750001578923,0.27335750001578923,1.0,254.52288248657808,1,0,research/tasks/active/TASK-2026-09-01-SMCRUCHE-READY/arm2/results/ARM2_00176.json,yes
TASK-2026-09-01-SMCRUCHE-READY,arm2,128,128.0,0.35,0.3032,256,49,6.0,systematic,20384049,ok,9347.64,1643,0.17874928043938315,0.17874928043938315,1.0,254.41903765319975,1,0,research/tasks/active/TASK-2026-09-01-SMCRUCHE-READY/arm2/results/ARM2_00177.json,yes
TASK-2026-09-01-SMCRUCHE-READY,arm2,128,128.0,0.35,0.3032,256,50,6.0,systematic,20384050,ok,9310.16,1643,0.2510240658382903,0.2510240658382903,1.0,254.59871075113978,1,0,research/tasks/active/TASK-2026-09-01-SMCRUCHE-READY/arm2/results/ARM2_00178.json,yes
TASK-2026-09-01-SMCRUCHE-READY,arm2,128,128.0,0.35,0.3032,256,51,6.0,systematic,20384051,ok,9431.11,1643,0.2043090152329795,0.2043090152329795,1.0,254.4651483217709,1,0,research/tasks/active/TASK-2026-09-01-SMCRUCHE-READY/arm2/results/ARM2_00179.json,yes
TASK-2026-09-01-SMCRUCHE-READY,arm2,128,128.0,0.35,0.3032,256,52,6.0,systematic,20384052,ok,8973.02,1643,0.3610412435687621,0.3610412435687621,1.0,254.42587555618854,1,0,research/tasks/active/TASK-2026-09-01-SMCRUCHE-READY/arm2/results/ARM2_00180.json,yes
TASK-2026-09-01-SMCRUCHE-READY,arm2,128,128.0,0.35,0.3032,256,53,6.0,systematic,20384053,ok,9045.36,1643,0.5570575444786156,0.5570575444786156,1.0,254.5584680735131,1,0,research/tasks/active/TASK-2026-09-01-SMCRUCHE-READY/arm2/results/ARM2_00181.json,yes
TASK-2026-09-01-SMCRUCHE-READY,arm2,128,128.0,0.35,0.3032,256,54,6.0,systematic,20384054,ok,8883.63,1643,0.25673493857664903,0.25673493857664903,1.0,254.75860123421091,1,0,research/tasks/active/TASK-2026-09-01-SMCRUCHE-READY/arm2/results/ARM2_00182.json,yes
TASK-2026-09-01-SMCRUCHE-READY,arm2,128,128.0,0.35,0.3032,256,55,6.0,systematic,20384055,ok,8832.19,1643,0.13467714706335082,0.13467714706335082,1.0,254.51489191140584,1,0,research/tasks/active/TASK-2026-09-01-SMCRUCHE-READY/arm2/results/ARM2_00183.json,yes
TASK-2026-09-01-SMCRUCHE-READY,arm2,128,128.0,0.35,0.3032,256,56,6.0,systematic,20384056,ok,8997.91,1643,0.3510970200367243,0.3510970200367243,1.0,254.78294426260732,1,0,research/tasks/active/TASK-2026-09-01-SMCRUCHE-READY/arm2/results/ARM2_00184.json,yes
TASK-2026-09-01-SMCRUCHE-READY,arm2,128,128.0,0.35,0.3032,256,57,6.0,systematic,20384057,ok,8917.34,1643,0.2108998110552742,0.2108998110552742,1.0,254.46192245078407,1,0,research/tasks/active/TASK-2026-09-01-SMCRUCHE-READY/arm2/results/ARM2_00185.json,yes
TASK-2026-09-01-SMCRUCHE-READY,arm2,128,128.0,0.35,0.3032,256,58,6.0,systematic,20384058,ok,9041.8,1643,0.23969223566439796,0.23969223566439796,1.0,254.50763024335498,1,0,research/tasks/active/TASK-2026-09-01-SMCRUCHE-READY/arm2/results/ARM2_00186.json,yes
TASK-2026-09-01-SMCRUCHE-READY,arm2,128,128.0,0.35,0.3032,256,59,6.0,systematic,20384059,ok,9012.28,1643,0.28531169238515475,0.28531169238515475,1.0,254.5624232724036,1,0,research/tasks/active/TASK-2026-09-01-SMCRUCHE-READY/arm2/results/ARM2_00187.json,yes
TASK-2026-09-01-SMCRUCHE-READY,arm2,128,128.0,0.35,0.3032,256,60,6.0,systematic,20384060,ok,9045.86,1643,0.3333821502796278,0.3333821502796278,1.0,254.44761958144653,1,0,research/tasks/active/TASK-2026-09-01-SMCRUCHE-READY/arm2/results/ARM2_00188.json,yes
TASK-2026-09-01-SMCRUCHE-READY,arm2,128,128.0,0.35,0.3032,256,61,6.0,systematic,20384061,ok,8950.38,1643,0.1966145835004907,0.1966145835004907,1.0,254.62906353125481,1,0,research/tasks/active/TASK-2026-09-01-SMCRUCHE-READY/arm2/results/ARM2_00189.json,yes
TASK-2026-09-01-SMCRUCHE-READY,arm2,128,128.0,0.35,0.3032,256,62,6.0,systematic,20384062,ok,9051.31,1643,0.3990574140326374,0.3990574140326374,1.0,254.53481253417777,1,0,research/tasks/active/TASK-2026-09-01-SMCRUCHE-READY/arm2/results/ARM2_00190.json,yes
TASK-2026-09-01-SMCRUCHE-READY,arm2,128,128.0,0.35,0.3032,256,63,6.0,systematic,20384063,ok,9031.68,1643,0.2401360533056695,0.2401360533056695,1.0,254.27268398557968,1,0,research/tasks/active/TASK-2026-09-01-SMCRUCHE-READY/arm2/results/ARM2_00191.json,yes
TASK-2026-09-02-MOCK-PRODUCTION,mockL32,32,32.0,0.35,0.2332,1024,0,6.0,systematic,31000000,ok,120.9,78,0.7976927608334193,0.7976927608334193,8.716777229121984,1003.5061186945043,28,0,research/tasks/active/TASK-2026-09-02-MOCK-PRODUCTION/mockL32/results/M32_00000.json,yes
TASK-2026-09-02-MOCK-PRODUCTION,mockL32,32,32.0,0.35,0.2332,1024,1,6.0,systematic,31000001,ok,119.75,78,0.8579430768582822,0.8579430768582822,10.420320387963589,1002.4210967380466,30,0,research/tasks/active/TASK-2026-09-02-MOCK-PRODUCTION/mockL32/results/M32_00001.json,yes
TASK-2026-09-02-MOCK-PRODUCTION,mockL32,32,32.0,0.35,0.2332,1024,2,6.0,systematic,31000002,ok,141.35,78,0.7850642271878697,0.7850642271878697,12.11526285384171,1003.8889673257545,22,0,research/tasks/active/TASK-2026-09-02-MOCK-PRODUCTION/mockL32/results/M32_00002.json,yes
TASK-2026-09-02-MOCK-PRODUCTION,mockL32,32,32.0,0.35,0.2332,1024,3,6.0,systematic,31000003,ok,143.04,78,0.8603832452228879,0.8603832452228879,10.704342677474019,1002.8728310796506,25,0,research/tasks/active/TASK-2026-09-02-MOCK-PRODUCTION/mockL32/results/M32_00003.json,yes
TASK-2026-09-02-MOCK-PRODUCTION,mockL32,32,32.0,0.35,0.2332,1024,4,6.0,systematic,31000004,ok,142.5,78,0.7895370238182807,0.7895370238182807,8.300424292318409,1002.162036903964,25,0,research/tasks/active/TASK-2026-09-02-MOCK-PRODUCTION/mockL32/results/M32_00004.json,yes
TASK-2026-09-02-MOCK-PRODUCTION,mockL32,32,32.0,0.35,0.2332,1024,5,6.0,systematic,31000005,ok,142.07,78,0.8719321228959668,0.8719321228959668,7.035534084809447,1002.5218550854422,26,0,research/tasks/active/TASK-2026-09-02-MOCK-PRODUCTION/mockL32/results/M32_00005.json,yes
TASK-2026-09-02-MOCK-PRODUCTION,mockL32,32,32.0,0.35,0.2332,1024,6,6.0,systematic,31000006,ok,136.28,78,0.8320931433082673,0.8320931433082673,6.1511603350775514,1003.3009998445045,27,0,research/tasks/active/TASK-2026-09-02-MOCK-PRODUCTION/mockL32/results/M32_00006.json,yes
TASK-2026-09-02-MOCK-PRODUCTION,mockL32,32,32.0,0.35,0.2332,1024,7,6.0,systematic,31000007,ok,136.54,78,0.8237792801020138,0.8237792801020138,7.137831509012688,1002.6136186314932,22,0,research/tasks/active/TASK-2026-09-02-MOCK-PRODUCTION/mockL32/results/M32_00007.json,yes
TASK-2026-09-02-MOCK-PRODUCTION,mockL32,32,32.0,0.35,0.2332,1024,8,6.0,systematic,31000008,ok,136.56,78,0.8019331266591587,0.8019331266591587,5.762483101238693,1000.7129617995038,23,0,research/tasks/active/TASK-2026-09-02-MOCK-PRODUCTION/mockL32/results/M32_00008.json,yes
TASK-2026-09-02-MOCK-PRODUCTION,mockL32,32,32.0,0.35,0.2332,1024,9,6.0,systematic,31000009,ok,136.0,78,0.833197702518321,0.833197702518321,8.206232684812722,1001.936909835015,25,0,research/tasks/active/TASK-2026-09-02-MOCK-PRODUCTION/mockL32/results/M32_00009.json,yes
TASK-2026-09-02-MOCK-PRODUCTION,mockL32,32,32.0,0.35,0.2332,1024,10,6.0,systematic,31000010,ok,138.34,78,0.8111751901308791,0.8111751901308791,6.494017390442688,1003.3748396273846,26,0,research/tasks/active/TASK-2026-09-02-MOCK-PRODUCTION/mockL32/results/M32_00010.json,yes
TASK-2026-09-02-MOCK-PRODUCTION,mockL32,32,32.0,0.35,0.2332,1024,11,6.0,systematic,31000011,ok,138.77,78,0.8458222267333122,0.8458222267333122,7.237048795638071,1002.4623142701561,25,0,research/tasks/active/TASK-2026-09-02-MOCK-PRODUCTION/mockL32/results/M32_00011.json,yes
TASK-2026-09-02-MOCK-PRODUCTION,mockL32,32,32.0,0.35,0.2332,1024,12,6.0,systematic,31000012,ok,136.53,78,0.7835392818353029,0.7835392818353029,8.769264221319016,1002.9725432997761,28,0,research/tasks/active/TASK-2026-09-02-MOCK-PRODUCTION/mockL32/results/M32_00012.json,yes
TASK-2026-09-02-MOCK-PRODUCTION,mockL32,32,32.0,0.35,0.2332,1024,13,6.0,systematic,31000013,ok,136.02,78,0.7802524004639306,0.7802524004639306,8.876007313604658,1004.3327211529419,29,0,research/tasks/active/TASK-2026-09-02-MOCK-PRODUCTION/mockL32/results/M32_00013.json,yes
TASK-2026-09-02-MOCK-PRODUCTION,mockL32,32,32.0,0.35,0.2332,1024,14,6.0,systematic,31000014,ok,136.04,78,0.779606692979026,0.779606692979026,11.173369136670717,1002.7718024406752,27,0,research/tasks/active/TASK-2026-09-02-MOCK-PRODUCTION/mockL32/results/M32_00014.json,yes
TASK-2026-09-02-MOCK-PRODUCTION,mockL32,32,32.0,0.35,0.2332,1024,15,6.0,systematic,31000015,ok,140.74,78,0.8383066347032331,0.8383066347032331,8.811414934202787,1002.6478317165661,24,0,research/tasks/active/TASK-2026-09-02-MOCK-PRODUCTION/mockL32/results/M32_00015.json,yes
TASK-2026-09-02-MOCK-PRODUCTION,mockL32,32,32.0,0.35,0.2332,1024,16,6.0,systematic,31000016,ok,137.9,78,0.7978981866867747,0.7978981866867747,6.902249897971274,1002.7086250898611,27,0,research/tasks/active/TASK-2026-09-02-MOCK-PRODUCTION/mockL32/results/M32_00016.json,yes
TASK-2026-09-02-MOCK-PRODUCTION,mockL32,32,32.0,0.35,0.2332,1024,17,6.0,systematic,31000017,ok,140.05,78,0.7978865494139431,0.7978865494139431,9.376685624351683,1003.4349061825429,23,0,research/tasks/active/TASK-2026-09-02-MOCK-PRODUCTION/mockL32/results/M32_00017.json,yes
TASK-2026-09-02-MOCK-PRODUCTION,mockL32,32,32.0,0.35,0.2332,1024,18,6.0,systematic,31000018,ok,140.17,78,0.7973229682271605,0.7973229682271605,7.96548161652993,1002.8164249028982,30,0,research/tasks/active/TASK-2026-09-02-MOCK-PRODUCTION/mockL32/results/M32_00018.json,yes
TASK-2026-09-02-MOCK-PRODUCTION,mockL32,32,32.0,0.35,0.2332,1024,19,6.0,systematic,31000019,ok,137.24,78,0.8390856543555973,0.8390856543555973,9.641014324856108,1005.3733586783369,30,0,research/tasks/active/TASK-2026-09-02-MOCK-PRODUCTION/mockL32/results/M32_00019.json,yes
TASK-2026-09-02-MOCK-PRODUCTION,mockL32,32,32.0,0.35,0.2332,1024,20,6.0,systematic,31000020,ok,141.4,78,0.8206920784266243,0.8206920784266243,10.273710612948738,1002.1394152980708,26,0,research/tasks/active/TASK-2026-09-02-MOCK-PRODUCTION/mockL32/results/M32_00020.json,yes
TASK-2026-09-02-MOCK-PRODUCTION,mockL32,32,32.0,0.35,0.2332,1024,21,6.0,systematic,31000021,ok,136.42,78,0.8820656898176418,0.8820656898176418,10.817645359633557,1003.6443709997759,33,0,research/tasks/active/TASK-2026-09-02-MOCK-PRODUCTION/mockL32/results/M32_00021.json,yes
TASK-2026-09-02-MOCK-PRODUCTION,mockL32,32,32.0,0.35,0.2332,1024,22,6.0,systematic,31000022,ok,136.08,78,0.8046286229773357,0.8046286229773357,8.023138017047454,1002.1606461137682,31,0,research/tasks/active/TASK-2026-09-02-MOCK-PRODUCTION/mockL32/results/M32_00022.json,yes
TASK-2026-09-02-MOCK-PRODUCTION,mockL32,32,32.0,0.35,0.2332,1024,23,6.0,systematic,31000023,ok,134.13,78,0.8298035086259019,0.8298035086259019,9.664294930875576,1002.3530463953653,27,0,research/tasks/active/TASK-2026-09-02-MOCK-PRODUCTION/mockL32/results/M32_00023.json,yes
TASK-2026-09-02-MOCK-PRODUCTION,mockL32,32,32.0,0.35,0.2432,1024,0,6.0,systematic,31001000,ok,128.74,81,0.771005978074011,0.771005978074011,6.527490039840638,1001.4038172744412,25,0,research/tasks/active/TASK-2026-09-02-MOCK-PRODUCTION/mockL32/results/M32_00024.json,yes
TASK-2026-09-02-MOCK-PRODUCTION,mockL32,32,32.0,0.35,0.2432,1024,1,6.0,systematic,31001001,ok,146.62,81,0.7860321600570048,0.7860321600570048,7.0335520049368805,1003.9196309361254,27,0,research/tasks/active/TASK-2026-09-02-MOCK-PRODUCTION/mockL32/results/M32_00025.json,yes
TASK-2026-09-02-MOCK-PRODUCTION,mockL32,32,32.0,0.35,0.2432,1024,2,6.0,systematic,31001002,ok,151.61,81,0.7483271269902996,0.7483271269902996,13.593155302048224,1002.3858630356112,29,0,research/tasks/active/TASK-2026-09-02-MOCK-PRODUCTION/mockL32/results/M32_00026.json,yes
TASK-2026-09-02-MOCK-PRODUCTION,mockL32,32,32.0,0.35,0.2432,1024,3,6.0,systematic,31001003,ok,156.24,81,0.7680816959358712,0.7680816959358712,8.423244380894237,1002.766982724761,25,0,research/tasks/active/TASK-2026-09-02-MOCK-PRODUCTION/mockL32/results/M32_00027.json,yes
TASK-2026-09-02-MOCK-PRODUCTION,mockL32,32,32.0,0.35,0.2432,1024,4,6.0,systematic,31001004,ok,156.61,81,0.8052761174994133,0.8052761174994133,11.814940845070423,1002.9783999856413,26,0,research/tasks/active/TASK-2026-09-02-MOCK-PRODUCTION/mockL32/results/M32_00028.json,yes
TASK-2026-09-02-MOCK-PRODUCTION,mockL32,32,32.0,0.35,0.2432,1024,5,6.0,systematic,31001005,ok,139.82,81,0.7552875395651172,0.7552875395651172,8.476355229334066,1002.9421655466053,25,0,research/tasks/active/TASK-2026-09-02-MOCK-PRODUCTION/mockL32/results/M32_00029.json,yes
TASK-2026-09-02-MOCK-PRODUCTION,mockL32,32,32.0,0.35,0.2432,1024,6,6.0,systematic,31001006,ok,140.19,81,0.7610313617953348,0.7610313617953348,5.802662888891349,1003.1919655043706,20,0,research/tasks/active/TASK-2026-09-02-MOCK-PRODUCTION/mockL32/results/M32_00030.json,yes
TASK-2026-09-02-MOCK-PRODUCTION,mockL32,32,32.0,0.35,0.2432,1024,7,6.0,systematic,31001007,ok,139.07,81,0.745165142930579,0.745165142930579,10.191827689436646,1003.3990504309991,21,0,research/tasks/active/TASK-2026-09-02-MOCK-PRODUCTION/mockL32/results/M32_00031.json,yes
TASK-2026-09-02-MOCK-PRODUCTION,mockL32,32,32.0,0.35,0.2432,1024,8,6.0,systematic,31001008,ok,141.04,81,0.7533727195344992,0.7533727195344992,4.99588351882909,1001.6942393243238,19,0,research/tasks/active/TASK-2026-09-02-MOCK-PRODUCTION/mockL32/results/M32_00032.json,yes
TASK-2026-09-02-MOCK-PRODUCTION,mockL32,32,32.0,0.35,0.2432,1024,9,6.0,systematic,31001009,ok,141.71,81,0.754975210821532,0.754975210821532,3.810509484700923,1002.5126220116522,24,0,research/tasks/active/TASK-2026-09-02-MOCK-PRODUCTION/mockL32/results/M32_00033.json,yes
TASK-2026-09-02-MOCK-PRODUCTION,mockL32,32,32.0,0.35,0.2432,1024,10,6.0,systematic,31001010,ok,142.56,81,0.7697395682276174,0.7697395682276174,4.528155876459614,1002.1159866695436,27,0,research/tasks/active/TASK-2026-09-02-MOCK-PRODUCTION/mockL32/results/M32_00034.json,yes
TASK-2026-09-02-MOCK-PRODUCTION,mockL32,32,32.0,0.35,0.2432,1024,11,6.0,systematic,31001011,ok,144.15,81,0.7930541661189745,0.7930541661189745,9.776567773696087,1003.6632491011635,28,0,research/tasks/active/TASK-2026-09-02-MOCK-PRODUCTION/mockL32/results/M32_00035.json,yes
TASK-2026-09-02-MOCK-PRODUCTION,mockL32,32,32.0,0.35,0.2432,1024,12,6.0,systematic,31001012,ok,142.02,81,0.7472154905118902,0.7472154905118902,11.883227561196737,1000.731795209752,27,0,research/tasks/active/TASK-2026-09-02-MOCK-PRODUCTION/mockL32/results/M32_00036.json,yes
TASK-2026-09-02-MOCK-PRODUCTION,mockL32,32,32.0,0.35,0.2432,1024,13,6.0,systematic,31001013,ok,143.14,81,0.7092822506443603,0.7092822506443603,9.718755792829867,1002.4836068872723,29,0,research/tasks/active/TASK-2026-09-02-MOCK-PRODUCTION/mockL32/results/M32_00037.json,yes
TASK-2026-09-02-MOCK-PRODUCTION,mockL32,32,32.0,0.35,0.2432,1024,14,6.0,systematic,31001014,ok,143.16,81,0.7384442876974507,0.7384442876974507,8.382840605663304,1003.350582949997,31,0,research/tasks/active/TASK-2026-09-02-MOCK-PRODUCTION/mockL32/results/M32_00038.json,yes
TASK-2026-09-02-MOCK-PRODUCTION,mockL32,32,32.0,0.35,0.2432,1024,15,6.0,systematic,31001015,ok,146.2,81,0.8038823504186672,0.8038823504186672,10.617200947732934,1003.522501050131,29,0,research/tasks/active/TASK-2026-09-02-MOCK-PRODUCTION/mockL32/results/M32_00039.json,yes
TASK-2026-09-02-MOCK-PRODUCTION,mockL32,32,32.0,0.35,0.2432,1024,16,6.0,systematic,31001016,ok,143.04,81,0.7450084232160495,0.7450084232160495,7.762974369604809,1003.1022896780183,22,0,research/tasks/active/TASK-2026-09-02-MOCK-PRODUCTION/mockL32/results/M32_00040.json,yes
TASK-2026-09-02-MOCK-PRODUCTION,mockL32,32,32.0,0.35,0.2432,1024,17,6.0,systematic,31001017,ok,144.32,81,0.7999420080928881,0.7999420080928881,7.460413227844499,1003.32047060226,25,0,research/tasks/active/TASK-2026-09-02-MOCK-PRODUCTION/mockL32/results/M32_00041.json,yes
TASK-2026-09-02-MOCK-PRODUCTION,mockL32,32,32.0,0.35,0.2432,1024,18,6.0,systematic,31001018,ok,123.64,81,0.7783218683992261,0.7783218683992261,9.285678863660515,1001.8190766828876,27,0,research/tasks/active/TASK-2026-09-02-MOCK-PRODUCTION/mockL32/results/M32_00042.json,yes
TASK-2026-09-02-MOCK-PRODUCTION,mockL32,32,32.0,0.35,0.2432,1024,19,6.0,systematic,31001019,ok,132.09,81,0.754166129889101,0.754166129889101,7.222692143437711,1001.1351425327947,21,0,research/tasks/active/TASK-2026-09-02-MOCK-PRODUCTION/mockL32/results/M32_00043.json,yes
TASK-2026-09-02-MOCK-PRODUCTION,mockL32,32,32.0,0.35,0.2432,1024,20,6.0,systematic,31001020,ok,123.22,81,0.760909572312245,0.760909572312245,12.18650922783692,1002.6282481340364,30,0,research/tasks/active/TASK-2026-09-02-MOCK-PRODUCTION/mockL32/results/M32_00044.json,yes
TASK-2026-09-02-MOCK-PRODUCTION,mockL32,32,32.0,0.35,0.2432,1024,21,6.0,systematic,31001021,ok,124.25,81,0.7775538206618628,0.7775538206618628,9.820150218209744,1003.1831107564881,23,0,research/tasks/active/TASK-2026-09-02-MOCK-PRODUCTION/mockL32/results/M32_00045.json,yes
TASK-2026-09-02-MOCK-PRODUCTION,mockL32,32,32.0,0.35,0.2432,1024,22,6.0,systematic,31001022,ok,123.08,81,0.7483046169782632,0.7483046169782632,10.677963340122199,1002.4806674485901,23,0,research/tasks/active/TASK-2026-09-02-MOCK-PRODUCTION/mockL32/results/M32_00046.json,yes
TASK-2026-09-02-MOCK-PRODUCTION,mockL32,32,32.0,0.35,0.2432,1024,23,6.0,systematic,31001023,ok,124.15,81,0.7577726390628636,0.7577726390628636,12.287040074994142,1001.4327424845782,30,0,research/tasks/active/TASK-2026-09-02-MOCK-PRODUCTION/mockL32/results/M32_00047.json,yes
TASK-2026-09-02-MOCK-PRODUCTION,mockL32,32,32.0,0.35,0.2532,1024,0,6.0,systematic,31002000,ok,127.45,84,0.6857748793085906,0.6857748793085906,10.368594877879957,1003.1951675565268,20,0,research/tasks/active/TASK-2026-09-02-MOCK-PRODUCTION/mockL32/results/M32_00048.json,yes
TASK-2026-09-02-MOCK-PRODUCTION,mockL32,32,32.0,0.35,0.2532,1024,1,6.0,systematic,31002001,ok,127.54,84,0.7154538681796574,0.7154538681796574,3.4373905917062775,1001.411326093063,22,0,research/tasks/active/TASK-2026-09-02-MOCK-PRODUCTION/mockL32/results/M32_00049.json,yes
TASK-2026-09-02-MOCK-PRODUCTION,mockL32,32,32.0,0.35,0.2532,1024,2,6.0,systematic,31002002,ok,133.48,84,0.7036025984234745,0.7036025984234745,8.751552380316486,1003.0946522882055,25,0,research/tasks/active/TASK-2026-09-02-MOCK-PRODUCTION/mockL32/results/M32_00050.json,yes
TASK-2026-09-02-MOCK-PRODUCTION,mockL32,32,32.0,0.35,0.2532,1024,3,6.0,systematic,31002003,ok,135.09,84,0.7291993076958588,0.7291993076958588,19.026964253311558,1002.3662809739362,40,0,research/tasks/active/TASK-2026-09-02-MOCK-PRODUCTION/mockL32/results/M32_00051.json,yes
TASK-2026-09-02-MOCK-PRODUCTION,mockL32,32,32.0,0.35,0.2532,1024,4,6.0,systematic,31002004,ok,133.54,84,0.7170835700246795,0.7170835700246795,11.64075578942694,1003.7214856248369,22,0,research/tasks/active/TASK-2026-09-02-MOCK-PRODUCTION/mockL32/results/M32_00052.json,yes
TASK-2026-09-02-MOCK-PRODUCTION,mockL32,32,32.0,0.35,0.2532,1024,5,6.0,systematic,31002005,ok,132.29,84,0.7071648213487982,0.7071648213487982,9.606919045699417,1004.7774096812766,22,0,research/tasks/active/TASK-2026-09-02-MOCK-PRODUCTION/mockL32/results/M32_00053.json,yes
TASK-2026-09-02-MOCK-PRODUCTION,mockL32,32,32.0,0.35,0.2532,1024,6,6.0,systematic,31002006,ok,131.96,84,0.7098001838980887,0.7098001838980887,7.680862596873673,1002.0996305233921,24,0,research/tasks/active/TASK-2026-09-02-MOCK-PRODUCTION/mockL32/results/M32_00054.json,yes
TASK-2026-09-02-MOCK-PRODUCTION,mockL32,32,32.0,0.35,0.2532,1024,7,6.0,systematic,31002007,ok,132.99,84,0.7092078310563108,0.7092078310563108,8.483761873169469,1002.2202700843427,23,0,research/tasks/active/TASK-2026-09-02-MOCK-PRODUCTION/mockL32/results/M32_00055.json,yes
TASK-2026-09-02-MOCK-PRODUCTION,mockL32,32,32.0,0.35,0.2532,1024,8,6.0,systematic,31002008,ok,130.18,84,0.6854768993797112,0.6854768993797112,7.031571041549315,1003.1470587329925,21,0,research/tasks/active/TASK-2026-09-02-MOCK-PRODUCTION/mockL32/results/M32_00056.json,yes
TASK-2026-09-02-MOCK-PRODUCTION,mockL32,32,32.0,0.35,0.2532,1024,9,6.0,systematic,31002009,ok,129.86,84,0.7410123646685776,0.7410123646685776,5.002366231585375,1003.9289336670539,26,0,research/tasks/active/TASK-2026-09-02-MOCK-PRODUCTION/mockL32/results/M32_00057.json,yes
TASK-2026-09-02-MOCK-PRODUCTION,mockL32,32,32.0,0.35,0.2532,1024,10,6.0,systematic,31002010,ok,128.03,84,0.7253706831773428,0.7253706831773428,9.111713590545707,1003.198302168309,22,0,research/tasks/active/TASK-2026-09-02-MOCK-PRODUCTION/mockL32/results/M32_00058.json,yes
TASK-2026-09-02-MOCK-PRODUCTION,mockL32,32,32.0,0.35,0.2532,1024,11,6.0,systematic,31002011,ok,127.75,84,0.7022332516979961,0.7022332516979961,4.216296200984334,1002.5778735403112,19,0,research/tasks/active/TASK-2026-09-02-MOCK-PRODUCTION/mockL32/results/M32_00059.json,yes
TASK-2026-09-02-MOCK-PRODUCTION,mockL32,32,32.0,0.35,0.2532,1024,12,6.0,systematic,31002012,ok,128.57,84,0.7294505206944212,0.7294505206944212,10.449187842551071,1003.4382384916262,24,0,research/tasks/active/TASK-2026-09-02-MOCK-PRODUCTION/mockL32/results/M32_00060.json,yes
TASK-2026-09-02-MOCK-PRODUCTION,mockL32,32,32.0,0.35,0.2532,1024,13,6.0,systematic,31002013,ok,126.02,84,0.6753554300220376,0.6753554300220376,9.222953242092672,1002.7243701426894,22,0,research/tasks/active/TASK-2026-09-02-MOCK-PRODUCTION/mockL32/results/M32_00061.json,yes
TASK-2026-09-02-MOCK-PRODUCTION,mockL32,32,32.0,0.35,0.2532,1024,14,6.0,systematic,31002014,ok,127.07,84,0.7520942804266721,0.7520942804266721,10.336500926619612,1002.2529830584937,20,0,research/tasks/active/TASK-2026-09-02-MOCK-PRODUCTION/mockL32/results/M32_00062.json,yes
TASK-2026-09-02-MOCK-PRODUCTION,mockL32,32,32.0,0.35,0.2532,1024,15,6.0,systematic,31002015,ok,125.79,84,0.7129955635672969,0.7129955635672969,10.225021940516822,1003.6419086539055,28,0,research/tasks/active/TASK-2026-09-02-MOCK-PRODUCTION/mockL32/results/M32_00063.json,yes
TASK-2026-09-02-MOCK-PRODUCTION,mockL32,32,32.0,0.35,0.2532,1024,16,6.0,systematic,31002016,ok,126.9,84,0.7093412780274658,0.7093412780274658,7.793554524913783,1003.3496850707584,23,0,research/tasks/active/TASK-2026-09-02-MOCK-PRODUCTION/mockL32/results/M32_00064.json,yes
TASK-2026-09-02-MOCK-PRODUCTION,mockL32,32,32.0,0.35,0.2532,1024,17,6.0,systematic,31002017,ok,126.19,84,0.706112764193815,0.706112764193815,7.003673572983876,1004.0269550910263,19,0,research/tasks/active/TASK-2026-09-02-MOCK-PRODUCTION/mockL32/results/M32_00065.json,yes
TASK-2026-09-02-MOCK-PRODUCTION,mockL32,32,32.0,0.35,0.2532,1024,18,6.0,systematic,31002018,ok,126.5,84,0.7207500619460985,0.7207500619460985,7.85003294004911,1002.852471281794,29,0,research/tasks/active/TASK-2026-09-02-MOCK-PRODUCTION/mockL32/results/M32_00066.json,yes
TASK-2026-09-02-MOCK-PRODUCTION,mockL32,32,32.0,0.35,0.2532,1024,19,6.0,systematic,31002019,ok,126.24,84,0.7216617626555657,0.7216617626555657,7.220304904080536,1001.105967944588,21,0,research/tasks/active/TASK-2026-09-02-MOCK-PRODUCTION/mockL32/results/M32_00067.json,yes
TASK-2026-09-02-MOCK-PRODUCTION,mockL32,32,32.0,0.35,0.2532,1024,20,6.0,systematic,31002020,ok,128.72,84,0.6933911309162226,0.6933911309162226,7.632779629926189,1001.4033695017232,17,0,research/tasks/active/TASK-2026-09-02-MOCK-PRODUCTION/mockL32/results/M32_00068.json,yes
TASK-2026-09-02-MOCK-PRODUCTION,mockL32,32,32.0,0.35,0.2532,1024,21,6.0,systematic,31002021,ok,127.41,84,0.695341137954309,0.695341137954309,8.482801022554444,1001.2879016514906,24,0,research/tasks/active/TASK-2026-09-02-MOCK-PRODUCTION/mockL32/results/M32_00069.json,yes
TASK-2026-09-02-MOCK-PRODUCTION,mockL32,32,32.0,0.35,0.2532,1024,22,6.0,systematic,31002022,ok,127.18,84,0.7107614321901683,0.7107614321901683,8.6521882632517,1004.2349263473701,27,0,research/tasks/active/TASK-2026-09-02-MOCK-PRODUCTION/mockL32/results/M32_00070.json,yes
TASK-2026-09-02-MOCK-PRODUCTION,mockL32,32,32.0,0.35,0.2532,1024,23,6.0,systematic,31002023,ok,127.97,84,0.7482147438465987,0.7482147438465987,7.550447881563409,1001.5610419131488,24,0,research/tasks/active/TASK-2026-09-02-MOCK-PRODUCTION/mockL32/results/M32_00071.json,yes
TASK-2026-09-02-MOCK-PRODUCTION,mockL32,32,32.0,0.35,0.2632,1024,0,6.0,systematic,31003000,ok,131.88,88,0.6874577098093194,0.6874577098093194,11.982082457263004,1003.5329193474395,25,0,research/tasks/active/TASK-2026-09-02-MOCK-PRODUCTION/mockL32/results/M32_00072.json,yes
TASK-2026-09-02-MOCK-PRODUCTION,mockL32,32,32.0,0.35,0.2632,1024,1,6.0,systematic,31003001,ok,132.04,88,0.6783073211434344,0.6783073211434344,10.324288133590642,1002.4892723064228,26,0,research/tasks/active/TASK-2026-09-02-MOCK-PRODUCTION/mockL32/results/M32_00073.json,yes
TASK-2026-09-02-MOCK-PRODUCTION,mockL32,32,32.0,0.35,0.2632,1024,2,6.0,systematic,31003002,ok,130.47,88,0.6597434334604182,0.6597434334604182,6.726556586223266,1003.6955699954128,18,0,research/tasks/active/TASK-2026-09-02-MOCK-PRODUCTION/mockL32/results/M32_00074.json,yes
TASK-2026-09-02-MOCK-PRODUCTION,mockL32,32,32.0,0.35,0.2632,1024,3,6.0,systematic,31003003,ok,131.99,88,0.6428500887667816,0.6428500887667816,4.799677756010033,1002.0676986103316,17,0,research/tasks/active/TASK-2026-09-02-MOCK-PRODUCTION/mockL32/results/M32_00075.json,yes
TASK-2026-09-02-MOCK-PRODUCTION,mockL32,32,32.0,0.35,0.2632,1024,4,6.0,systematic,31003004,ok,132.41,88,0.7160930103347873,0.7160930103347873,9.612379223731734,1003.3031116594285,26,0,research/tasks/active/TASK-2026-09-02-MOCK-PRODUCTION/mockL32/results/M32_00076.json,yes
TASK-2026-09-02-MOCK-PRODUCTION,mockL32,32,32.0,0.35,0.2632,1024,5,6.0,systematic,31003005,ok,130.78,88,0.6898717009052379,0.6898717009052379,5.851363266034977,1002.4139328927096,22,0,research/tasks/active/TASK-2026-09-02-MOCK-PRODUCTION/mockL32/results/M32_00077.json,yes
TASK-2026-09-02-MOCK-PRODUCTION,mockL32,32,32.0,0.35,0.2632,1024,6,6.0,systematic,31003006,ok,130.96,88,0.6617581159342842,0.6617581159342842,4.918919933199482,1002.9973025274265,22,0,research/tasks/active/TASK-2026-09-02-MOCK-PRODUCTION/mockL32/results/M32_00078.json,yes
TASK-2026-09-02-MOCK-PRODUCTION,mockL32,32,32.0,0.35,0.2632,1024,7,6.0,systematic,31003007,ok,130.7,88,0.6232092262611036,0.6232092262611036,12.007328691828508,1004.604630162883,27,0,research/tasks/active/TASK-2026-09-02-MOCK-PRODUCTION/mockL32/results/M32_00079.json,yes
TASK-2026-09-02-MOCK-PRODUCTION,mockL32,32,32.0,0.35,0.2632,1024,8,6.0,systematic,31003008,ok,131.39,88,0.6904440605058758,0.6904440605058758,4.679972863926875,1001.5389414879847,25,0,research/tasks/active/TASK-2026-09-02-MOCK-PRODUCTION/mockL32/results/M32_00080.json,yes
TASK-2026-09-02-MOCK-PRODUCTION,mockL32,32,32.0,0.35,0.2632,1024,9,6.0,systematic,31003009,ok,130.89,88,0.6707466081998479,0.6707466081998479,8.600101701031774,1002.4640013414589,25,0,research/tasks/active/TASK-2026-09-02-MOCK-PRODUCTION/mockL32/results/M32_00081.json,yes
TASK-2026-09-02-MOCK-PRODUCTION,mockL32,32,32.0,0.35,0.2632,1024,10,6.0,systematic,31003010,ok,133.14,88,0.6475046184591392,0.6475046184591392,8.33672025314443,1001.543477508357,23,0,research/tasks/active/TASK-2026-09-02-MOCK-PRODUCTION/mockL32/results/M32_00082.json,yes
TASK-2026-09-02-MOCK-PRODUCTION,mockL32,32,32.0,0.35,0.2632,1024,11,6.0,systematic,31003011,ok,131.11,88,0.6658267230031887,0.6658267230031887,8.942316220365,1002.9481453446526,24,0,research/tasks/active/TASK-2026-09-02-MOCK-PRODUCTION/mockL32/results/M32_00083.json,yes
TASK-2026-09-02-MOCK-PRODUCTION,mockL32,32,32.0,0.35,0.2632,1024,12,6.0,systematic,31003012,ok,131.9,88,0.7030706568741633,0.7030706568741633,8.54543380111812,1004.9831574993681,32,0,research/tasks/active/TASK-2026-09-02-MOCK-PRODUCTION/mockL32/results/M32_00084.json,yes
TASK-2026-09-02-MOCK-PRODUCTION,mockL32,32,32.0,0.35,0.2632,1024,13,6.0,systematic,31003013,ok,130.26,88,0.6700793349863303,0.6700793349863303,12.540075103446627,1003.6874942097911,23,0,research/tasks/active/TASK-2026-09-02-MOCK-PRODUCTION/mockL32/results/M32_00085.json,yes
TASK-2026-09-02-MOCK-PRODUCTION,mockL32,32,32.0,0.35,0.2632,1024,14,6.0,systematic,31003014,ok,133.06,88,0.6490727664361955,0.6490727664361955,10.06523450248613,1002.6810549191281,29,0,research/tasks/active/TASK-2026-09-02-MOCK-PRODUCTION/mockL32/results/M32_00086.json,yes
TASK-2026-09-02-MOCK-PRODUCTION,mockL32,32,32.0,0.35,0.2632,1024,15,6.0,systematic,31003015,ok,129.47,88,0.6759672843703008,0.6759672843703008,11.85447803378027,1003.8197977774254,31,0,research/tasks/active/TASK-2026-09-02-MOCK-PRODUCTION/mockL32/results/M32_00087.json,yes
TASK-2026-09-02-MOCK-PRODUCTION,mockL32,32,32.0,0.35,0.2632,1024,16,6.0,systematic,31003016,ok,130.6,88,0.6791774512749569,0.6791774512749569,11.09745152823639,1002.1752141449795,29,0,research/tasks/active/TASK-2026-09-02-MOCK-PRODUCTION/mockL32/results/M32_00088.json,yes
TASK-2026-09-02-MOCK-PRODUCTION,mockL32,32,32.0,0.35,0.2632,1024,17,6.0,systematic,31003017,ok,133.67,88,0.7068760939251253,0.7068760939251253,10.081686024151988,1001.5256096811471,25,0,research/tasks/active/TASK-2026-09-02-MOCK-PRODUCTION/mockL32/results/M32_00089.json,yes
TASK-2026-09-02-MOCK-PRODUCTION,mockL32,32,32.0,0.35,0.2632,1024,18,6.0,systematic,31003018,ok,130.29,88,0.6697637921642594,0.6697637921642594,8.72315857777482,1003.8700039335758,27,0,research/tasks/active/TASK-2026-09-02-MOCK-PRODUCTION/mockL32/results/M32_00090.json,yes
TASK-2026-09-02-MOCK-PRODUCTION,mockL32,32,32.0,0.35,0.2632,1024,19,6.0,systematic,31003019,ok,131.63,88,0.7366091628321254,0.7366091628321254,7.689424049983134,1004.6385524835721,22,0,research/tasks/active/TASK-2026-09-02-MOCK-PRODUCTION/mockL32/results/M32_00091.json,yes
TASK-2026-09-02-MOCK-PRODUCTION,mockL32,32,32.0,0.35,0.2632,1024,20,6.0,systematic,31003020,ok,130.25,88,0.6331172479312257,0.6331172479312257,10.616555969544791,1002.6196326200235,26,0,research/tasks/active/TASK-2026-09-02-MOCK-PRODUCTION/mockL32/results/M32_00092.json,yes
TASK-2026-09-02-MOCK-PRODUCTION,mockL32,32,32.0,0.35,0.2632,1024,21,6.0,systematic,31003021,ok,130.35,88,0.683459556442735,0.683459556442735,8.590660330984761,1003.3210125640854,25,0,research/tasks/active/TASK-2026-09-02-MOCK-PRODUCTION/mockL32/results/M32_00093.json,yes
TASK-2026-09-02-MOCK-PRODUCTION,mockL32,32,32.0,0.35,0.2632,1024,22,6.0,systematic,31003022,ok,132.57,88,0.6857647857927955,0.6857647857927955,3.997011511778608,1002.8455131169504,20,0,research/tasks/active/TASK-2026-09-02-MOCK-PRODUCTION/mockL32/results/M32_00094.json,yes
TASK-2026-09-02-MOCK-PRODUCTION,mockL32,32,32.0,0.35,0.2632,1024,23,6.0,systematic,31003023,ok,131.6,88,0.6741244921856668,0.6741244921856668,6.038723350341507,1001.5102964226177,26,0,research/tasks/active/TASK-2026-09-02-MOCK-PRODUCTION/mockL32/results/M32_00095.json,yes
TASK-2026-09-02-MOCK-PRODUCTION,mockL32,32,32.0,0.35,0.2732,1024,0,6.0,systematic,31004000,ok,132.99,91,0.616650346536546,0.616650346536546,6.166788209555624,1003.2598305237402,22,0,research/tasks/active/TASK-2026-09-02-MOCK-PRODUCTION/mockL32/results/M32_00096.json,yes
TASK-2026-09-02-MOCK-PRODUCTION,mockL32,32,32.0,0.35,0.2732,1024,1,6.0,systematic,31004001,ok,134.2,91,0.6341419184470689,0.6341419184470689,9.004980935041736,1002.4320013904108,31,0,research/tasks/active/TASK-2026-09-02-MOCK-PRODUCTION/mockL32/results/M32_00097.json,yes
TASK-2026-09-02-MOCK-PRODUCTION,mockL32,32,32.0,0.35,0.2732,1024,2,6.0,systematic,31004002,ok,133.89,91,0.631517891493941,0.631517891493941,10.869676991333915,1000.856373397753,23,0,research/tasks/active/TASK-2026-09-02-MOCK-PRODUCTION/mockL32/results/M32_00098.json,yes
TASK-2026-09-02-MOCK-PRODUCTION,mockL32,32,32.0,0.35,0.2732,1024,3,6.0,systematic,31004003,ok,133.42,91,0.640795287175769,0.640795287175769,9.209668353007308,1003.1356605759215,24,0,research/tasks/active/TASK-2026-09-02-MOCK-PRODUCTION/mockL32/results/M32_00099.json,yes
TASK-2026-09-02-MOCK-PRODUCTION,mockL32,32,32.0,0.35,0.2732,1024,4,6.0,systematic,31004004,ok,134.39,91,0.6241425032417752,0.6241425032417752,6.268912988891945,1003.1035160710678,27,0,research/tasks/active/TASK-2026-09-02-MOCK-PRODUCTION/mockL32/results/M32_00100.json,yes
TASK-2026-09-02-MOCK-PRODUCTION,mockL32,32,32.0,0.35,0.2732,1024,5,6.0,systematic,31004005,ok,134.02,91,0.6259165655209004,0.6259165655209004,4.225607298870029,1002.7043954721605,23,0,research/tasks/active/TASK-2026-09-02-MOCK-PRODUCTION/mockL32/results/M32_00101.json,yes
TASK-2026-09-02-MOCK-PRODUCTION,mockL32,32,32.0,0.35,0.2732,1024,6,6.0,systematic,31004006,ok,133.74,91,0.6459425935216889,0.6459425935216889,5.132229139747054,1002.3763028969208,21,0,research/tasks/active/TASK-2026-09-02-MOCK-PRODUCTION/mockL32/results/M32_00102.json,yes
TASK-2026-09-02-MOCK-PRODUCTION,mockL32,32,32.0,0.35,0.2732,1024,7,6.0,systematic,31004007,ok,133.63,91,0.6387073192414945,0.6387073192414945,9.526446806577633,1003.6288220304316,18,0,research/tasks/active/TASK-2026-09-02-MOCK-PRODUCTION/mockL32/results/M32_00103.json,yes
TASK-2026-09-02-MOCK-PRODUCTION,mockL32,32,32.0,0.35,0.2732,1024,8,6.0,systematic,31004008,ok,132.9,91,0.6306097343163473,0.6306097343163473,7.701283821498869,1003.410091863021,21,0,research/tasks/active/TASK-2026-09-02-MOCK-PRODUCTION/mockL32/results/M32_00104.json,yes
TASK-2026-09-02-MOCK-PRODUCTION,mockL32,32,32.0,0.35,0.2732,1024,9,6.0,systematic,31004009,ok,152.73,91,0.6295759664903927,0.6295759664903927,7.456169292906309,1000.8308853092585,26,0,research/tasks/active/TASK-2026-09-02-MOCK-PRODUCTION/mockL32/results/M32_00105.json,yes
TASK-2026-09-02-MOCK-PRODUCTION,mockL32,32,32.0,0.35,0.2732,1024,10,6.0,systematic,31004010,ok,137.84,91,0.6385368893158532,0.6385368893158532,7.120672561083269,1003.8786773987616,19,0,research/tasks/active/TASK-2026-09-02-MOCK-PRODUCTION/mockL32/results/M32_00106.json,yes
TASK-2026-09-02-MOCK-PRODUCTION,mockL32,32,32.0,0.35,0.2732,1024,11,6.0,systematic,31004011,ok,138.51,91,0.6449568554751134,0.6449568554751134,4.694513838522219,1003.3642116098237,21,0,research/tasks/active/TASK-2026-09-02-MOCK-PRODUCTION/mockL32/results/M32_00107.json,yes
TASK-2026-09-02-MOCK-PRODUCTION,mockL32,32,32.0,0.35,0.2732,1024,12,6.0,systematic,31004012,ok,138.8,91,0.6103032976455225,0.6103032976455225,9.469322881861036,1002.3732873639224,20,0,research/tasks/active/TASK-2026-09-02-MOCK-PRODUCTION/mockL32/results/M32_00108.json,yes
TASK-2026-09-02-MOCK-PRODUCTION,mockL32,32,32.0,0.35,0.2732,1024,13,6.0,systematic,31004013,ok,140.4,91,0.6285916634152706,0.6285916634152706,8.901022036603171,1000.9847350744618,22,0,research/tasks/active/TASK-2026-09-02-MOCK-PRODUCTION/mockL32/results/M32_00109.json,yes
TASK-2026-09-02-MOCK-PRODUCTION,mockL32,32,32.0,0.35,0.2732,1024,14,6.0,systematic,31004014,ok,138.99,91,0.6000229451719901,0.6000229451719901,6.699566811914589,1005.224411606192,19,0,research/tasks/active/TASK-2026-09-02-MOCK-PRODUCTION/mockL32/results/M32_00110.json,yes
TASK-2026-09-02-MOCK-PRODUCTION,mockL32,32,32.0,0.35,0.2732,1024,15,6.0,systematic,31004015,ok,137.51,91,0.6484341198996548,0.6484341198996548,6.107948786653774,1002.983813163711,18,0,research/tasks/active/TASK-2026-09-02-MOCK-PRODUCTION/mockL32/results/M32_00111.json,yes
TASK-2026-09-02-MOCK-PRODUCTION,mockL32,32,32.0,0.35,0.2732,1024,16,6.0,systematic,31004016,ok,137.95,91,0.6415037095728132,0.6415037095728132,7.846156148516185,1002.2611839507222,27,0,research/tasks/active/TASK-2026-09-02-MOCK-PRODUCTION/mockL32/results/M32_00112.json,yes
TASK-2026-09-02-MOCK-PRODUCTION,mockL32,32,32.0,0.35,0.2732,1024,17,6.0,systematic,31004017,ok,136.7,91,0.6088847630662655,0.6088847630662655,10.003396233615081,1004.323066483372,21,0,research/tasks/active/TASK-2026-09-02-MOCK-PRODUCTION/mockL32/results/M32_00113.json,yes
TASK-2026-09-02-MOCK-PRODUCTION,mockL32,32,32.0,0.35,0.2732,1024,18,6.0,systematic,31004018,ok,138.7,91,0.6128082597595399,0.6128082597595399,5.87404627191754,1001.9416722807828,22,0,research/tasks/active/TASK-2026-09-02-MOCK-PRODUCTION/mockL32/results/M32_00114.json,yes
TASK-2026-09-02-MOCK-PRODUCTION,mockL32,32,32.0,0.35,0.2732,1024,19,6.0,systematic,31004019,ok,139.66,91,0.6373254344104613,0.6373254344104613,10.190242954324587,1003.5085225437405,28,0,research/tasks/active/TASK-2026-09-02-MOCK-PRODUCTION/mockL32/results/M32_00115.json,yes
TASK-2026-09-02-MOCK-PRODUCTION,mockL32,32,32.0,0.35,0.2732,1024,20,6.0,systematic,31004020,ok,138.39,91,0.61147700631958,0.61147700631958,3.560360458246467,1003.588342972485,20,0,research/tasks/active/TASK-2026-09-02-MOCK-PRODUCTION/mockL32/results/M32_00116.json,yes
TASK-2026-09-02-MOCK-PRODUCTION,mockL32,32,32.0,0.35,0.2732,1024,21,6.0,systematic,31004021,ok,140.07,91,0.6304155941288503,0.6304155941288503,12.024954128440367,1002.4323539744515,24,0,research/tasks/active/TASK-2026-09-02-MOCK-PRODUCTION/mockL32/results/M32_00117.json,yes
TASK-2026-09-02-MOCK-PRODUCTION,mockL32,32,32.0,0.35,0.2732,1024,22,6.0,systematic,31004022,ok,138.93,91,0.6148548585138819,0.6148548585138819,7.696422542241012,1002.3517834212247,23,0,research/tasks/active/TASK-2026-09-02-MOCK-PRODUCTION/mockL32/results/M32_00118.json,yes
TASK-2026-09-02-MOCK-PRODUCTION,mockL32,32,32.0,0.35,0.2732,1024,23,6.0,systematic,31004023,ok,138.52,91,0.6169411236791312,0.6169411236791312,7.3723968220487945,1003.4493690636962,27,0,research/tasks/active/TASK-2026-09-02-MOCK-PRODUCTION/mockL32/results/M32_00119.json,yes
TASK-2026-09-02-MOCK-PRODUCTION,mockL32,32,32.0,0.35,0.2832,1024,0,6.0,systematic,31005000,ok,137.91,94,0.6222556149850444,0.6222556149850444,11.307108350586612,1002.7474186293842,27,0,research/tasks/active/TASK-2026-09-02-MOCK-PRODUCTION/mockL32/results/M32_00120.json,yes
TASK-2026-09-02-MOCK-PRODUCTION,mockL32,32,32.0,0.35,0.2832,1024,1,6.0,systematic,31005001,ok,135.19,94,0.5636329067034019,0.5636329067034019,12.04097193514308,1002.45422121362,21,0,research/tasks/active/TASK-2026-09-02-MOCK-PRODUCTION/mockL32/results/M32_00121.json,yes
TASK-2026-09-02-MOCK-PRODUCTION,mockL32,32,32.0,0.35,0.2832,1024,2,6.0,systematic,31005002,ok,138.25,94,0.5961576837234102,0.5961576837234102,5.629394206197522,1002.5349810835246,20,0,research/tasks/active/TASK-2026-09-02-MOCK-PRODUCTION/mockL32/results/M32_00122.json,yes
TASK-2026-09-02-MOCK-PRODUCTION,mockL32,32,32.0,0.35,0.2832,1024,3,6.0,systematic,31005003,ok,136.77,94,0.5767604361827523,0.5767604361827523,10.768320736115676,1003.2018272880082,21,0,research/tasks/active/TASK-2026-09-02-MOCK-PRODUCTION/mockL32/results/M32_00123.json,yes
TASK-2026-09-02-MOCK-PRODUCTION,mockL32,32,32.0,0.35,0.2832,1024,4,6.0,systematic,31005004,ok,163.65,94,0.584442803157879,0.584442803157879,8.76955758133311,1002.7464388068506,24,0,research/tasks/active/TASK-2026-09-02-MOCK-PRODUCTION/mockL32/results/M32_00124.json,yes
TASK-2026-09-02-MOCK-PRODUCTION,mockL32,32,32.0,0.35,0.2832,1024,5,6.0,systematic,31005005,ok,150.23,94,0.5566353621646055,0.5566353621646055,7.745084425272923,1003.3675601659716,16,0,research/tasks/active/TASK-2026-09-02-MOCK-PRODUCTION/mockL32/results/M32_00125.json,yes
TASK-2026-09-02-MOCK-PRODUCTION,mockL32,32,32.0,0.35,0.2832,1024,6,6.0,systematic,31005006,ok,149.85,94,0.618646086277113,0.618646086277113,7.664356927754875,1002.5759351079,19,0,research/tasks/active/TASK-2026-09-02-MOCK-PRODUCTION/mockL32/results/M32_00126.json,yes
TASK-2026-09-02-MOCK-PRODUCTION,mockL32,32,32.0,0.35,0.2832,1024,7,6.0,systematic,31005007,ok,149.9,94,0.5849954962971877,0.5849954962971877,12.219741288894069,1003.7008326169207,27,0,research/tasks/active/TASK-2026-09-02-MOCK-PRODUCTION/mockL32/results/M32_00127.json,yes
TASK-2026-09-02-MOCK-PRODUCTION,mockL32,32,32.0,0.35,0.2832,1024,8,6.0,systematic,31005008,ok,150.42,94,0.5724870379570058,0.5724870379570058,9.188041078125547,1004.0166348637682,24,0,research/tasks/active/TASK-2026-09-02-MOCK-PRODUCTION/mockL32/results/M32_00128.json,yes
TASK-2026-09-02-MOCK-PRODUCTION,mockL32,32,32.0,0.35,0.2832,1024,9,6.0,systematic,31005009,ok,149.93,94,0.5845118617447023,0.5845118617447023,10.710903184947599,1002.0846669438178,24,0,research/tasks/active/TASK-2026-09-02-MOCK-PRODUCTION/mockL32/results/M32_00129.json,yes
TASK-2026-09-02-MOCK-PRODUCTION,mockL32,32,32.0,0.35,0.2832,1024,10,6.0,systematic,31005010,ok,152.81,94,0.5725164653289779,0.5725164653289779,6.77190943025794,1003.1735576319012,26,0,research/tasks/active/TASK-2026-09-02-MOCK-PRODUCTION/mockL32/results/M32_00130.json,yes
TASK-2026-09-02-MOCK-PRODUCTION,mockL32,32,32.0,0.35,0.2832,1024,11,6.0,systematic,31005011,ok,151.01,94,0.5952970820691357,0.5952970820691357,6.8929937813071085,1002.0064465507633,24,0,research/tasks/active/TASK-2026-09-02-MOCK-PRODUCTION/mockL32/results/M32_00131.json,yes
TASK-2026-09-02-MOCK-PRODUCTION,mockL32,32,32.0,0.35,0.2832,1024,12,6.0,systematic,31005012,ok,151.57,94,0.6379854250467776,0.6379854250467776,5.3527177686119165,1003.4023309530137,26,0,research/tasks/active/TASK-2026-09-02-MOCK-PRODUCTION/mockL32/results/M32_00132.json,yes
TASK-2026-09-02-MOCK-PRODUCTION,mockL32,32,32.0,0.35,0.2832,1024,13,6.0,systematic,31005013,ok,150.37,94,0.5939007320886821,0.5939007320886821,6.220197418375095,1000.6508419186528,22,0,research/tasks/active/TASK-2026-09-02-MOCK-PRODUCTION/mockL32/results/M32_00133.json,yes
TASK-2026-09-02-MOCK-PRODUCTION,mockL32,32,32.0,0.35,0.2832,1024,14,6.0,systematic,31005014,ok,152.53,94,0.576132082298998,0.576132082298998,7.137831509012688,1001.2832436972021,21,0,research/tasks/active/TASK-2026-09-02-MOCK-PRODUCTION/mockL32/results/M32_00134.json,yes
TASK-2026-09-02-MOCK-PRODUCTION,mockL32,32,32.0,0.35,0.2832,1024,15,6.0,systematic,31005015,ok,147.81,94,0.6036744969844674,0.6036744969844674,9.060067740374645,1002.4457069699924,19,0,research/tasks/active/TASK-2026-09-02-MOCK-PRODUCTION/mockL32/results/M32_00135.json,yes
TASK-2026-09-02-MOCK-PRODUCTION,mockL32,32,32.0,0.35,0.2832,1024,16,6.0,systematic,31005016,ok,151.39,94,0.5867564627988264,0.5867564627988264,9.533029074313145,1001.8349067609778,28,0,research/tasks/active/TASK-2026-09-02-MOCK-PRODUCTION/mockL32/results/M32_00136.json,yes
TASK-2026-09-02-MOCK-PRODUCTION,mockL32,32,32.0,0.35,0.2832,1024,17,6.0,systematic,31005017,ok,149.32,94,0.6141314667543347,0.6141314667543347,7.177701111658727,1003.4715737694137,25,0,research/tasks/active/TASK-2026-09-02-MOCK-PRODUCTION/mockL32/results/M32_00137.json,yes
TASK-2026-09-02-MOCK-PRODUCTION,mockL32,32,32.0,0.35,0.2832,1024,18,6.0,systematic,31005018,ok,148.42,94,0.5853623795546661,0.5853623795546661,7.474772244478978,1001.802509061978,16,0,research/tasks/active/TASK-2026-09-02-MOCK-PRODUCTION/mockL32/results/M32_00138.json,yes
TASK-2026-09-02-MOCK-PRODUCTION,mockL32,32,32.0,0.35,0.2832,1024,19,6.0,systematic,31005019,ok,151.01,94,0.545774559246296,0.545774559246296,7.53536369777369,1003.4544483366045,23,0,research/tasks/active/TASK-2026-09-02-MOCK-PRODUCTION/mockL32/results/M32_00139.json,yes
TASK-2026-09-02-MOCK-PRODUCTION,mockL32,32,32.0,0.35,0.2832,1024,20,6.0,systematic,31005020,ok,151.27,94,0.5785117066143007,0.5785117066143007,6.806990210589182,1002.9372782416839,18,0,research/tasks/active/TASK-2026-09-02-MOCK-PRODUCTION/mockL32/results/M32_00140.json,yes
TASK-2026-09-02-MOCK-PRODUCTION,mockL32,32,32.0,0.35,0.2832,1024,21,6.0,systematic,31005021,ok,151.84,94,0.6065544828633753,0.6065544828633753,11.47313828041228,1002.3395122718815,29,0,research/tasks/active/TASK-2026-09-02-MOCK-PRODUCTION/mockL32/results/M32_00141.json,yes
TASK-2026-09-02-MOCK-PRODUCTION,mockL32,32,32.0,0.35,0.2832,1024,22,6.0,systematic,31005022,ok,150.98,94,0.5788908777382042,0.5788908777382042,8.908281510177728,1002.3724692005926,19,0,research/tasks/active/TASK-2026-09-02-MOCK-PRODUCTION/mockL32/results/M32_00142.json,yes
TASK-2026-09-02-MOCK-PRODUCTION,mockL32,32,32.0,0.35,0.2832,1024,23,6.0,systematic,31005023,ok,151.88,94,0.5973633711394226,0.5973633711394226,6.690675208330675,1000.8980114766939,20,0,research/tasks/active/TASK-2026-09-02-MOCK-PRODUCTION/mockL32/results/M32_00143.json,yes
TASK-2026-09-02-MOCK-PRODUCTION,mockL32,32,32.0,0.35,0.2932,1024,0,6.0,systematic,31006000,ok,155.55,97,0.5291552988170102,0.5291552988170102,12.308963703808049,1002.6886584244288,25,0,research/tasks/active/TASK-2026-09-02-MOCK-PRODUCTION/mockL32/results/M32_00144.json,yes
TASK-2026-09-02-MOCK-PRODUCTION,mockL32,32,32.0,0.35,0.2932,1024,1,6.0,systematic,31006001,ok,155.36,97,0.528492892559452,0.528492892559452,6.067445897465571,1002.7527868201397,14,0,research/tasks/active/TASK-2026-09-02-MOCK-PRODUCTION/mockL32/results/M32_00145.json,yes
TASK-2026-09-02-MOCK-PRODUCTION,mockL32,32,32.0,0.35,0.2932,1024,2,6.0,systematic,31006002,ok,153.48,97,0.5318762072969876,0.5318762072969876,4.976866486306896,1001.725532496911,22,0,research/tasks/active/TASK-2026-09-02-MOCK-PRODUCTION/mockL32/results/M32_00146.json,yes
TASK-2026-09-02-MOCK-PRODUCTION,mockL32,32,32.0,0.35,0.2932,1024,3,6.0,systematic,31006003,ok,152.77,97,0.5558461288555437,0.5558461288555437,7.918203373959797,1001.8219505566007,14,0,research/tasks/active/TASK-2026-09-02-MOCK-PRODUCTION/mockL32/results/M32_00147.json,yes
TASK-2026-09-02-MOCK-PRODUCTION,mockL32,32,32.0,0.35,0.2932,1024,4,6.0,systematic,31006004,ok,152.25,97,0.5483928645178144,0.5483928645178144,10.848535010759807,1003.5913259850345,24,0,research/tasks/active/TASK-2026-09-02-MOCK-PRODUCTION/mockL32/results/M32_00148.json,yes
TASK-2026-09-02-MOCK-PRODUCTION,mockL32,32,32.0,0.35,0.2932,1024,5,6.0,systematic,31006005,ok,153.94,97,0.5705329677962842,0.5705329677962842,10.279753735147642,1002.217851986646,20,0,research/tasks/active/TASK-2026-09-02-MOCK-PRODUCTION/mockL32/results/M32_00149.json,yes
TASK-2026-09-02-MOCK-PRODUCTION,mockL32,32,32.0,0.35,0.2932,1024,6,6.0,systematic,31006006,ok,153.34,97,0.5332394778373731,0.5332394778373731,9.025443277672577,1000.8420192784163,25,0,research/tasks/active/TASK-2026-09-02-MOCK-PRODUCTION/mockL32/results/M32_00150.json,yes
TASK-2026-09-02-MOCK-PRODUCTION,mockL32,32,32.0,0.35,0.2932,1024,7,6.0,systematic,31006007,ok,153.03,97,0.5160213545770405,0.5160213545770405,8.482252062773014,1001.7963061579111,22,0,research/tasks/active/TASK-2026-09-02-MOCK-PRODUCTION/mockL32/results/M32_00151.json,yes
TASK-2026-09-02-MOCK-PRODUCTION,mockL32,32,32.0,0.35,0.2932,1024,8,6.0,systematic,31006008,ok,154.93,97,0.5671307487201521,0.5671307487201521,8.852328369297268,1000.739624271455,23,0,research/tasks/active/TASK-2026-09-02-MOCK-PRODUCTION/mockL32/results/M32_00152.json,yes
TASK-2026-09-02-MOCK-PRODUCTION,mockL32,32,32.0,0.35,0.2932,1024,9,6.0,systematic,31006009,ok,153.36,97,0.5332836264551989,0.5332836264551989,8.103745150470656,1003.6282898138087,18,0,research/tasks/active/TASK-2026-09-02-MOCK-PRODUCTION/mockL32/results/M32_00153.json,yes
TASK-2026-09-02-MOCK-PRODUCTION,mockL32,32,32.0,0.35,0.2932,1024,10,6.0,systematic,31006010,ok,153.87,97,0.5608644977841701,0.5608644977841701,10.450437521178417,1002.8526796909093,25,0,research/tasks/active/TASK-2026-09-02-MOCK-PRODUCTION/mockL32/results/M32_00154.json,yes
TASK-2026-09-02-MOCK-PRODUCTION,mockL32,32,32.0,0.35,0.2932,1024,11,6.0,systematic,31006011,ok,153.05,97,0.5441228895968047,0.5441228895968047,7.822742125602423,1002.744379976574,20,0,research/tasks/active/TASK-2026-09-02-MOCK-PRODUCTION/mockL32/results/M32_00155.json,yes
TASK-2026-09-02-MOCK-PRODUCTION,mockL32,32,32.0,0.35,0.2932,1024,12,6.0,systematic,31006012,ok,154.84,97,0.5629780587524382,0.5629780587524382,7.51732048635008,1002.549022450563,24,0,research/tasks/active/TASK-2026-09-02-MOCK-PRODUCTION/mockL32/results/M32_00156.json,yes
TASK-2026-09-02-MOCK-PRODUCTION,mockL32,32,32.0,0.35,0.2932,1024,13,6.0,systematic,31006013,ok,153.77,97,0.5428891771927317,0.5428891771927317,10.254620846128269,1004.9203162185457,21,0,research/tasks/active/TASK-2026-09-02-MOCK-PRODUCTION/mockL32/results/M32_00157.json,yes
TASK-2026-09-02-MOCK-PRODUCTION,mockL32,32,32.0,0.35,0.2932,1024,14,6.0,systematic,31006014,ok,154.15,97,0.555966796101558,0.555966796101558,12.44216621576724,1001.5156686424599,29,0,research/tasks/active/TASK-2026-09-02-MOCK-PRODUCTION/mockL32/results/M32_00158.json,yes
TASK-2026-09-02-MOCK-PRODUCTION,mockL32,32,32.0,0.35,0.2932,1024,15,6.0,systematic,31006015,ok,151.99,97,0.5344863903285897,0.5344863903285897,7.365974963822583,1001.3129282523553,17,0,research/tasks/active/TASK-2026-09-02-MOCK-PRODUCTION/mockL32/results/M32_00159.json,yes
TASK-2026-09-02-MOCK-PRODUCTION,mockL32,32,32.0,0.35,0.2932,1024,16,6.0,systematic,31006016,ok,152.98,97,0.5528715681762013,0.5528715681762013,6.2117959290064215,1001.4948549721581,22,0,research/tasks/active/TASK-2026-09-02-MOCK-PRODUCTION/mockL32/results/M32_00160.json,yes
TASK-2026-09-02-MOCK-PRODUCTION,mockL32,32,32.0,0.35,0.2932,1024,17,6.0,systematic,31006017,ok,154.42,97,0.5608706265051646,0.5608706265051646,7.755624916791172,1001.5355529853048,20,0,research/tasks/active/TASK-2026-09-02-MOCK-PRODUCTION/mockL32/results/M32_00161.json,yes
TASK-2026-09-02-MOCK-PRODUCTION,mockL32,32,32.0,0.35,0.2932,1024,18,6.0,systematic,31006018,ok,153.91,97,0.5579843315599339,0.5579843315599339,12.38982890632385,1000.9289834657686,28,0,research/tasks/active/TASK-2026-09-02-MOCK-PRODUCTION/mockL32/results/M32_00162.json,yes
TASK-2026-09-02-MOCK-PRODUCTION,mockL32,32,32.0,0.35,0.2932,1024,19,6.0,systematic,31006019,ok,156.93,97,0.5493371948097845,0.5493371948097845,9.439657190183828,1001.7721196427219,22,0,research/tasks/active/TASK-2026-09-02-MOCK-PRODUCTION/mockL32/results/M32_00163.json,yes
TASK-2026-09-02-MOCK-PRODUCTION,mockL32,32,32.0,0.35,0.2932,1024,20,6.0,systematic,31006020,ok,142.36,97,0.5486721825356978,0.5486721825356978,9.685898501727355,1001.8011067282822,18,0,research/tasks/active/TASK-2026-09-02-MOCK-PRODUCTION/mockL32/results/M32_00164.json,yes
TASK-2026-09-02-MOCK-PRODUCTION,mockL32,32,32.0,0.35,0.2932,1024,21,6.0,systematic,31006021,ok,142.5,97,0.5416314617759372,0.5416314617759372,12.270074188490252,1002.0524226754304,30,0,research/tasks/active/TASK-2026-09-02-MOCK-PRODUCTION/mockL32/results/M32_00165.json,yes
TASK-2026-09-02-MOCK-PRODUCTION,mockL32,32,32.0,0.35,0.2932,1024,22,6.0,systematic,31006022,ok,142.82,97,0.542546771454492,0.542546771454492,4.296773453314648,1002.2775618300785,20,0,research/tasks/active/TASK-2026-09-02-MOCK-PRODUCTION/mockL32/results/M32_00166.json,yes
TASK-2026-09-02-MOCK-PRODUCTION,mockL32,32,32.0,0.35,0.2932,1024,23,6.0,systematic,31006023,ok,149.49,97,0.5487976375712535,0.5487976375712535,10.644360978580854,1000.7853526069895,22,0,research/tasks/active/TASK-2026-09-02-MOCK-PRODUCTION/mockL32/results/M32_00167.json,yes
TASK-2026-09-02-MOCK-PRODUCTION,mockL32,32,32.0,0.35,0.3032,1024,0,6.0,systematic,31007000,ok,153.41,101,0.499416700762009,0.499416700762009,11.21183867242633,1003.0727583962951,21,0,research/tasks/active/TASK-2026-09-02-MOCK-PRODUCTION/mockL32/results/M32_00168.json,yes
TASK-2026-09-02-MOCK-PRODUCTION,mockL32,32,32.0,0.35,0.3032,1024,1,6.0,systematic,31007001,ok,152.5,101,0.5045630533369452,0.5045630533369452,6.094671254533618,1003.3854306240141,20,0,research/tasks/active/TASK-2026-09-02-MOCK-PRODUCTION/mockL32/results/M32_00169.json,yes
TASK-2026-09-02-MOCK-PRODUCTION,mockL32,32,32.0,0.35,0.3032,1024,2,6.0,systematic,31007002,ok,154.17,101,0.5145541253004198,0.5145541253004198,8.56343917418006,1003.4852223668944,20,0,research/tasks/active/TASK-2026-09-02-MOCK-PRODUCTION/mockL32/results/M32_00170.json,yes
TASK-2026-09-02-MOCK-PRODUCTION,mockL32,32,32.0,0.35,0.3032,1024,3,6.0,systematic,31007003,ok,152.58,101,0.5214932913951175,0.5214932913951175,9.084557804269476,1001.8847312031578,23,0,research/tasks/active/TASK-2026-09-02-MOCK-PRODUCTION/mockL32/results/M32_00171.json,yes
TASK-2026-09-02-MOCK-PRODUCTION,mockL32,32,32.0,0.35,0.3032,1024,4,6.0,systematic,31007004,ok,152.84,101,0.5103350538552281,0.5103350538552281,5.535544223073918,1003.8922929208293,17,0,research/tasks/active/TASK-2026-09-02-MOCK-PRODUCTION/mockL32/results/M32_00172.json,yes
TASK-2026-09-02-MOCK-PRODUCTION,mockL32,32,32.0,0.35,0.3032,1024,5,6.0,systematic,31007005,ok,146.6,101,0.5236118659401761,0.5236118659401761,10.786709186297706,1003.0796477341471,22,0,research/tasks/active/TASK-2026-09-02-MOCK-PRODUCTION/mockL32/results/M32_00173.json,yes
TASK-2026-09-02-MOCK-PRODUCTION,mockL32,32,32.0,0.35,0.3032,1024,6,6.0,systematic,31007006,ok,150.12,101,0.5181327465992145,0.5181327465992145,12.15373916268719,1002.392922326424,27,0,research/tasks/active/TASK-2026-09-02-MOCK-PRODUCTION/mockL32/results/M32_00174.json,yes
TASK-2026-09-02-MOCK-PRODUCTION,mockL32,32,32.0,0.35,0.3032,1024,7,6.0,systematic,31007007,ok,146.54,101,0.5013318155729742,0.5013318155729742,6.559175299004154,1001.8771366319328,21,0,research/tasks/active/TASK-2026-09-02-MOCK-PRODUCTION/mockL32/results/M32_00175.json,yes
TASK-2026-09-02-MOCK-PRODUCTION,mockL32,32,32.0,0.35,0.3032,1024,8,6.0,systematic,31007008,ok,150.73,101,0.48459213781752913,0.48459213781752913,10.815860048685893,1001.4720906455365,23,0,research/tasks/active/TASK-2026-09-02-MOCK-PRODUCTION/mockL32/results/M32_00176.json,yes
TASK-2026-09-02-MOCK-PRODUCTION,mockL32,32,32.0,0.35,0.3032,1024,9,6.0,systematic,31007009,ok,148.07,101,0.5152039514220712,0.5152039514220712,8.84575670659693,1002.2201152274926,26,0,research/tasks/active/TASK-2026-09-02-MOCK-PRODUCTION/mockL32/results/M32_00177.json,yes
TASK-2026-09-02-MOCK-PRODUCTION,mockL32,32,32.0,0.35,0.3032,1024,10,6.0,systematic,31007010,ok,148.59,101,0.5073319543297709,0.5073319543297709,10.083237172090161,1001.8289861673466,24,0,research/tasks/active/TASK-2026-09-02-MOCK-PRODUCTION/mockL32/results/M32_00178.json,yes
TASK-2026-09-02-MOCK-PRODUCTION,mockL32,32,32.0,0.35,0.3032,1024,11,6.0,systematic,31007011,ok,148.64,101,0.5155823537571818,0.5155823537571818,13.228905934598304,1001.9689306977945,22,0,research/tasks/active/TASK-2026-09-02-MOCK-PRODUCTION/mockL32/results/M32_00179.json,yes
TASK-2026-09-02-MOCK-PRODUCTION,mockL32,32,32.0,0.35,0.3032,1024,12,6.0,systematic,31007012,ok,148.35,101,0.5003479061474869,0.5003479061474869,10.47047310926048,1003.4877802203983,24,0,research/tasks/active/TASK-2026-09-02-MOCK-PRODUCTION/mockL32/results/M32_00180.json,yes
TASK-2026-09-02-MOCK-PRODUCTION,mockL32,32,32.0,0.35,0.3032,1024,13,6.0,systematic,31007013,ok,149.66,101,0.5146741310719505,0.5146741310719505,5.394908522154308,1001.7810112493075,14,0,research/tasks/active/TASK-2026-09-02-MOCK-PRODUCTION/mockL32/results/M32_00181.json,yes
TASK-2026-09-02-MOCK-PRODUCTION,mockL32,32,32.0,0.35,0.3032,1024,14,6.0,systematic,31007014,ok,152.05,101,0.5251724928701862,0.5251724928701862,12.009529045262965,1003.1512103861583,29,0,research/tasks/active/TASK-2026-09-02-MOCK-PRODUCTION/mockL32/results/M32_00182.json,yes
TASK-2026-09-02-MOCK-PRODUCTION,mockL32,32,32.0,0.35,0.3032,1024,15,6.0,systematic,31007015,ok,153.04,101,0.48024308137255517,0.48024308137255517,11.007054081289889,1001.3741424871031,24,0,research/tasks/active/TASK-2026-09-02-MOCK-PRODUCTION/mockL32/results/M32_00183.json,yes
TASK-2026-09-02-MOCK-PRODUCTION,mockL32,32,32.0,0.35,0.3032,1024,16,6.0,systematic,31007016,ok,156.43,101,0.5184230276086311,0.5184230276086311,7.797147573652979,1004.797355825144,18,0,research/tasks/active/TASK-2026-09-02-MOCK-PRODUCTION/mockL32/results/M32_00184.json,yes
TASK-2026-09-02-MOCK-PRODUCTION,mockL32,32,32.0,0.35,0.3032,1024,17,6.0,systematic,31007017,ok,152.23,101,0.5326109040721678,0.5326109040721678,7.568322891705402,1003.7970527049757,26,0,research/tasks/active/TASK-2026-09-02-MOCK-PRODUCTION/mockL32/results/M32_00185.json,yes
TASK-2026-09-02-MOCK-PRODUCTION,mockL32,32,32.0,0.35,0.3032,1024,18,6.0,systematic,31007018,ok,154.32,101,0.5221405033991979,0.5221405033991979,9.960635306634243,1002.5659888511024,24,0,research/tasks/active/TASK-2026-09-02-MOCK-PRODUCTION/mockL32/results/M32_00186.json,yes
TASK-2026-09-02-MOCK-PRODUCTION,mockL32,32,32.0,0.35,0.3032,1024,19,6.0,systematic,31007019,ok,153.61,101,0.5117334354440668,0.5117334354440668,8.980763630757636,1003.6670402281947,23,0,research/tasks/active/TASK-2026-09-02-MOCK-PRODUCTION/mockL32/results/M32_00187.json,yes
TASK-2026-09-02-MOCK-PRODUCTION,mockL32,32,32.0,0.35,0.3032,1024,20,6.0,systematic,31007020,ok,155.26,101,0.5113702782520346,0.5113702782520346,8.292547133999747,1003.3346747350199,23,0,research/tasks/active/TASK-2026-09-02-MOCK-PRODUCTION/mockL32/results/M32_00188.json,yes
TASK-2026-09-02-MOCK-PRODUCTION,mockL32,32,32.0,0.35,0.3032,1024,21,6.0,systematic,31007021,ok,170.69,101,0.5132725726229279,0.5132725726229279,6.8581893337868065,1002.0407599240276,23,0,research/tasks/active/TASK-2026-09-02-MOCK-PRODUCTION/mockL32/results/M32_00189.json,yes
TASK-2026-09-02-MOCK-PRODUCTION,mockL32,32,32.0,0.35,0.3032,1024,22,6.0,systematic,31007022,ok,155.79,101,0.4815501992502226,0.4815501992502226,11.028123093750658,1002.724671449872,23,0,research/tasks/active/TASK-2026-09-02-MOCK-PRODUCTION/mockL32/results/M32_00190.json,yes
TASK-2026-09-02-MOCK-PRODUCTION,mockL32,32,32.0,0.35,0.3032,1024,23,6.0,systematic,31007023,ok,157.25,101,0.536933871749445,0.536933871749445,11.30223333620764,1002.3328672224785,24,0,research/tasks/active/TASK-2026-09-02-MOCK-PRODUCTION/mockL32/results/M32_00191.json,yes
TASK-2026-09-02-MOCK-PRODUCTION,mockL32,32,32.0,0.35,0.3132,1024,0,6.0,systematic,31008000,ok,159.21,104,0.4599044991527237,0.4599044991527237,9.060694041200055,1002.1429963417444,21,0,research/tasks/active/TASK-2026-09-02-MOCK-PRODUCTION/mockL32/results/M32_00192.json,yes
TASK-2026-09-02-MOCK-PRODUCTION,mockL32,32,32.0,0.35,0.3132,1024,1,6.0,systematic,31008001,ok,160.93,104,0.47776163431763363,0.47776163431763363,11.045548392533602,1001.8515854417849,18,0,research/tasks/active/TASK-2026-09-02-MOCK-PRODUCTION/mockL32/results/M32_00193.json,yes
TASK-2026-09-02-MOCK-PRODUCTION,mockL32,32,32.0,0.35,0.3132,1024,2,6.0,systematic,31008002,ok,158.75,104,0.4595132324036834,0.4595132324036834,10.27733563335555,1002.2023206987234,22,0,research/tasks/active/TASK-2026-09-02-MOCK-PRODUCTION/mockL32/results/M32_00194.json,yes
TASK-2026-09-02-MOCK-PRODUCTION,mockL32,32,32.0,0.35,0.3132,1024,3,6.0,systematic,31008003,ok,159.4,104,0.4674247471083981,0.4674247471083981,9.514690670199444,1003.0334616884297,23,0,research/tasks/active/TASK-2026-09-02-MOCK-PRODUCTION/mockL32/results/M32_00195.json,yes
TASK-2026-09-02-MOCK-PRODUCTION,mockL32,32,32.0,0.35,0.3132,1024,4,6.0,systematic,31008004,ok,159.25,104,0.45111864977691585,0.45111864977691585,11.853941983766306,1002.4646098179379,24,0,research/tasks/active/TASK-2026-09-02-MOCK-PRODUCTION/mockL32/results/M32_00196.json,yes
TASK-2026-09-02-MOCK-PRODUCTION,mockL32,32,32.0,0.35,0.3132,1024,5,6.0,systematic,31008005,ok,160.72,104,0.4934128811946823,0.4934128811946823,11.190062536016905,1001.9872341718947,24,0,research/tasks/active/TASK-2026-09-02-MOCK-PRODUCTION/mockL32/results/M32_00197.json,yes
TASK-2026-09-02-MOCK-PRODUCTION,mockL32,32,32.0,0.35,0.3132,1024,6,6.0,systematic,31008006,ok,159.24,104,0.4787199504862888,0.4787199504862888,6.503280864312383,1002.3249830187013,20,0,research/tasks/active/TASK-2026-09-02-MOCK-PRODUCTION/mockL32/results/M32_00198.json,yes
TASK-2026-09-02-MOCK-PRODUCTION,mockL32,32,32.0,0.35,0.3132,1024,7,6.0,systematic,31008007,ok,159.36,104,0.4531344436611211,0.4531344436611211,5.606398905000214,1001.2814262231984,20,0,research/tasks/active/TASK-2026-09-02-MOCK-PRODUCTION/mockL32/results/M32_00199.json,yes
TASK-2026-09-02-MOCK-PRODUCTION,mockL32,32,32.0,0.35,0.3132,1024,8,6.0,systematic,31008008,ok,159.21,104,0.46350781261688123,0.46350781261688123,7.911870340747895,1001.1363217474722,20,0,research/tasks/active/TASK-2026-09-02-MOCK-PRODUCTION/mockL32/results/M32_00200.json,yes
TASK-2026-09-02-MOCK-PRODUCTION,mockL32,32,32.0,0.35,0.3132,1024,9,6.0,systematic,31008009,ok,158.81,104,0.5049257626418691,0.5049257626418691,4.721954031270265,1002.5719164723182,20,0,research/tasks/active/TASK-2026-09-02-MOCK-PRODUCTION/mockL32/results/M32_00201.json,yes
TASK-2026-09-02-MOCK-PRODUCTION,mockL32,32,32.0,0.35,0.3132,1024,10,6.0,systematic,31008010,ok,159.03,104,0.465566455517064,0.465566455517064,5.5726706490083115,1003.1794618586358,14,0,research/tasks/active/TASK-2026-09-02-MOCK-PRODUCTION/mockL32/results/M32_00202.json,yes
TASK-2026-09-02-MOCK-PRODUCTION,mockL32,32,32.0,0.35,0.3132,1024,11,6.0,systematic,31008011,ok,159.47,104,0.4743829070539177,0.4743829070539177,8.156950602878258,1001.9007515430412,18,0,research/tasks/active/TASK-2026-09-02-MOCK-PRODUCTION/mockL32/results/M32_00203.json,yes
TASK-2026-09-02-MOCK-PRODUCTION,mockL32,32,32.0,0.35,0.3132,1024,12,6.0,systematic,31008012,ok,161.06,104,0.4902701472892397,0.4902701472892397,10.355283428797156,1002.6987325215575,21,0,research/tasks/active/TASK-2026-09-02-MOCK-PRODUCTION/mockL32/results/M32_00204.json,yes
TASK-2026-09-02-MOCK-PRODUCTION,mockL32,32,32.0,0.35,0.3132,1024,13,6.0,systematic,31008013,ok,160.27,104,0.4598373232033952,0.4598373232033952,12.185093081088619,1000.7365061081208,25,0,research/tasks/active/TASK-2026-09-02-MOCK-PRODUCTION/mockL32/results/M32_00205.json,yes
TASK-2026-09-02-MOCK-PRODUCTION,mockL32,32,32.0,0.35,0.3132,1024,14,6.0,systematic,31008014,ok,159.15,104,0.4829749832669731,0.4829749832669731,10.170475266731328,1002.3098686837654,21,0,research/tasks/active/TASK-2026-09-02-MOCK-PRODUCTION/mockL32/results/M32_00206.json,yes
TASK-2026-09-02-MOCK-PRODUCTION,mockL32,32,32.0,0.35,0.3132,1024,15,6.0,systematic,31008015,ok,159.44,104,0.4787900597490288,0.4787900597490288,3.407875407875408,1001.7243443267013,17,0,research/tasks/active/TASK-2026-09-02-MOCK-PRODUCTION/mockL32/results/M32_00207.json,yes
TASK-2026-09-02-MOCK-PRODUCTION,mockL32,32,32.0,0.35,0.3132,1024,16,6.0,systematic,31008016,ok,159.84,104,0.4829115380646509,0.4829115380646509,7.731036923439897,1001.5720310613079,22,0,research/tasks/active/TASK-2026-09-02-MOCK-PRODUCTION/mockL32/results/M32_00208.json,yes
TASK-2026-09-02-MOCK-PRODUCTION,mockL32,32,32.0,0.35,0.3132,1024,17,6.0,systematic,31008017,ok,158.54,104,0.46999873456368313,0.46999873456368313,10.1344982892931,1002.2878611977915,23,0,research/tasks/active/TASK-2026-09-02-MOCK-PRODUCTION/mockL32/results/M32_00209.json,yes
TASK-2026-09-02-MOCK-PRODUCTION,mockL32,32,32.0,0.35,0.3132,1024,18,6.0,systematic,31008018,ok,162.73,104,0.4533870550030037,0.4533870550030037,10.843150231634679,1000.4259537449682,22,0,research/tasks/active/TASK-2026-09-02-MOCK-PRODUCTION/mockL32/results/M32_00210.json,yes
TASK-2026-09-02-MOCK-PRODUCTION,mockL32,32,32.0,0.35,0.3132,1024,19,6.0,systematic,31008019,ok,158.32,104,0.4670801475993835,0.4670801475993835,9.806190966052558,1003.3144121847208,26,0,research/tasks/active/TASK-2026-09-02-MOCK-PRODUCTION/mockL32/results/M32_00211.json,yes
TASK-2026-09-02-MOCK-PRODUCTION,mockL32,32,32.0,0.35,0.3132,1024,20,6.0,systematic,31008020,ok,159.07,104,0.4706018159638412,0.4706018159638412,10.325914838303069,1001.2665632354999,27,0,research/tasks/active/TASK-2026-09-02-MOCK-PRODUCTION/mockL32/results/M32_00212.json,yes
TASK-2026-09-02-MOCK-PRODUCTION,mockL32,32,32.0,0.35,0.3132,1024,21,6.0,systematic,31008021,ok,157.03,104,0.45539756701964745,0.45539756701964745,9.305951472337103,1001.2159030506496,20,0,research/tasks/active/TASK-2026-09-02-MOCK-PRODUCTION/mockL32/results/M32_00213.json,yes
TASK-2026-09-02-MOCK-PRODUCTION,mockL32,32,32.0,0.35,0.3132,1024,22,6.0,systematic,31008022,ok,156.67,104,0.44443564792448853,0.44443564792448853,7.4264912106746745,1002.5202898467511,22,0,research/tasks/active/TASK-2026-09-02-MOCK-PRODUCTION/mockL32/results/M32_00214.json,yes
TASK-2026-09-02-MOCK-PRODUCTION,mockL32,32,32.0,0.35,0.3132,1024,23,6.0,systematic,31008023,ok,157.12,104,0.46668014764581767,0.46668014764581767,15.099156178901593,1002.1347576056974,23,0,research/tasks/active/TASK-2026-09-02-MOCK-PRODUCTION/mockL32/results/M32_00215.json,yes
TASK-2026-09-02-MOCK-PRODUCTION,mockL32,32,32.0,0.35,0.3232,1024,0,6.0,systematic,31009000,ok,160.19,107,0.4216111455761742,0.4216111455761742,6.4434175597286405,1001.4515976988293,19,0,research/tasks/active/TASK-2026-09-02-MOCK-PRODUCTION/mockL32/results/M32_00216.json,yes
TASK-2026-09-02-MOCK-PRODUCTION,mockL32,32,32.0,0.35,0.3232,1024,1,6.0,systematic,31009001,ok,163.0,107,0.4410639245431072,0.4410639245431072,8.241707800169774,1001.1225496291659,19,0,research/tasks/active/TASK-2026-09-02-MOCK-PRODUCTION/mockL32/results/M32_00217.json,yes
TASK-2026-09-02-MOCK-PRODUCTION,mockL32,32,32.0,0.35,0.3232,1024,2,6.0,systematic,31009002,ok,160.95,107,0.4476526389938913,0.4476526389938913,10.727120204603581,1002.2741529064108,24,0,research/tasks/active/TASK-2026-09-02-MOCK-PRODUCTION/mockL32/results/M32_00218.json,yes
TASK-2026-09-02-MOCK-PRODUCTION,mockL32,32,32.0,0.35,0.3232,1024,3,6.0,systematic,31009003,ok,160.6,107,0.4546126835272233,0.4546126835272233,10.127646422500387,1003.5777385199269,18,0,research/tasks/active/TASK-2026-09-02-MOCK-PRODUCTION/mockL32/results/M32_00219.json,yes
TASK-2026-09-02-MOCK-PRODUCTION,mockL32,32,32.0,0.35,0.3232,1024,4,6.0,systematic,31009004,ok,161.21,107,0.4497765161728277,0.4497765161728277,8.462809917355372,1002.9552397447382,19,0,research/tasks/active/TASK-2026-09-02-MOCK-PRODUCTION/mockL32/results/M32_00220.json,yes
TASK-2026-09-02-MOCK-PRODUCTION,mockL32,32,32.0,0.35,0.3232,1024,5,6.0,systematic,31009005,ok,164.65,107,0.4347126274317368,0.4347126274317368,9.007456275985293,1001.8133992397213,20,0,research/tasks/active/TASK-2026-09-02-MOCK-PRODUCTION/mockL32/results/M32_00221.json,yes
TASK-2026-09-02-MOCK-PRODUCTION,mockL32,32,32.0,0.35,0.3232,1024,6,6.0,systematic,31009006,ok,147.74,107,0.42908965282264344,0.42908965282264344,15.08438587910349,1002.2240097713308,28,0,research/tasks/active/TASK-2026-09-02-MOCK-PRODUCTION/mockL32/results/M32_00222.json,yes
TASK-2026-09-02-MOCK-PRODUCTION,mockL32,32,32.0,0.35,0.3232,1024,7,6.0,systematic,31009007,ok,147.35,107,0.45966174359496825,0.45966174359496825,7.471150694691842,1002.8551006981426,20,0,research/tasks/active/TASK-2026-09-02-MOCK-PRODUCTION/mockL32/results/M32_00223.json,yes
TASK-2026-09-02-MOCK-PRODUCTION,mockL32,32,32.0,0.35,0.3232,1024,8,6.0,systematic,31009008,ok,162.65,107,0.46021458353826644,0.46021458353826644,8.997408659539051,1003.1950097224391,21,0,research/tasks/active/TASK-2026-09-02-MOCK-PRODUCTION/mockL32/results/M32_00224.json,yes
TASK-2026-09-02-MOCK-PRODUCTION,mockL32,32,32.0,0.35,0.3232,1024,9,6.0,systematic,31009009,ok,148.22,107,0.4619442217239852,0.4619442217239852,12.40067172828118,1001.2498193698708,21,0,research/tasks/active/TASK-2026-09-02-MOCK-PRODUCTION/mockL32/results/M32_00225.json,yes
TASK-2026-09-02-MOCK-PRODUCTION,mockL32,32,32.0,0.35,0.3232,1024,10,6.0,systematic,31009010,ok,148.47,107,0.4361897851285118,0.4361897851285118,9.219223126835358,1002.041292152073,22,0,research/tasks/active/TASK-2026-09-02-MOCK-PRODUCTION/mockL32/results/M32_00226.json,yes
TASK-2026-09-02-MOCK-PRODUCTION,mockL32,32,32.0,0.35,0.3232,1024,11,6.0,systematic,31009011,ok,164.57,107,0.43639873954887,0.43639873954887,8.73173006461928,1001.8303496845189,24,0,research/tasks/active/TASK-2026-09-02-MOCK-PRODUCTION/mockL32/results/M32_00227.json,yes
TASK-2026-09-02-MOCK-PRODUCTION,mockL32,32,32.0,0.35,0.3232,1024,12,6.0,systematic,31009012,ok,151.09,107,0.43104283231904417,0.43104283231904417,7.257183987597586,1002.7205857234794,21,0,research/tasks/active/TASK-2026-09-02-MOCK-PRODUCTION/mockL32/results/M32_00228.json,yes
TASK-2026-09-02-MOCK-PRODUCTION,mockL32,32,32.0,0.35,0.3232,1024,13,6.0,systematic,31009013,ok,147.94,107,0.433600727351134,0.433600727351134,8.380160797915702,1001.6185262967529,22,0,research/tasks/active/TASK-2026-09-02-MOCK-PRODUCTION/mockL32/results/M32_00229.json,yes
TASK-2026-09-02-MOCK-PRODUCTION,mockL32,32,32.0,0.35,0.3232,1024,14,6.0,systematic,31009014,ok,146.83,107,0.46431953099590356,0.46431953099590356,9.844859637592714,1001.3597636672224,20,0,research/tasks/active/TASK-2026-09-02-MOCK-PRODUCTION/mockL32/results/M32_00230.json,yes
TASK-2026-09-02-MOCK-PRODUCTION,mockL32,32,32.0,0.35,0.3232,1024,15,6.0,systematic,31009015,ok,147.63,107,0.42791544148386557,0.42791544148386557,5.503353732142295,1001.8694379273228,24,0,research/tasks/active/TASK-2026-09-02-MOCK-PRODUCTION/mockL32/results/M32_00231.json,yes
TASK-2026-09-02-MOCK-PRODUCTION,mockL32,32,32.0,0.35,0.3232,1024,16,6.0,systematic,31009016,ok,150.72,107,0.4451945986830307,0.4451945986830307,6.6546677667068606,1001.4888729524412,18,0,research/tasks/active/TASK-2026-09-02-MOCK-PRODUCTION/mockL32/results/M32_00232.json,yes
TASK-2026-09-02-MOCK-PRODUCTION,mockL32,32,32.0,0.35,0.3232,1024,17,6.0,systematic,31009017,ok,175.91,107,0.43818024779716547,0.43818024779716547,10.401507786925901,1002.8006356190792,20,0,research/tasks/active/TASK-2026-09-02-MOCK-PRODUCTION/mockL32/results/M32_00233.json,yes
TASK-2026-09-02-MOCK-PRODUCTION,mockL32,32,32.0,0.35,0.3232,1024,18,6.0,systematic,31009018,ok,150.45,107,0.42569429097372513,0.42569429097372513,10.379679673734435,1003.1741479951336,22,0,research/tasks/active/TASK-2026-09-02-MOCK-PRODUCTION/mockL32/results/M32_00234.json,yes
TASK-2026-09-02-MOCK-PRODUCTION,mockL32,32,32.0,0.35,0.3232,1024,19,6.0,systematic,31009019,ok,149.52,107,0.4588726548420453,0.4588726548420453,9.876945103801665,1001.474514917085,21,0,research/tasks/active/TASK-2026-09-02-MOCK-PRODUCTION/mockL32/results/M32_00235.json,yes
TASK-2026-09-02-MOCK-PRODUCTION,mockL32,32,32.0,0.35,0.3232,1024,20,6.0,systematic,31009020,ok,147.17,107,0.438718780650292,0.438718780650292,9.704364565209344,1003.72971188323,26,0,research/tasks/active/TASK-2026-09-02-MOCK-PRODUCTION/mockL32/results/M32_00236.json,yes
TASK-2026-09-02-MOCK-PRODUCTION,mockL32,32,32.0,0.35,0.3232,1024,21,6.0,systematic,31009021,ok,160.31,107,0.4242410946602814,0.4242410946602814,11.003357958361317,1002.991048257088,23,0,research/tasks/active/TASK-2026-09-02-MOCK-PRODUCTION/mockL32/results/M32_00237.json,yes
TASK-2026-09-02-MOCK-PRODUCTION,mockL32,32,32.0,0.35,0.3232,1024,22,6.0,systematic,31009022,ok,159.57,107,0.44743478531844577,0.44743478531844577,10.120217735397445,1000.6635573498972,18,0,research/tasks/active/TASK-2026-09-02-MOCK-PRODUCTION/mockL32/results/M32_00238.json,yes
TASK-2026-09-02-MOCK-PRODUCTION,mockL32,32,32.0,0.35,0.3232,1024,23,6.0,systematic,31009023,ok,159.91,107,0.4087907360901396,0.4087907360901396,9.049121474679831,1004.4001764305516,22,0,research/tasks/active/TASK-2026-09-02-MOCK-PRODUCTION/mockL32/results/M32_00239.json,yes
TASK-2026-09-02-MOCK-PRODUCTION,mockL32,32,32.0,0.35,0.3332,1024,0,6.0,systematic,31010000,ok,161.46,111,0.40770979844325694,0.40770979844325694,9.549350673005119,1001.7031815451562,17,0,research/tasks/active/TASK-2026-09-02-MOCK-PRODUCTION/mockL32/results/M32_00240.json,yes
TASK-2026-09-02-MOCK-PRODUCTION,mockL32,32,32.0,0.35,0.3332,1024,1,6.0,systematic,31010001,ok,162.43,111,0.4322213912931079,0.4322213912931079,8.596858295346474,1004.2427335995069,18,0,research/tasks/active/TASK-2026-09-02-MOCK-PRODUCTION/mockL32/results/M32_00241.json,yes
TASK-2026-09-02-MOCK-PRODUCTION,mockL32,32,32.0,0.35,0.3332,1024,2,6.0,systematic,31010002,ok,163.62,111,0.41036469121110375,0.41036469121110375,6.50812448019464,1003.7001134828661,21,0,research/tasks/active/TASK-2026-09-02-MOCK-PRODUCTION/mockL32/results/M32_00242.json,yes
TASK-2026-09-02-MOCK-PRODUCTION,mockL32,32,32.0,0.35,0.3332,1024,3,6.0,systematic,31010003,ok,161.13,111,0.3999191747524782,0.3999191747524782,7.591775267883,1001.8837123360792,19,0,research/tasks/active/TASK-2026-09-02-MOCK-PRODUCTION/mockL32/results/M32_00243.json,yes
TASK-2026-09-02-MOCK-PRODUCTION,mockL32,32,32.0,0.35,0.3332,1024,4,6.0,systematic,31010004,ok,162.07,111,0.43705962663973286,0.43705962663973286,7.257887232304775,1002.0183764668766,21,0,research/tasks/active/TASK-2026-09-02-MOCK-PRODUCTION/mockL32/results/M32_00244.json,yes
TASK-2026-09-02-MOCK-PRODUCTION,mockL32,32,32.0,0.35,0.3332,1024,5,6.0,systematic,31010005,ok,162.66,111,0.3893168917981967,0.3893168917981967,7.74359731781526,1002.7667569056729,23,0,research/tasks/active/TASK-2026-09-02-MOCK-PRODUCTION/mockL32/results/M32_00245.json,yes
TASK-2026-09-02-MOCK-PRODUCTION,mockL32,32,32.0,0.35,0.3332,1024,6,6.0,systematic,31010006,ok,163.27,111,0.417515163786747,0.417515163786747,8.099738911461632,1002.0468395713432,18,0,research/tasks/active/TASK-2026-09-02-MOCK-PRODUCTION/mockL32/results/M32_00246.json,yes
TASK-2026-09-02-MOCK-PRODUCTION,mockL32,32,32.0,0.35,0.3332,1024,7,6.0,systematic,31010007,ok,159.87,111,0.42150907129743564,0.42150907129743564,9.508306129851288,1003.3994973042622,18,0,research/tasks/active/TASK-2026-09-02-MOCK-PRODUCTION/mockL32/results/M32_00247.json,yes
TASK-2026-09-02-MOCK-PRODUCTION,mockL32,32,32.0,0.35,0.3332,1024,8,6.0,systematic,31010008,ok,163.95,111,0.42302438629992833,0.42302438629992833,9.84190272380845,1002.7133519732362,23,0,research/tasks/active/TASK-2026-09-02-MOCK-PRODUCTION/mockL32/results/M32_00248.json,yes
TASK-2026-09-02-MOCK-PRODUCTION,mockL32,32,32.0,0.35,0.3332,1024,9,6.0,systematic,31010009,ok,162.42,111,0.4031616977596052,0.4031616977596052,14.759529305782332,1002.9508607425325,31,0,research/tasks/active/TASK-2026-09-02-MOCK-PRODUCTION/mockL32/results/M32_00249.json,yes
TASK-2026-09-02-MOCK-PRODUCTION,mockL32,32,32.0,0.35,0.3332,1024,10,6.0,systematic,31010010,ok,153.9,111,0.4185671386394999,0.4185671386394999,9.210153711023276,1003.0609141751157,23,0,research/tasks/active/TASK-2026-09-02-MOCK-PRODUCTION/mockL32/results/M32_00250.json,yes
TASK-2026-09-02-MOCK-PRODUCTION,mockL32,32,32.0,0.35,0.3332,1024,11,6.0,systematic,31010011,ok,162.83,111,0.42700853361526286,0.42700853361526286,11.142972519181313,1003.5838997898014,24,0,research/tasks/active/TASK-2026-09-02-MOCK-PRODUCTION/mockL32/results/M32_00251.json,yes
TASK-2026-09-02-MOCK-PRODUCTION,mockL32,32,32.0,0.35,0.3332,1024,12,6.0,systematic,31010012,ok,161.34,111,0.4266248168440505,0.4266248168440505,9.906431864560503,1002.4354169336647,23,0,research/tasks/active/TASK-2026-09-02-MOCK-PRODUCTION/mockL32/results/M32_00252.json,yes
TASK-2026-09-02-MOCK-PRODUCTION,mockL32,32,32.0,0.35,0.3332,1024,13,6.0,systematic,31010013,ok,162.33,111,0.4115795343902026,0.4115795343902026,13.073861652785396,1002.5556979115457,28,0,research/tasks/active/TASK-2026-09-02-MOCK-PRODUCTION/mockL32/results/M32_00253.json,yes
TASK-2026-09-02-MOCK-PRODUCTION,mockL32,32,32.0,0.35,0.3332,1024,14,6.0,systematic,31010014,ok,163.49,111,0.4156479352986071,0.4156479352986071,4.748727424234191,1001.4104409166579,18,0,research/tasks/active/TASK-2026-09-02-MOCK-PRODUCTION/mockL32/results/M32_00254.json,yes
TASK-2026-09-02-MOCK-PRODUCTION,mockL32,32,32.0,0.35,0.3332,1024,15,6.0,systematic,31010015,ok,160.72,111,0.4065088284320311,0.4065088284320311,4.702345396654558,1003.0108116620806,17,0,research/tasks/active/TASK-2026-09-02-MOCK-PRODUCTION/mockL32/results/M32_00255.json,yes
TASK-2026-09-02-MOCK-PRODUCTION,mockL32,32,32.0,0.35,0.3332,1024,16,6.0,systematic,31010016,ok,161.21,111,0.41011904778411234,0.41011904778411234,7.716926700029438,1001.9352079171032,23,0,research/tasks/active/TASK-2026-09-02-MOCK-PRODUCTION/mockL32/results/M32_00256.json,yes
TASK-2026-09-02-MOCK-PRODUCTION,mockL32,32,32.0,0.35,0.3332,1024,17,6.0,systematic,31010017,ok,161.08,111,0.4317772950103485,0.4317772950103485,12.372578171091446,1002.6507270281581,29,0,research/tasks/active/TASK-2026-09-02-MOCK-PRODUCTION/mockL32/results/M32_00257.json,yes
TASK-2026-09-02-MOCK-PRODUCTION,mockL32,32,32.0,0.35,0.3332,1024,18,6.0,systematic,31010018,ok,165.36,111,0.4224816176119808,0.4224816176119808,6.754547796959547,1003.1414317592345,23,0,research/tasks/active/TASK-2026-09-02-MOCK-PRODUCTION/mockL32/results/M32_00258.json,yes
TASK-2026-09-02-MOCK-PRODUCTION,mockL32,32,32.0,0.35,0.3332,1024,19,6.0,systematic,31010019,ok,158.42,111,0.41017604871299834,0.41017604871299834,3.9269567822635008,1002.8423927735035,12,0,research/tasks/active/TASK-2026-09-02-MOCK-PRODUCTION/mockL32/results/M32_00259.json,yes
TASK-2026-09-02-MOCK-PRODUCTION,mockL32,32,32.0,0.35,0.3332,1024,20,6.0,systematic,31010020,ok,151.4,111,0.4203165710380363,0.4203165710380363,10.79714980023889,1002.0891661461806,21,0,research/tasks/active/TASK-2026-09-02-MOCK-PRODUCTION/mockL32/results/M32_00260.json,yes
TASK-2026-09-02-MOCK-PRODUCTION,mockL32,32,32.0,0.35,0.3332,1024,21,6.0,systematic,31010021,ok,165.16,111,0.4146305419243436,0.4146305419243436,11.080564713838871,1002.1912736540294,23,0,research/tasks/active/TASK-2026-09-02-MOCK-PRODUCTION/mockL32/results/M32_00261.json,yes
TASK-2026-09-02-MOCK-PRODUCTION,mockL32,32,32.0,0.35,0.3332,1024,22,6.0,systematic,31010022,ok,151.3,111,0.4164162161833843,0.4164162161833843,8.906162940816742,1001.9255516655845,22,0,research/tasks/active/TASK-2026-09-02-MOCK-PRODUCTION/mockL32/results/M32_00262.json,yes
TASK-2026-09-02-MOCK-PRODUCTION,mockL32,32,32.0,0.35,0.3332,1024,23,6.0,systematic,31010023,ok,151.1,111,0.4143937530232258,0.4143937530232258,7.11468157576909,1004.0265200069728,21,0,research/tasks/active/TASK-2026-09-02-MOCK-PRODUCTION/mockL32/results/M32_00263.json,yes
TASK-2026-09-02-MOCK-PRODUCTION,mockL32,32,32.0,0.35,0.3432,1024,0,6.0,systematic,31011000,ok,158.4,114,0.36919719386178684,0.36919719386178684,8.466909983527664,1001.0416516711035,23,0,research/tasks/active/TASK-2026-09-02-MOCK-PRODUCTION/mockL32/results/M32_00264.json,yes
TASK-2026-09-02-MOCK-PRODUCTION,mockL32,32,32.0,0.35,0.3432,1024,1,6.0,systematic,31011001,ok,158.84,114,0.40156968907911056,0.40156968907911056,11.060694922048057,1002.2888498809548,23,0,research/tasks/active/TASK-2026-09-02-MOCK-PRODUCTION/mockL32/results/M32_00265.json,yes
TASK-2026-09-02-MOCK-PRODUCTION,mockL32,32,32.0,0.35,0.3432,1024,2,6.0,systematic,31011002,ok,152.73,114,0.37181140884565567,0.37181140884565567,11.170036431812855,1002.4397595357864,20,0,research/tasks/active/TASK-2026-09-02-MOCK-PRODUCTION/mockL32/results/M32_00266.json,yes
TASK-2026-09-02-MOCK-PRODUCTION,mockL32,32,32.0,0.35,0.3432,1024,3,6.0,systematic,31011003,ok,164.64,114,0.3605073846510881,0.3605073846510881,9.325483360310205,1002.9372457977358,22,0,research/tasks/active/TASK-2026-09-02-MOCK-PRODUCTION/mockL32/results/M32_00267.json,yes
TASK-2026-09-02-MOCK-PRODUCTION,mockL32,32,32.0,0.35,0.3432,1024,4,6.0,systematic,31011004,ok,158.05,114,0.3988040249344741,0.3988040249344741,10.947069509114067,1003.6124080279629,23,0,research/tasks/active/TASK-2026-09-02-MOCK-PRODUCTION/mockL32/results/M32_00268.json,yes
TASK-2026-09-02-MOCK-PRODUCTION,mockL32,32,32.0,0.35,0.3432,1024,5,6.0,systematic,31011005,ok,157.01,114,0.38393148105016656,0.38393148105016656,12.648990325460204,1001.6490814389614,24,0,research/tasks/active/TASK-2026-09-02-MOCK-PRODUCTION/mockL32/results/M32_00269.json,yes
TASK-2026-09-02-MOCK-PRODUCTION,mockL32,32,32.0,0.35,0.3432,1024,6,6.0,systematic,31011006,ok,156.37,114,0.38498555956295705,0.38498555956295705,8.046163290362186,1001.1492243188814,19,0,research/tasks/active/TASK-2026-09-02-MOCK-PRODUCTION/mockL32/results/M32_00270.json,yes
TASK-2026-09-02-MOCK-PRODUCTION,mockL32,32,32.0,0.35,0.3432,1024,7,6.0,systematic,31011007,ok,163.22,114,0.36757644877400386,0.36757644877400386,8.64220485939406,1003.5809009750855,25,0,research/tasks/active/TASK-2026-09-02-MOCK-PRODUCTION/mockL32/results/M32_00271.json,yes
TASK-2026-09-02-MOCK-PRODUCTION,mockL32,32,32.0,0.35,0.3432,1024,8,6.0,systematic,31011008,ok,160.09,114,0.39830883868060085,0.39830883868060085,5.300925130175421,1002.3477197350817,21,0,research/tasks/active/TASK-2026-09-02-MOCK-PRODUCTION/mockL32/results/M32_00272.json,yes
TASK-2026-09-02-MOCK-PRODUCTION,mockL32,32,32.0,0.35,0.3432,1024,9,6.0,systematic,31011009,ok,158.57,114,0.39597151521259,0.39597151521259,7.628004422976197,1003.5772166014663,23,0,research/tasks/active/TASK-2026-09-02-MOCK-PRODUCTION/mockL32/results/M32_00273.json,yes
TASK-2026-09-02-MOCK-PRODUCTION,mockL32,32,32.0,0.35,0.3432,1024,10,6.0,systematic,31011010,ok,155.39,114,0.39478168496049887,0.39478168496049887,13.455357372000513,1001.0632074385423,24,0,research/tasks/active/TASK-2026-09-02-MOCK-PRODUCTION/mockL32/results/M32_00274.json,yes
TASK-2026-09-02-MOCK-PRODUCTION,mockL32,32,32.0,0.35,0.3432,1024,11,6.0,systematic,31011011,ok,155.64,114,0.3702874180700134,0.3702874180700134,6.963765805971735,1001.6784983866376,23,0,research/tasks/active/TASK-2026-09-02-MOCK-PRODUCTION/mockL32/results/M32_00275.json,yes
TASK-2026-09-02-MOCK-PRODUCTION,mockL32,32,32.0,0.35,0.3432,1024,12,6.0,systematic,31011012,ok,158.23,114,0.3862485714241593,0.3862485714241593,12.324298911638184,1003.6450068984185,23,0,research/tasks/active/TASK-2026-09-02-MOCK-PRODUCTION/mockL32/results/M32_00276.json,yes
TASK-2026-09-02-MOCK-PRODUCTION,mockL32,32,32.0,0.35,0.3432,1024,13,6.0,systematic,31011013,ok,158.36,114,0.40309798166897143,0.40309798166897143,7.800163653946292,1002.0875674549109,21,0,research/tasks/active/TASK-2026-09-02-MOCK-PRODUCTION/mockL32/results/M32_00277.json,yes
TASK-2026-09-02-MOCK-PRODUCTION,mockL32,32,32.0,0.35,0.3432,1024,14,6.0,systematic,31011014,ok,158.07,114,0.3677244087949422,0.3677244087949422,12.312143343587817,1003.3860930166195,20,0,research/tasks/active/TASK-2026-09-02-MOCK-PRODUCTION/mockL32/results/M32_00278.json,yes
TASK-2026-09-02-MOCK-PRODUCTION,mockL32,32,32.0,0.35,0.3432,1024,15,6.0,systematic,31011015,ok,166.1,114,0.37840462577562817,0.37840462577562817,5.2949826290700495,1002.771162753826,17,0,research/tasks/active/TASK-2026-09-02-MOCK-PRODUCTION/mockL32/results/M32_00279.json,yes
TASK-2026-09-02-MOCK-PRODUCTION,mockL32,32,32.0,0.35,0.3432,1024,16,6.0,systematic,31011016,ok,166.09,114,0.37495396723367447,0.37495396723367447,5.463495967153665,1001.9009848813716,22,0,research/tasks/active/TASK-2026-09-02-MOCK-PRODUCTION/mockL32/results/M32_00280.json,yes
TASK-2026-09-02-MOCK-PRODUCTION,mockL32,32,32.0,0.35,0.3432,1024,17,6.0,systematic,31011017,ok,159.08,114,0.36714925859067415,0.36714925859067415,12.895075999803236,1001.7970103219768,25,0,research/tasks/active/TASK-2026-09-02-MOCK-PRODUCTION/mockL32/results/M32_00281.json,yes
TASK-2026-09-02-MOCK-PRODUCTION,mockL32,32,32.0,0.35,0.3432,1024,18,6.0,systematic,31011018,ok,166.9,114,0.3821034949750881,0.3821034949750881,8.153652353773658,1001.618934262983,19,0,research/tasks/active/TASK-2026-09-02-MOCK-PRODUCTION/mockL32/results/M32_00282.json,yes
TASK-2026-09-02-MOCK-PRODUCTION,mockL32,32,32.0,0.35,0.3432,1024,19,6.0,systematic,31011019,ok,165.69,114,0.3971065760599739,0.3971065760599739,12.151485653363,1003.1016559877937,26,0,research/tasks/active/TASK-2026-09-02-MOCK-PRODUCTION/mockL32/results/M32_00283.json,yes
TASK-2026-09-02-MOCK-PRODUCTION,mockL32,32,32.0,0.35,0.3432,1024,20,6.0,systematic,31011020,ok,165.54,114,0.3828054035318865,0.3828054035318865,13.643030003382862,1002.9249670000339,25,0,research/tasks/active/TASK-2026-09-02-MOCK-PRODUCTION/mockL32/results/M32_00284.json,yes
TASK-2026-09-02-MOCK-PRODUCTION,mockL32,32,32.0,0.35,0.3432,1024,21,6.0,systematic,31011021,ok,160.99,114,0.37349305631721696,0.37349305631721696,10.057897059105645,1002.4884033917241,21,0,research/tasks/active/TASK-2026-09-02-MOCK-PRODUCTION/mockL32/results/M32_00285.json,yes
TASK-2026-09-02-MOCK-PRODUCTION,mockL32,32,32.0,0.35,0.3432,1024,22,6.0,systematic,31011022,ok,175.13,114,0.37091280706142604,0.37091280706142604,9.478910162535481,1000.3559972523555,22,0,research/tasks/active/TASK-2026-09-02-MOCK-PRODUCTION/mockL32/results/M32_00286.json,yes
TASK-2026-09-02-MOCK-PRODUCTION,mockL32,32,32.0,0.35,0.3432,1024,23,6.0,systematic,31011023,ok,158.87,114,0.392765372963354,0.392765372963354,6.575958258077463,1001.9786809239339,20,0,research/tasks/active/TASK-2026-09-02-MOCK-PRODUCTION/mockL32/results/M32_00287.json,yes
TASK-2026-09-02-MOCK-PRODUCTION,mockL32,32,32.0,0.35,0.3532,1024,0,6.0,systematic,31012000,ok,163.44,117,0.34354830732821673,0.34354830732821673,14.659247868027402,1002.5638785535306,26,0,research/tasks/active/TASK-2026-09-02-MOCK-PRODUCTION/mockL32/results/M32_00288.json,yes
TASK-2026-09-02-MOCK-PRODUCTION,mockL32,32,32.0,0.35,0.3532,1024,1,6.0,systematic,31012001,ok,158.86,117,0.3683840488232213,0.3683840488232213,8.295433688807316,1001.738091800336,17,0,research/tasks/active/TASK-2026-09-02-MOCK-PRODUCTION/mockL32/results/M32_00289.json,yes
TASK-2026-09-02-MOCK-PRODUCTION,mockL32,32,32.0,0.35,0.3532,1024,2,6.0,systematic,31012002,ok,158.45,117,0.3645678029949784,0.3645678029949784,10.298128105910314,1004.4230586617435,21,0,research/tasks/active/TASK-2026-09-02-MOCK-PRODUCTION/mockL32/results/M32_00290.json,yes
TASK-2026-09-02-MOCK-PRODUCTION,mockL32,32,32.0,0.35,0.3532,1024,3,6.0,systematic,31012003,ok,163.43,117,0.3437097222908462,0.3437097222908462,6.0713102889236295,1002.6474923168341,17,0,research/tasks/active/TASK-2026-09-02-MOCK-PRODUCTION/mockL32/results/M32_00291.json,yes
TASK-2026-09-02-MOCK-PRODUCTION,mockL32,32,32.0,0.35,0.3532,1024,4,6.0,systematic,31012004,ok,161.91,117,0.37849718639654084,0.37849718639654084,7.961489985270223,1003.5136911274352,17,0,research/tasks/active/TASK-2026-09-02-MOCK-PRODUCTION/mockL32/results/M32_00292.json,yes
TASK-2026-09-02-MOCK-PRODUCTION,mockL32,32,32.0,0.35,0.3532,1024,5,6.0,systematic,31012005,ok,161.8,117,0.35794230076419975,0.35794230076419975,7.837828140883813,1003.7268351346802,22,0,research/tasks/active/TASK-2026-09-02-MOCK-PRODUCTION/mockL32/results/M32_00293.json,yes
TASK-2026-09-02-MOCK-PRODUCTION,mockL32,32,32.0,0.35,0.3532,1024,6,6.0,systematic,31012006,ok,162.74,117,0.3375580421766682,0.3375580421766682,4.789899229834547,1003.0632290805626,18,0,research/tasks/active/TASK-2026-09-02-MOCK-PRODUCTION/mockL32/results/M32_00294.json,yes
TASK-2026-09-02-MOCK-PRODUCTION,mockL32,32,32.0,0.35,0.3532,1024,7,6.0,systematic,31012007,ok,160.51,117,0.3398959078538589,0.3398959078538589,9.704364565209344,1002.8233502037303,19,0,research/tasks/active/TASK-2026-09-02-MOCK-PRODUCTION/mockL32/results/M32_00295.json,yes
TASK-2026-09-02-MOCK-PRODUCTION,mockL32,32,32.0,0.35,0.3532,1024,8,6.0,systematic,31012008,ok,159.14,117,0.3494080694835614,0.3494080694835614,12.776605336907519,1003.3365180586479,23,0,research/tasks/active/TASK-2026-09-02-MOCK-PRODUCTION/mockL32/results/M32_00296.json,yes
TASK-2026-09-02-MOCK-PRODUCTION,mockL32,32,32.0,0.35,0.3532,1024,9,6.0,systematic,31012009,ok,159.63,117,0.3523673814268312,0.3523673814268312,11.54793947269884,1004.4790978315933,24,0,research/tasks/active/TASK-2026-09-02-MOCK-PRODUCTION/mockL32/results/M32_00297.json,yes
TASK-2026-09-02-MOCK-PRODUCTION,mockL32,32,32.0,0.35,0.3532,1024,10,6.0,systematic,31012010,ok,157.49,117,0.3589999450663485,0.3589999450663485,7.819941830114103,1002.4775861651602,22,0,research/tasks/active/TASK-2026-09-02-MOCK-PRODUCTION/mockL32/results/M32_00298.json,yes
TASK-2026-09-02-MOCK-PRODUCTION,mockL32,32,32.0,0.35,0.3532,1024,11,6.0,systematic,31012011,ok,158.47,117,0.3451074501445111,0.3451074501445111,12.07007850450077,1003.8496929540021,21,0,research/tasks/active/TASK-2026-09-02-MOCK-PRODUCTION/mockL32/results/M32_00299.json,yes
TASK-2026-09-02-MOCK-PRODUCTION,mockL32,32,32.0,0.35,0.3532,1024,12,6.0,systematic,31012012,ok,159.7,117,0.3800512402537307,0.3800512402537307,8.793975075059963,1003.415657158695,16,0,research/tasks/active/TASK-2026-09-02-MOCK-PRODUCTION/mockL32/results/M32_00300.json,yes
TASK-2026-09-02-MOCK-PRODUCTION,mockL32,32,32.0,0.35,0.3532,1024,13,6.0,systematic,31012013,ok,156.97,117,0.357765047639782,0.357765047639782,14.312295260974011,1002.7834772632174,27,0,research/tasks/active/TASK-2026-09-02-MOCK-PRODUCTION/mockL32/results/M32_00301.json,yes
TASK-2026-09-02-MOCK-PRODUCTION,mockL32,32,32.0,0.35,0.3532,1024,14,6.0,systematic,31012014,ok,156.12,117,0.35298583644212356,0.35298583644212356,9.380040791498192,1002.4990486463113,21,0,research/tasks/active/TASK-2026-09-02-MOCK-PRODUCTION/mockL32/results/M32_00302.json,yes
TASK-2026-09-02-MOCK-PRODUCTION,mockL32,32,32.0,0.35,0.3532,1024,15,6.0,systematic,31012015,ok,155.05,117,0.35689012386560093,0.35689012386560093,7.084685755982866,1002.2091464744326,19,0,research/tasks/active/TASK-2026-09-02-MOCK-PRODUCTION/mockL32/results/M32_00303.json,yes
TASK-2026-09-02-MOCK-PRODUCTION,mockL32,32,32.0,0.35,0.3532,1024,16,6.0,systematic,31012016,ok,161.18,117,0.3408829048718448,0.3408829048718448,12.999305762173956,1000.8523597496595,22,0,research/tasks/active/TASK-2026-09-02-MOCK-PRODUCTION/mockL32/results/M32_00304.json,yes
TASK-2026-09-02-MOCK-PRODUCTION,mockL32,32,32.0,0.35,0.3532,1024,17,6.0,systematic,31012017,ok,157.89,117,0.3697813390602228,0.3697813390602228,10.107536002776119,1000.7772349271411,22,0,research/tasks/active/TASK-2026-09-02-MOCK-PRODUCTION/mockL32/results/M32_00305.json,yes
TASK-2026-09-02-MOCK-PRODUCTION,mockL32,32,32.0,0.35,0.3532,1024,18,6.0,systematic,31012018,ok,157.05,117,0.34502014981083573,0.34502014981083573,12.43980448915674,1002.5886059624411,27,0,research/tasks/active/TASK-2026-09-02-MOCK-PRODUCTION/mockL32/results/M32_00306.json,yes
TASK-2026-09-02-MOCK-PRODUCTION,mockL32,32,32.0,0.35,0.3532,1024,19,6.0,systematic,31012019,ok,158.24,117,0.3665412649023332,0.3665412649023332,3.836637322268812,1003.3028881482486,18,0,research/tasks/active/TASK-2026-09-02-MOCK-PRODUCTION/mockL32/results/M32_00307.json,yes
TASK-2026-09-02-MOCK-PRODUCTION,mockL32,32,32.0,0.35,0.3532,1024,20,6.0,systematic,31012020,ok,156.9,117,0.3609135433754024,0.3609135433754024,9.136484037362331,1004.6294404632854,22,0,research/tasks/active/TASK-2026-09-02-MOCK-PRODUCTION/mockL32/results/M32_00308.json,yes
TASK-2026-09-02-MOCK-PRODUCTION,mockL32,32,32.0,0.35,0.3532,1024,21,6.0,systematic,31012021,ok,158.16,117,0.36074788358755944,0.36074788358755944,13.056280506026496,1001.8846563547507,28,0,research/tasks/active/TASK-2026-09-02-MOCK-PRODUCTION/mockL32/results/M32_00309.json,yes
TASK-2026-09-02-MOCK-PRODUCTION,mockL32,32,32.0,0.35,0.3532,1024,22,6.0,systematic,31012022,ok,156.85,117,0.3785474986470711,0.3785474986470711,9.01969824694204,1002.3652489486083,25,0,research/tasks/active/TASK-2026-09-02-MOCK-PRODUCTION/mockL32/results/M32_00310.json,yes
TASK-2026-09-02-MOCK-PRODUCTION,mockL32,32,32.0,0.35,0.3532,1024,23,6.0,systematic,31012023,ok,156.36,117,0.3619910315750422,0.3619910315750422,5.831383191707078,1002.3072428687784,20,0,research/tasks/active/TASK-2026-09-02-MOCK-PRODUCTION/mockL32/results/M32_00311.json,yes
TASK-2026-09-02-MOCK-PRODUCTION,mockL48,48,48.0,0.35,0.2332,1024,0,6.0,systematic,31100000,ok,584.89,176,0.835745115033046,0.835745115033046,2.827844359823519,1010.1188506075216,7,0,research/tasks/active/TASK-2026-09-02-MOCK-PRODUCTION/mockL48/results/M48_00000.json,yes
TASK-2026-09-02-MOCK-PRODUCTION,mockL48,48,48.0,0.35,0.2332,1024,1,6.0,systematic,31100001,ok,592.94,176,0.7122731602179475,0.7122731602179475,2.253315798069402,1010.9134930530525,9,0,research/tasks/active/TASK-2026-09-02-MOCK-PRODUCTION/mockL48/results/M48_00001.json,yes
TASK-2026-09-02-MOCK-PRODUCTION,mockL48,48,48.0,0.35,0.2332,1024,2,6.0,systematic,31100002,ok,604.47,176,0.8390378694079396,0.8390378694079396,2.223132470858616,1009.6818599056372,5,0,research/tasks/active/TASK-2026-09-02-MOCK-PRODUCTION/mockL48/results/M48_00002.json,yes
TASK-2026-09-02-MOCK-PRODUCTION,mockL48,48,48.0,0.35,0.2332,1024,3,6.0,systematic,31100003,ok,597.26,176,0.7718348625384712,0.7718348625384712,1.7772775809759487,1009.8828727193171,7,0,research/tasks/active/TASK-2026-09-02-MOCK-PRODUCTION/mockL48/results/M48_00003.json,yes
TASK-2026-09-02-MOCK-PRODUCTION,mockL48,48,48.0,0.35,0.2332,1024,4,6.0,systematic,31100004,ok,562.66,176,0.8372270597377491,0.8372270597377491,1.4202188752844296,1010.6682485414705,6,0,research/tasks/active/TASK-2026-09-02-MOCK-PRODUCTION/mockL48/results/M48_00004.json,yes
TASK-2026-09-02-MOCK-PRODUCTION,mockL48,48,48.0,0.35,0.2332,1024,5,6.0,systematic,31100005,ok,558.74,176,0.808145986615747,0.808145986615747,2.7549590924138365,1011.343173778177,8,0,research/tasks/active/TASK-2026-09-02-MOCK-PRODUCTION/mockL48/results/M48_00005.json,yes
TASK-2026-09-02-MOCK-PRODUCTION,mockL48,48,48.0,0.35,0.2332,1024,6,6.0,systematic,31100006,ok,557.63,176,0.8070064488797627,0.8070064488797627,3.9885582131337105,1010.5176579726002,7,0,research/tasks/active/TASK-2026-09-02-MOCK-PRODUCTION/mockL48/results/M48_00006.json,yes
TASK-2026-09-02-MOCK-PRODUCTION,mockL48,48,48.0,0.35,0.2332,1024,7,6.0,systematic,31100007,ok,562.03,176,0.8260628956513106,0.8260628956513106,1.6089659786284656,1010.2087783212739,7,0,research/tasks/active/TASK-2026-09-02-MOCK-PRODUCTION/mockL48/results/M48_00007.json,yes
TASK-2026-09-02-MOCK-PRODUCTION,mockL48,48,48.0,0.35,0.2332,1024,8,6.0,systematic,31100008,ok,556.64,176,0.7381986795988433,0.7381986795988433,3.911954753697154,1009.7650708049355,9,0,research/tasks/active/TASK-2026-09-02-MOCK-PRODUCTION/mockL48/results/M48_00008.json,yes
TASK-2026-09-02-MOCK-PRODUCTION,mockL48,48,48.0,0.35,0.2332,1024,9,6.0,systematic,31100009,ok,555.45,176,0.7900659908258925,0.7900659908258925,2.715378519895795,1009.8811066001886,10,0,research/tasks/active/TASK-2026-09-02-MOCK-PRODUCTION/mockL48/results/M48_00009.json,yes
TASK-2026-09-02-MOCK-PRODUCTION,mockL48,48,48.0,0.35,0.2332,1024,10,6.0,systematic,31100010,ok,558.01,176,0.8098567833270549,0.8098567833270549,1.586045625190962,1010.9305712826393,9,0,research/tasks/active/TASK-2026-09-02-MOCK-PRODUCTION/mockL48/results/M48_00010.json,yes
TASK-2026-09-02-MOCK-PRODUCTION,mockL48,48,48.0,0.35,0.2332,1024,11,6.0,systematic,31100011,ok,565.62,176,0.8390316947928548,0.8390316947928548,2.556467381499198,1011.5409680787047,9,0,research/tasks/active/TASK-2026-09-02-MOCK-PRODUCTION/mockL48/results/M48_00011.json,yes
TASK-2026-09-02-MOCK-PRODUCTION,mockL48,48,48.0,0.35,0.2332,1024,12,6.0,systematic,31100012,ok,558.45,176,0.7301182415988365,0.7301182415988365,3.6102767506076945,1010.6591357715315,7,0,research/tasks/active/TASK-2026-09-02-MOCK-PRODUCTION/mockL48/results/M48_00012.json,yes
TASK-2026-09-02-MOCK-PRODUCTION,mockL48,48,48.0,0.35,0.2332,1024,13,6.0,systematic,31100013,ok,562.78,176,0.7850464883323822,0.7850464883323822,1.3926421760034,1010.371755003547,6,0,research/tasks/active/TASK-2026-09-02-MOCK-PRODUCTION/mockL48/results/M48_00013.json,yes
TASK-2026-09-02-MOCK-PRODUCTION,mockL48,48,48.0,0.35,0.2332,1024,14,6.0,systematic,31100014,ok,554.63,176,0.7868230218375255,0.7868230218375255,3.3977162261998886,1010.6183084928836,6,0,research/tasks/active/TASK-2026-09-02-MOCK-PRODUCTION/mockL48/results/M48_00014.json,yes
TASK-2026-09-02-MOCK-PRODUCTION,mockL48,48,48.0,0.35,0.2332,1024,15,6.0,systematic,31100015,ok,562.99,176,0.8011491579134609,0.8011491579134609,2.9123875124986114,1009.0080160897941,7,0,research/tasks/active/TASK-2026-09-02-MOCK-PRODUCTION/mockL48/results/M48_00015.json,yes
TASK-2026-09-02-MOCK-PRODUCTION,mockL48,48,48.0,0.35,0.2332,1024,16,6.0,systematic,31100016,ok,559.36,176,0.759968502341316,0.759968502341316,1.4471700456822667,1010.0989625424066,5,0,research/tasks/active/TASK-2026-09-02-MOCK-PRODUCTION/mockL48/results/M48_00016.json,yes
TASK-2026-09-02-MOCK-PRODUCTION,mockL48,48,48.0,0.35,0.2332,1024,17,6.0,systematic,31100017,ok,557.06,176,0.8098393000870443,0.8098393000870443,1.515125593868846,1010.4996983872651,7,0,research/tasks/active/TASK-2026-09-02-MOCK-PRODUCTION/mockL48/results/M48_00017.json,yes
TASK-2026-09-02-MOCK-PRODUCTION,mockL48,48,48.0,0.35,0.2332,1024,18,6.0,systematic,31100018,ok,561.33,176,0.8699702813220429,0.8699702813220429,3.3819795644545363,1010.0350048896065,8,0,research/tasks/active/TASK-2026-09-02-MOCK-PRODUCTION/mockL48/results/M48_00018.json,yes
TASK-2026-09-02-MOCK-PRODUCTION,mockL48,48,48.0,0.35,0.2332,1024,19,6.0,systematic,31100019,ok,558.3,176,0.8811362260590625,0.8811362260590625,3.8451631829849653,1009.829749350955,8,0,research/tasks/active/TASK-2026-09-02-MOCK-PRODUCTION/mockL48/results/M48_00019.json,yes
TASK-2026-09-02-MOCK-PRODUCTION,mockL48,48,48.0,0.35,0.2332,1024,20,6.0,systematic,31100020,ok,562.56,176,0.7540136826386876,0.7540136826386876,2.44346987188151,1009.4029179575045,3,0,research/tasks/active/TASK-2026-09-02-MOCK-PRODUCTION/mockL48/results/M48_00020.json,yes
TASK-2026-09-02-MOCK-PRODUCTION,mockL48,48,48.0,0.35,0.2332,1024,21,6.0,systematic,31100021,ok,561.48,176,0.8169798501003911,0.8169798501003911,1.8290881561825152,1009.9818589050892,6,0,research/tasks/active/TASK-2026-09-02-MOCK-PRODUCTION/mockL48/results/M48_00021.json,yes
TASK-2026-09-02-MOCK-PRODUCTION,mockL48,48,48.0,0.35,0.2332,1024,22,6.0,systematic,31100022,ok,557.55,176,0.8164294222241487,0.8164294222241487,1.538101370915929,1009.0587032717402,8,0,research/tasks/active/TASK-2026-09-02-MOCK-PRODUCTION/mockL48/results/M48_00022.json,yes
TASK-2026-09-02-MOCK-PRODUCTION,mockL48,48,48.0,0.35,0.2332,1024,23,6.0,systematic,31100023,ok,567.86,176,0.7503206610989317,0.7503206610989317,1.4239449855239357,1009.9144932046037,6,0,research/tasks/active/TASK-2026-09-02-MOCK-PRODUCTION/mockL48/results/M48_00023.json,yes
TASK-2026-09-02-MOCK-PRODUCTION,mockL48,48,48.0,0.35,0.2432,1024,0,6.0,systematic,31101000,ok,581.76,183,0.7608096385417893,0.7608096385417893,2.5526958994283935,1008.6090344039764,5,0,research/tasks/active/TASK-2026-09-02-MOCK-PRODUCTION/mockL48/results/M48_00024.json,yes
TASK-2026-09-02-MOCK-PRODUCTION,mockL48,48,48.0,0.35,0.2432,1024,1,6.0,systematic,31101001,ok,577.12,183,0.6923759115092709,0.6923759115092709,1.917329500780773,1010.9615409678544,4,0,research/tasks/active/TASK-2026-09-02-MOCK-PRODUCTION/mockL48/results/M48_00025.json,yes
TASK-2026-09-02-MOCK-PRODUCTION,mockL48,48,48.0,0.35,0.2432,1024,2,6.0,systematic,31101002,ok,580.41,183,0.7267216429900774,0.7267216429900774,3.738931994523049,1010.1101929371849,7,0,research/tasks/active/TASK-2026-09-02-MOCK-PRODUCTION/mockL48/results/M48_00026.json,yes
TASK-2026-09-02-MOCK-PRODUCTION,mockL48,48,48.0,0.35,0.2432,1024,3,6.0,systematic,31101003,ok,579.74,183,0.7981121112485807,0.7981121112485807,1.9811740699453966,1010.4399251053347,4,0,research/tasks/active/TASK-2026-09-02-MOCK-PRODUCTION/mockL48/results/M48_00027.json,yes
TASK-2026-09-02-MOCK-PRODUCTION,mockL48,48,48.0,0.35,0.2432,1024,4,6.0,systematic,31101004,ok,574.47,183,0.7282815953910113,0.7282815953910113,2.6518165586796756,1008.6644272501821,5,0,research/tasks/active/TASK-2026-09-02-MOCK-PRODUCTION/mockL48/results/M48_00028.json,yes
TASK-2026-09-02-MOCK-PRODUCTION,mockL48,48,48.0,0.35,0.2432,1024,5,6.0,systematic,31101005,ok,575.65,183,0.7574680790880932,0.7574680790880932,2.4767834619073037,1009.7651760906747,7,0,research/tasks/active/TASK-2026-09-02-MOCK-PRODUCTION/mockL48/results/M48_00029.json,yes
TASK-2026-09-02-MOCK-PRODUCTION,mockL48,48,48.0,0.35,0.2432,1024,6,6.0,systematic,31101006,ok,572.02,183,0.6860652822572331,0.6860652822572331,1.4459607047116838,1009.5948753136691,7,0,research/tasks/active/TASK-2026-09-02-MOCK-PRODUCTION/mockL48/results/M48_00030.json,yes
TASK-2026-09-02-MOCK-PRODUCTION,mockL48,48,48.0,0.35,0.2432,1024,7,6.0,systematic,31101007,ok,578.29,183,0.6893781496165817,0.6893781496165817,1.9629270484284618,1008.5394037440406,8,0,research/tasks/active/TASK-2026-09-02-MOCK-PRODUCTION/mockL48/results/M48_00031.json,yes
TASK-2026-09-02-MOCK-PRODUCTION,mockL48,48,48.0,0.35,0.2432,1024,8,6.0,systematic,31101008,ok,575.52,183,0.704879034243916,0.704879034243916,2.1035552220960603,1010.6586521792236,4,0,research/tasks/active/TASK-2026-09-02-MOCK-PRODUCTION/mockL48/results/M48_00032.json,yes
TASK-2026-09-02-MOCK-PRODUCTION,mockL48,48,48.0,0.35,0.2432,1024,9,6.0,systematic,31101009,ok,584.82,183,0.7377921536223675,0.7377921536223675,4.0233903767938,1009.9368851309058,10,0,research/tasks/active/TASK-2026-09-02-MOCK-PRODUCTION/mockL48/results/M48_00033.json,yes
TASK-2026-09-02-MOCK-PRODUCTION,mockL48,48,48.0,0.35,0.2432,1024,10,6.0,systematic,31101010,ok,578.8,183,0.7145575233039456,0.7145575233039456,2.2351597005508093,1010.3600704890672,3,0,research/tasks/active/TASK-2026-09-02-MOCK-PRODUCTION/mockL48/results/M48_00034.json,yes
TASK-2026-09-02-MOCK-PRODUCTION,mockL48,48,48.0,0.35,0.2432,1024,11,6.0,systematic,31101011,ok,578.81,183,0.7722658262455548,0.7722658262455548,3.4850537427129935,1009.2795970073234,6,0,research/tasks/active/TASK-2026-09-02-MOCK-PRODUCTION/mockL48/results/M48_00035.json,yes
TASK-2026-09-02-MOCK-PRODUCTION,mockL48,48,48.0,0.35,0.2432,1024,12,6.0,systematic,31101012,ok,571.45,183,0.7613706144889898,0.7613706144889898,1.6131342842725807,1010.1256124819598,6,0,research/tasks/active/TASK-2026-09-02-MOCK-PRODUCTION/mockL48/results/M48_00036.json,yes
TASK-2026-09-02-MOCK-PRODUCTION,mockL48,48,48.0,0.35,0.2432,1024,13,6.0,systematic,31101013,ok,580.84,183,0.7991871055808193,0.7991871055808193,2.7537291482835413,1010.5437245942992,5,0,research/tasks/active/TASK-2026-09-02-MOCK-PRODUCTION/mockL48/results/M48_00037.json,yes
TASK-2026-09-02-MOCK-PRODUCTION,mockL48,48,48.0,0.35,0.2432,1024,14,6.0,systematic,31101014,ok,581.08,183,0.7568524778032406,0.7568524778032406,4.889149997668672,1009.7287761061733,9,0,research/tasks/active/TASK-2026-09-02-MOCK-PRODUCTION/mockL48/results/M48_00038.json,yes
TASK-2026-09-02-MOCK-PRODUCTION,mockL48,48,48.0,0.35,0.2432,1024,15,6.0,systematic,31101015,ok,578.46,183,0.7285791815331005,0.7285791815331005,1.2840345519246263,1009.7635642905176,3,0,research/tasks/active/TASK-2026-09-02-MOCK-PRODUCTION/mockL48/results/M48_00039.json,yes
TASK-2026-09-02-MOCK-PRODUCTION,mockL48,48,48.0,0.35,0.2432,1024,16,6.0,systematic,31101016,ok,571.35,183,0.6737157908013355,0.6737157908013355,3.407100291783911,1010.4399541148001,5,0,research/tasks/active/TASK-2026-09-02-MOCK-PRODUCTION/mockL48/results/M48_00040.json,yes
TASK-2026-09-02-MOCK-PRODUCTION,mockL48,48,48.0,0.35,0.2432,1024,17,6.0,systematic,31101017,ok,579.53,183,0.7553859567231618,0.7553859567231618,1.8546984056232998,1010.0300159132639,6,0,research/tasks/active/TASK-2026-09-02-MOCK-PRODUCTION/mockL48/results/M48_00041.json,yes
TASK-2026-09-02-MOCK-PRODUCTION,mockL48,48,48.0,0.35,0.2432,1024,18,6.0,systematic,31101018,ok,581.35,183,0.7175904769878816,0.7175904769878816,3.070752506794115,1010.7267716788812,6,0,research/tasks/active/TASK-2026-09-02-MOCK-PRODUCTION/mockL48/results/M48_00042.json,yes
TASK-2026-09-02-MOCK-PRODUCTION,mockL48,48,48.0,0.35,0.2432,1024,19,6.0,systematic,31101019,ok,615.41,183,0.8064411497983272,0.8064411497983272,5.433543024738058,1010.7378958810681,8,0,research/tasks/active/TASK-2026-09-02-MOCK-PRODUCTION/mockL48/results/M48_00043.json,yes
TASK-2026-09-02-MOCK-PRODUCTION,mockL48,48,48.0,0.35,0.2432,1024,20,6.0,systematic,31101020,ok,586.22,183,0.7584053874654848,0.7584053874654848,6.182860242697266,1010.3203739502818,12,0,research/tasks/active/TASK-2026-09-02-MOCK-PRODUCTION/mockL48/results/M48_00044.json,yes
TASK-2026-09-02-MOCK-PRODUCTION,mockL48,48,48.0,0.35,0.2432,1024,21,6.0,systematic,31101021,ok,575.88,183,0.7347067802466036,0.7347067802466036,2.8712219538775803,1009.2504707047643,9,0,research/tasks/active/TASK-2026-09-02-MOCK-PRODUCTION/mockL48/results/M48_00045.json,yes
TASK-2026-09-02-MOCK-PRODUCTION,mockL48,48,48.0,0.35,0.2432,1024,22,6.0,systematic,31101022,ok,578.57,183,0.7178826637688484,0.7178826637688484,1.2165273301451838,1009.0447161753427,7,0,research/tasks/active/TASK-2026-09-02-MOCK-PRODUCTION/mockL48/results/M48_00046.json,yes
TASK-2026-09-02-MOCK-PRODUCTION,mockL48,48,48.0,0.35,0.2432,1024,23,6.0,systematic,31101023,ok,578.23,183,0.7305013949896214,0.7305013949896214,5.582104489848067,1008.8815700387821,8,0,research/tasks/active/TASK-2026-09-02-MOCK-PRODUCTION/mockL48/results/M48_00047.json,yes
TASK-2026-09-02-MOCK-PRODUCTION,mockL48,48,48.0,0.35,0.2532,1024,0,6.0,systematic,31102000,ok,601.85,191,0.6396463093482062,0.6396463093482062,1.9307947263754879,1009.9201807490613,7,0,research/tasks/active/TASK-2026-09-02-MOCK-PRODUCTION/mockL48/results/M48_00048.json,yes
TASK-2026-09-02-MOCK-PRODUCTION,mockL48,48,48.0,0.35,0.2532,1024,1,6.0,systematic,31102001,ok,590.07,191,0.6352113816274074,0.6352113816274074,2.833836008864386,1009.0150342923808,8,0,research/tasks/active/TASK-2026-09-02-MOCK-PRODUCTION/mockL48/results/M48_00049.json,yes
TASK-2026-09-02-MOCK-PRODUCTION,mockL48,48,48.0,0.35,0.2532,1024,2,6.0,systematic,31102002,ok,594.25,191,0.6961444479505481,0.6961444479505481,2.8979957327791106,1009.3245249149156,9,0,research/tasks/active/TASK-2026-09-02-MOCK-PRODUCTION/mockL48/results/M48_00050.json,yes
TASK-2026-09-02-MOCK-PRODUCTION,mockL48,48,48.0,0.35,0.2532,1024,3,6.0,systematic,31102003,ok,588.34,191,0.6994232361761257,0.6994232361761257,1.7566499921262217,1011.1072794378946,5,0,research/tasks/active/TASK-2026-09-02-MOCK-PRODUCTION/mockL48/results/M48_00051.json,yes
TASK-2026-09-02-MOCK-PRODUCTION,mockL48,48,48.0,0.35,0.2532,1024,4,6.0,systematic,31102004,ok,589.22,191,0.6615730431587608,0.6615730431587608,1.884281006170865,1008.7306324322404,8,0,research/tasks/active/TASK-2026-09-02-MOCK-PRODUCTION/mockL48/results/M48_00052.json,yes
TASK-2026-09-02-MOCK-PRODUCTION,mockL48,48,48.0,0.35,0.2532,1024,5,6.0,systematic,31102005,ok,590.7,191,0.6800295434150072,0.6800295434150072,3.3151521666276738,1010.0150516416958,4,0,research/tasks/active/TASK-2026-09-02-MOCK-PRODUCTION/mockL48/results/M48_00053.json,yes
TASK-2026-09-02-MOCK-PRODUCTION,mockL48,48,48.0,0.35,0.2532,1024,6,6.0,systematic,31102006,ok,591.84,191,0.6572439637640691,0.6572439637640691,2.745322686215473,1008.4023528953204,6,0,research/tasks/active/TASK-2026-09-02-MOCK-PRODUCTION/mockL48/results/M48_00054.json,yes
TASK-2026-09-02-MOCK-PRODUCTION,mockL48,48,48.0,0.35,0.2532,1024,7,6.0,systematic,31102007,ok,595.53,191,0.6303303459621694,0.6303303459621694,2.7727195803012354,1009.7288671803601,10,0,research/tasks/active/TASK-2026-09-02-MOCK-PRODUCTION/mockL48/results/M48_00055.json,yes
TASK-2026-09-02-MOCK-PRODUCTION,mockL48,48,48.0,0.35,0.2532,1024,8,6.0,systematic,31102008,ok,595.95,191,0.6733562055404153,0.6733562055404153,2.577557090533664,1008.2633890013271,7,0,research/tasks/active/TASK-2026-09-02-MOCK-PRODUCTION/mockL48/results/M48_00056.json,yes
TASK-2026-09-02-MOCK-PRODUCTION,mockL48,48,48.0,0.35,0.2532,1024,9,6.0,systematic,31102009,ok,601.14,191,0.7300134752409329,0.7300134752409329,3.4124668866628918,1009.6663463735495,6,0,research/tasks/active/TASK-2026-09-02-MOCK-PRODUCTION/mockL48/results/M48_00057.json,yes
TASK-2026-09-02-MOCK-PRODUCTION,mockL48,48,48.0,0.35,0.2532,1024,10,6.0,systematic,31102010,ok,596.04,191,0.6450748543393351,0.6450748543393351,2.8760100275923355,1010.4878956860426,8,0,research/tasks/active/TASK-2026-09-02-MOCK-PRODUCTION/mockL48/results/M48_00058.json,yes
TASK-2026-09-02-MOCK-PRODUCTION,mockL48,48,48.0,0.35,0.2532,1024,11,6.0,systematic,31102011,ok,591.24,191,0.6618679535652826,0.6618679535652826,1.6660724216279772,1010.767467938606,4,0,research/tasks/active/TASK-2026-09-02-MOCK-PRODUCTION/mockL48/results/M48_00059.json,yes
TASK-2026-09-02-MOCK-PRODUCTION,mockL48,48,48.0,0.35,0.2532,1024,12,6.0,systematic,31102012,ok,590.49,191,0.6727639038259914,0.6727639038259914,1.5480106883977738,1008.7354877241158,7,0,research/tasks/active/TASK-2026-09-02-MOCK-PRODUCTION/mockL48/results/M48_00060.json,yes
TASK-2026-09-02-MOCK-PRODUCTION,mockL48,48,48.0,0.35,0.2532,1024,13,6.0,systematic,31102013,ok,596.78,191,0.6618530417365042,0.6618530417365042,4.700911870455218,1009.7475111878449,9,0,research/tasks/active/TASK-2026-09-02-MOCK-PRODUCTION/mockL48/results/M48_00061.json,yes
TASK-2026-09-02-MOCK-PRODUCTION,mockL48,48,48.0,0.35,0.2532,1024,14,6.0,systematic,31102014,ok,616.89,191,0.6561813624769386,0.6561813624769386,2.710479243137052,1010.2908179826877,7,0,research/tasks/active/TASK-2026-09-02-MOCK-PRODUCTION/mockL48/results/M48_00062.json,yes
TASK-2026-09-02-MOCK-PRODUCTION,mockL48,48,48.0,0.35,0.2532,1024,15,6.0,systematic,31102015,ok,618.68,191,0.6811654258344195,0.6811654258344195,4.1756638366332695,1008.7861373066407,6,0,research/tasks/active/TASK-2026-09-02-MOCK-PRODUCTION/mockL48/results/M48_00063.json,yes
TASK-2026-09-02-MOCK-PRODUCTION,mockL48,48,48.0,0.35,0.2532,1024,16,6.0,systematic,31102016,ok,587.74,191,0.6995340530867249,0.6995340530867249,3.552231120506254,1010.1200995683031,5,0,research/tasks/active/TASK-2026-09-02-MOCK-PRODUCTION/mockL48/results/M48_00064.json,yes
TASK-2026-09-02-MOCK-PRODUCTION,mockL48,48,48.0,0.35,0.2532,1024,17,6.0,systematic,31102017,ok,583.14,191,0.6725011570474861,0.6725011570474861,3.052658546242169,1009.6808783335076,7,0,research/tasks/active/TASK-2026-09-02-MOCK-PRODUCTION/mockL48/results/M48_00065.json,yes
TASK-2026-09-02-MOCK-PRODUCTION,mockL48,48,48.0,0.35,0.2532,1024,18,6.0,systematic,31102018,ok,594.24,191,0.7390866566797945,0.7390866566797945,2.2963160868441683,1010.8455834645106,3,0,research/tasks/active/TASK-2026-09-02-MOCK-PRODUCTION/mockL48/results/M48_00066.json,yes
TASK-2026-09-02-MOCK-PRODUCTION,mockL48,48,48.0,0.35,0.2532,1024,19,6.0,systematic,31102019,ok,594.66,191,0.6678808661084759,0.6678808661084759,4.197191667867493,1008.4309627636396,13,0,research/tasks/active/TASK-2026-09-02-MOCK-PRODUCTION/mockL48/results/M48_00067.json,yes
TASK-2026-09-02-MOCK-PRODUCTION,mockL48,48,48.0,0.35,0.2532,1024,20,6.0,systematic,31102020,ok,592.88,191,0.7039022379852197,0.7039022379852197,1.1968105626713479,1010.2797930451869,4,0,research/tasks/active/TASK-2026-09-02-MOCK-PRODUCTION/mockL48/results/M48_00068.json,yes
TASK-2026-09-02-MOCK-PRODUCTION,mockL48,48,48.0,0.35,0.2532,1024,21,6.0,systematic,31102021,ok,589.91,191,0.692798064691206,0.692798064691206,2.84847793370604,1009.5150510782138,7,0,research/tasks/active/TASK-2026-09-02-MOCK-PRODUCTION/mockL48/results/M48_00069.json,yes
TASK-2026-09-02-MOCK-PRODUCTION,mockL48,48,48.0,0.35,0.2532,1024,22,6.0,systematic,31102022,ok,585.79,191,0.6801172814971881,0.6801172814971881,1.9357706707231523,1009.2784591473351,6,0,research/tasks/active/TASK-2026-09-02-MOCK-PRODUCTION/mockL48/results/M48_00070.json,yes
TASK-2026-09-02-MOCK-PRODUCTION,mockL48,48,48.0,0.35,0.2532,1024,23,6.0,systematic,31102023,ok,593.6,191,0.748780727623241,0.748780727623241,1.9692603554740906,1010.2883897331793,7,0,research/tasks/active/TASK-2026-09-02-MOCK-PRODUCTION/mockL48/results/M48_00071.json,yes
TASK-2026-09-02-MOCK-PRODUCTION,mockL48,48,48.0,0.35,0.2632,1024,0,6.0,systematic,31103000,ok,614.55,198,0.667011244717644,0.667011244717644,5.108227132779922,1010.0219744821981,8,0,research/tasks/active/TASK-2026-09-02-MOCK-PRODUCTION/mockL48/results/M48_00072.json,yes
TASK-2026-09-02-MOCK-PRODUCTION,mockL48,48,48.0,0.35,0.2632,1024,1,6.0,systematic,31103001,ok,607.75,198,0.6238608144096465,0.6238608144096465,1.9791473201814984,1009.1633698575595,6,0,research/tasks/active/TASK-2026-09-02-MOCK-PRODUCTION/mockL48/results/M48_00073.json,yes
TASK-2026-09-02-MOCK-PRODUCTION,mockL48,48,48.0,0.35,0.2632,1024,2,6.0,systematic,31103002,ok,610.52,198,0.6313188884620926,0.6313188884620926,2.81616363450806,1009.6040725558748,5,0,research/tasks/active/TASK-2026-09-02-MOCK-PRODUCTION/mockL48/results/M48_00074.json,yes
TASK-2026-09-02-MOCK-PRODUCTION,mockL48,48,48.0,0.35,0.2632,1024,3,6.0,systematic,31103003,ok,603.05,198,0.6128294043331926,0.6128294043331926,1.4905004363857592,1009.5120189545523,5,0,research/tasks/active/TASK-2026-09-02-MOCK-PRODUCTION/mockL48/results/M48_00075.json,yes
TASK-2026-09-02-MOCK-PRODUCTION,mockL48,48,48.0,0.35,0.2632,1024,4,6.0,systematic,31103004,ok,611.15,198,0.6601679073421192,0.6601679073421192,3.239164952211493,1009.831371674508,9,0,research/tasks/active/TASK-2026-09-02-MOCK-PRODUCTION/mockL48/results/M48_00076.json,yes
TASK-2026-09-02-MOCK-PRODUCTION,mockL48,48,48.0,0.35,0.2632,1024,5,6.0,systematic,31103005,ok,607.47,198,0.6453158113263701,0.6453158113263701,2.305363181060676,1009.0336739279205,5,0,research/tasks/active/TASK-2026-09-02-MOCK-PRODUCTION/mockL48/results/M48_00077.json,yes
TASK-2026-09-02-MOCK-PRODUCTION,mockL48,48,48.0,0.35,0.2632,1024,6,6.0,systematic,31103006,ok,609.83,198,0.6457726060897286,0.6457726060897286,2.673683781082349,1009.956182678105,6,0,research/tasks/active/TASK-2026-09-02-MOCK-PRODUCTION/mockL48/results/M48_00078.json,yes
TASK-2026-09-02-MOCK-PRODUCTION,mockL48,48,48.0,0.35,0.2632,1024,7,6.0,systematic,31103007,ok,616.92,198,0.6258942596479344,0.6258942596479344,2.511030010440913,1009.3209744691994,9,0,research/tasks/active/TASK-2026-09-02-MOCK-PRODUCTION/mockL48/results/M48_00079.json,yes
TASK-2026-09-02-MOCK-PRODUCTION,mockL48,48,48.0,0.35,0.2632,1024,8,6.0,systematic,31103008,ok,599.89,198,0.6390377464983654,0.6390377464983654,4.888192735138361,1009.8420770372533,7,0,research/tasks/active/TASK-2026-09-02-MOCK-PRODUCTION/mockL48/results/M48_00080.json,yes
TASK-2026-09-02-MOCK-PRODUCTION,mockL48,48,48.0,0.35,0.2632,1024,9,6.0,systematic,31103009,ok,602.2,198,0.6676565852170574,0.6676565852170574,3.5003872346107623,1009.3603808280105,6,0,research/tasks/active/TASK-2026-09-02-MOCK-PRODUCTION/mockL48/results/M48_00081.json,yes
TASK-2026-09-02-MOCK-PRODUCTION,mockL48,48,48.0,0.35,0.2632,1024,10,6.0,systematic,31103010,ok,606.87,198,0.629177724268027,0.629177724268027,1.6411694734865085,1010.2224235440543,6,0,research/tasks/active/TASK-2026-09-02-MOCK-PRODUCTION/mockL48/results/M48_00082.json,yes
TASK-2026-09-02-MOCK-PRODUCTION,mockL48,48,48.0,0.35,0.2632,1024,11,6.0,systematic,31103011,ok,611.03,198,0.667400698933162,0.667400698933162,1.3745506980402438,1008.6121181894412,3,0,research/tasks/active/TASK-2026-09-02-MOCK-PRODUCTION/mockL48/results/M48_00083.json,yes
TASK-2026-09-02-MOCK-PRODUCTION,mockL48,48,48.0,0.35,0.2632,1024,12,6.0,systematic,31103012,ok,613.59,198,0.6864027311693279,0.6864027311693279,2.9179472052627773,1009.9760722605924,7,0,research/tasks/active/TASK-2026-09-02-MOCK-PRODUCTION/mockL48/results/M48_00084.json,yes
TASK-2026-09-02-MOCK-PRODUCTION,mockL48,48,48.0,0.35,0.2632,1024,13,6.0,systematic,31103013,ok,614.18,198,0.6766135562963975,0.6766135562963975,2.798620674929806,1009.7738184214556,9,0,research/tasks/active/TASK-2026-09-02-MOCK-PRODUCTION/mockL48/results/M48_00085.json,yes
TASK-2026-09-02-MOCK-PRODUCTION,mockL48,48,48.0,0.35,0.2632,1024,14,6.0,systematic,31103014,ok,608.64,198,0.6373898281318148,0.6373898281318148,3.077927414904484,1009.4550316252931,8,0,research/tasks/active/TASK-2026-09-02-MOCK-PRODUCTION/mockL48/results/M48_00086.json,yes
TASK-2026-09-02-MOCK-PRODUCTION,mockL48,48,48.0,0.35,0.2632,1024,15,6.0,systematic,31103015,ok,606.38,198,0.6380530815899956,0.6380530815899956,2.234178644632607,1009.7676226014089,5,0,research/tasks/active/TASK-2026-09-02-MOCK-PRODUCTION/mockL48/results/M48_00087.json,yes
TASK-2026-09-02-MOCK-PRODUCTION,mockL48,48,48.0,0.35,0.2632,1024,16,6.0,systematic,31103016,ok,602.96,198,0.6279281209556643,0.6279281209556643,3.0868252015048836,1009.9346007455263,5,0,research/tasks/active/TASK-2026-09-02-MOCK-PRODUCTION/mockL48/results/M48_00088.json,yes
TASK-2026-09-02-MOCK-PRODUCTION,mockL48,48,48.0,0.35,0.2632,1024,17,6.0,systematic,31103017,ok,601.7,198,0.612142782980899,0.612142782980899,1.977758664916331,1010.0008026671335,5,0,research/tasks/active/TASK-2026-09-02-MOCK-PRODUCTION/mockL48/results/M48_00089.json,yes
TASK-2026-09-02-MOCK-PRODUCTION,mockL48,48,48.0,0.35,0.2632,1024,18,6.0,systematic,31103018,ok,608.22,198,0.6252184714573641,0.6252184714573641,2.9373357760335255,1008.4760824430464,8,0,research/tasks/active/TASK-2026-09-02-MOCK-PRODUCTION/mockL48/results/M48_00090.json,yes
TASK-2026-09-02-MOCK-PRODUCTION,mockL48,48,48.0,0.35,0.2632,1024,19,6.0,systematic,31103019,ok,610.4,198,0.6235064855833614,0.6235064855833614,1.9903876086708934,1011.2684904706553,6,0,research/tasks/active/TASK-2026-09-02-MOCK-PRODUCTION/mockL48/results/M48_00091.json,yes
TASK-2026-09-02-MOCK-PRODUCTION,mockL48,48,48.0,0.35,0.2632,1024,20,6.0,systematic,31103020,ok,617.5,198,0.6282130971002355,0.6282130971002355,4.196553352596992,1010.0022471089471,7,0,research/tasks/active/TASK-2026-09-02-MOCK-PRODUCTION/mockL48/results/M48_00092.json,yes
TASK-2026-09-02-MOCK-PRODUCTION,mockL48,48,48.0,0.35,0.2632,1024,21,6.0,systematic,31103021,ok,591.67,198,0.6485002261268326,0.6485002261268326,3.5961369622475856,1009.6527691017416,6,0,research/tasks/active/TASK-2026-09-02-MOCK-PRODUCTION/mockL48/results/M48_00093.json,yes
TASK-2026-09-02-MOCK-PRODUCTION,mockL48,48,48.0,0.35,0.2632,1024,22,6.0,systematic,31103022,ok,598.37,198,0.6896967826883238,0.6896967826883238,1.1282605280543678,1009.6397817788039,3,0,research/tasks/active/TASK-2026-09-02-MOCK-PRODUCTION/mockL48/results/M48_00094.json,yes
TASK-2026-09-02-MOCK-PRODUCTION,mockL48,48,48.0,0.35,0.2632,1024,23,6.0,systematic,31103023,ok,602.42,198,0.6464930702073955,0.6464930702073955,2.2337598152621734,1008.7204266803303,6,0,research/tasks/active/TASK-2026-09-02-MOCK-PRODUCTION/mockL48/results/M48_00095.json,yes
TASK-2026-09-02-MOCK-PRODUCTION,mockL48,48,48.0,0.35,0.2732,1024,0,6.0,systematic,31104000,ok,617.44,206,0.6188443444361627,0.6188443444361627,3.971487656518676,1009.3562227805897,6,0,research/tasks/active/TASK-2026-09-02-MOCK-PRODUCTION/mockL48/results/M48_00096.json,yes
TASK-2026-09-02-MOCK-PRODUCTION,mockL48,48,48.0,0.35,0.2732,1024,1,6.0,systematic,31104001,ok,607.82,206,0.6022150833602093,0.6022150833602093,1.8845925728889958,1008.6866033888728,7,0,research/tasks/active/TASK-2026-09-02-MOCK-PRODUCTION/mockL48/results/M48_00097.json,yes
TASK-2026-09-02-MOCK-PRODUCTION,mockL48,48,48.0,0.35,0.2732,1024,2,6.0,systematic,31104002,ok,610.51,206,0.5812552462376248,0.5812552462376248,3.164404314262779,1009.9059413818416,9,0,research/tasks/active/TASK-2026-09-02-MOCK-PRODUCTION/mockL48/results/M48_00098.json,yes
TASK-2026-09-02-MOCK-PRODUCTION,mockL48,48,48.0,0.35,0.2732,1024,3,6.0,systematic,31104003,ok,608.62,206,0.5895059089914771,0.5895059089914771,1.281815070167718,1009.7685002080935,3,0,research/tasks/active/TASK-2026-09-02-MOCK-PRODUCTION/mockL48/results/M48_00099.json,yes
TASK-2026-09-02-MOCK-PRODUCTION,mockL48,48,48.0,0.35,0.2732,1024,4,6.0,systematic,31104004,ok,605.35,206,0.5885808502758489,0.5885808502758489,3.418452109278216,1010.3002784148786,6,0,research/tasks/active/TASK-2026-09-02-MOCK-PRODUCTION/mockL48/results/M48_00100.json,yes
TASK-2026-09-02-MOCK-PRODUCTION,mockL48,48,48.0,0.35,0.2732,1024,5,6.0,systematic,31104005,ok,606.94,206,0.616415071769836,0.616415071769836,1.8580769544276972,1009.7478212858056,3,0,research/tasks/active/TASK-2026-09-02-MOCK-PRODUCTION/mockL48/results/M48_00101.json,yes
TASK-2026-09-02-MOCK-PRODUCTION,mockL48,48,48.0,0.35,0.2732,1024,6,6.0,systematic,31104006,ok,615.19,206,0.5741787938967711,0.5741787938967711,3.770147343290451,1008.9490198640262,6,0,research/tasks/active/TASK-2026-09-02-MOCK-PRODUCTION/mockL48/results/M48_00102.json,yes
TASK-2026-09-02-MOCK-PRODUCTION,mockL48,48,48.0,0.35,0.2732,1024,7,6.0,systematic,31104007,ok,598.49,206,0.5633685572753027,0.5633685572753027,2.854681774375337,1008.977463284486,8,0,research/tasks/active/TASK-2026-09-02-MOCK-PRODUCTION/mockL48/results/M48_00103.json,yes
TASK-2026-09-02-MOCK-PRODUCTION,mockL48,48,48.0,0.35,0.2732,1024,8,6.0,systematic,31104008,ok,604.45,206,0.6332548182212361,0.6332548182212361,5.401912298054731,1009.1337746730168,7,0,research/tasks/active/TASK-2026-09-02-MOCK-PRODUCTION/mockL48/results/M48_00104.json,yes
TASK-2026-09-02-MOCK-PRODUCTION,mockL48,48,48.0,0.35,0.2732,1024,9,6.0,systematic,31104009,ok,603.24,206,0.5868222267447535,0.5868222267447535,2.8385923118570657,1010.1293293191678,8,0,research/tasks/active/TASK-2026-09-02-MOCK-PRODUCTION/mockL48/results/M48_00105.json,yes
TASK-2026-09-02-MOCK-PRODUCTION,mockL48,48,48.0,0.35,0.2732,1024,10,6.0,systematic,31104010,ok,601.58,206,0.5722122468616918,0.5722122468616918,3.9930844865535913,1009.8187029953705,7,0,research/tasks/active/TASK-2026-09-02-MOCK-PRODUCTION/mockL48/results/M48_00106.json,yes
TASK-2026-09-02-MOCK-PRODUCTION,mockL48,48,48.0,0.35,0.2732,1024,11,6.0,systematic,31104011,ok,658.56,206,0.6260477166348767,0.6260477166348767,2.57251084375184,1009.3199261363775,9,0,research/tasks/active/TASK-2026-09-02-MOCK-PRODUCTION/mockL48/results/M48_00107.json,yes
TASK-2026-09-02-MOCK-PRODUCTION,mockL48,48,48.0,0.35,0.2732,1024,12,6.0,systematic,31104012,ok,610.32,206,0.577648136973544,0.577648136973544,3.0359715562967597,1010.6181743294371,7,0,research/tasks/active/TASK-2026-09-02-MOCK-PRODUCTION/mockL48/results/M48_00108.json,yes
TASK-2026-09-02-MOCK-PRODUCTION,mockL48,48,48.0,0.35,0.2732,1024,13,6.0,systematic,31104013,ok,598.3,206,0.6130460235993005,0.6130460235993005,3.934353402021627,1009.4378284372425,7,0,research/tasks/active/TASK-2026-09-02-MOCK-PRODUCTION/mockL48/results/M48_00109.json,yes
TASK-2026-09-02-MOCK-PRODUCTION,mockL48,48,48.0,0.35,0.2732,1024,14,6.0,systematic,31104014,ok,595.96,206,0.6549231604250105,0.6549231604250105,5.0535731498081855,1010.4881828636013,8,0,research/tasks/active/TASK-2026-09-02-MOCK-PRODUCTION/mockL48/results/M48_00110.json,yes
TASK-2026-09-02-MOCK-PRODUCTION,mockL48,48,48.0,0.35,0.2732,1024,15,6.0,systematic,31104015,ok,607.58,206,0.5877656183631539,0.5877656183631539,2.4205020244410282,1009.6862968987914,7,0,research/tasks/active/TASK-2026-09-02-MOCK-PRODUCTION/mockL48/results/M48_00111.json,yes
TASK-2026-09-02-MOCK-PRODUCTION,mockL48,48,48.0,0.35,0.2732,1024,16,6.0,systematic,31104016,ok,611.42,206,0.5828991023653138,0.5828991023653138,1.907563116934149,1010.3160256538923,7,0,research/tasks/active/TASK-2026-09-02-MOCK-PRODUCTION/mockL48/results/M48_00112.json,yes
TASK-2026-09-02-MOCK-PRODUCTION,mockL48,48,48.0,0.35,0.2732,1024,17,6.0,systematic,31104017,ok,599.92,206,0.6360234073461484,0.6360234073461484,1.7578102473664095,1009.1452881607681,6,0,research/tasks/active/TASK-2026-09-02-MOCK-PRODUCTION/mockL48/results/M48_00113.json,yes
TASK-2026-09-02-MOCK-PRODUCTION,mockL48,48,48.0,0.35,0.2732,1024,18,6.0,systematic,31104018,ok,595.73,206,0.5865438566048212,0.5865438566048212,6.434244759707427,1009.7797145633325,8,0,research/tasks/active/TASK-2026-09-02-MOCK-PRODUCTION/mockL48/results/M48_00114.json,yes
TASK-2026-09-02-MOCK-PRODUCTION,mockL48,48,48.0,0.35,0.2732,1024,19,6.0,systematic,31104019,ok,659.71,206,0.5597560950553326,0.5597560950553326,3.087879662404514,1010.0115820570973,5,0,research/tasks/active/TASK-2026-09-02-MOCK-PRODUCTION/mockL48/results/M48_00115.json,yes
TASK-2026-09-02-MOCK-PRODUCTION,mockL48,48,48.0,0.35,0.2732,1024,20,6.0,systematic,31104020,ok,605.12,206,0.6532651822961554,0.6532651822961554,3.3732105747392667,1009.6654419414792,7,0,research/tasks/active/TASK-2026-09-02-MOCK-PRODUCTION/mockL48/results/M48_00116.json,yes
TASK-2026-09-02-MOCK-PRODUCTION,mockL48,48,48.0,0.35,0.2732,1024,21,6.0,systematic,31104021,ok,601.66,206,0.6377617849097618,0.6377617849097618,5.138416002665804,1009.5418914358423,7,0,research/tasks/active/TASK-2026-09-02-MOCK-PRODUCTION/mockL48/results/M48_00117.json,yes
TASK-2026-09-02-MOCK-PRODUCTION,mockL48,48,48.0,0.35,0.2732,1024,22,6.0,systematic,31104022,ok,609.78,206,0.6414541779836647,0.6414541779836647,2.620797904513394,1009.669375808308,6,0,research/tasks/active/TASK-2026-09-02-MOCK-PRODUCTION/mockL48/results/M48_00118.json,yes
TASK-2026-09-02-MOCK-PRODUCTION,mockL48,48,48.0,0.35,0.2732,1024,23,6.0,systematic,31104023,ok,613.56,206,0.6225556940933044,0.6225556940933044,1.9553791873969701,1009.1680013930368,6,0,research/tasks/active/TASK-2026-09-02-MOCK-PRODUCTION/mockL48/results/M48_00119.json,yes
TASK-2026-09-02-MOCK-PRODUCTION,mockL48,48,48.0,0.35,0.2832,1024,0,6.0,systematic,31105000,ok,612.23,213,0.5725276104427139,0.5725276104427139,2.583450362420605,1008.59226531867,8,0,research/tasks/active/TASK-2026-09-02-MOCK-PRODUCTION/mockL48/results/M48_00120.json,yes
TASK-2026-09-02-MOCK-PRODUCTION,mockL48,48,48.0,0.35,0.2832,1024,1,6.0,systematic,31105001,ok,679.79,213,0.5884375518548143,0.5884375518548143,1.4292163255514725,1010.2857067023365,6,0,research/tasks/active/TASK-2026-09-02-MOCK-PRODUCTION/mockL48/results/M48_00121.json,yes
TASK-2026-09-02-MOCK-PRODUCTION,mockL48,48,48.0,0.35,0.2832,1024,2,6.0,systematic,31105002,ok,612.23,213,0.56061201331217,0.56061201331217,2.8606005052406442,1008.8196548476062,8,0,research/tasks/active/TASK-2026-09-02-MOCK-PRODUCTION/mockL48/results/M48_00122.json,yes
TASK-2026-09-02-MOCK-PRODUCTION,mockL48,48,48.0,0.35,0.2832,1024,3,6.0,systematic,31105003,ok,616.54,213,0.5771235848162776,0.5771235848162776,3.6885064829992755,1010.5089036270092,9,0,research/tasks/active/TASK-2026-09-02-MOCK-PRODUCTION/mockL48/results/M48_00123.json,yes
TASK-2026-09-02-MOCK-PRODUCTION,mockL48,48,48.0,0.35,0.2832,1024,4,6.0,systematic,31105004,ok,680.74,213,0.5747575631048577,0.5747575631048577,3.301208308934182,1008.62182446988,6,0,research/tasks/active/TASK-2026-09-02-MOCK-PRODUCTION/mockL48/results/M48_00124.json,yes
TASK-2026-09-02-MOCK-PRODUCTION,mockL48,48,48.0,0.35,0.2832,1024,5,6.0,systematic,31105005,ok,613.98,213,0.5412739082167933,0.5412739082167933,1.8976827688053337,1009.7906485443467,7,0,research/tasks/active/TASK-2026-09-02-MOCK-PRODUCTION/mockL48/results/M48_00125.json,yes
TASK-2026-09-02-MOCK-PRODUCTION,mockL48,48,48.0,0.35,0.2832,1024,6,6.0,systematic,31105006,ok,619.03,213,0.5483826875539644,0.5483826875539644,2.7899828648665905,1009.5840636657423,7,0,research/tasks/active/TASK-2026-09-02-MOCK-PRODUCTION/mockL48/results/M48_00126.json,yes
TASK-2026-09-02-MOCK-PRODUCTION,mockL48,48,48.0,0.35,0.2832,1024,7,6.0,systematic,31105007,ok,619.84,213,0.5656040248981118,0.5656040248981118,1.2442254797960022,1008.9378747344614,4,0,research/tasks/active/TASK-2026-09-02-MOCK-PRODUCTION/mockL48/results/M48_00127.json,yes
TASK-2026-09-02-MOCK-PRODUCTION,mockL48,48,48.0,0.35,0.2832,1024,8,6.0,systematic,31105008,ok,636.29,213,0.5574077161485743,0.5574077161485743,4.535049477544806,1009.8645732118939,9,0,research/tasks/active/TASK-2026-09-02-MOCK-PRODUCTION/mockL48/results/M48_00128.json,yes
TASK-2026-09-02-MOCK-PRODUCTION,mockL48,48,48.0,0.35,0.2832,1024,9,6.0,systematic,31105009,ok,635.84,213,0.5671406551992346,0.5671406551992346,1.9922406095035434,1008.8146921946965,6,0,research/tasks/active/TASK-2026-09-02-MOCK-PRODUCTION/mockL48/results/M48_00129.json,yes
TASK-2026-09-02-MOCK-PRODUCTION,mockL48,48,48.0,0.35,0.2832,1024,10,6.0,systematic,31105010,ok,636.56,213,0.5803438740302825,0.5803438740302825,3.91061252498732,1009.9315014775387,6,0,research/tasks/active/TASK-2026-09-02-MOCK-PRODUCTION/mockL48/results/M48_00130.json,yes
TASK-2026-09-02-MOCK-PRODUCTION,mockL48,48,48.0,0.35,0.2832,1024,11,6.0,systematic,31105011,ok,577.16,213,0.5228263839861157,0.5228263839861157,2.1999144015239884,1009.2243786042,4,0,research/tasks/active/TASK-2026-09-02-MOCK-PRODUCTION/mockL48/results/M48_00131.json,yes
TASK-2026-09-02-MOCK-PRODUCTION,mockL48,48,48.0,0.35,0.2832,1024,12,6.0,systematic,31105012,ok,568.55,213,0.5520458367471798,0.5520458367471798,4.420305373116711,1010.5973686181342,6,0,research/tasks/active/TASK-2026-09-02-MOCK-PRODUCTION/mockL48/results/M48_00132.json,yes
TASK-2026-09-02-MOCK-PRODUCTION,mockL48,48,48.0,0.35,0.2832,1024,13,6.0,systematic,31105013,ok,589.44,213,0.607465810362838,0.607465810362838,3.540596573450658,1010.4866424819436,5,0,research/tasks/active/TASK-2026-09-02-MOCK-PRODUCTION/mockL48/results/M48_00133.json,yes
TASK-2026-09-02-MOCK-PRODUCTION,mockL48,48,48.0,0.35,0.2832,1024,14,6.0,systematic,31105014,ok,648.82,213,0.5743523048177626,0.5743523048177626,1.5502993923444268,1009.6146699567541,5,0,research/tasks/active/TASK-2026-09-02-MOCK-PRODUCTION/mockL48/results/M48_00134.json,yes
TASK-2026-09-02-MOCK-PRODUCTION,mockL48,48,48.0,0.35,0.2832,1024,15,6.0,systematic,31105015,ok,639.44,213,0.5191074400115743,0.5191074400115743,5.39080365221683,1009.2279275800769,7,0,research/tasks/active/TASK-2026-09-02-MOCK-PRODUCTION/mockL48/results/M48_00135.json,yes
TASK-2026-09-02-MOCK-PRODUCTION,mockL48,48,48.0,0.35,0.2832,1024,16,6.0,systematic,31105016,ok,580.66,213,0.5448233803953756,0.5448233803953756,2.0475920812650603,1009.2897415919261,5,0,research/tasks/active/TASK-2026-09-02-MOCK-PRODUCTION/mockL48/results/M48_00136.json,yes
TASK-2026-09-02-MOCK-PRODUCTION,mockL48,48,48.0,0.35,0.2832,1024,17,6.0,systematic,31105017,ok,634.63,213,0.624066706336487,0.624066706336487,4.5288208211321015,1009.726765953094,8,0,research/tasks/active/TASK-2026-09-02-MOCK-PRODUCTION/mockL48/results/M48_00137.json,yes
TASK-2026-09-02-MOCK-PRODUCTION,mockL48,48,48.0,0.35,0.2832,1024,18,6.0,systematic,31105018,ok,568.72,213,0.6085858983271445,0.6085858983271445,1.9564664131623237,1010.399018771237,5,0,research/tasks/active/TASK-2026-09-02-MOCK-PRODUCTION/mockL48/results/M48_00138.json,yes
TASK-2026-09-02-MOCK-PRODUCTION,mockL48,48,48.0,0.35,0.2832,1024,19,6.0,systematic,31105019,ok,561.58,213,0.5785471572137728,0.5785471572137728,4.108003071474465,1009.0655524881937,6,0,research/tasks/active/TASK-2026-09-02-MOCK-PRODUCTION/mockL48/results/M48_00139.json,yes
TASK-2026-09-02-MOCK-PRODUCTION,mockL48,48,48.0,0.35,0.2832,1024,20,6.0,systematic,31105020,ok,642.77,213,0.5909063189372643,0.5909063189372643,1.9250664590891067,1008.9189358992325,4,0,research/tasks/active/TASK-2026-09-02-MOCK-PRODUCTION/mockL48/results/M48_00140.json,yes
TASK-2026-09-02-MOCK-PRODUCTION,mockL48,48,48.0,0.35,0.2832,1024,21,6.0,systematic,31105021,ok,568.51,213,0.533034140489208,0.533034140489208,1.8725307065634722,1009.0587880087978,3,0,research/tasks/active/TASK-2026-09-02-MOCK-PRODUCTION/mockL48/results/M48_00141.json,yes
TASK-2026-09-02-MOCK-PRODUCTION,mockL48,48,48.0,0.35,0.2832,1024,22,6.0,systematic,31105022,ok,569.81,213,0.6082942089280028,0.6082942089280028,1.903580687091082,1009.3043295996887,8,0,research/tasks/active/TASK-2026-09-02-MOCK-PRODUCTION/mockL48/results/M48_00142.json,yes
TASK-2026-09-02-MOCK-PRODUCTION,mockL48,48,48.0,0.35,0.2832,1024,23,6.0,systematic,31105023,ok,639.56,213,0.593427576076976,0.593427576076976,4.671632747620914,1009.5584016029021,7,0,research/tasks/active/TASK-2026-09-02-MOCK-PRODUCTION/mockL48/results/M48_00143.json,yes
TASK-2026-09-02-MOCK-PRODUCTION,mockL48,48,48.0,0.35,0.2932,1024,0,6.0,systematic,31106000,ok,650.34,221,0.4926525733384476,0.4926525733384476,3.5877454100032162,1008.8566171783519,7,0,research/tasks/active/TASK-2026-09-02-MOCK-PRODUCTION/mockL48/results/M48_00144.json,yes
TASK-2026-09-02-MOCK-PRODUCTION,mockL48,48,48.0,0.35,0.2932,1024,1,6.0,systematic,31106001,ok,580.83,221,0.48964423646739813,0.48964423646739813,3.844965788335032,1009.2408205531767,9,0,research/tasks/active/TASK-2026-09-02-MOCK-PRODUCTION/mockL48/results/M48_00145.json,yes
TASK-2026-09-02-MOCK-PRODUCTION,mockL48,48,48.0,0.35,0.2932,1024,2,6.0,systematic,31106002,ok,578.56,221,0.5312186161875365,0.5312186161875365,3.8476464458176163,1008.3359051958902,8,0,research/tasks/active/TASK-2026-09-02-MOCK-PRODUCTION/mockL48/results/M48_00146.json,yes
TASK-2026-09-02-MOCK-PRODUCTION,mockL48,48,48.0,0.35,0.2932,1024,3,6.0,systematic,31106003,ok,642.49,221,0.4641848658152157,0.4641848658152157,3.851914981155087,1008.111120534258,6,0,research/tasks/active/TASK-2026-09-02-MOCK-PRODUCTION/mockL48/results/M48_00147.json,yes
TASK-2026-09-02-MOCK-PRODUCTION,mockL48,48,48.0,0.35,0.2932,1024,4,6.0,systematic,31106004,ok,579.44,221,0.5009435025856799,0.5009435025856799,1.7078063160637795,1008.8810145392744,5,0,research/tasks/active/TASK-2026-09-02-MOCK-PRODUCTION/mockL48/results/M48_00148.json,yes
TASK-2026-09-02-MOCK-PRODUCTION,mockL48,48,48.0,0.35,0.2932,1024,5,6.0,systematic,31106005,ok,652.0,221,0.519315154973652,0.519315154973652,2.70979279405,1009.8287973321959,8,0,research/tasks/active/TASK-2026-09-02-MOCK-PRODUCTION/mockL48/results/M48_00149.json,yes
TASK-2026-09-02-MOCK-PRODUCTION,mockL48,48,48.0,0.35,0.2932,1024,6,6.0,systematic,31106006,ok,646.66,221,0.49443968194073407,0.49443968194073407,4.145683424794016,1007.9783284168959,10,0,research/tasks/active/TASK-2026-09-02-MOCK-PRODUCTION/mockL48/results/M48_00150.json,yes
TASK-2026-09-02-MOCK-PRODUCTION,mockL48,48,48.0,0.35,0.2932,1024,7,6.0,systematic,31106007,ok,678.81,221,0.5300935389205,0.5300935389205,2.903773940206254,1009.2122412001607,7,0,research/tasks/active/TASK-2026-09-02-MOCK-PRODUCTION/mockL48/results/M48_00151.json,yes
TASK-2026-09-02-MOCK-PRODUCTION,mockL48,48,48.0,0.35,0.2932,1024,8,6.0,systematic,31106008,ok,672.72,221,0.5241233489739131,0.5241233489739131,2.0608237980873167,1008.4554957502835,3,0,research/tasks/active/TASK-2026-09-02-MOCK-PRODUCTION/mockL48/results/M48_00152.json,yes
TASK-2026-09-02-MOCK-PRODUCTION,mockL48,48,48.0,0.35,0.2932,1024,9,6.0,systematic,31106009,ok,584.9,221,0.49820597976510983,0.49820597976510983,3.1804328836261284,1010.3636213647684,5,0,research/tasks/active/TASK-2026-09-02-MOCK-PRODUCTION/mockL48/results/M48_00153.json,yes
TASK-2026-09-02-MOCK-PRODUCTION,mockL48,48,48.0,0.35,0.2932,1024,10,6.0,systematic,31106010,ok,582.39,221,0.5190953051864438,0.5190953051864438,3.710249950462819,1009.6026047322083,8,0,research/tasks/active/TASK-2026-09-02-MOCK-PRODUCTION/mockL48/results/M48_00154.json,yes
TASK-2026-09-02-MOCK-PRODUCTION,mockL48,48,48.0,0.35,0.2932,1024,11,6.0,systematic,31106011,ok,577.96,221,0.5234689089877238,0.5234689089877238,3.828484636055614,1009.1777711595049,5,0,research/tasks/active/TASK-2026-09-02-MOCK-PRODUCTION/mockL48/results/M48_00155.json,yes
TASK-2026-09-02-MOCK-PRODUCTION,mockL48,48,48.0,0.35,0.2932,1024,12,6.0,systematic,31106012,ok,653.0,221,0.49566591341747734,0.49566591341747734,4.523779940636433,1008.2831032128337,8,0,research/tasks/active/TASK-2026-09-02-MOCK-PRODUCTION/mockL48/results/M48_00156.json,yes
TASK-2026-09-02-MOCK-PRODUCTION,mockL48,48,48.0,0.35,0.2932,1024,13,6.0,systematic,31106013,ok,648.7,221,0.48526857943804425,0.48526857943804425,1.1381803893304272,1009.0784588190007,5,0,research/tasks/active/TASK-2026-09-02-MOCK-PRODUCTION/mockL48/results/M48_00157.json,yes
TASK-2026-09-02-MOCK-PRODUCTION,mockL48,48,48.0,0.35,0.2932,1024,14,6.0,systematic,31106014,ok,651.23,221,0.5528445488371796,0.5528445488371796,2.7238994788987774,1009.8077566083638,5,0,research/tasks/active/TASK-2026-09-02-MOCK-PRODUCTION/mockL48/results/M48_00158.json,yes
TASK-2026-09-02-MOCK-PRODUCTION,mockL48,48,48.0,0.35,0.2932,1024,15,6.0,systematic,31106015,ok,651.21,221,0.4817532133636313,0.4817532133636313,1.495619727912503,1009.7324603351526,6,0,research/tasks/active/TASK-2026-09-02-MOCK-PRODUCTION/mockL48/results/M48_00159.json,yes
TASK-2026-09-02-MOCK-PRODUCTION,mockL48,48,48.0,0.35,0.2932,1024,16,6.0,systematic,31106016,ok,648.06,221,0.4987074868167505,0.4987074868167505,2.3409581046869348,1009.1908619831709,3,0,research/tasks/active/TASK-2026-09-02-MOCK-PRODUCTION/mockL48/results/M48_00160.json,yes
TASK-2026-09-02-MOCK-PRODUCTION,mockL48,48,48.0,0.35,0.2932,1024,17,6.0,systematic,31106017,ok,649.58,221,0.5116675414997377,0.5116675414997377,2.8632250383647078,1010.7084069307281,4,0,research/tasks/active/TASK-2026-09-02-MOCK-PRODUCTION/mockL48/results/M48_00161.json,yes
TASK-2026-09-02-MOCK-PRODUCTION,mockL48,48,48.0,0.35,0.2932,1024,18,6.0,systematic,31106018,ok,656.86,221,0.5173468121337912,0.5173468121337912,3.200292995574546,1009.6233952208029,7,0,research/tasks/active/TASK-2026-09-02-MOCK-PRODUCTION/mockL48/results/M48_00162.json,yes
TASK-2026-09-02-MOCK-PRODUCTION,mockL48,48,48.0,0.35,0.2932,1024,19,6.0,systematic,31106019,ok,597.61,221,0.5118819173207041,0.5118819173207041,2.8532680272108846,1009.544783307962,7,0,research/tasks/active/TASK-2026-09-02-MOCK-PRODUCTION/mockL48/results/M48_00163.json,yes
TASK-2026-09-02-MOCK-PRODUCTION,mockL48,48,48.0,0.35,0.2932,1024,20,6.0,systematic,31106020,ok,661.83,221,0.5344413000425872,0.5344413000425872,3.496838566816957,1009.5414752028977,7,0,research/tasks/active/TASK-2026-09-02-MOCK-PRODUCTION/mockL48/results/M48_00164.json,yes
TASK-2026-09-02-MOCK-PRODUCTION,mockL48,48,48.0,0.35,0.2932,1024,21,6.0,systematic,31106021,ok,651.94,221,0.48914778354062355,0.48914778354062355,6.651375215670354,1009.906360017477,9,0,research/tasks/active/TASK-2026-09-02-MOCK-PRODUCTION/mockL48/results/M48_00165.json,yes
TASK-2026-09-02-MOCK-PRODUCTION,mockL48,48,48.0,0.35,0.2932,1024,22,6.0,systematic,31106022,ok,658.73,221,0.5577948837576159,0.5577948837576159,2.2476549772785734,1009.6563098562825,6,0,research/tasks/active/TASK-2026-09-02-MOCK-PRODUCTION/mockL48/results/M48_00166.json,yes
TASK-2026-09-02-MOCK-PRODUCTION,mockL48,48,48.0,0.35,0.2932,1024,23,6.0,systematic,31106023,ok,654.22,221,0.5720354417026742,0.5720354417026742,6.875006556517178,1008.9808259048986,8,0,research/tasks/active/TASK-2026-09-02-MOCK-PRODUCTION/mockL48/results/M48_00167.json,yes
TASK-2026-09-02-MOCK-PRODUCTION,mockL48,48,48.0,0.35,0.3032,1024,0,6.0,systematic,31107000,ok,666.38,229,0.46914677774793556,0.46914677774793556,3.0524985881215905,1009.1415209919945,6,0,research/tasks/active/TASK-2026-09-02-MOCK-PRODUCTION/mockL48/results/M48_00168.json,yes
TASK-2026-09-02-MOCK-PRODUCTION,mockL48,48,48.0,0.35,0.3032,1024,1,6.0,systematic,31107001,ok,602.53,229,0.4758913943483487,0.4758913943483487,2.5477216733807286,1007.6113791322308,3,0,research/tasks/active/TASK-2026-09-02-MOCK-PRODUCTION/mockL48/results/M48_00169.json,yes
TASK-2026-09-02-MOCK-PRODUCTION,mockL48,48,48.0,0.35,0.3032,1024,2,6.0,systematic,31107002,ok,597.51,229,0.4367507165451413,0.4367507165451413,2.0731039936733886,1009.509548661091,4,0,research/tasks/active/TASK-2026-09-02-MOCK-PRODUCTION/mockL48/results/M48_00170.json,yes
TASK-2026-09-02-MOCK-PRODUCTION,mockL48,48,48.0,0.35,0.3032,1024,3,6.0,systematic,31107003,ok,600.58,229,0.44545143415544886,0.44545143415544886,4.380895083391825,1009.3763263123506,5,0,research/tasks/active/TASK-2026-09-02-MOCK-PRODUCTION/mockL48/results/M48_00171.json,yes
TASK-2026-09-02-MOCK-PRODUCTION,mockL48,48,48.0,0.35,0.3032,1024,4,6.0,systematic,31107004,ok,661.06,229,0.48679068812182935,0.48679068812182935,1.1128332155312026,1008.823654876482,4,0,research/tasks/active/TASK-2026-09-02-MOCK-PRODUCTION/mockL48/results/M48_00172.json,yes
TASK-2026-09-02-MOCK-PRODUCTION,mockL48,48,48.0,0.35,0.3032,1024,5,6.0,systematic,31107005,ok,666.02,229,0.4527911010058861,0.4527911010058861,1.4742098751546509,1008.7686354553591,5,0,research/tasks/active/TASK-2026-09-02-MOCK-PRODUCTION/mockL48/results/M48_00173.json,yes
TASK-2026-09-02-MOCK-PRODUCTION,mockL48,48,48.0,0.35,0.3032,1024,6,6.0,systematic,31107006,ok,596.93,229,0.47509511791711645,0.47509511791711645,2.7424219440623085,1009.4137605996231,6,0,research/tasks/active/TASK-2026-09-02-MOCK-PRODUCTION/mockL48/results/M48_00174.json,yes
TASK-2026-09-02-MOCK-PRODUCTION,mockL48,48,48.0,0.35,0.3032,1024,7,6.0,systematic,31107007,ok,625.24,229,0.4541595106546297,0.4541595106546297,5.34371591939906,1009.5831920364565,10,0,research/tasks/active/TASK-2026-09-02-MOCK-PRODUCTION/mockL48/results/M48_00175.json,yes
TASK-2026-09-02-MOCK-PRODUCTION,mockL48,48,48.0,0.35,0.3032,1024,8,6.0,systematic,31107008,ok,596.33,229,0.49158483206998405,0.49158483206998405,4.975119090546773,1008.6821488320945,11,0,research/tasks/active/TASK-2026-09-02-MOCK-PRODUCTION/mockL48/results/M48_00176.json,yes
TASK-2026-09-02-MOCK-PRODUCTION,mockL48,48,48.0,0.35,0.3032,1024,9,6.0,systematic,31107009,ok,615.29,229,0.45199471424200544,0.45199471424200544,4.0659816200705725,1008.8241609047668,6,0,research/tasks/active/TASK-2026-09-02-MOCK-PRODUCTION/mockL48/results/M48_00177.json,yes
TASK-2026-09-02-MOCK-PRODUCTION,mockL48,48,48.0,0.35,0.3032,1024,10,6.0,systematic,31107010,ok,609.25,229,0.4202298467785809,0.4202298467785809,3.3885589085009986,1009.2028395030533,4,0,research/tasks/active/TASK-2026-09-02-MOCK-PRODUCTION/mockL48/results/M48_00178.json,yes
TASK-2026-09-02-MOCK-PRODUCTION,mockL48,48,48.0,0.35,0.3032,1024,11,6.0,systematic,31107011,ok,615.59,229,0.44234850376043094,0.44234850376043094,2.865212258995322,1009.0008076425321,5,0,research/tasks/active/TASK-2026-09-02-MOCK-PRODUCTION/mockL48/results/M48_00179.json,yes
TASK-2026-09-02-MOCK-PRODUCTION,mockL48,48,48.0,0.35,0.3032,1024,12,6.0,systematic,31107012,ok,615.24,229,0.4533773937437067,0.4533773937437067,2.284121009340583,1009.9487691656778,7,0,research/tasks/active/TASK-2026-09-02-MOCK-PRODUCTION/mockL48/results/M48_00180.json,yes
TASK-2026-09-02-MOCK-PRODUCTION,mockL48,48,48.0,0.35,0.3032,1024,13,6.0,systematic,31107013,ok,619.75,229,0.4281364822648323,0.4281364822648323,4.194304,1009.2254990527346,7,0,research/tasks/active/TASK-2026-09-02-MOCK-PRODUCTION/mockL48/results/M48_00181.json,yes
TASK-2026-09-02-MOCK-PRODUCTION,mockL48,48,48.0,0.35,0.3032,1024,14,6.0,systematic,31107014,ok,614.08,229,0.48097398964388577,0.48097398964388577,3.268872983016186,1009.1187460200882,6,0,research/tasks/active/TASK-2026-09-02-MOCK-PRODUCTION/mockL48/results/M48_00182.json,yes
TASK-2026-09-02-MOCK-PRODUCTION,mockL48,48,48.0,0.35,0.3032,1024,15,6.0,systematic,31107015,ok,611.42,229,0.4577768326132188,0.4577768326132188,2.9271026993830778,1008.3946379322933,4,0,research/tasks/active/TASK-2026-09-02-MOCK-PRODUCTION/mockL48/results/M48_00183.json,yes
TASK-2026-09-02-MOCK-PRODUCTION,mockL48,48,48.0,0.35,0.3032,1024,16,6.0,systematic,31107016,ok,613.55,229,0.4690151099426559,0.4690151099426559,2.2542652724270775,1009.3586164450063,7,0,research/tasks/active/TASK-2026-09-02-MOCK-PRODUCTION/mockL48/results/M48_00184.json,yes
TASK-2026-09-02-MOCK-PRODUCTION,mockL48,48,48.0,0.35,0.3032,1024,17,6.0,systematic,31107017,ok,617.08,229,0.484943862463247,0.484943862463247,2.017516585343328,1010.3459512717267,5,0,research/tasks/active/TASK-2026-09-02-MOCK-PRODUCTION/mockL48/results/M48_00185.json,yes
TASK-2026-09-02-MOCK-PRODUCTION,mockL48,48,48.0,0.35,0.3032,1024,18,6.0,systematic,31107018,ok,621.01,229,0.4353706672526225,0.4353706672526225,2.8570618944339694,1009.616825855684,4,0,research/tasks/active/TASK-2026-09-02-MOCK-PRODUCTION/mockL48/results/M48_00186.json,yes
TASK-2026-09-02-MOCK-PRODUCTION,mockL48,48,48.0,0.35,0.3032,1024,19,6.0,systematic,31107019,ok,617.12,229,0.48546091914048795,0.48546091914048795,5.592345681646062,1007.9181403212115,7,0,research/tasks/active/TASK-2026-09-02-MOCK-PRODUCTION/mockL48/results/M48_00187.json,yes
TASK-2026-09-02-MOCK-PRODUCTION,mockL48,48,48.0,0.35,0.3032,1024,20,6.0,systematic,31107020,ok,692.9,229,0.46521641768897987,0.46521641768897987,1.1239792735450427,1008.6283817751727,4,0,research/tasks/active/TASK-2026-09-02-MOCK-PRODUCTION/mockL48/results/M48_00188.json,yes
TASK-2026-09-02-MOCK-PRODUCTION,mockL48,48,48.0,0.35,0.3032,1024,21,6.0,systematic,31107021,ok,696.19,229,0.4717089393882287,0.4717089393882287,2.6296708698225446,1008.5832236123554,8,0,research/tasks/active/TASK-2026-09-02-MOCK-PRODUCTION/mockL48/results/M48_00189.json,yes
TASK-2026-09-02-MOCK-PRODUCTION,mockL48,48,48.0,0.35,0.3032,1024,22,6.0,systematic,31107022,ok,702.21,229,0.4623939056387365,0.4623939056387365,2.471692509322685,1008.6008169806487,7,0,research/tasks/active/TASK-2026-09-02-MOCK-PRODUCTION/mockL48/results/M48_00190.json,yes
TASK-2026-09-02-MOCK-PRODUCTION,mockL48,48,48.0,0.35,0.3032,1024,23,6.0,systematic,31107023,ok,698.74,229,0.48976872159252316,0.48976872159252316,3.8896654054455078,1009.2178193910721,6,0,research/tasks/active/TASK-2026-09-02-MOCK-PRODUCTION/mockL48/results/M48_00191.json,yes
TASK-2026-09-02-MOCK-PRODUCTION,mockL48,48,48.0,0.35,0.3132,1024,0,6.0,systematic,31108000,ok,665.27,236,0.41510096861510176,0.41510096861510176,3.201328676452629,1010.003363787067,6,0,research/tasks/active/TASK-2026-09-02-MOCK-PRODUCTION/mockL48/results/M48_00192.json,yes
TASK-2026-09-02-MOCK-PRODUCTION,mockL48,48,48.0,0.35,0.3132,1024,1,6.0,systematic,31108001,ok,639.18,236,0.4339305885921554,0.4339305885921554,3.968451488865677,1008.7584132618754,7,0,research/tasks/active/TASK-2026-09-02-MOCK-PRODUCTION/mockL48/results/M48_00193.json,yes
TASK-2026-09-02-MOCK-PRODUCTION,mockL48,48,48.0,0.35,0.3132,1024,2,6.0,systematic,31108002,ok,632.27,236,0.41082065406473256,0.41082065406473256,3.937130627417114,1009.9735665283741,8,0,research/tasks/active/TASK-2026-09-02-MOCK-PRODUCTION/mockL48/results/M48_00194.json,yes
TASK-2026-09-02-MOCK-PRODUCTION,mockL48,48,48.0,0.35,0.3132,1024,3,6.0,systematic,31108003,ok,685.35,236,0.42818469629654143,0.42818469629654143,1.595462125546237,1009.4501810162086,3,0,research/tasks/active/TASK-2026-09-02-MOCK-PRODUCTION/mockL48/results/M48_00195.json,yes
TASK-2026-09-02-MOCK-PRODUCTION,mockL48,48,48.0,0.35,0.3132,1024,4,6.0,systematic,31108004,ok,683.61,236,0.40635548992139314,0.40635548992139314,2.7194066236157575,1010.3702786295357,4,0,research/tasks/active/TASK-2026-09-02-MOCK-PRODUCTION/mockL48/results/M48_00196.json,yes
TASK-2026-09-02-MOCK-PRODUCTION,mockL48,48,48.0,0.35,0.3132,1024,5,6.0,systematic,31108005,ok,664.01,236,0.4263534748043574,0.4263534748043574,2.2643615114516344,1008.2851895688199,4,0,research/tasks/active/TASK-2026-09-02-MOCK-PRODUCTION/mockL48/results/M48_00197.json,yes
TASK-2026-09-02-MOCK-PRODUCTION,mockL48,48,48.0,0.35,0.3132,1024,6,6.0,systematic,31108006,ok,638.55,236,0.405445249748527,0.405445249748527,2.182033087087712,1008.300156291727,4,0,research/tasks/active/TASK-2026-09-02-MOCK-PRODUCTION/mockL48/results/M48_00198.json,yes
TASK-2026-09-02-MOCK-PRODUCTION,mockL48,48,48.0,0.35,0.3132,1024,7,6.0,systematic,31108007,ok,628.06,236,0.44480101904560543,0.44480101904560543,1.869799356628792,1009.6722608810999,5,0,research/tasks/active/TASK-2026-09-02-MOCK-PRODUCTION/mockL48/results/M48_00199.json,yes
TASK-2026-09-02-MOCK-PRODUCTION,mockL48,48,48.0,0.35,0.3132,1024,8,6.0,systematic,31108008,ok,717.58,236,0.4003656244609558,0.4003656244609558,3.929929764858443,1009.4332572323469,5,0,research/tasks/active/TASK-2026-09-02-MOCK-PRODUCTION/mockL48/results/M48_00200.json,yes
TASK-2026-09-02-MOCK-PRODUCTION,mockL48,48,48.0,0.35,0.3132,1024,9,6.0,systematic,31108009,ok,682.52,236,0.44109224892598853,0.44109224892598853,2.2547403097274725,1008.5793445062911,6,0,research/tasks/active/TASK-2026-09-02-MOCK-PRODUCTION/mockL48/results/M48_00201.json,yes
TASK-2026-09-02-MOCK-PRODUCTION,mockL48,48,48.0,0.35,0.3132,1024,10,6.0,systematic,31108010,ok,681.23,236,0.41509508229540076,0.41509508229540076,1.856458449150712,1008.8571802262574,5,0,research/tasks/active/TASK-2026-09-02-MOCK-PRODUCTION/mockL48/results/M48_00202.json,yes
TASK-2026-09-02-MOCK-PRODUCTION,mockL48,48,48.0,0.35,0.3132,1024,11,6.0,systematic,31108011,ok,681.0,236,0.40481339190784893,0.40481339190784893,2.128768469306135,1007.9295537053362,3,0,research/tasks/active/TASK-2026-09-02-MOCK-PRODUCTION/mockL48/results/M48_00203.json,yes
TASK-2026-09-02-MOCK-PRODUCTION,mockL48,48,48.0,0.35,0.3132,1024,12,6.0,systematic,31108012,ok,677.52,236,0.39746739421068916,0.39746739421068916,4.731286040446518,1009.0095039719222,7,0,research/tasks/active/TASK-2026-09-02-MOCK-PRODUCTION/mockL48/results/M48_00204.json,yes
TASK-2026-09-02-MOCK-PRODUCTION,mockL48,48,48.0,0.35,0.3132,1024,13,6.0,systematic,31108013,ok,687.02,236,0.41313767514765964,0.41313767514765964,3.7212577187877067,1007.9680587302485,7,0,research/tasks/active/TASK-2026-09-02-MOCK-PRODUCTION/mockL48/results/M48_00205.json,yes
TASK-2026-09-02-MOCK-PRODUCTION,mockL48,48,48.0,0.35,0.3132,1024,14,6.0,systematic,31108014,ok,672.48,236,0.4139665201798237,0.4139665201798237,1.7078063160637795,1010.2027945464932,3,0,research/tasks/active/TASK-2026-09-02-MOCK-PRODUCTION/mockL48/results/M48_00206.json,yes
TASK-2026-09-02-MOCK-PRODUCTION,mockL48,48,48.0,0.35,0.3132,1024,15,6.0,systematic,31108015,ok,683.54,236,0.4261697825093339,0.4261697825093339,2.516296548712066,1008.338849952624,6,0,research/tasks/active/TASK-2026-09-02-MOCK-PRODUCTION/mockL48/results/M48_00207.json,yes
TASK-2026-09-02-MOCK-PRODUCTION,mockL48,48,48.0,0.35,0.3132,1024,16,6.0,systematic,31108016,ok,682.6,236,0.38636052183532166,0.38636052183532166,1.6291089878039307,1008.8477805684404,5,0,research/tasks/active/TASK-2026-09-02-MOCK-PRODUCTION/mockL48/results/M48_00208.json,yes
TASK-2026-09-02-MOCK-PRODUCTION,mockL48,48,48.0,0.35,0.3132,1024,17,6.0,systematic,31108017,ok,683.68,236,0.4186274768066628,0.4186274768066628,3.4350033741507295,1008.9218380746793,5,0,research/tasks/active/TASK-2026-09-02-MOCK-PRODUCTION/mockL48/results/M48_00209.json,yes
TASK-2026-09-02-MOCK-PRODUCTION,mockL48,48,48.0,0.35,0.3132,1024,18,6.0,systematic,31108018,ok,677.31,236,0.3641442384523813,0.3641442384523813,4.347366064395227,1008.6186550086319,5,0,research/tasks/active/TASK-2026-09-02-MOCK-PRODUCTION/mockL48/results/M48_00210.json,yes
TASK-2026-09-02-MOCK-PRODUCTION,mockL48,48,48.0,0.35,0.3132,1024,19,6.0,systematic,31108019,ok,672.88,236,0.41258513810703235,0.41258513810703235,1.9531792510468355,1008.3634436020901,4,0,research/tasks/active/TASK-2026-09-02-MOCK-PRODUCTION/mockL48/results/M48_00211.json,yes
TASK-2026-09-02-MOCK-PRODUCTION,mockL48,48,48.0,0.35,0.3132,1024,20,6.0,systematic,31108020,ok,683.45,236,0.4101732500626279,0.4101732500626279,3.1389040226547484,1009.4662247475021,6,0,research/tasks/active/TASK-2026-09-02-MOCK-PRODUCTION/mockL48/results/M48_00212.json,yes
TASK-2026-09-02-MOCK-PRODUCTION,mockL48,48,48.0,0.35,0.3132,1024,21,6.0,systematic,31108021,ok,691.96,236,0.45266571995091015,0.45266571995091015,3.898023063025554,1009.0085949209405,6,0,research/tasks/active/TASK-2026-09-02-MOCK-PRODUCTION/mockL48/results/M48_00213.json,yes
TASK-2026-09-02-MOCK-PRODUCTION,mockL48,48,48.0,0.35,0.3132,1024,22,6.0,systematic,31108022,ok,670.62,236,0.4326629566800337,0.4326629566800337,1.7845125408867968,1008.9002924432499,4,0,research/tasks/active/TASK-2026-09-02-MOCK-PRODUCTION/mockL48/results/M48_00214.json,yes
TASK-2026-09-02-MOCK-PRODUCTION,mockL48,48,48.0,0.35,0.3132,1024,23,6.0,systematic,31108023,ok,679.26,236,0.4289999929473924,0.4289999929473924,1.7765549023262117,1009.083734187915,4,0,research/tasks/active/TASK-2026-09-02-MOCK-PRODUCTION/mockL48/results/M48_00215.json,yes
TASK-2026-09-02-MOCK-PRODUCTION,mockL48,48,48.0,0.35,0.3232,1024,0,6.0,systematic,31109000,ok,701.04,244,0.36467963075621035,0.36467963075621035,2.9325219258994095,1008.9629991944144,7,0,research/tasks/active/TASK-2026-09-02-MOCK-PRODUCTION/mockL48/results/M48_00216.json,yes
TASK-2026-09-02-MOCK-PRODUCTION,mockL48,48,48.0,0.35,0.3232,1024,1,6.0,systematic,31109001,ok,707.07,244,0.39068565681539963,0.39068565681539963,2.780336214668293,1008.8538846868679,7,0,research/tasks/active/TASK-2026-09-02-MOCK-PRODUCTION/mockL48/results/M48_00217.json,yes
TASK-2026-09-02-MOCK-PRODUCTION,mockL48,48,48.0,0.35,0.3232,1024,2,6.0,systematic,31109002,ok,630.44,244,0.3879376439592034,0.3879376439592034,1.4363779324780073,1007.7350922792901,4,0,research/tasks/active/TASK-2026-09-02-MOCK-PRODUCTION/mockL48/results/M48_00218.json,yes
TASK-2026-09-02-MOCK-PRODUCTION,mockL48,48,48.0,0.35,0.3232,1024,3,6.0,systematic,31109003,ok,713.81,244,0.3879158239061937,0.3879158239061937,1.9317551261030563,1008.9634863215224,7,0,research/tasks/active/TASK-2026-09-02-MOCK-PRODUCTION/mockL48/results/M48_00219.json,yes
TASK-2026-09-02-MOCK-PRODUCTION,mockL48,48,48.0,0.35,0.3232,1024,4,6.0,systematic,31109004,ok,703.27,244,0.3816135324108201,0.3816135324108201,1.7483784694085123,1007.6414739699687,6,0,research/tasks/active/TASK-2026-09-02-MOCK-PRODUCTION/mockL48/results/M48_00220.json,yes
TASK-2026-09-02-MOCK-PRODUCTION,mockL48,48,48.0,0.35,0.3232,1024,5,6.0,systematic,31109005,ok,636.7,244,0.35386196364479994,0.35386196364479994,1.4382022471910112,1008.8990787225481,2,0,research/tasks/active/TASK-2026-09-02-MOCK-PRODUCTION/mockL48/results/M48_00221.json,yes
TASK-2026-09-02-MOCK-PRODUCTION,mockL48,48,48.0,0.35,0.3232,1024,6,6.0,systematic,31109006,ok,629.2,244,0.3695423459833689,0.3695423459833689,1.308992130387888,1009.9761746509228,2,0,research/tasks/active/TASK-2026-09-02-MOCK-PRODUCTION/mockL48/results/M48_00222.json,yes
TASK-2026-09-02-MOCK-PRODUCTION,mockL48,48,48.0,0.35,0.3232,1024,7,6.0,systematic,31109007,ok,726.15,244,0.36100725158522873,0.36100725158522873,4.3340332313796806,1008.9972614630747,10,0,research/tasks/active/TASK-2026-09-02-MOCK-PRODUCTION/mockL48/results/M48_00223.json,yes
TASK-2026-09-02-MOCK-PRODUCTION,mockL48,48,48.0,0.35,0.3232,1024,8,6.0,systematic,31109008,ok,684.05,244,0.36609688625558257,0.36609688625558257,2.965966690803765,1009.9401597046888,5,0,research/tasks/active/TASK-2026-09-02-MOCK-PRODUCTION/mockL48/results/M48_00224.json,yes
TASK-2026-09-02-MOCK-PRODUCTION,mockL48,48,48.0,0.35,0.3232,1024,9,6.0,systematic,31109009,ok,679.39,244,0.4201889116989298,0.4201889116989298,3.567507246771274,1009.9548251054646,8,0,research/tasks/active/TASK-2026-09-02-MOCK-PRODUCTION/mockL48/results/M48_00225.json,yes
TASK-2026-09-02-MOCK-PRODUCTION,mockL48,48,48.0,0.35,0.3232,1024,10,6.0,systematic,31109010,ok,687.68,244,0.3767738289388682,0.3767738289388682,7.027047312692669,1008.8524929211845,8,0,research/tasks/active/TASK-2026-09-02-MOCK-PRODUCTION/mockL48/results/M48_00226.json,yes
TASK-2026-09-02-MOCK-PRODUCTION,mockL48,48,48.0,0.35,0.3232,1024,11,6.0,systematic,31109011,ok,688.25,244,0.36839423706391833,0.36839423706391833,2.582076247605258,1009.2135406190586,4,0,research/tasks/active/TASK-2026-09-02-MOCK-PRODUCTION/mockL48/results/M48_00227.json,yes
TASK-2026-09-02-MOCK-PRODUCTION,mockL48,48,48.0,0.35,0.3232,1024,12,6.0,systematic,31109012,ok,682.22,244,0.3580030308077089,0.3580030308077089,1.5293077849760959,1008.3807524424748,5,0,research/tasks/active/TASK-2026-09-02-MOCK-PRODUCTION/mockL48/results/M48_00228.json,yes
TASK-2026-09-02-MOCK-PRODUCTION,mockL48,48,48.0,0.35,0.3232,1024,13,6.0,systematic,31109013,ok,677.66,244,0.382703933354773,0.382703933354773,2.551652309339563,1009.4296172232556,5,0,research/tasks/active/TASK-2026-09-02-MOCK-PRODUCTION/mockL48/results/M48_00229.json,yes
TASK-2026-09-02-MOCK-PRODUCTION,mockL48,48,48.0,0.35,0.3232,1024,14,6.0,systematic,31109014,ok,684.97,244,0.4145026904385559,0.4145026904385559,1.7161524310806475,1008.9887151474829,6,0,research/tasks/active/TASK-2026-09-02-MOCK-PRODUCTION/mockL48/results/M48_00230.json,yes
TASK-2026-09-02-MOCK-PRODUCTION,mockL48,48,48.0,0.35,0.3232,1024,15,6.0,systematic,31109015,ok,678.43,244,0.40961095777139905,0.40961095777139905,3.1671952494004363,1008.213183858684,6,0,research/tasks/active/TASK-2026-09-02-MOCK-PRODUCTION/mockL48/results/M48_00231.json,yes
TASK-2026-09-02-MOCK-PRODUCTION,mockL48,48,48.0,0.35,0.3232,1024,16,6.0,systematic,31109016,ok,689.1,244,0.3947485270004564,0.3947485270004564,1.6498821485777584,1008.45691730712,3,0,research/tasks/active/TASK-2026-09-02-MOCK-PRODUCTION/mockL48/results/M48_00232.json,yes
TASK-2026-09-02-MOCK-PRODUCTION,mockL48,48,48.0,0.35,0.3232,1024,17,6.0,systematic,31109017,ok,640.26,244,0.3656664446067829,0.3656664446067829,3.739758761136433,1009.8824568906513,5,0,research/tasks/active/TASK-2026-09-02-MOCK-PRODUCTION/mockL48/results/M48_00233.json,yes
TASK-2026-09-02-MOCK-PRODUCTION,mockL48,48,48.0,0.35,0.3232,1024,18,6.0,systematic,31109018,ok,632.63,244,0.3751543710379046,0.3751543710379046,1.8342394536689128,1008.5602366229191,5,0,research/tasks/active/TASK-2026-09-02-MOCK-PRODUCTION/mockL48/results/M48_00234.json,yes
TASK-2026-09-02-MOCK-PRODUCTION,mockL48,48,48.0,0.35,0.3232,1024,19,6.0,systematic,31109019,ok,687.17,244,0.36330195986742153,0.36330195986742153,3.4819291511150663,1008.3541045196332,6,0,research/tasks/active/TASK-2026-09-02-MOCK-PRODUCTION/mockL48/results/M48_00235.json,yes
TASK-2026-09-02-MOCK-PRODUCTION,mockL48,48,48.0,0.35,0.3232,1024,20,6.0,systematic,31109020,ok,591.23,244,0.3302640852039813,0.3302640852039813,2.631809328755296,1008.8206619547323,5,0,research/tasks/active/TASK-2026-09-02-MOCK-PRODUCTION/mockL48/results/M48_00236.json,yes
TASK-2026-09-02-MOCK-PRODUCTION,mockL48,48,48.0,0.35,0.3232,1024,21,6.0,systematic,31109021,ok,582.19,244,0.3952903677431943,0.3952903677431943,2.7494978629677216,1008.9529885446782,3,0,research/tasks/active/TASK-2026-09-02-MOCK-PRODUCTION/mockL48/results/M48_00237.json,yes
TASK-2026-09-02-MOCK-PRODUCTION,mockL48,48,48.0,0.35,0.3232,1024,22,6.0,systematic,31109022,ok,686.88,244,0.38495782995844907,0.38495782995844907,3.0531918610745525,1009.0753558322915,6,0,research/tasks/active/TASK-2026-09-02-MOCK-PRODUCTION/mockL48/results/M48_00238.json,yes
TASK-2026-09-02-MOCK-PRODUCTION,mockL48,48,48.0,0.35,0.3232,1024,23,6.0,systematic,31109023,ok,689.9,244,0.36390973536592075,0.36390973536592075,7.49796922372862,1009.4558435936864,9,0,research/tasks/active/TASK-2026-09-02-MOCK-PRODUCTION/mockL48/results/M48_00239.json,yes
TASK-2026-09-02-MOCK-PRODUCTION,mockL48,48,48.0,0.35,0.3332,1024,0,6.0,systematic,31110000,ok,693.58,251,0.3251922401577658,0.3251922401577658,2.1097684151224323,1009.6518256008992,5,0,research/tasks/active/TASK-2026-09-02-MOCK-PRODUCTION/mockL48/results/M48_00240.json,yes
TASK-2026-09-02-MOCK-PRODUCTION,mockL48,48,48.0,0.35,0.3332,1024,1,6.0,systematic,31110001,ok,693.59,251,0.336588850163555,0.336588850163555,2.511426942771878,1007.4749040933252,5,0,research/tasks/active/TASK-2026-09-02-MOCK-PRODUCTION/mockL48/results/M48_00241.json,yes
TASK-2026-09-02-MOCK-PRODUCTION,mockL48,48,48.0,0.35,0.3332,1024,2,6.0,systematic,31110002,ok,686.37,251,0.3184545954718617,0.3184545954718617,3.30012777823238,1007.9160947791423,7,0,research/tasks/active/TASK-2026-09-02-MOCK-PRODUCTION/mockL48/results/M48_00242.json,yes
TASK-2026-09-02-MOCK-PRODUCTION,mockL48,48,48.0,0.35,0.3332,1024,3,6.0,systematic,31110003,ok,693.19,251,0.32400356145615217,0.32400356145615217,2.8318155793931146,1008.5994034662666,7,0,research/tasks/active/TASK-2026-09-02-MOCK-PRODUCTION/mockL48/results/M48_00243.json,yes
TASK-2026-09-02-MOCK-PRODUCTION,mockL48,48,48.0,0.35,0.3332,1024,4,6.0,systematic,31110004,ok,697.03,251,0.33268824071203723,0.33268824071203723,4.981595325193596,1008.4877496248972,6,0,research/tasks/active/TASK-2026-09-02-MOCK-PRODUCTION/mockL48/results/M48_00244.json,yes
TASK-2026-09-02-MOCK-PRODUCTION,mockL48,48,48.0,0.35,0.3332,1024,5,6.0,systematic,31110005,ok,743.13,251,0.296675334447319,0.296675334447319,1.7057227445749423,1008.882163284799,5,0,research/tasks/active/TASK-2026-09-02-MOCK-PRODUCTION/mockL48/results/M48_00245.json,yes
TASK-2026-09-02-MOCK-PRODUCTION,mockL48,48,48.0,0.35,0.3332,1024,6,6.0,systematic,31110006,ok,703.76,251,0.34490997229411136,0.34490997229411136,2.741045521322926,1009.577344272022,7,0,research/tasks/active/TASK-2026-09-02-MOCK-PRODUCTION/mockL48/results/M48_00246.json,yes
TASK-2026-09-02-MOCK-PRODUCTION,mockL48,48,48.0,0.35,0.3332,1024,7,6.0,systematic,31110007,ok,706.69,251,0.3186598179031698,0.3186598179031698,4.28280385894116,1008.6377355548811,6,0,research/tasks/active/TASK-2026-09-02-MOCK-PRODUCTION/mockL48/results/M48_00247.json,yes
TASK-2026-09-02-MOCK-PRODUCTION,mockL48,48,48.0,0.35,0.3332,1024,8,6.0,systematic,31110008,ok,696.08,251,0.34665288385318144,0.34665288385318144,2.41167270786951,1008.7605007121754,6,0,research/tasks/active/TASK-2026-09-02-MOCK-PRODUCTION/mockL48/results/M48_00248.json,yes
TASK-2026-09-02-MOCK-PRODUCTION,mockL48,48,48.0,0.35,0.3332,1024,9,6.0,systematic,31110009,ok,705.9,251,0.31799614796390485,0.31799614796390485,4.223394742989713,1009.2391560375454,7,0,research/tasks/active/TASK-2026-09-02-MOCK-PRODUCTION/mockL48/results/M48_00249.json,yes
TASK-2026-09-02-MOCK-PRODUCTION,mockL48,48,48.0,0.35,0.3332,1024,10,6.0,systematic,31110010,ok,705.75,251,0.3319120920214874,0.3319120920214874,3.2194337154822508,1010.160023191882,6,0,research/tasks/active/TASK-2026-09-02-MOCK-PRODUCTION/mockL48/results/M48_00250.json,yes
TASK-2026-09-02-MOCK-PRODUCTION,mockL48,48,48.0,0.35,0.3332,1024,11,6.0,systematic,31110011,ok,705.38,251,0.32600154357836386,0.32600154357836386,1.9419584486200778,1008.5419728839296,3,0,research/tasks/active/TASK-2026-09-02-MOCK-PRODUCTION/mockL48/results/M48_00251.json,yes
TASK-2026-09-02-MOCK-PRODUCTION,mockL48,48,48.0,0.35,0.3332,1024,12,6.0,systematic,31110012,ok,604.57,251,0.33983865420783155,0.33983865420783155,3.881774566131612,1010.0768418538,6,0,research/tasks/active/TASK-2026-09-02-MOCK-PRODUCTION/mockL48/results/M48_00252.json,yes
TASK-2026-09-02-MOCK-PRODUCTION,mockL48,48,48.0,0.35,0.3332,1024,13,6.0,systematic,31110013,ok,656.18,251,0.3564582964031848,0.3564582964031848,1.0257369412657762,1008.6141554048914,3,0,research/tasks/active/TASK-2026-09-02-MOCK-PRODUCTION/mockL48/results/M48_00253.json,yes
TASK-2026-09-02-MOCK-PRODUCTION,mockL48,48,48.0,0.35,0.3332,1024,14,6.0,systematic,31110014,ok,654.94,251,0.3467047360127718,0.3467047360127718,2.2180067518973847,1008.7756288521375,5,0,research/tasks/active/TASK-2026-09-02-MOCK-PRODUCTION/mockL48/results/M48_00254.json,yes
TASK-2026-09-02-MOCK-PRODUCTION,mockL48,48,48.0,0.35,0.3332,1024,15,6.0,systematic,31110015,ok,659.06,251,0.3213622682793525,0.3213622682793525,4.100837706982456,1008.6984661121431,7,0,research/tasks/active/TASK-2026-09-02-MOCK-PRODUCTION/mockL48/results/M48_00255.json,yes
TASK-2026-09-02-MOCK-PRODUCTION,mockL48,48,48.0,0.35,0.3332,1024,16,6.0,systematic,31110016,ok,693.98,251,0.3216822638927037,0.3216822638927037,3.041995938497244,1008.8474804828389,6,0,research/tasks/active/TASK-2026-09-02-MOCK-PRODUCTION/mockL48/results/M48_00256.json,yes
TASK-2026-09-02-MOCK-PRODUCTION,mockL48,48,48.0,0.35,0.3332,1024,17,6.0,systematic,31110017,ok,696.27,251,0.3282026266355025,0.3282026266355025,1.0,1009.1021736184558,1,0,research/tasks/active/TASK-2026-09-02-MOCK-PRODUCTION/mockL48/results/M48_00257.json,yes
TASK-2026-09-02-MOCK-PRODUCTION,mockL48,48,48.0,0.35,0.3332,1024,18,6.0,systematic,31110018,ok,696.33,251,0.32371706754204255,0.32371706754204255,4.29388784694638,1008.41026690131,7,0,research/tasks/active/TASK-2026-09-02-MOCK-PRODUCTION/mockL48/results/M48_00258.json,yes
TASK-2026-09-02-MOCK-PRODUCTION,mockL48,48,48.0,0.35,0.3332,1024,19,6.0,systematic,31110019,ok,691.87,251,0.3314725625030264,0.3314725625030264,1.4838059659251712,1009.8928687354262,4,0,research/tasks/active/TASK-2026-09-02-MOCK-PRODUCTION/mockL48/results/M48_00259.json,yes
TASK-2026-09-02-MOCK-PRODUCTION,mockL48,48,48.0,0.35,0.3332,1024,20,6.0,systematic,31110020,ok,714.67,251,0.29869980515141636,0.29869980515141636,2.802405323783307,1008.0540978064771,6,0,research/tasks/active/TASK-2026-09-02-MOCK-PRODUCTION/mockL48/results/M48_00260.json,yes
TASK-2026-09-02-MOCK-PRODUCTION,mockL48,48,48.0,0.35,0.3332,1024,21,6.0,systematic,31110021,ok,680.14,251,0.3236710509083845,0.3236710509083845,3.4768261547133528,1007.8961422990808,6,0,research/tasks/active/TASK-2026-09-02-MOCK-PRODUCTION/mockL48/results/M48_00261.json,yes
TASK-2026-09-02-MOCK-PRODUCTION,mockL48,48,48.0,0.35,0.3332,1024,22,6.0,systematic,31110022,ok,684.71,251,0.38961977776824974,0.38961977776824974,3.649251757499826,1008.6836615021764,6,0,research/tasks/active/TASK-2026-09-02-MOCK-PRODUCTION/mockL48/results/M48_00262.json,yes
TASK-2026-09-02-MOCK-PRODUCTION,mockL48,48,48.0,0.35,0.3332,1024,23,6.0,systematic,31110023,ok,692.73,251,0.3134207330865896,0.3134207330865896,3.206929033678725,1009.3874677391217,5,0,research/tasks/active/TASK-2026-09-02-MOCK-PRODUCTION/mockL48/results/M48_00263.json,yes
TASK-2026-09-02-MOCK-PRODUCTION,mockL48,48,48.0,0.35,0.3432,1024,0,6.0,systematic,31111000,ok,692.91,259,0.28203283903545184,0.28203283903545184,4.379980117125171,1009.9564513586738,8,0,research/tasks/active/TASK-2026-09-02-MOCK-PRODUCTION/mockL48/results/M48_00264.json,yes
TASK-2026-09-02-MOCK-PRODUCTION,mockL48,48,48.0,0.35,0.3432,1024,1,6.0,systematic,31111001,ok,722.72,259,0.262611230237335,0.262611230237335,1.5738665529942573,1008.4831572626097,5,0,research/tasks/active/TASK-2026-09-02-MOCK-PRODUCTION/mockL48/results/M48_00265.json,yes
TASK-2026-09-02-MOCK-PRODUCTION,mockL48,48,48.0,0.35,0.3432,1024,2,6.0,systematic,31111002,ok,721.63,259,0.3151883340503584,0.3151883340503584,1.0398248341954115,1009.6775958076386,2,0,research/tasks/active/TASK-2026-09-02-MOCK-PRODUCTION/mockL48/results/M48_00266.json,yes
TASK-2026-09-02-MOCK-PRODUCTION,mockL48,48,48.0,0.35,0.3432,1024,3,6.0,systematic,31111003,ok,703.85,259,0.29504743953885443,0.29504743953885443,3.9306958158086114,1007.8952725645523,10,0,research/tasks/active/TASK-2026-09-02-MOCK-PRODUCTION/mockL48/results/M48_00267.json,yes
TASK-2026-09-02-MOCK-PRODUCTION,mockL48,48,48.0,0.35,0.3432,1024,4,6.0,systematic,31111004,ok,703.27,259,0.28947366733478264,0.28947366733478264,2.1852617539179726,1009.333984732814,5,0,research/tasks/active/TASK-2026-09-02-MOCK-PRODUCTION/mockL48/results/M48_00268.json,yes
TASK-2026-09-02-MOCK-PRODUCTION,mockL48,48,48.0,0.35,0.3432,1024,5,6.0,systematic,31111005,ok,744.38,259,0.2624190817132563,0.2624190817132563,3.348392824069639,1007.8482554039336,6,0,research/tasks/active/TASK-2026-09-02-MOCK-PRODUCTION/mockL48/results/M48_00269.json,yes
TASK-2026-09-02-MOCK-PRODUCTION,mockL48,48,48.0,0.35,0.3432,1024,6,6.0,systematic,31111006,ok,700.44,259,0.29533550376617423,0.29533550376617423,2.4669242025719087,1009.2805762516261,3,0,research/tasks/active/TASK-2026-09-02-MOCK-PRODUCTION/mockL48/results/M48_00270.json,yes
TASK-2026-09-02-MOCK-PRODUCTION,mockL48,48,48.0,0.35,0.3432,1024,7,6.0,systematic,31111007,ok,698.26,259,0.2720948947991959,0.2720948947991959,3.3872891375556433,1008.227601241166,6,0,research/tasks/active/TASK-2026-09-02-MOCK-PRODUCTION/mockL48/results/M48_00271.json,yes
TASK-2026-09-02-MOCK-PRODUCTION,mockL48,48,48.0,0.35,0.3432,1024,8,6.0,systematic,31111008,ok,691.11,259,0.28647968645802724,0.28647968645802724,1.1998617712955737,1008.1508965955087,3,0,research/tasks/active/TASK-2026-09-02-MOCK-PRODUCTION/mockL48/results/M48_00272.json,yes
TASK-2026-09-02-MOCK-PRODUCTION,mockL48,48,48.0,0.35,0.3432,1024,9,6.0,systematic,31111009,ok,692.63,259,0.3054065360886488,0.3054065360886488,1.6465349115473638,1009.2956997112016,4,0,research/tasks/active/TASK-2026-09-02-MOCK-PRODUCTION/mockL48/results/M48_00273.json,yes
TASK-2026-09-02-MOCK-PRODUCTION,mockL48,48,48.0,0.35,0.3432,1024,10,6.0,systematic,31111010,ok,690.95,259,0.26134803305899873,0.26134803305899873,1.0440905868389398,1008.1561603411394,3,0,research/tasks/active/TASK-2026-09-02-MOCK-PRODUCTION/mockL48/results/M48_00274.json,yes
TASK-2026-09-02-MOCK-PRODUCTION,mockL48,48,48.0,0.35,0.3432,1024,11,6.0,systematic,31111011,ok,696.96,259,0.3079575737747383,0.3079575737747383,1.3525545110260353,1007.9089095393188,3,0,research/tasks/active/TASK-2026-09-02-MOCK-PRODUCTION/mockL48/results/M48_00275.json,yes
TASK-2026-09-02-MOCK-PRODUCTION,mockL48,48,48.0,0.35,0.3432,1024,12,6.0,systematic,31111012,ok,686.55,259,0.26748822464032174,0.26748822464032174,1.6462040360082013,1008.7993567030478,3,0,research/tasks/active/TASK-2026-09-02-MOCK-PRODUCTION/mockL48/results/M48_00276.json,yes
TASK-2026-09-02-MOCK-PRODUCTION,mockL48,48,48.0,0.35,0.3432,1024,13,6.0,systematic,31111013,ok,695.92,259,0.31304056267687064,0.31304056267687064,2.2124190315434116,1008.4973305803177,6,0,research/tasks/active/TASK-2026-09-02-MOCK-PRODUCTION/mockL48/results/M48_00277.json,yes
TASK-2026-09-02-MOCK-PRODUCTION,mockL48,48,48.0,0.35,0.3432,1024,14,6.0,systematic,31111014,ok,698.46,259,0.28986551868290333,0.28986551868290333,2.0582833767141304,1008.0688887831162,4,0,research/tasks/active/TASK-2026-09-02-MOCK-PRODUCTION/mockL48/results/M48_00278.json,yes
TASK-2026-09-02-MOCK-PRODUCTION,mockL48,48,48.0,0.35,0.3432,1024,15,6.0,systematic,31111015,ok,700.81,259,0.29016910126276224,0.29016910126276224,5.837551356707826,1008.9724231064287,8,0,research/tasks/active/TASK-2026-09-02-MOCK-PRODUCTION/mockL48/results/M48_00279.json,yes
TASK-2026-09-02-MOCK-PRODUCTION,mockL48,48,48.0,0.35,0.3432,1024,16,6.0,systematic,31111016,ok,695.16,259,0.24321012269464604,0.24321012269464604,2.755422414925765,1009.4426471754658,4,0,research/tasks/active/TASK-2026-09-02-MOCK-PRODUCTION/mockL48/results/M48_00280.json,yes
TASK-2026-09-02-MOCK-PRODUCTION,mockL48,48,48.0,0.35,0.3432,1024,17,6.0,systematic,31111017,ok,687.77,259,0.2748901034975153,0.2748901034975153,2.8052993172527447,1008.3699113809705,7,0,research/tasks/active/TASK-2026-09-02-MOCK-PRODUCTION/mockL48/results/M48_00281.json,yes
TASK-2026-09-02-MOCK-PRODUCTION,mockL48,48,48.0,0.35,0.3432,1024,18,6.0,systematic,31111018,ok,697.68,259,0.29428062303868585,0.29428062303868585,4.021507850672312,1008.6386248393056,6,0,research/tasks/active/TASK-2026-09-02-MOCK-PRODUCTION/mockL48/results/M48_00282.json,yes
TASK-2026-09-02-MOCK-PRODUCTION,mockL48,48,48.0,0.35,0.3432,1024,19,6.0,systematic,31111019,ok,697.25,259,0.2854194990834892,0.2854194990834892,2.358905601123014,1008.7097895897285,4,0,research/tasks/active/TASK-2026-09-02-MOCK-PRODUCTION/mockL48/results/M48_00283.json,yes
TASK-2026-09-02-MOCK-PRODUCTION,mockL48,48,48.0,0.35,0.3432,1024,20,6.0,systematic,31111020,ok,696.01,259,0.2718060397084803,0.2718060397084803,2.0061989637781537,1007.5529389313965,4,0,research/tasks/active/TASK-2026-09-02-MOCK-PRODUCTION/mockL48/results/M48_00284.json,yes
TASK-2026-09-02-MOCK-PRODUCTION,mockL48,48,48.0,0.35,0.3432,1024,21,6.0,systematic,31111021,ok,693.92,259,0.27425757990122696,0.27425757990122696,1.8660127345916069,1008.3153520185633,4,0,research/tasks/active/TASK-2026-09-02-MOCK-PRODUCTION/mockL48/results/M48_00285.json,yes
TASK-2026-09-02-MOCK-PRODUCTION,mockL48,48,48.0,0.35,0.3432,1024,22,6.0,systematic,31111022,ok,692.35,259,0.29630755916642765,0.29630755916642765,3.353919179125006,1009.2494312001307,5,0,research/tasks/active/TASK-2026-09-02-MOCK-PRODUCTION/mockL48/results/M48_00286.json,yes
TASK-2026-09-02-MOCK-PRODUCTION,mockL48,48,48.0,0.35,0.3432,1024,23,6.0,systematic,31111023,ok,725.69,259,0.27011965543837474,0.27011965543837474,1.0197219477660129,1009.0369158338394,2,0,research/tasks/active/TASK-2026-09-02-MOCK-PRODUCTION/mockL48/results/M48_00287.json,yes
TASK-2026-09-02-MOCK-PRODUCTION,mockL48,48,48.0,0.35,0.3532,1024,0,6.0,systematic,31112000,ok,698.87,266,0.250448166496785,0.250448166496785,2.11410713925684,1009.2570303684508,3,0,research/tasks/active/TASK-2026-09-02-MOCK-PRODUCTION/mockL48/results/M48_00288.json,yes
TASK-2026-09-02-MOCK-PRODUCTION,mockL48,48,48.0,0.35,0.3532,1024,1,6.0,systematic,31112001,ok,710.09,266,0.27074679939729046,0.27074679939729046,3.6196236002374937,1009.289967371158,7,0,research/tasks/active/TASK-2026-09-02-MOCK-PRODUCTION/mockL48/results/M48_00289.json,yes
TASK-2026-09-02-MOCK-PRODUCTION,mockL48,48,48.0,0.35,0.3532,1024,2,6.0,systematic,31112002,ok,709.03,266,0.25083735083283926,0.25083735083283926,3.5520626554020636,1008.7194642344308,8,0,research/tasks/active/TASK-2026-09-02-MOCK-PRODUCTION/mockL48/results/M48_00290.json,yes
TASK-2026-09-02-MOCK-PRODUCTION,mockL48,48,48.0,0.35,0.3532,1024,3,6.0,systematic,31112003,ok,705.27,266,0.25597014822641606,0.25597014822641606,4.893941939699431,1007.9542546428521,7,0,research/tasks/active/TASK-2026-09-02-MOCK-PRODUCTION/mockL48/results/M48_00291.json,yes
TASK-2026-09-02-MOCK-PRODUCTION,mockL48,48,48.0,0.35,0.3532,1024,4,6.0,systematic,31112004,ok,727.61,266,0.23245672611179274,0.23245672611179274,1.4797144929540496,1008.2891655477528,3,0,research/tasks/active/TASK-2026-09-02-MOCK-PRODUCTION/mockL48/results/M48_00292.json,yes
TASK-2026-09-02-MOCK-PRODUCTION,mockL48,48,48.0,0.35,0.3532,1024,5,6.0,systematic,31112005,ok,708.47,266,0.22762053508971616,0.22762053508971616,3.7787339546080276,1008.3710536077871,6,0,research/tasks/active/TASK-2026-09-02-MOCK-PRODUCTION/mockL48/results/M48_00293.json,yes
TASK-2026-09-02-MOCK-PRODUCTION,mockL48,48,48.0,0.35,0.3532,1024,6,6.0,systematic,31112006,ok,710.43,266,0.2611564320629519,0.2611564320629519,3.3843373182886207,1008.7898616322121,8,0,research/tasks/active/TASK-2026-09-02-MOCK-PRODUCTION/mockL48/results/M48_00294.json,yes
TASK-2026-09-02-MOCK-PRODUCTION,mockL48,48,48.0,0.35,0.3532,1024,7,6.0,systematic,31112007,ok,716.58,266,0.2405513967848607,0.2405513967848607,2.5916489948047197,1008.8859151242041,4,0,research/tasks/active/TASK-2026-09-02-MOCK-PRODUCTION/mockL48/results/M48_00295.json,yes
TASK-2026-09-02-MOCK-PRODUCTION,mockL48,48,48.0,0.35,0.3532,1024,8,6.0,systematic,31112008,ok,708.14,266,0.266551659933933,0.266551659933933,1.0377974358314546,1007.8156573958498,2,0,research/tasks/active/TASK-2026-09-02-MOCK-PRODUCTION/mockL48/results/M48_00296.json,yes
TASK-2026-09-02-MOCK-PRODUCTION,mockL48,48,48.0,0.35,0.3532,1024,9,6.0,systematic,31112009,ok,729.03,266,0.2590319656526108,0.2590319656526108,4.754799800480661,1005.5136005618576,6,0,research/tasks/active/TASK-2026-09-02-MOCK-PRODUCTION/mockL48/results/M48_00297.json,yes
TASK-2026-09-02-MOCK-PRODUCTION,mockL48,48,48.0,0.35,0.3532,1024,10,6.0,systematic,31112010,ok,712.04,266,0.2633224496638284,0.2633224496638284,3.5282542716205576,1009.6813982762817,6,0,research/tasks/active/TASK-2026-09-02-MOCK-PRODUCTION/mockL48/results/M48_00298.json,yes
TASK-2026-09-02-MOCK-PRODUCTION,mockL48,48,48.0,0.35,0.3532,1024,11,6.0,systematic,31112011,ok,710.02,266,0.2549484224588571,0.2549484224588571,3.2352872208475003,1008.5025561268021,6,0,research/tasks/active/TASK-2026-09-02-MOCK-PRODUCTION/mockL48/results/M48_00299.json,yes
TASK-2026-09-02-MOCK-PRODUCTION,mockL48,48,48.0,0.35,0.3532,1024,12,6.0,systematic,31112012,ok,713.65,266,0.2259324034308683,0.2259324034308683,3.591948589358874,1007.8485714097617,8,0,research/tasks/active/TASK-2026-09-02-MOCK-PRODUCTION/mockL48/results/M48_00300.json,yes
TASK-2026-09-02-MOCK-PRODUCTION,mockL48,48,48.0,0.35,0.3532,1024,13,6.0,systematic,31112013,ok,729.04,266,0.2738427127580353,0.2738427127580353,3.130619629667226,1009.0075859622212,6,0,research/tasks/active/TASK-2026-09-02-MOCK-PRODUCTION/mockL48/results/M48_00301.json,yes
TASK-2026-09-02-MOCK-PRODUCTION,mockL48,48,48.0,0.35,0.3532,1024,14,6.0,systematic,31112014,ok,709.98,266,0.24591107618502156,0.24591107618502156,1.7756343389734073,1008.6155846080221,2,0,research/tasks/active/TASK-2026-09-02-MOCK-PRODUCTION/mockL48/results/M48_00302.json,yes
TASK-2026-09-02-MOCK-PRODUCTION,mockL48,48,48.0,0.35,0.3532,1024,15,6.0,systematic,31112015,ok,705.78,266,0.24045675683849438,0.24045675683849438,4.226765559496936,1008.8322633166307,7,0,research/tasks/active/TASK-2026-09-02-MOCK-PRODUCTION/mockL48/results/M48_00303.json,yes
TASK-2026-09-02-MOCK-PRODUCTION,mockL48,48,48.0,0.35,0.3532,1024,16,6.0,systematic,31112016,ok,712.05,266,0.25499956565319143,0.25499956565319143,2.9348036608917125,1007.4570152812981,4,0,research/tasks/active/TASK-2026-09-02-MOCK-PRODUCTION/mockL48/results/M48_00304.json,yes
TASK-2026-09-02-MOCK-PRODUCTION,mockL48,48,48.0,0.35,0.3532,1024,17,6.0,systematic,31112017,ok,705.98,266,0.23346880103343176,0.23346880103343176,1.3187379265936896,1008.494066632731,2,0,research/tasks/active/TASK-2026-09-02-MOCK-PRODUCTION/mockL48/results/M48_00305.json,yes
TASK-2026-09-02-MOCK-PRODUCTION,mockL48,48,48.0,0.35,0.3532,1024,18,6.0,systematic,31112018,ok,707.66,266,0.2430665376262356,0.2430665376262356,4.503379974403243,1006.8719017012259,7,0,research/tasks/active/TASK-2026-09-02-MOCK-PRODUCTION/mockL48/results/M48_00306.json,yes
TASK-2026-09-02-MOCK-PRODUCTION,mockL48,48,48.0,0.35,0.3532,1024,19,6.0,systematic,31112019,ok,689.42,266,0.2553765896003755,0.2553765896003755,3.218820986972164,1008.4662784321268,5,0,research/tasks/active/TASK-2026-09-02-MOCK-PRODUCTION/mockL48/results/M48_00307.json,yes
TASK-2026-09-02-MOCK-PRODUCTION,mockL48,48,48.0,0.35,0.3532,1024,20,6.0,systematic,31112020,ok,746.89,266,0.2365659713583269,0.2365659713583269,3.4726579058923273,1009.082653322593,6,0,research/tasks/active/TASK-2026-09-02-MOCK-PRODUCTION/mockL48/results/M48_00308.json,yes
TASK-2026-09-02-MOCK-PRODUCTION,mockL48,48,48.0,0.35,0.3532,1024,21,6.0,systematic,31112021,ok,710.32,266,0.24406408592451162,0.24406408592451162,2.600402741818687,1008.7228242437768,7,0,research/tasks/active/TASK-2026-09-02-MOCK-PRODUCTION/mockL48/results/M48_00309.json,yes
TASK-2026-09-02-MOCK-PRODUCTION,mockL48,48,48.0,0.35,0.3532,1024,22,6.0,systematic,31112022,ok,672.33,266,0.23202770334881856,0.23202770334881856,1.6405224258884932,1007.7607148720334,6,0,research/tasks/active/TASK-2026-09-02-MOCK-PRODUCTION/mockL48/results/M48_00310.json,yes
TASK-2026-09-02-MOCK-PRODUCTION,mockL48,48,48.0,0.35,0.3532,1024,23,6.0,systematic,31112023,ok,678.48,266,0.24787526881056435,0.24787526881056435,4.100837706982456,1008.7926204495932,5,0,research/tasks/active/TASK-2026-09-02-MOCK-PRODUCTION/mockL48/results/M48_00311.json,yes
TASK-2026-09-02-MOCK-PRODUCTION,mockL64,64,64.0,0.35,0.2332,1024,0,6.0,systematic,31200000,ok,1655.89,314,0.8384462551479913,0.8384462551479913,1.4185166245944973,1013.895749968059,3,0,research/tasks/active/TASK-2026-09-02-MOCK-PRODUCTION/mockL64/results/M64_00000.json,yes
TASK-2026-09-02-MOCK-PRODUCTION,mockL64,64,64.0,0.35,0.2332,1024,1,6.0,systematic,31200001,ok,1620.78,314,0.8703432366042321,0.8703432366042321,1.8571489295379515,1013.979470066625,2,0,research/tasks/active/TASK-2026-09-02-MOCK-PRODUCTION/mockL64/results/M64_00001.json,yes
TASK-2026-09-02-MOCK-PRODUCTION,mockL64,64,64.0,0.35,0.2332,1024,2,6.0,systematic,31200002,ok,1624.9,314,0.7816229956749539,0.7816229956749539,1.0706900319192605,1013.9517984339408,2,0,research/tasks/active/TASK-2026-09-02-MOCK-PRODUCTION/mockL64/results/M64_00002.json,yes
TASK-2026-09-02-MOCK-PRODUCTION,mockL64,64,64.0,0.35,0.2332,1024,3,6.0,systematic,31200003,ok,1625.36,314,0.8218446625597597,0.8218446625597597,1.0,1014.4988915357749,1,0,research/tasks/active/TASK-2026-09-02-MOCK-PRODUCTION/mockL64/results/M64_00003.json,yes
TASK-2026-09-02-MOCK-PRODUCTION,mockL64,64,64.0,0.35,0.2332,1024,4,6.0,systematic,31200004,ok,1622.8,314,0.8971206922625519,0.8971206922625519,1.0398248341954115,1014.1161388464226,2,0,research/tasks/active/TASK-2026-09-02-MOCK-PRODUCTION/mockL64/results/M64_00004.json,yes
TASK-2026-09-02-MOCK-PRODUCTION,mockL64,64,64.0,0.35,0.2332,1024,5,6.0,systematic,31200005,ok,1629.13,314,0.8269673065261949,0.8269673065261949,1.7466427245984761,1012.7884107110341,2,0,research/tasks/active/TASK-2026-09-02-MOCK-PRODUCTION/mockL64/results/M64_00005.json,yes
TASK-2026-09-02-MOCK-PRODUCTION,mockL64,64,64.0,0.35,0.2332,1024,6,6.0,systematic,31200006,ok,1643.13,314,0.9069085794276357,0.9069085794276357,2.7432542028788345,1013.7484337287435,5,0,research/tasks/active/TASK-2026-09-02-MOCK-PRODUCTION/mockL64/results/M64_00006.json,yes
TASK-2026-09-02-MOCK-PRODUCTION,mockL64,64,64.0,0.35,0.2332,1024,7,6.0,systematic,31200007,ok,1607.54,314,0.7425125016140657,0.7425125016140657,2.9743967957700534,1014.0498449905299,5,0,research/tasks/active/TASK-2026-09-02-MOCK-PRODUCTION/mockL64/results/M64_00007.json,yes
TASK-2026-09-02-MOCK-PRODUCTION,mockL64,64,64.0,0.35,0.2332,1024,8,6.0,systematic,31200008,ok,1614.14,314,0.7770391417856111,0.7770391417856111,1.0,1013.5966506984511,1,0,research/tasks/active/TASK-2026-09-02-MOCK-PRODUCTION/mockL64/results/M64_00008.json,yes
TASK-2026-09-02-MOCK-PRODUCTION,mockL64,64,64.0,0.35,0.2332,1024,9,6.0,systematic,31200009,ok,1635.54,314,0.8550724707298882,0.8550724707298882,1.732089820972543,1013.7171089146469,5,0,research/tasks/active/TASK-2026-09-02-MOCK-PRODUCTION/mockL64/results/M64_00009.json,yes
TASK-2026-09-02-MOCK-PRODUCTION,mockL64,64,64.0,0.35,0.2332,1024,10,6.0,systematic,31200010,ok,1629.37,314,0.8802085341011698,0.8802085341011698,1.0,1013.5988683463701,1,0,research/tasks/active/TASK-2026-09-02-MOCK-PRODUCTION/mockL64/results/M64_00010.json,yes
TASK-2026-09-02-MOCK-PRODUCTION,mockL64,64,64.0,0.35,0.2332,1024,11,6.0,systematic,31200011,ok,1535.05,314,0.7275845166401871,0.7275845166401871,2.091237978995401,1013.1994783966121,3,0,research/tasks/active/TASK-2026-09-02-MOCK-PRODUCTION/mockL64/results/M64_00011.json,yes
TASK-2026-09-02-MOCK-PRODUCTION,mockL64,64,64.0,0.35,0.2332,1024,12,6.0,systematic,31200012,ok,1542.78,314,0.816154512393415,0.816154512393415,1.1932314485018833,1012.9277890747658,2,0,research/tasks/active/TASK-2026-09-02-MOCK-PRODUCTION/mockL64/results/M64_00012.json,yes
TASK-2026-09-02-MOCK-PRODUCTION,mockL64,64,64.0,0.35,0.2332,1024,13,6.0,systematic,31200013,ok,1569.89,314,0.8556945284464965,0.8556945284464965,1.9990772691743084,1014.7944530762247,2,0,research/tasks/active/TASK-2026-09-02-MOCK-PRODUCTION/mockL64/results/M64_00013.json,yes
TASK-2026-09-02-MOCK-PRODUCTION,mockL64,64,64.0,0.35,0.2332,1024,14,6.0,systematic,31200014,ok,1545.93,314,0.7344419183577984,0.7344419183577984,1.0039138793360958,1013.217649945909,2,0,research/tasks/active/TASK-2026-09-02-MOCK-PRODUCTION/mockL64/results/M64_00014.json,yes
TASK-2026-09-02-MOCK-PRODUCTION,mockL64,64,64.0,0.35,0.2332,1024,15,6.0,systematic,31200015,ok,1739.35,314,0.8682982715926557,0.8682982715926557,2.1727011649061154,1013.8954832558171,3,0,research/tasks/active/TASK-2026-09-02-MOCK-PRODUCTION/mockL64/results/M64_00015.json,yes
TASK-2026-09-02-MOCK-PRODUCTION,mockL64,64,64.0,0.35,0.2332,1024,16,6.0,systematic,31200016,ok,1726.65,314,0.8287387358638473,0.8287387358638473,1.4836715982024609,1013.6306648684742,3,0,research/tasks/active/TASK-2026-09-02-MOCK-PRODUCTION/mockL64/results/M64_00016.json,yes
TASK-2026-09-02-MOCK-PRODUCTION,mockL64,64,64.0,0.35,0.2332,1024,17,6.0,systematic,31200017,ok,1719.01,314,0.7373915245496808,0.7373915245496808,2.407210317770054,1013.2071215914758,6,0,research/tasks/active/TASK-2026-09-02-MOCK-PRODUCTION/mockL64/results/M64_00017.json,yes
TASK-2026-09-02-MOCK-PRODUCTION,mockL64,64,64.0,0.35,0.2332,1024,18,6.0,systematic,31200018,ok,1722.69,314,0.8117456570798958,0.8117456570798958,1.8070795850136145,1013.768957729457,4,0,research/tasks/active/TASK-2026-09-02-MOCK-PRODUCTION/mockL64/results/M64_00018.json,yes
TASK-2026-09-02-MOCK-PRODUCTION,mockL64,64,64.0,0.35,0.2332,1024,19,6.0,systematic,31200019,ok,1730.71,314,0.7669272797844209,0.7669272797844209,1.7971809356661,1013.0971127739172,2,0,research/tasks/active/TASK-2026-09-02-MOCK-PRODUCTION/mockL64/results/M64_00019.json,yes
TASK-2026-09-02-MOCK-PRODUCTION,mockL64,64,64.0,0.35,0.2332,1024,20,6.0,systematic,31200020,ok,1710.43,314,0.6669024875912646,0.6669024875912646,2.0429644119377626,1012.90338197521,4,0,research/tasks/active/TASK-2026-09-02-MOCK-PRODUCTION/mockL64/results/M64_00020.json,yes
TASK-2026-09-02-MOCK-PRODUCTION,mockL64,64,64.0,0.35,0.2332,1024,21,6.0,systematic,31200021,ok,1728.42,314,0.6393371143290779,0.6393371143290779,1.2847141733460428,1012.9164492685228,3,0,research/tasks/active/TASK-2026-09-02-MOCK-PRODUCTION/mockL64/results/M64_00021.json,yes
TASK-2026-09-02-MOCK-PRODUCTION,mockL64,64,64.0,0.35,0.2332,1024,22,6.0,systematic,31200022,ok,1734.46,314,0.8990666913762543,0.8990666913762543,1.1553919894220703,1013.3256083637755,3,0,research/tasks/active/TASK-2026-09-02-MOCK-PRODUCTION/mockL64/results/M64_00022.json,yes
TASK-2026-09-02-MOCK-PRODUCTION,mockL64,64,64.0,0.35,0.2332,1024,23,6.0,systematic,31200023,ok,1757.74,314,0.9870911337698864,0.9870911337698864,1.9867747424106348,1014.5237896282482,3,0,research/tasks/active/TASK-2026-09-02-MOCK-PRODUCTION/mockL64/results/M64_00023.json,yes
TASK-2026-09-02-MOCK-PRODUCTION,mockL64,64,64.0,0.35,0.2432,1024,0,6.0,systematic,31201000,ok,1789.56,327,0.8529153128736195,0.8529153128736195,1.0277174467017414,1013.9401037192749,2,0,research/tasks/active/TASK-2026-09-02-MOCK-PRODUCTION/mockL64/results/M64_00024.json,yes
TASK-2026-09-02-MOCK-PRODUCTION,mockL64,64,64.0,0.35,0.2432,1024,1,6.0,systematic,31201001,ok,1776.6,327,0.6930075455168283,0.6930075455168283,1.6593072716224428,1012.5660969695688,2,0,research/tasks/active/TASK-2026-09-02-MOCK-PRODUCTION/mockL64/results/M64_00025.json,yes
TASK-2026-09-02-MOCK-PRODUCTION,mockL64,64,64.0,0.35,0.2432,1024,2,6.0,systematic,31201002,ok,1773.84,327,0.7208424261833161,0.7208424261833161,1.0481714058373468,1013.0634190713155,3,0,research/tasks/active/TASK-2026-09-02-MOCK-PRODUCTION/mockL64/results/M64_00026.json,yes
TASK-2026-09-02-MOCK-PRODUCTION,mockL64,64,64.0,0.35,0.2432,1024,3,6.0,systematic,31201003,ok,1774.05,327,0.7032668253433945,0.7032668253433945,1.0520688686438977,1013.8960357200469,2,0,research/tasks/active/TASK-2026-09-02-MOCK-PRODUCTION/mockL64/results/M64_00027.json,yes
TASK-2026-09-02-MOCK-PRODUCTION,mockL64,64,64.0,0.35,0.2432,1024,4,6.0,systematic,31201004,ok,1801.86,327,0.7799525323376808,0.7799525323376808,2.0178815415228177,1012.8444495367776,5,0,research/tasks/active/TASK-2026-09-02-MOCK-PRODUCTION/mockL64/results/M64_00028.json,yes
TASK-2026-09-02-MOCK-PRODUCTION,mockL64,64,64.0,0.35,0.2432,1024,5,6.0,systematic,31201005,ok,1793.65,327,0.6920203960652656,0.6920203960652656,2.6186249781484903,1012.3858942706174,4,0,research/tasks/active/TASK-2026-09-02-MOCK-PRODUCTION/mockL64/results/M64_00029.json,yes
TASK-2026-09-02-MOCK-PRODUCTION,mockL64,64,64.0,0.35,0.2432,1024,6,6.0,systematic,31201006,ok,1771.73,327,0.8184651425833966,0.8184651425833966,1.0019550323449877,1013.5386824600887,2,0,research/tasks/active/TASK-2026-09-02-MOCK-PRODUCTION/mockL64/results/M64_00030.json,yes
TASK-2026-09-02-MOCK-PRODUCTION,mockL64,64,64.0,0.35,0.2432,1024,7,6.0,systematic,31201007,ok,1761.03,327,0.7147342949943167,0.7147342949943167,1.0,1012.4206705625594,1,0,research/tasks/active/TASK-2026-09-02-MOCK-PRODUCTION/mockL64/results/M64_00031.json,yes
TASK-2026-09-02-MOCK-PRODUCTION,mockL64,64,64.0,0.35,0.2432,1024,8,6.0,systematic,31201008,ok,1766.7,327,0.6810430609444776,0.6810430609444776,1.0874975368436337,1013.0419871771568,2,0,research/tasks/active/TASK-2026-09-02-MOCK-PRODUCTION/mockL64/results/M64_00032.json,yes
TASK-2026-09-02-MOCK-PRODUCTION,mockL64,64,64.0,0.35,0.2432,1024,9,6.0,systematic,31201009,ok,1798.83,327,0.7118795214007199,0.7118795214007199,1.0058765408412873,1013.2808333882637,2,0,research/tasks/active/TASK-2026-09-02-MOCK-PRODUCTION/mockL64/results/M64_00033.json,yes
TASK-2026-09-02-MOCK-PRODUCTION,mockL64,64,64.0,0.35,0.2432,1024,10,6.0,systematic,31201010,ok,1777.71,327,0.6550629286649572,0.6550629286649572,1.4584297667794197,1013.1671344333748,2,0,research/tasks/active/TASK-2026-09-02-MOCK-PRODUCTION/mockL64/results/M64_00034.json,yes
TASK-2026-09-02-MOCK-PRODUCTION,mockL64,64,64.0,0.35,0.2432,1024,11,6.0,systematic,31201011,ok,1709.99,327,0.7573413523144198,0.7573413523144198,2.8535475584002787,1013.3418208231953,3,0,research/tasks/active/TASK-2026-09-02-MOCK-PRODUCTION/mockL64/results/M64_00035.json,yes
TASK-2026-09-02-MOCK-PRODUCTION,mockL64,64,64.0,0.35,0.2432,1024,12,6.0,systematic,31201012,ok,1706.68,327,0.6629678434919324,0.6629678434919324,1.0,1013.5477982130642,1,0,research/tasks/active/TASK-2026-09-02-MOCK-PRODUCTION/mockL64/results/M64_00036.json,yes
TASK-2026-09-02-MOCK-PRODUCTION,mockL64,64,64.0,0.35,0.2432,1024,13,6.0,systematic,31201013,ok,1711.08,327,0.6841053460337099,0.6841053460337099,1.486308806645027,1013.7481186461144,2,0,research/tasks/active/TASK-2026-09-02-MOCK-PRODUCTION/mockL64/results/M64_00037.json,yes
TASK-2026-09-02-MOCK-PRODUCTION,mockL64,64,64.0,0.35,0.2432,1024,14,6.0,systematic,31201014,ok,1725.75,327,0.8063524927109788,0.8063524927109788,1.3735316000712587,1013.0993951017479,3,0,research/tasks/active/TASK-2026-09-02-MOCK-PRODUCTION/mockL64/results/M64_00038.json,yes
TASK-2026-09-02-MOCK-PRODUCTION,mockL64,64,64.0,0.35,0.2432,1024,15,6.0,systematic,31201015,ok,1714.39,327,0.6689689545624428,0.6689689545624428,1.8372154143203059,1012.8517032612023,3,0,research/tasks/active/TASK-2026-09-02-MOCK-PRODUCTION/mockL64/results/M64_00039.json,yes
TASK-2026-09-02-MOCK-PRODUCTION,mockL64,64,64.0,0.35,0.2432,1024,16,6.0,systematic,31201016,ok,1703.0,327,0.787523538672902,0.787523538672902,1.1071392370848396,1013.6050421302888,3,0,research/tasks/active/TASK-2026-09-02-MOCK-PRODUCTION/mockL64/results/M64_00040.json,yes
TASK-2026-09-02-MOCK-PRODUCTION,mockL64,64,64.0,0.35,0.2432,1024,17,6.0,systematic,31201017,ok,1704.3,327,0.6687284485148806,0.6687284485148806,1.8320922252235567,1012.9005738972457,2,0,research/tasks/active/TASK-2026-09-02-MOCK-PRODUCTION/mockL64/results/M64_00041.json,yes
TASK-2026-09-02-MOCK-PRODUCTION,mockL64,64,64.0,0.35,0.2432,1024,18,6.0,systematic,31201018,ok,1709.95,327,0.5976786841456889,0.5976786841456889,1.1481806734191076,1012.263501041346,2,0,research/tasks/active/TASK-2026-09-02-MOCK-PRODUCTION/mockL64/results/M64_00042.json,yes
TASK-2026-09-02-MOCK-PRODUCTION,mockL64,64,64.0,0.35,0.2432,1024,19,6.0,systematic,31201019,ok,1698.35,327,0.713542515201653,0.713542515201653,1.2599291078401922,1013.90149451947,3,0,research/tasks/active/TASK-2026-09-02-MOCK-PRODUCTION/mockL64/results/M64_00043.json,yes
TASK-2026-09-02-MOCK-PRODUCTION,mockL64,64,64.0,0.35,0.2432,1024,20,6.0,systematic,31201020,ok,1695.53,327,0.7145057559073583,0.7145057559073583,1.0,1013.0435223546801,1,0,research/tasks/active/TASK-2026-09-02-MOCK-PRODUCTION/mockL64/results/M64_00044.json,yes
TASK-2026-09-02-MOCK-PRODUCTION,mockL64,64,64.0,0.35,0.2432,1024,21,6.0,systematic,31201021,ok,1704.9,327,0.6648941809287142,0.6648941809287142,1.0217151097642967,1013.3220119175959,2,0,research/tasks/active/TASK-2026-09-02-MOCK-PRODUCTION/mockL64/results/M64_00045.json,yes
TASK-2026-09-02-MOCK-PRODUCTION,mockL64,64,64.0,0.35,0.2432,1024,22,6.0,systematic,31201022,ok,1699.07,327,0.6749344260908914,0.6749344260908914,1.1066905332837988,1012.6182549680577,2,0,research/tasks/active/TASK-2026-09-02-MOCK-PRODUCTION/mockL64/results/M64_00046.json,yes
TASK-2026-09-02-MOCK-PRODUCTION,mockL64,64,64.0,0.35,0.2432,1024,23,6.0,systematic,31201023,ok,1847.11,327,0.673379199989348,0.673379199989348,1.027808109342623,1013.6527094225963,3,0,research/tasks/active/TASK-2026-09-02-MOCK-PRODUCTION/mockL64/results/M64_00047.json,yes
TASK-2026-09-02-MOCK-PRODUCTION,mockL64,64,64.0,0.35,0.2532,1024,0,6.0,systematic,31202000,ok,1916.23,341,0.6192774087004387,0.6192774087004387,1.0,1012.9974316611612,1,0,research/tasks/active/TASK-2026-09-02-MOCK-PRODUCTION/mockL64/results/M64_00048.json,yes
TASK-2026-09-02-MOCK-PRODUCTION,mockL64,64,64.0,0.35,0.2532,1024,1,6.0,systematic,31202001,ok,1899.27,341,0.6870448136553768,0.6870448136553768,1.9697264561018586,1012.3937006367264,3,0,research/tasks/active/TASK-2026-09-02-MOCK-PRODUCTION/mockL64/results/M64_00049.json,yes
TASK-2026-09-02-MOCK-PRODUCTION,mockL64,64,64.0,0.35,0.2532,1024,2,6.0,systematic,31202002,ok,1902.49,341,0.6606994657590559,0.6606994657590559,2.3546256001221577,1012.7905321427053,4,0,research/tasks/active/TASK-2026-09-02-MOCK-PRODUCTION/mockL64/results/M64_00050.json,yes
TASK-2026-09-02-MOCK-PRODUCTION,mockL64,64,64.0,0.35,0.2532,1024,3,6.0,systematic,31202003,ok,1921.03,341,0.624330406564165,0.624330406564165,2.5419161531487418,1012.8032374662813,4,0,research/tasks/active/TASK-2026-09-02-MOCK-PRODUCTION/mockL64/results/M64_00051.json,yes
TASK-2026-09-02-MOCK-PRODUCTION,mockL64,64,64.0,0.35,0.2532,1024,4,6.0,systematic,31202004,ok,1918.26,341,0.704718641421809,0.704718641421809,1.9039470673895755,1013.7796382656043,2,0,research/tasks/active/TASK-2026-09-02-MOCK-PRODUCTION/mockL64/results/M64_00052.json,yes
TASK-2026-09-02-MOCK-PRODUCTION,mockL64,64,64.0,0.35,0.2532,1024,5,6.0,systematic,31202005,ok,1902.28,341,0.6885864142925517,0.6885864142925517,1.779998913574882,1013.9905386558142,2,0,research/tasks/active/TASK-2026-09-02-MOCK-PRODUCTION/mockL64/results/M64_00053.json,yes
TASK-2026-09-02-MOCK-PRODUCTION,mockL64,64,64.0,0.35,0.2532,1024,6,6.0,systematic,31202006,ok,1897.74,341,0.6163249529412185,0.6163249529412185,1.99972537951026,1013.8605919373382,2,0,research/tasks/active/TASK-2026-09-02-MOCK-PRODUCTION/mockL64/results/M64_00054.json,yes
TASK-2026-09-02-MOCK-PRODUCTION,mockL64,64,64.0,0.35,0.2532,1024,7,6.0,systematic,31202007,ok,1896.31,341,0.5888231061478212,0.5888231061478212,1.19781131127129,1013.8699322745925,2,0,research/tasks/active/TASK-2026-09-02-MOCK-PRODUCTION/mockL64/results/M64_00055.json,yes
TASK-2026-09-02-MOCK-PRODUCTION,mockL64,64,64.0,0.35,0.2532,1024,8,6.0,systematic,31202008,ok,1912.36,341,0.5749792976713503,0.5749792976713503,1.1955197198000658,1011.4816724248952,2,0,research/tasks/active/TASK-2026-09-02-MOCK-PRODUCTION/mockL64/results/M64_00056.json,yes
TASK-2026-09-02-MOCK-PRODUCTION,mockL64,64,64.0,0.35,0.2532,1024,9,6.0,systematic,31202009,ok,1929.89,341,0.7435913295370924,0.7435913295370924,2.4128158753388282,1012.8992568374123,3,0,research/tasks/active/TASK-2026-09-02-MOCK-PRODUCTION/mockL64/results/M64_00057.json,yes
TASK-2026-09-02-MOCK-PRODUCTION,mockL64,64,64.0,0.35,0.2532,1024,10,6.0,systematic,31202010,ok,1891.5,341,0.7224570540103067,0.7224570540103067,1.2920339588698448,1014.6353700279701,2,0,research/tasks/active/TASK-2026-09-02-MOCK-PRODUCTION/mockL64/results/M64_00058.json,yes
TASK-2026-09-02-MOCK-PRODUCTION,mockL64,64,64.0,0.35,0.2532,1024,11,6.0,systematic,31202011,ok,1897.69,341,0.6066070265486525,0.6066070265486525,1.0,1011.9348073953108,1,0,research/tasks/active/TASK-2026-09-02-MOCK-PRODUCTION/mockL64/results/M64_00059.json,yes
TASK-2026-09-02-MOCK-PRODUCTION,mockL64,64,64.0,0.35,0.2532,1024,12,6.0,systematic,31202012,ok,1899.59,341,0.5661435442976344,0.5661435442976344,1.8590124988919423,1013.3761654113097,2,0,research/tasks/active/TASK-2026-09-02-MOCK-PRODUCTION/mockL64/results/M64_00060.json,yes
TASK-2026-09-02-MOCK-PRODUCTION,mockL64,64,64.0,0.35,0.2532,1024,13,6.0,systematic,31202013,ok,1911.53,341,0.6329404756217496,0.6329404756217496,1.0,1012.8025122969301,1,0,research/tasks/active/TASK-2026-09-02-MOCK-PRODUCTION/mockL64/results/M64_00061.json,yes
TASK-2026-09-02-MOCK-PRODUCTION,mockL64,64,64.0,0.35,0.2532,1024,14,6.0,systematic,31202014,ok,1905.48,341,0.6884507758294325,0.6884507758294325,1.9825750242013553,1012.9469381620453,2,0,research/tasks/active/TASK-2026-09-02-MOCK-PRODUCTION/mockL64/results/M64_00062.json,yes
TASK-2026-09-02-MOCK-PRODUCTION,mockL64,64,64.0,0.35,0.2532,1024,15,6.0,systematic,31202015,ok,1891.85,341,0.5325941424283533,0.5325941424283533,1.0644490644490645,1013.2495222502733,2,0,research/tasks/active/TASK-2026-09-02-MOCK-PRODUCTION/mockL64/results/M64_00063.json,yes
TASK-2026-09-02-MOCK-PRODUCTION,mockL64,64,64.0,0.35,0.2532,1024,16,6.0,systematic,31202016,ok,1743.62,341,0.6009249349921378,0.6009249349921378,1.6261832979739705,1011.5701504825984,3,0,research/tasks/active/TASK-2026-09-02-MOCK-PRODUCTION/mockL64/results/M64_00064.json,yes
TASK-2026-09-02-MOCK-PRODUCTION,mockL64,64,64.0,0.35,0.2532,1024,17,6.0,systematic,31202017,ok,1753.52,341,0.6169371994803692,0.6169371994803692,2.211261962302667,1012.8411105022923,4,0,research/tasks/active/TASK-2026-09-02-MOCK-PRODUCTION/mockL64/results/M64_00065.json,yes
TASK-2026-09-02-MOCK-PRODUCTION,mockL64,64,64.0,0.35,0.2532,1024,18,6.0,systematic,31202018,ok,1737.52,341,0.7119704930646179,0.7119704930646179,1.0,1013.2255937364923,1,0,research/tasks/active/TASK-2026-09-02-MOCK-PRODUCTION/mockL64/results/M64_00066.json,yes
TASK-2026-09-02-MOCK-PRODUCTION,mockL64,64,64.0,0.35,0.2532,1024,19,6.0,systematic,31202019,ok,1739.03,341,0.6335333295733354,0.6335333295733354,1.013777087688021,1013.0376343247799,3,0,research/tasks/active/TASK-2026-09-02-MOCK-PRODUCTION/mockL64/results/M64_00067.json,yes
TASK-2026-09-02-MOCK-PRODUCTION,mockL64,64,64.0,0.35,0.2532,1024,20,6.0,systematic,31202020,ok,1738.88,341,0.6752444124743213,0.6752444124743213,1.0377974358314546,1013.5306727060679,2,0,research/tasks/active/TASK-2026-09-02-MOCK-PRODUCTION/mockL64/results/M64_00068.json,yes
TASK-2026-09-02-MOCK-PRODUCTION,mockL64,64,64.0,0.35,0.2532,1024,21,6.0,systematic,31202021,ok,1759.87,341,0.7005597235784327,0.7005597235784327,2.645554226777073,1013.0007427685529,4,0,research/tasks/active/TASK-2026-09-02-MOCK-PRODUCTION/mockL64/results/M64_00069.json,yes
TASK-2026-09-02-MOCK-PRODUCTION,mockL64,64,64.0,0.35,0.2532,1024,22,6.0,systematic,31202022,ok,1752.14,341,0.5324439822536957,0.5324439822536957,1.0500187257291518,1012.8943647475381,2,0,research/tasks/active/TASK-2026-09-02-MOCK-PRODUCTION/mockL64/results/M64_00070.json,yes
TASK-2026-09-02-MOCK-PRODUCTION,mockL64,64,64.0,0.35,0.2532,1024,23,6.0,systematic,31202023,ok,1765.79,341,0.7222615079293689,0.7222615079293689,1.5547357807959197,1013.2322855876088,2,0,research/tasks/active/TASK-2026-09-02-MOCK-PRODUCTION/mockL64/results/M64_00071.json,yes
TASK-2026-09-02-MOCK-PRODUCTION,mockL64,64,64.0,0.35,0.2632,1024,0,6.0,systematic,31203000,ok,1788.69,354,0.5555714489276393,0.5555714489276393,1.0,1012.8464219427652,1,0,research/tasks/active/TASK-2026-09-02-MOCK-PRODUCTION/mockL64/results/M64_00072.json,yes
TASK-2026-09-02-MOCK-PRODUCTION,mockL64,64,64.0,0.35,0.2632,1024,1,6.0,systematic,31203001,ok,1791.46,354,0.5782881719669213,0.5782881719669213,1.4356778071388474,1013.121530679033,2,0,research/tasks/active/TASK-2026-09-02-MOCK-PRODUCTION/mockL64/results/M64_00073.json,yes
TASK-2026-09-02-MOCK-PRODUCTION,mockL64,64,64.0,0.35,0.2632,1024,2,6.0,systematic,31203002,ok,1659.66,354,0.6156706682119275,0.6156706682119275,1.0,1013.0011899497329,1,0,research/tasks/active/TASK-2026-09-02-MOCK-PRODUCTION/mockL64/results/M64_00074.json,yes
TASK-2026-09-02-MOCK-PRODUCTION,mockL64,64,64.0,0.35,0.2632,1024,3,6.0,systematic,31203003,ok,1660.81,354,0.5345835706046937,0.5345835706046937,1.8075593081264458,1012.8394426806146,3,0,research/tasks/active/TASK-2026-09-02-MOCK-PRODUCTION/mockL64/results/M64_00075.json,yes
TASK-2026-09-02-MOCK-PRODUCTION,mockL64,64,64.0,0.35,0.2632,1024,4,6.0,systematic,31203004,ok,1779.81,354,0.6535095302347207,0.6535095302347207,1.8765654808563033,1013.1270677732031,3,0,research/tasks/active/TASK-2026-09-02-MOCK-PRODUCTION/mockL64/results/M64_00076.json,yes
TASK-2026-09-02-MOCK-PRODUCTION,mockL64,64,64.0,0.35,0.2632,1024,5,6.0,systematic,31203005,ok,1776.26,354,0.566364488116142,0.566364488116142,1.791892381463418,1012.6433310314011,3,0,research/tasks/active/TASK-2026-09-02-MOCK-PRODUCTION/mockL64/results/M64_00077.json,yes
TASK-2026-09-02-MOCK-PRODUCTION,mockL64,64,64.0,0.35,0.2632,1024,6,6.0,systematic,31203006,ok,1791.31,354,0.5837636809340823,0.5837636809340823,1.6162323629962791,1013.2630173694776,4,0,research/tasks/active/TASK-2026-09-02-MOCK-PRODUCTION/mockL64/results/M64_00078.json,yes
TASK-2026-09-02-MOCK-PRODUCTION,mockL64,64,64.0,0.35,0.2632,1024,7,6.0,systematic,31203007,ok,1798.95,354,0.5073538971831268,0.5073538971831268,1.377910353618313,1013.2649590016465,3,0,research/tasks/active/TASK-2026-09-02-MOCK-PRODUCTION/mockL64/results/M64_00079.json,yes
TASK-2026-09-02-MOCK-PRODUCTION,mockL64,64,64.0,0.35,0.2632,1024,8,6.0,systematic,31203008,ok,1789.45,354,0.6313305338724287,0.6313305338724287,1.0,1013.2034870848387,1,0,research/tasks/active/TASK-2026-09-02-MOCK-PRODUCTION/mockL64/results/M64_00080.json,yes
TASK-2026-09-02-MOCK-PRODUCTION,mockL64,64,64.0,0.35,0.2632,1024,9,6.0,systematic,31203009,ok,1797.73,354,0.5184378332427632,0.5184378332427632,1.0,1013.3593643256027,1,0,research/tasks/active/TASK-2026-09-02-MOCK-PRODUCTION/mockL64/results/M64_00081.json,yes
TASK-2026-09-02-MOCK-PRODUCTION,mockL64,64,64.0,0.35,0.2632,1024,10,6.0,systematic,31203010,ok,1803.93,354,0.5503881839700817,0.5503881839700817,1.0441217765014448,1011.7888652785516,4,0,research/tasks/active/TASK-2026-09-02-MOCK-PRODUCTION/mockL64/results/M64_00082.json,yes
TASK-2026-09-02-MOCK-PRODUCTION,mockL64,64,64.0,0.35,0.2632,1024,11,6.0,systematic,31203011,ok,1804.2,354,0.5723924187592353,0.5723924187592353,1.0,1012.5055812759792,1,0,research/tasks/active/TASK-2026-09-02-MOCK-PRODUCTION/mockL64/results/M64_00083.json,yes
TASK-2026-09-02-MOCK-PRODUCTION,mockL64,64,64.0,0.35,0.2632,1024,12,6.0,systematic,31203012,ok,1785.75,354,0.5623633797318429,0.5623633797318429,1.5464034898845849,1012.5455286494322,3,0,research/tasks/active/TASK-2026-09-02-MOCK-PRODUCTION/mockL64/results/M64_00084.json,yes
TASK-2026-09-02-MOCK-PRODUCTION,mockL64,64,64.0,0.35,0.2632,1024,13,6.0,systematic,31203013,ok,1808.12,354,0.5478862826479425,0.5478862826479425,1.698021790105064,1012.6769570300246,4,0,research/tasks/active/TASK-2026-09-02-MOCK-PRODUCTION/mockL64/results/M64_00085.json,yes
TASK-2026-09-02-MOCK-PRODUCTION,mockL64,64,64.0,0.35,0.2632,1024,14,6.0,systematic,31203014,ok,1764.68,354,0.5685632213631688,0.5685632213631688,1.0686059499254017,1013.5991745193735,2,0,research/tasks/active/TASK-2026-09-02-MOCK-PRODUCTION/mockL64/results/M64_00086.json,yes
TASK-2026-09-02-MOCK-PRODUCTION,mockL64,64,64.0,0.35,0.2632,1024,15,6.0,systematic,31203015,ok,1770.47,354,0.4955922918713669,0.4955922918713669,1.8735745962770654,1012.0653137029569,2,0,research/tasks/active/TASK-2026-09-02-MOCK-PRODUCTION/mockL64/results/M64_00087.json,yes
TASK-2026-09-02-MOCK-PRODUCTION,mockL64,64,64.0,0.35,0.2632,1024,16,6.0,systematic,31203016,ok,1843.3,354,0.5496992504144209,0.5496992504144209,1.0058765408412873,1013.2567395161826,2,0,research/tasks/active/TASK-2026-09-02-MOCK-PRODUCTION/mockL64/results/M64_00088.json,yes
TASK-2026-09-02-MOCK-PRODUCTION,mockL64,64,64.0,0.35,0.2632,1024,17,6.0,systematic,31203017,ok,1795.77,354,0.4907784525089462,0.4907784525089462,1.983287498155875,1012.530093034594,2,0,research/tasks/active/TASK-2026-09-02-MOCK-PRODUCTION/mockL64/results/M64_00089.json,yes
TASK-2026-09-02-MOCK-PRODUCTION,mockL64,64,64.0,0.35,0.2632,1024,18,6.0,systematic,31203018,ok,1798.3,354,0.619147036461852,0.619147036461852,1.4331543785604164,1012.0058584978367,2,0,research/tasks/active/TASK-2026-09-02-MOCK-PRODUCTION/mockL64/results/M64_00090.json,yes
TASK-2026-09-02-MOCK-PRODUCTION,mockL64,64,64.0,0.35,0.2632,1024,19,6.0,systematic,31203019,ok,1826.57,354,0.5461682307690139,0.5461682307690139,1.0,1012.8355581932361,1,0,research/tasks/active/TASK-2026-09-02-MOCK-PRODUCTION/mockL64/results/M64_00091.json,yes
TASK-2026-09-02-MOCK-PRODUCTION,mockL64,64,64.0,0.35,0.2632,1024,20,6.0,systematic,31203020,ok,1834.24,354,0.6714276894300046,0.6714276894300046,1.0,1013.0491179870977,1,0,research/tasks/active/TASK-2026-09-02-MOCK-PRODUCTION/mockL64/results/M64_00092.json,yes
TASK-2026-09-02-MOCK-PRODUCTION,mockL64,64,64.0,0.35,0.2632,1024,21,6.0,systematic,31203021,ok,1787.78,354,0.5521067710781047,0.5521067710781047,2.5202155427263944,1013.4743489778169,3,0,research/tasks/active/TASK-2026-09-02-MOCK-PRODUCTION/mockL64/results/M64_00093.json,yes
TASK-2026-09-02-MOCK-PRODUCTION,mockL64,64,64.0,0.35,0.2632,1024,22,6.0,systematic,31203022,ok,1844.67,354,0.5332413448438764,0.5332413448438764,1.9499828912328727,1013.1046129523443,2,0,research/tasks/active/TASK-2026-09-02-MOCK-PRODUCTION/mockL64/results/M64_00094.json,yes
TASK-2026-09-02-MOCK-PRODUCTION,mockL64,64,64.0,0.35,0.2632,1024,23,6.0,systematic,31203023,ok,1643.89,354,0.6106879204116176,0.6106879204116176,1.0,1012.157261754625,1,0,research/tasks/active/TASK-2026-09-02-MOCK-PRODUCTION/mockL64/results/M64_00095.json,yes
TASK-2026-09-02-MOCK-PRODUCTION,mockL64,64,64.0,0.35,0.2732,1024,0,6.0,systematic,31204000,ok,1895.3,368,0.47836397159505617,0.47836397159505617,1.440727662439373,1012.4997055895597,2,0,research/tasks/active/TASK-2026-09-02-MOCK-PRODUCTION/mockL64/results/M64_00096.json,yes
TASK-2026-09-02-MOCK-PRODUCTION,mockL64,64,64.0,0.35,0.2732,1024,1,6.0,systematic,31204001,ok,1675.06,368,0.5035073354878064,0.5035073354878064,1.0,1012.554424586023,1,0,research/tasks/active/TASK-2026-09-02-MOCK-PRODUCTION/mockL64/results/M64_00097.json,yes
TASK-2026-09-02-MOCK-PRODUCTION,mockL64,64,64.0,0.35,0.2732,1024,2,6.0,systematic,31204002,ok,1899.22,368,0.5064991255392503,0.5064991255392503,1.0,1012.1509168565505,1,0,research/tasks/active/TASK-2026-09-02-MOCK-PRODUCTION/mockL64/results/M64_00098.json,yes
TASK-2026-09-02-MOCK-PRODUCTION,mockL64,64,64.0,0.35,0.2732,1024,3,6.0,systematic,31204003,ok,1895.07,368,0.47491398120221545,0.47491398120221545,1.0,1012.5696879955444,1,0,research/tasks/active/TASK-2026-09-02-MOCK-PRODUCTION/mockL64/results/M64_00099.json,yes
TASK-2026-09-02-MOCK-PRODUCTION,mockL64,64,64.0,0.35,0.2732,1024,4,6.0,systematic,31204004,ok,1875.31,368,0.5340894462510205,0.5340894462510205,1.9438736731266197,1013.3350718584555,2,0,research/tasks/active/TASK-2026-09-02-MOCK-PRODUCTION/mockL64/results/M64_00100.json,yes
TASK-2026-09-02-MOCK-PRODUCTION,mockL64,64,64.0,0.35,0.2732,1024,5,6.0,systematic,31204005,ok,1889.5,368,0.5271737625648598,0.5271737625648598,1.0019550323449877,1012.9179291717,2,0,research/tasks/active/TASK-2026-09-02-MOCK-PRODUCTION/mockL64/results/M64_00101.json,yes
TASK-2026-09-02-MOCK-PRODUCTION,mockL64,64,64.0,0.35,0.2732,1024,6,6.0,systematic,31204006,ok,1884.78,368,0.5241317274481783,0.5241317274481783,2.272222174067557,1012.8003306955574,4,0,research/tasks/active/TASK-2026-09-02-MOCK-PRODUCTION/mockL64/results/M64_00102.json,yes
TASK-2026-09-02-MOCK-PRODUCTION,mockL64,64,64.0,0.35,0.2732,1024,7,6.0,systematic,31204007,ok,1719.16,368,0.5307846129095308,0.5307846129095308,1.976357056694813,1013.4171237351035,2,0,research/tasks/active/TASK-2026-09-02-MOCK-PRODUCTION/mockL64/results/M64_00103.json,yes
TASK-2026-09-02-MOCK-PRODUCTION,mockL64,64,64.0,0.35,0.2732,1024,8,6.0,systematic,31204008,ok,1714.67,368,0.5319332480140604,0.5319332480140604,1.0,1012.0692125415468,1,0,research/tasks/active/TASK-2026-09-02-MOCK-PRODUCTION/mockL64/results/M64_00104.json,yes
TASK-2026-09-02-MOCK-PRODUCTION,mockL64,64,64.0,0.35,0.2732,1024,9,6.0,systematic,31204009,ok,1905.3,368,0.5845902770883287,0.5845902770883287,1.0769647919148762,1013.1900802754333,2,0,research/tasks/active/TASK-2026-09-02-MOCK-PRODUCTION/mockL64/results/M64_00105.json,yes
TASK-2026-09-02-MOCK-PRODUCTION,mockL64,64,64.0,0.35,0.2732,1024,10,6.0,systematic,31204010,ok,1885.66,368,0.5407248512897154,0.5407248512897154,1.4378709259848392,1013.5487679317074,3,0,research/tasks/active/TASK-2026-09-02-MOCK-PRODUCTION/mockL64/results/M64_00106.json,yes
TASK-2026-09-02-MOCK-PRODUCTION,mockL64,64,64.0,0.35,0.2732,1024,11,6.0,systematic,31204011,ok,1711.08,368,0.5083132163596218,0.5083132163596218,1.0,1013.0005108745954,1,0,research/tasks/active/TASK-2026-09-02-MOCK-PRODUCTION/mockL64/results/M64_00107.json,yes
TASK-2026-09-02-MOCK-PRODUCTION,mockL64,64,64.0,0.35,0.2732,1024,12,6.0,systematic,31204012,ok,1802.92,368,0.5400233779484223,0.5400233779484223,1.0058765408412873,1013.1153528383761,2,0,research/tasks/active/TASK-2026-09-02-MOCK-PRODUCTION/mockL64/results/M64_00108.json,yes
TASK-2026-09-02-MOCK-PRODUCTION,mockL64,64,64.0,0.35,0.2732,1024,13,6.0,systematic,31204013,ok,1731.8,368,0.5041824436723175,0.5041824436723175,2.7122600270042367,1013.328754215344,3,0,research/tasks/active/TASK-2026-09-02-MOCK-PRODUCTION/mockL64/results/M64_00109.json,yes
TASK-2026-09-02-MOCK-PRODUCTION,mockL64,64,64.0,0.35,0.2732,1024,14,6.0,systematic,31204014,ok,1718.16,368,0.4429507168281063,0.4429507168281063,1.0,1012.20915650066,1,0,research/tasks/active/TASK-2026-09-02-MOCK-PRODUCTION/mockL64/results/M64_00110.json,yes
TASK-2026-09-02-MOCK-PRODUCTION,mockL64,64,64.0,0.35,0.2732,1024,15,6.0,systematic,31204015,ok,1787.36,368,0.5445964716826679,0.5445964716826679,2.474632431029193,1013.1897783181042,3,0,research/tasks/active/TASK-2026-09-02-MOCK-PRODUCTION/mockL64/results/M64_00111.json,yes
TASK-2026-09-02-MOCK-PRODUCTION,mockL64,64,64.0,0.35,0.2732,1024,16,6.0,systematic,31204016,ok,1772.5,368,0.48413857488785933,0.48413857488785933,1.9040438706397196,1013.1402294175566,3,0,research/tasks/active/TASK-2026-09-02-MOCK-PRODUCTION/mockL64/results/M64_00112.json,yes
TASK-2026-09-02-MOCK-PRODUCTION,mockL64,64,64.0,0.35,0.2732,1024,17,6.0,systematic,31204017,ok,1767.21,368,0.5056240430572954,0.5056240430572954,1.054177901367869,1012.492826188656,3,0,research/tasks/active/TASK-2026-09-02-MOCK-PRODUCTION/mockL64/results/M64_00113.json,yes
TASK-2026-09-02-MOCK-PRODUCTION,mockL64,64,64.0,0.35,0.2732,1024,18,6.0,systematic,31204018,ok,1771.34,368,0.4917040874228842,0.4917040874228842,1.9306240886126291,1012.4265067328325,3,0,research/tasks/active/TASK-2026-09-02-MOCK-PRODUCTION/mockL64/results/M64_00114.json,yes
TASK-2026-09-02-MOCK-PRODUCTION,mockL64,64,64.0,0.35,0.2732,1024,19,6.0,systematic,31204019,ok,1766.34,368,0.47170915327119445,0.47170915327119445,1.0,1012.5962072485044,1,0,research/tasks/active/TASK-2026-09-02-MOCK-PRODUCTION/mockL64/results/M64_00115.json,yes
TASK-2026-09-02-MOCK-PRODUCTION,mockL64,64,64.0,0.35,0.2732,1024,20,6.0,systematic,31204020,ok,1773.43,368,0.5588146981802133,0.5588146981802133,1.0357738353945236,1013.382752606794,2,0,research/tasks/active/TASK-2026-09-02-MOCK-PRODUCTION/mockL64/results/M64_00116.json,yes
TASK-2026-09-02-MOCK-PRODUCTION,mockL64,64,64.0,0.35,0.2732,1024,21,6.0,systematic,31204021,ok,1768.85,368,0.4962076570633229,0.4962076570633229,1.0,1012.2238081083216,1,0,research/tasks/active/TASK-2026-09-02-MOCK-PRODUCTION/mockL64/results/M64_00117.json,yes
TASK-2026-09-02-MOCK-PRODUCTION,mockL64,64,64.0,0.35,0.2732,1024,22,6.0,systematic,31204022,ok,1788.54,368,0.5891556345543628,0.5891556345543628,1.9758803666184275,1012.9250028711015,5,0,research/tasks/active/TASK-2026-09-02-MOCK-PRODUCTION/mockL64/results/M64_00118.json,yes
TASK-2026-09-02-MOCK-PRODUCTION,mockL64,64,64.0,0.35,0.2732,1024,23,6.0,systematic,31204023,ok,1861.87,368,0.46649114252910084,0.46649114252910084,1.0,1011.878707275341,1,0,research/tasks/active/TASK-2026-09-02-MOCK-PRODUCTION/mockL64/results/M64_00119.json,yes
TASK-2026-09-02-MOCK-PRODUCTION,mockL64,64,64.0,0.35,0.2832,1024,0,6.0,systematic,31205000,ok,1886.54,381,0.47300612210828885,0.47300612210828885,1.1437521951687744,1013.1356247265277,2,0,research/tasks/active/TASK-2026-09-02-MOCK-PRODUCTION/mockL64/results/M64_00120.json,yes
TASK-2026-09-02-MOCK-PRODUCTION,mockL64,64,64.0,0.35,0.2832,1024,1,6.0,systematic,31205001,ok,1914.0,381,0.5045349571046113,0.5045349571046113,1.5112125719161105,1013.0803245803586,3,0,research/tasks/active/TASK-2026-09-02-MOCK-PRODUCTION/mockL64/results/M64_00121.json,yes
TASK-2026-09-02-MOCK-PRODUCTION,mockL64,64,64.0,0.35,0.2832,1024,2,6.0,systematic,31205002,ok,1889.49,381,0.5061572941687275,0.5061572941687275,1.0,1013.1746764942093,1,0,research/tasks/active/TASK-2026-09-02-MOCK-PRODUCTION/mockL64/results/M64_00122.json,yes
TASK-2026-09-02-MOCK-PRODUCTION,mockL64,64,64.0,0.35,0.2832,1024,3,6.0,systematic,31205003,ok,1894.99,381,0.42024119634409196,0.42024119634409196,2.018145634693037,1012.8874483515277,3,0,research/tasks/active/TASK-2026-09-02-MOCK-PRODUCTION/mockL64/results/M64_00123.json,yes
TASK-2026-09-02-MOCK-PRODUCTION,mockL64,64,64.0,0.35,0.2832,1024,4,6.0,systematic,31205004,ok,1886.34,381,0.46312214265584895,0.46312214265584895,1.100259594176864,1012.9641104082458,2,0,research/tasks/active/TASK-2026-09-02-MOCK-PRODUCTION/mockL64/results/M64_00124.json,yes
TASK-2026-09-02-MOCK-PRODUCTION,mockL64,64,64.0,0.35,0.2832,1024,5,6.0,systematic,31205005,ok,1897.62,381,0.5032098674931402,0.5032098674931402,1.4039868461925726,1012.3008362426989,3,0,research/tasks/active/TASK-2026-09-02-MOCK-PRODUCTION/mockL64/results/M64_00125.json,yes
TASK-2026-09-02-MOCK-PRODUCTION,mockL64,64,64.0,0.35,0.2832,1024,6,6.0,systematic,31205006,ok,1895.05,381,0.4175803645048305,0.4175803645048305,1.0728547019040895,1011.7581784740257,3,0,research/tasks/active/TASK-2026-09-02-MOCK-PRODUCTION/mockL64/results/M64_00126.json,yes
TASK-2026-09-02-MOCK-PRODUCTION,mockL64,64,64.0,0.35,0.2832,1024,7,6.0,systematic,31205007,ok,1884.68,381,0.432643104715004,0.432643104715004,1.0,1012.2320557748196,1,0,research/tasks/active/TASK-2026-09-02-MOCK-PRODUCTION/mockL64/results/M64_00127.json,yes
TASK-2026-09-02-MOCK-PRODUCTION,mockL64,64,64.0,0.35,0.2832,1024,8,6.0,systematic,31205008,ok,1815.74,381,0.43623737700278953,0.43623737700278953,1.7462354990524216,1013.2185555933689,3,0,research/tasks/active/TASK-2026-09-02-MOCK-PRODUCTION/mockL64/results/M64_00128.json,yes
TASK-2026-09-02-MOCK-PRODUCTION,mockL64,64,64.0,0.35,0.2832,1024,9,6.0,systematic,31205009,ok,1817.22,381,0.4182512969156628,0.4182512969156628,1.0,1011.7643599316101,1,0,research/tasks/active/TASK-2026-09-02-MOCK-PRODUCTION/mockL64/results/M64_00129.json,yes
TASK-2026-09-02-MOCK-PRODUCTION,mockL64,64,64.0,0.35,0.2832,1024,10,6.0,systematic,31205010,ok,1815.05,381,0.4557418431607464,0.4557418431607464,3.182073645175191,1013.0127152670434,4,0,research/tasks/active/TASK-2026-09-02-MOCK-PRODUCTION/mockL64/results/M64_00130.json,yes
TASK-2026-09-02-MOCK-PRODUCTION,mockL64,64,64.0,0.35,0.2832,1024,11,6.0,systematic,31205011,ok,1816.99,381,0.4346585010652396,0.4346585010652396,1.0706900319192605,1011.9052622779272,2,0,research/tasks/active/TASK-2026-09-02-MOCK-PRODUCTION/mockL64/results/M64_00131.json,yes
TASK-2026-09-02-MOCK-PRODUCTION,mockL64,64,64.0,0.35,0.2832,1024,12,6.0,systematic,31205012,ok,1831.04,381,0.49607036781648284,0.49607036781648284,1.9853152228655384,1013.548314526128,3,0,research/tasks/active/TASK-2026-09-02-MOCK-PRODUCTION/mockL64/results/M64_00132.json,yes
TASK-2026-09-02-MOCK-PRODUCTION,mockL64,64,64.0,0.35,0.2832,1024,13,6.0,systematic,31205013,ok,1809.57,381,0.3798620116983775,0.3798620116983775,1.0,1012.5532613529103,1,0,research/tasks/active/TASK-2026-09-02-MOCK-PRODUCTION/mockL64/results/M64_00133.json,yes
TASK-2026-09-02-MOCK-PRODUCTION,mockL64,64,64.0,0.35,0.2832,1024,14,6.0,systematic,31205014,ok,1858.44,381,0.4242602775183465,0.4242602775183465,1.0,1012.9224770120716,1,0,research/tasks/active/TASK-2026-09-02-MOCK-PRODUCTION/mockL64/results/M64_00134.json,yes
TASK-2026-09-02-MOCK-PRODUCTION,mockL64,64,64.0,0.35,0.2832,1024,15,6.0,systematic,31205015,ok,1804.12,381,0.5311725727418579,0.5311725727418579,2.9962909834894473,1012.7692215792113,5,0,research/tasks/active/TASK-2026-09-02-MOCK-PRODUCTION/mockL64/results/M64_00135.json,yes
TASK-2026-09-02-MOCK-PRODUCTION,mockL64,64,64.0,0.35,0.2832,1024,16,6.0,systematic,31205016,ok,1877.7,381,0.4328100256322691,0.4328100256322691,1.1393379388876694,1012.5987415066154,2,0,research/tasks/active/TASK-2026-09-02-MOCK-PRODUCTION/mockL64/results/M64_00136.json,yes
TASK-2026-09-02-MOCK-PRODUCTION,mockL64,64,64.0,0.35,0.2832,1024,17,6.0,systematic,31205017,ok,1874.73,381,0.42838024824393733,0.42838024824393733,2.507259406622415,1012.049933860813,3,0,research/tasks/active/TASK-2026-09-02-MOCK-PRODUCTION/mockL64/results/M64_00137.json,yes
TASK-2026-09-02-MOCK-PRODUCTION,mockL64,64,64.0,0.35,0.2832,1024,18,6.0,systematic,31205018,ok,1859.53,381,0.43085209039774164,0.43085209039774164,1.1825093770651534,1012.4056060644151,3,0,research/tasks/active/TASK-2026-09-02-MOCK-PRODUCTION/mockL64/results/M64_00138.json,yes
TASK-2026-09-02-MOCK-PRODUCTION,mockL64,64,64.0,0.35,0.2832,1024,19,6.0,systematic,31205019,ok,1801.19,381,0.44688597321918766,0.44688597321918766,1.368012357533503,1012.3866538459818,2,0,research/tasks/active/TASK-2026-09-02-MOCK-PRODUCTION/mockL64/results/M64_00139.json,yes
TASK-2026-09-02-MOCK-PRODUCTION,mockL64,64,64.0,0.35,0.2832,1024,20,6.0,systematic,31205020,ok,1876.98,381,0.4205702140392613,0.4205702140392613,1.8889313224623323,1013.673360110244,4,0,research/tasks/active/TASK-2026-09-02-MOCK-PRODUCTION/mockL64/results/M64_00140.json,yes
TASK-2026-09-02-MOCK-PRODUCTION,mockL64,64,64.0,0.35,0.2832,1024,21,6.0,systematic,31205021,ok,1865.87,381,0.43825138904615424,0.43825138904615424,1.8552759622495958,1012.9855984096822,2,0,research/tasks/active/TASK-2026-09-02-MOCK-PRODUCTION/mockL64/results/M64_00141.json,yes
TASK-2026-09-02-MOCK-PRODUCTION,mockL64,64,64.0,0.35,0.2832,1024,22,6.0,systematic,31205022,ok,1861.44,381,0.43262893300286753,0.43262893300286753,1.0874975368436337,1012.460495437305,2,0,research/tasks/active/TASK-2026-09-02-MOCK-PRODUCTION/mockL64/results/M64_00142.json,yes
TASK-2026-09-02-MOCK-PRODUCTION,mockL64,64,64.0,0.35,0.2832,1024,23,6.0,systematic,31205023,ok,1865.44,381,0.4205762452474203,0.4205762452474203,1.0277839310743655,1012.8401325995628,3,0,research/tasks/active/TASK-2026-09-02-MOCK-PRODUCTION/mockL64/results/M64_00143.json,yes
TASK-2026-09-02-MOCK-PRODUCTION,mockL64,64,64.0,0.35,0.3232,1024,0,6.0,systematic,31209000,ok,1996.71,435,0.32217730064216565,0.32217730064216565,1.0377974358314546,1013.4325658225017,2,0,research/tasks/active/TASK-2026-09-02-MOCK-PRODUCTION/mockL64/results/M64_00144.json,yes
TASK-2026-09-02-MOCK-PRODUCTION,mockL64,64,64.0,0.35,0.3232,1024,1,6.0,systematic,31209001,ok,1994.21,435,0.27997766042835237,0.27997766042835237,1.0,1013.0525423769435,1,0,research/tasks/active/TASK-2026-09-02-MOCK-PRODUCTION/mockL64/results/M64_00145.json,yes
TASK-2026-09-02-MOCK-PRODUCTION,mockL64,64,64.0,0.35,0.3232,1024,2,6.0,systematic,31209002,ok,1960.79,435,0.29189401731719933,0.29189401731719933,1.0,1012.8544840882957,1,0,research/tasks/active/TASK-2026-09-02-MOCK-PRODUCTION/mockL64/results/M64_00146.json,yes
TASK-2026-09-02-MOCK-PRODUCTION,mockL64,64,64.0,0.35,0.3232,1024,3,6.0,systematic,31209003,ok,2041.9,435,0.29896287866793214,0.29896287866793214,1.7834563038102138,1011.6983549461485,3,0,research/tasks/active/TASK-2026-09-02-MOCK-PRODUCTION/mockL64/results/M64_00147.json,yes
TASK-2026-09-02-MOCK-PRODUCTION,mockL64,64,64.0,0.35,0.3232,1024,4,6.0,systematic,31209004,ok,1926.55,435,0.24183963569141537,0.24183963569141537,1.5059991440053082,1013.0337820669617,3,0,research/tasks/active/TASK-2026-09-02-MOCK-PRODUCTION/mockL64/results/M64_00148.json,yes
TASK-2026-09-02-MOCK-PRODUCTION,mockL64,64,64.0,0.35,0.3232,1024,5,6.0,systematic,31209005,ok,1917.01,435,0.2928912342103373,0.2928912342103373,2.9386858286297217,1012.9040226926164,3,0,research/tasks/active/TASK-2026-09-02-MOCK-PRODUCTION/mockL64/results/M64_00149.json,yes
TASK-2026-09-02-MOCK-PRODUCTION,mockL64,64,64.0,0.35,0.3232,1024,6,6.0,systematic,31209006,ok,2139.71,435,0.3049551763397368,0.3049551763397368,2.098688239791527,1012.2688418389534,5,0,research/tasks/active/TASK-2026-09-02-MOCK-PRODUCTION/mockL64/results/M64_00150.json,yes
TASK-2026-09-02-MOCK-PRODUCTION,mockL64,64,64.0,0.35,0.3232,1024,7,6.0,systematic,31209007,ok,2138.9,435,0.3032329760196306,0.3032329760196306,2.4487424394572757,1012.2385985689434,3,0,research/tasks/active/TASK-2026-09-02-MOCK-PRODUCTION/mockL64/results/M64_00151.json,yes
TASK-2026-09-02-MOCK-PRODUCTION,mockL64,64,64.0,0.35,0.3232,1024,8,6.0,systematic,31209008,ok,2158.39,435,0.2808818158403854,0.2808818158403854,1.9818480787767676,1011.5866496028357,2,0,research/tasks/active/TASK-2026-09-02-MOCK-PRODUCTION/mockL64/results/M64_00152.json,yes
TASK-2026-09-02-MOCK-PRODUCTION,mockL64,64,64.0,0.35,0.3232,1024,9,6.0,systematic,31209009,ok,2160.61,435,0.2588770127897746,0.2588770127897746,2.1539738296255213,1010.84681166019,3,0,research/tasks/active/TASK-2026-09-02-MOCK-PRODUCTION/mockL64/results/M64_00153.json,yes
TASK-2026-09-02-MOCK-PRODUCTION,mockL64,64,64.0,0.35,0.3232,1024,10,6.0,systematic,31209010,ok,2046.54,435,0.30395203740655924,0.30395203740655924,1.272812462825888,1012.047615000152,2,0,research/tasks/active/TASK-2026-09-02-MOCK-PRODUCTION/mockL64/results/M64_00154.json,yes
TASK-2026-09-02-MOCK-PRODUCTION,mockL64,64,64.0,0.35,0.3232,1024,11,6.0,systematic,31209011,ok,2074.31,435,0.3033427966784894,0.3033427966784894,1.7283099227632495,1012.8334299882351,2,0,research/tasks/active/TASK-2026-09-02-MOCK-PRODUCTION/mockL64/results/M64_00155.json,yes
TASK-2026-09-02-MOCK-PRODUCTION,mockL64,64,64.0,0.35,0.3232,1024,12,6.0,systematic,31209012,ok,2161.62,435,0.28527109606687484,0.28527109606687484,1.4634941548218532,1012.0202711673234,2,0,research/tasks/active/TASK-2026-09-02-MOCK-PRODUCTION/mockL64/results/M64_00156.json,yes
TASK-2026-09-02-MOCK-PRODUCTION,mockL64,64,64.0,0.35,0.3232,1024,13,6.0,systematic,31209013,ok,2155.56,435,0.29922215541284153,0.29922215541284153,2.7551328200951155,1013.0983838873515,4,0,research/tasks/active/TASK-2026-09-02-MOCK-PRODUCTION/mockL64/results/M64_00157.json,yes
TASK-2026-09-02-MOCK-PRODUCTION,mockL64,64,64.0,0.35,0.3232,1024,14,6.0,systematic,31209014,ok,2164.64,435,0.29873157046077103,0.29873157046077103,1.0,1011.8402519523158,1,0,research/tasks/active/TASK-2026-09-02-MOCK-PRODUCTION/mockL64/results/M64_00158.json,yes
TASK-2026-09-02-MOCK-PRODUCTION,mockL64,64,64.0,0.35,0.3232,1024,15,6.0,systematic,31209015,ok,2137.65,435,0.2655925115648406,0.2655925115648406,1.207010629211569,1010.9904053759202,2,0,research/tasks/active/TASK-2026-09-02-MOCK-PRODUCTION/mockL64/results/M64_00159.json,yes
TASK-2026-09-02-MOCK-PRODUCTION,mockL64,64,64.0,0.35,0.3232,1024,16,6.0,systematic,31209016,ok,2024.11,435,0.2662438399657985,0.2662438399657985,1.8528369232944004,1012.0449360187816,3,0,research/tasks/active/TASK-2026-09-02-MOCK-PRODUCTION/mockL64/results/M64_00160.json,yes
TASK-2026-09-02-MOCK-PRODUCTION,mockL64,64,64.0,0.35,0.3232,1024,17,6.0,systematic,31209017,ok,2029.02,435,0.2697801256636523,0.2697801256636523,2.222039508537862,1011.9281755097458,3,0,research/tasks/active/TASK-2026-09-02-MOCK-PRODUCTION/mockL64/results/M64_00161.json,yes
TASK-2026-09-02-MOCK-PRODUCTION,mockL64,64,64.0,0.35,0.3232,1024,18,6.0,systematic,31209018,ok,2142.62,435,0.2815920127741421,0.2815920127741421,1.481236209327227,1011.255022227046,2,0,research/tasks/active/TASK-2026-09-02-MOCK-PRODUCTION/mockL64/results/M64_00162.json,yes
TASK-2026-09-02-MOCK-PRODUCTION,mockL64,64,64.0,0.35,0.3232,1024,19,6.0,systematic,31209019,ok,2132.03,435,0.23700842491671936,0.23700842491671936,1.0,1012.5211180740814,1,0,research/tasks/active/TASK-2026-09-02-MOCK-PRODUCTION/mockL64/results/M64_00163.json,yes
TASK-2026-09-02-MOCK-PRODUCTION,mockL64,64,64.0,0.35,0.3232,1024,20,6.0,systematic,31209020,ok,2135.58,435,0.2551499764683824,0.2551499764683824,1.8476914781517728,1011.6426909178349,2,0,research/tasks/active/TASK-2026-09-02-MOCK-PRODUCTION/mockL64/results/M64_00164.json,yes
TASK-2026-09-02-MOCK-PRODUCTION,mockL64,64,64.0,0.35,0.3232,1024,21,6.0,systematic,31209021,ok,2145.57,435,0.2712686471341492,0.2712686471341492,2.7956211774617548,1013.2838792961286,3,0,research/tasks/active/TASK-2026-09-02-MOCK-PRODUCTION/mockL64/results/M64_00165.json,yes
TASK-2026-09-02-MOCK-PRODUCTION,mockL64,64,64.0,0.35,0.3232,1024,22,6.0,systematic,31209022,ok,2038.74,435,0.2823379337351787,0.2823379337351787,1.0137653262279835,1011.4105325641007,2,0,research/tasks/active/TASK-2026-09-02-MOCK-PRODUCTION/mockL64/results/M64_00166.json,yes
TASK-2026-09-02-MOCK-PRODUCTION,mockL64,64,64.0,0.35,0.3232,1024,23,6.0,systematic,31209023,ok,2157.5,435,0.24842784437854318,0.24842784437854318,1.0,1011.915445911999,1,0,research/tasks/active/TASK-2026-09-02-MOCK-PRODUCTION/mockL64/results/M64_00167.json,yes
TASK-2026-09-02-MOCK-PRODUCTION,mockL64,64,64.0,0.35,0.3332,1024,0,6.0,systematic,31210000,ok,2086.74,448,0.22368022645677935,0.22368022645677935,1.0,1012.248965036167,1,0,research/tasks/active/TASK-2026-09-02-MOCK-PRODUCTION/mockL64/results/M64_00168.json,yes
TASK-2026-09-02-MOCK-PRODUCTION,mockL64,64,64.0,0.35,0.3332,1024,1,6.0,systematic,31210001,ok,2185.54,448,0.2419192833087871,0.2419192833087871,1.2375819978802707,1012.0818918142794,3,0,research/tasks/active/TASK-2026-09-02-MOCK-PRODUCTION/mockL64/results/M64_00169.json,yes
TASK-2026-09-02-MOCK-PRODUCTION,mockL64,64,64.0,0.35,0.3332,1024,2,6.0,systematic,31210002,ok,2208.81,448,0.22339714943640343,0.22339714943640343,1.0,1012.4138213281426,1,0,research/tasks/active/TASK-2026-09-02-MOCK-PRODUCTION/mockL64/results/M64_00170.json,yes
TASK-2026-09-02-MOCK-PRODUCTION,mockL64,64,64.0,0.35,0.3332,1024,3,6.0,systematic,31210003,ok,2209.59,448,0.2457184154569123,0.2457184154569123,1.0058765408412873,1012.0238272451343,2,0,research/tasks/active/TASK-2026-09-02-MOCK-PRODUCTION/mockL64/results/M64_00171.json,yes
TASK-2026-09-02-MOCK-PRODUCTION,mockL64,64,64.0,0.35,0.3332,1024,4,6.0,systematic,31210004,ok,2195.99,448,0.2447534679800559,0.2447534679800559,1.4584297667794197,1012.6260069788084,2,0,research/tasks/active/TASK-2026-09-02-MOCK-PRODUCTION/mockL64/results/M64_00172.json,yes
TASK-2026-09-02-MOCK-PRODUCTION,mockL64,64,64.0,0.35,0.3332,1024,5,6.0,systematic,31210005,ok,2187.76,448,0.25230534750631495,0.25230534750631495,1.395448121305358,1013.2306218681347,2,0,research/tasks/active/TASK-2026-09-02-MOCK-PRODUCTION/mockL64/results/M64_00173.json,yes
TASK-2026-09-02-MOCK-PRODUCTION,mockL64,64,64.0,0.35,0.3332,1024,6,6.0,systematic,31210006,ok,2101.86,448,0.24360002151024887,0.24360002151024887,1.3457325978649515,1011.7587447541854,2,0,research/tasks/active/TASK-2026-09-02-MOCK-PRODUCTION/mockL64/results/M64_00174.json,yes
TASK-2026-09-02-MOCK-PRODUCTION,mockL64,64,64.0,0.35,0.3332,1024,7,6.0,systematic,31210007,ok,2212.68,448,0.2340941994765616,0.2340941994765616,1.3334282836709157,1012.7775671373043,2,0,research/tasks/active/TASK-2026-09-02-MOCK-PRODUCTION/mockL64/results/M64_00175.json,yes
TASK-2026-09-02-MOCK-PRODUCTION,mockL64,64,64.0,0.35,0.3332,1024,8,6.0,systematic,31210008,ok,2105.48,448,0.2517027124216196,0.2517027124216196,2.481801441873015,1011.4083997045419,3,0,research/tasks/active/TASK-2026-09-02-MOCK-PRODUCTION/mockL64/results/M64_00176.json,yes
TASK-2026-09-02-MOCK-PRODUCTION,mockL64,64,64.0,0.35,0.3332,1024,9,6.0,systematic,31210009,ok,2110.25,448,0.24753706284382213,0.24753706284382213,2.59789012600774,1012.4875688017793,4,0,research/tasks/active/TASK-2026-09-02-MOCK-PRODUCTION/mockL64/results/M64_00177.json,yes
TASK-2026-09-02-MOCK-PRODUCTION,mockL64,64,64.0,0.35,0.3332,1024,10,6.0,systematic,31210010,ok,2085.52,448,0.2315346112489956,0.2315346112489956,1.0,1012.7305730041707,1,0,research/tasks/active/TASK-2026-09-02-MOCK-PRODUCTION/mockL64/results/M64_00178.json,yes
TASK-2026-09-02-MOCK-PRODUCTION,mockL64,64,64.0,0.35,0.3332,1024,11,6.0,systematic,31210011,ok,2193.95,448,0.26161916241932603,0.26161916241932603,1.4459965966037747,1012.0310080031726,3,0,research/tasks/active/TASK-2026-09-02-MOCK-PRODUCTION/mockL64/results/M64_00179.json,yes
TASK-2026-09-02-MOCK-PRODUCTION,mockL64,64,64.0,0.35,0.3332,1024,12,6.0,systematic,31210012,ok,2081.26,448,0.23952641584633003,0.23952641584633003,1.0,1011.9846381265352,1,0,research/tasks/active/TASK-2026-09-02-MOCK-PRODUCTION/mockL64/results/M64_00180.json,yes
TASK-2026-09-02-MOCK-PRODUCTION,mockL64,64,64.0,0.35,0.3332,1024,13,6.0,systematic,31210013,ok,2080.97,448,0.26752143123225103,0.26752143123225103,1.8908728942233828,1011.6141232926278,2,0,research/tasks/active/TASK-2026-09-02-MOCK-PRODUCTION/mockL64/results/M64_00181.json,yes
TASK-2026-09-02-MOCK-PRODUCTION,mockL64,64,64.0,0.35,0.3332,1024,14,6.0,systematic,31210014,ok,2114.96,448,0.27222590176877726,0.27222590176877726,2.58276312224439,1010.8838570467447,3,0,research/tasks/active/TASK-2026-09-02-MOCK-PRODUCTION/mockL64/results/M64_00182.json,yes
TASK-2026-09-02-MOCK-PRODUCTION,mockL64,64,64.0,0.35,0.3332,1024,15,6.0,systematic,31210015,ok,1922.6,448,0.2306633793349279,0.2306633793349279,1.1415432851419614,1012.394819629311,2,0,research/tasks/active/TASK-2026-09-02-MOCK-PRODUCTION/mockL64/results/M64_00183.json,yes
TASK-2026-09-02-MOCK-PRODUCTION,mockL64,64,64.0,0.35,0.3332,1024,16,6.0,systematic,31210016,ok,2094.71,448,0.2523059132881108,0.2523059132881108,1.2569869503403268,1011.8893316531573,3,0,research/tasks/active/TASK-2026-09-02-MOCK-PRODUCTION/mockL64/results/M64_00184.json,yes
TASK-2026-09-02-MOCK-PRODUCTION,mockL64,64,64.0,0.35,0.3332,1024,17,6.0,systematic,31210017,ok,2198.66,448,0.23721255225244886,0.23721255225244886,2.010221961497023,1011.9986673745257,4,0,research/tasks/active/TASK-2026-09-02-MOCK-PRODUCTION/mockL64/results/M64_00185.json,yes
TASK-2026-09-02-MOCK-PRODUCTION,mockL64,64,64.0,0.35,0.3332,1024,18,6.0,systematic,31210018,ok,2151.69,448,0.26845435200247475,0.26845435200247475,1.4837723717128724,1010.6985557241854,2,0,research/tasks/active/TASK-2026-09-02-MOCK-PRODUCTION/mockL64/results/M64_00186.json,yes
TASK-2026-09-02-MOCK-PRODUCTION,mockL64,64,64.0,0.35,0.3332,1024,19,6.0,systematic,31210019,ok,2175.52,448,0.2559467799412457,0.2559467799412457,1.961803268873855,1012.2263979434017,3,0,research/tasks/active/TASK-2026-09-02-MOCK-PRODUCTION/mockL64/results/M64_00187.json,yes
TASK-2026-09-02-MOCK-PRODUCTION,mockL64,64,64.0,0.35,0.3332,1024,20,6.0,systematic,31210020,ok,2141.91,448,0.2835295205183737,0.2835295205183737,1.0,1012.3212274123186,1,0,research/tasks/active/TASK-2026-09-02-MOCK-PRODUCTION/mockL64/results/M64_00188.json,yes
TASK-2026-09-02-MOCK-PRODUCTION,mockL64,64,64.0,0.35,0.3332,1024,21,6.0,systematic,31210021,ok,2154.53,448,0.25646550565778037,0.25646550565778037,1.4724502548691953,1012.6079957327559,3,0,research/tasks/active/TASK-2026-09-02-MOCK-PRODUCTION/mockL64/results/M64_00189.json,yes
TASK-2026-09-02-MOCK-PRODUCTION,mockL64,64,64.0,0.35,0.3332,1024,22,6.0,systematic,31210022,ok,2163.71,448,0.21827562926429012,0.21827562926429012,1.1781355684639843,1011.6506550084827,3,0,research/tasks/active/TASK-2026-09-02-MOCK-PRODUCTION/mockL64/results/M64_00190.json,yes
TASK-2026-09-02-MOCK-PRODUCTION,mockL64,64,64.0,0.35,0.3332,1024,23,6.0,systematic,31210023,ok,2160.55,448,0.26917249490611406,0.26917249490611406,1.7259942059520674,1012.231986576891,2,0,research/tasks/active/TASK-2026-09-02-MOCK-PRODUCTION/mockL64/results/M64_00191.json,yes
TASK-2026-09-02-MOCK-PRODUCTION,mockL64,64,64.0,0.35,0.3432,1024,0,6.0,systematic,31211000,ok,2078.89,462,0.21472864996877208,0.21472864996877208,4.646336816171714,1011.6126876814559,5,0,research/tasks/active/TASK-2026-09-02-MOCK-PRODUCTION/mockL64/results/M64_00192.json,yes
TASK-2026-09-02-MOCK-PRODUCTION,mockL64,64,64.0,0.35,0.3432,1024,1,6.0,systematic,31211001,ok,2261.52,462,0.20939547498866742,0.20939547498866742,1.6421718634989741,1012.4005809717552,2,0,research/tasks/active/TASK-2026-09-02-MOCK-PRODUCTION/mockL64/results/M64_00193.json,yes
TASK-2026-09-02-MOCK-PRODUCTION,mockL64,64,64.0,0.35,0.3432,1024,2,6.0,systematic,31211002,ok,2182.05,462,0.2644245115914007,0.2644245115914007,1.486308806645027,1012.1827078755218,2,0,research/tasks/active/TASK-2026-09-02-MOCK-PRODUCTION/mockL64/results/M64_00194.json,yes
TASK-2026-09-02-MOCK-PRODUCTION,mockL64,64,64.0,0.35,0.3432,1024,3,6.0,systematic,31211003,ok,2173.82,462,0.24104868587083594,0.24104868587083594,1.0,1012.6257090881429,1,0,research/tasks/active/TASK-2026-09-02-MOCK-PRODUCTION/mockL64/results/M64_00195.json,yes
TASK-2026-09-02-MOCK-PRODUCTION,mockL64,64,64.0,0.35,0.3432,1024,4,6.0,systematic,31211004,ok,2173.25,462,0.20986519568076925,0.20986519568076925,1.9327877313278774,1011.7628895221196,3,0,research/tasks/active/TASK-2026-09-02-MOCK-PRODUCTION/mockL64/results/M64_00196.json,yes
TASK-2026-09-02-MOCK-PRODUCTION,mockL64,64,64.0,0.35,0.3432,1024,5,6.0,systematic,31211005,ok,2183.59,462,0.20163813562496535,0.20163813562496535,2.145380145674769,1012.8096143084513,3,0,research/tasks/active/TASK-2026-09-02-MOCK-PRODUCTION/mockL64/results/M64_00197.json,yes
TASK-2026-09-02-MOCK-PRODUCTION,mockL64,64,64.0,0.35,0.3432,1024,6,6.0,systematic,31211006,ok,2195.59,462,0.22452170989231224,0.22452170989231224,1.5949961668106647,1011.7274212169154,2,0,research/tasks/active/TASK-2026-09-02-MOCK-PRODUCTION/mockL64/results/M64_00198.json,yes
TASK-2026-09-02-MOCK-PRODUCTION,mockL64,64,64.0,0.35,0.3432,1024,7,6.0,systematic,31211007,ok,2166.36,462,0.25623287212937773,0.25623287212937773,1.0,1012.181057240967,1,0,research/tasks/active/TASK-2026-09-02-MOCK-PRODUCTION/mockL64/results/M64_00199.json,yes
TASK-2026-09-02-MOCK-PRODUCTION,mockL64,64,64.0,0.35,0.3432,1024,8,6.0,systematic,31211008,ok,2177.37,462,0.20656678640703136,0.20656678640703136,3.067141695478451,1012.377803380498,4,0,research/tasks/active/TASK-2026-09-02-MOCK-PRODUCTION/mockL64/results/M64_00200.json,yes
TASK-2026-09-02-MOCK-PRODUCTION,mockL64,64,64.0,0.35,0.3432,1024,9,6.0,systematic,31211009,ok,2192.78,462,0.21636476304601227,0.21636476304601227,2.0790806311540093,1012.0280995606159,3,0,research/tasks/active/TASK-2026-09-02-MOCK-PRODUCTION/mockL64/results/M64_00201.json,yes
TASK-2026-09-02-MOCK-PRODUCTION,mockL64,64,64.0,0.35,0.3432,1024,10,6.0,systematic,31211010,ok,2190.52,462,0.1950835056472409,0.1950835056472409,2.3787482135160274,1011.8997929803044,3,0,research/tasks/active/TASK-2026-09-02-MOCK-PRODUCTION/mockL64/results/M64_00202.json,yes
TASK-2026-09-02-MOCK-PRODUCTION,mockL64,64,64.0,0.35,0.3432,1024,11,6.0,systematic,31211011,ok,2191.84,462,0.21653893995623247,0.21653893995623247,1.2466781437552907,1011.7234229220926,2,0,research/tasks/active/TASK-2026-09-02-MOCK-PRODUCTION/mockL64/results/M64_00203.json,yes
TASK-2026-09-02-MOCK-PRODUCTION,mockL64,64,64.0,0.35,0.3432,1024,12,6.0,systematic,31211012,ok,2176.56,462,0.20661757102828715,0.20661757102828715,1.9890435072916826,1011.594444930541,2,0,research/tasks/active/TASK-2026-09-02-MOCK-PRODUCTION/mockL64/results/M64_00204.json,yes
TASK-2026-09-02-MOCK-PRODUCTION,mockL64,64,64.0,0.35,0.3432,1024,13,6.0,systematic,31211013,ok,2191.76,462,0.24003627145018916,0.24003627145018916,1.7623836927876082,1011.6829299531787,2,0,research/tasks/active/TASK-2026-09-02-MOCK-PRODUCTION/mockL64/results/M64_00205.json,yes
TASK-2026-09-02-MOCK-PRODUCTION,mockL64,64,64.0,0.35,0.3432,1024,14,6.0,systematic,31211014,ok,2178.66,462,0.24260104200022758,0.24260104200022758,1.9475780089153045,1012.7068496266455,2,0,research/tasks/active/TASK-2026-09-02-MOCK-PRODUCTION/mockL64/results/M64_00206.json,yes
TASK-2026-09-02-MOCK-PRODUCTION,mockL64,64,64.0,0.35,0.3432,1024,15,6.0,systematic,31211015,ok,2178.37,462,0.23170773610898437,0.23170773610898437,2.205912300041233,1012.0099370798381,4,0,research/tasks/active/TASK-2026-09-02-MOCK-PRODUCTION/mockL64/results/M64_00207.json,yes
TASK-2026-09-02-MOCK-PRODUCTION,mockL64,64,64.0,0.35,0.3432,1024,16,6.0,systematic,31211016,ok,2175.78,462,0.19604664986065973,0.19604664986065973,1.5313714894922086,1012.6647226631825,3,0,research/tasks/active/TASK-2026-09-02-MOCK-PRODUCTION/mockL64/results/M64_00208.json,yes
TASK-2026-09-02-MOCK-PRODUCTION,mockL64,64,64.0,0.35,0.3432,1024,17,6.0,systematic,31211017,ok,2165.68,462,0.18393987113794402,0.18393987113794402,1.007843016639498,1010.9464705094379,2,0,research/tasks/active/TASK-2026-09-02-MOCK-PRODUCTION/mockL64/results/M64_00209.json,yes
TASK-2026-09-02-MOCK-PRODUCTION,mockL64,64,64.0,0.35,0.3432,1024,18,6.0,systematic,31211018,ok,2168.9,462,0.22316154138213556,0.22316154138213556,1.746200602841013,1010.5079641662857,3,0,research/tasks/active/TASK-2026-09-02-MOCK-PRODUCTION/mockL64/results/M64_00210.json,yes
TASK-2026-09-02-MOCK-PRODUCTION,mockL64,64,64.0,0.35,0.3432,1024,19,6.0,systematic,31211019,ok,2181.27,462,0.22758084952803856,0.22758084952803856,2.985150769791382,1012.0661936618725,3,0,research/tasks/active/TASK-2026-09-02-MOCK-PRODUCTION/mockL64/results/M64_00211.json,yes
TASK-2026-09-02-MOCK-PRODUCTION,mockL64,64,64.0,0.35,0.3432,1024,20,6.0,systematic,31211020,ok,1874.06,462,0.19933654970621098,0.19933654970621098,1.7033176956764695,1012.8582555417352,4,0,research/tasks/active/TASK-2026-09-02-MOCK-PRODUCTION/mockL64/results/M64_00212.json,yes
TASK-2026-09-02-MOCK-PRODUCTION,mockL64,64,64.0,0.35,0.3432,1024,21,6.0,systematic,31211021,ok,2008.12,462,0.24210494262253185,0.24210494262253185,1.4320778578705993,1012.0853223754661,3,0,research/tasks/active/TASK-2026-09-02-MOCK-PRODUCTION/mockL64/results/M64_00213.json,yes
TASK-2026-09-02-MOCK-PRODUCTION,mockL64,64,64.0,0.35,0.3432,1024,22,6.0,systematic,31211022,ok,1938.38,462,0.18837021459600795,0.18837021459600795,1.481236209327227,1010.1826243724969,2,0,research/tasks/active/TASK-2026-09-02-MOCK-PRODUCTION/mockL64/results/M64_00214.json,yes
TASK-2026-09-02-MOCK-PRODUCTION,mockL64,64,64.0,0.35,0.3432,1024,23,6.0,systematic,31211023,ok,1995.57,462,0.2154142970633406,0.2154142970633406,2.1768056731934964,1010.9688734891637,3,0,research/tasks/active/TASK-2026-09-02-MOCK-PRODUCTION/mockL64/results/M64_00215.json,yes
TASK-2026-09-02-MOCK-PRODUCTION,mockL64,64,64.0,0.35,0.3532,1024,0,6.0,systematic,31212000,ok,1944.64,475,0.18754060993758173,0.18754060993758173,1.011803030653914,1012.5814842441985,3,0,research/tasks/active/TASK-2026-09-02-MOCK-PRODUCTION/mockL64/results/M64_00216.json,yes
TASK-2026-09-02-MOCK-PRODUCTION,mockL64,64,64.0,0.35,0.3532,1024,1,6.0,systematic,31212001,ok,2033.3,475,0.2276673839032426,0.2276673839032426,1.377251580736425,1012.0958759944845,3,0,research/tasks/active/TASK-2026-09-02-MOCK-PRODUCTION/mockL64/results/M64_00217.json,yes
TASK-2026-09-02-MOCK-PRODUCTION,mockL64,64,64.0,0.35,0.3532,1024,2,6.0,systematic,31212002,ok,1939.19,475,0.20878257068219297,0.20878257068219297,1.541275557450061,1011.6754600353062,3,0,research/tasks/active/TASK-2026-09-02-MOCK-PRODUCTION/mockL64/results/M64_00218.json,yes
TASK-2026-09-02-MOCK-PRODUCTION,mockL64,64,64.0,0.35,0.3532,1024,3,6.0,systematic,31212003,ok,1942.83,475,0.1613950481222771,0.1613950481222771,1.3854475787804716,1011.7223432668909,2,0,research/tasks/active/TASK-2026-09-02-MOCK-PRODUCTION/mockL64/results/M64_00219.json,yes
TASK-2026-09-02-MOCK-PRODUCTION,mockL64,64,64.0,0.35,0.3532,1024,4,6.0,systematic,31212004,ok,1941.79,475,0.16060581734374474,0.16060581734374474,1.0177325959472234,1012.1031952892241,2,0,research/tasks/active/TASK-2026-09-02-MOCK-PRODUCTION/mockL64/results/M64_00220.json,yes
TASK-2026-09-02-MOCK-PRODUCTION,mockL64,64,64.0,0.35,0.3532,1024,5,6.0,systematic,31212005,ok,2018.96,475,0.18554609880430398,0.18554609880430398,1.338343407939879,1012.3523126411114,2,0,research/tasks/active/TASK-2026-09-02-MOCK-PRODUCTION/mockL64/results/M64_00221.json,yes
TASK-2026-09-02-MOCK-PRODUCTION,mockL64,64,64.0,0.35,0.3532,1024,6,6.0,systematic,31212006,ok,1943.51,475,0.17868229769321314,0.17868229769321314,1.6531387653044172,1010.6174022135856,3,0,research/tasks/active/TASK-2026-09-02-MOCK-PRODUCTION/mockL64/results/M64_00222.json,yes
TASK-2026-09-02-MOCK-PRODUCTION,mockL64,64,64.0,0.35,0.3532,1024,7,6.0,systematic,31212007,ok,1942.47,475,0.17956107414063877,0.17956107414063877,1.4609616429576582,1012.0288606024117,2,0,research/tasks/active/TASK-2026-09-02-MOCK-PRODUCTION/mockL64/results/M64_00223.json,yes
TASK-2026-09-02-MOCK-PRODUCTION,mockL64,64,64.0,0.35,0.3532,1024,8,6.0,systematic,31212008,ok,1943.69,475,0.1703026020861188,0.1703026020861188,3.162552780793823,1012.5708904305861,4,0,research/tasks/active/TASK-2026-09-02-MOCK-PRODUCTION/mockL64/results/M64_00224.json,yes
TASK-2026-09-02-MOCK-PRODUCTION,mockL64,64,64.0,0.35,0.3532,1024,9,6.0,systematic,31212009,ok,1957.4,475,0.17978809290025763,0.17978809290025763,1.9825750242013553,1011.1674690928943,2,0,research/tasks/active/TASK-2026-09-02-MOCK-PRODUCTION/mockL64/results/M64_00225.json,yes
TASK-2026-09-02-MOCK-PRODUCTION,mockL64,64,64.0,0.35,0.3532,1024,10,6.0,systematic,31212010,ok,1942.89,475,0.20683335865882801,0.20683335865882801,1.6199327664623295,1012.129002008094,2,0,research/tasks/active/TASK-2026-09-02-MOCK-PRODUCTION/mockL64/results/M64_00226.json,yes
TASK-2026-09-02-MOCK-PRODUCTION,mockL64,64,64.0,0.35,0.3532,1024,11,6.0,systematic,31212011,ok,1867.9,475,0.17920728900014182,0.17920728900014182,1.0,1012.0187131227269,1,0,research/tasks/active/TASK-2026-09-02-MOCK-PRODUCTION/mockL64/results/M64_00227.json,yes
TASK-2026-09-02-MOCK-PRODUCTION,mockL64,64,64.0,0.35,0.3532,1024,12,6.0,systematic,31212012,ok,1891.94,475,0.19958594290415899,0.19958594290415899,1.2093186326521197,1011.8176351086934,2,0,research/tasks/active/TASK-2026-09-02-MOCK-PRODUCTION/mockL64/results/M64_00228.json,yes
TASK-2026-09-02-MOCK-PRODUCTION,mockL64,64,64.0,0.35,0.3532,1024,13,6.0,systematic,31212013,ok,1878.61,475,0.15201823360853522,0.15201823360853522,2.313909815915721,1012.7936601844767,4,0,research/tasks/active/TASK-2026-09-02-MOCK-PRODUCTION/mockL64/results/M64_00229.json,yes
TASK-2026-09-02-MOCK-PRODUCTION,mockL64,64,64.0,0.35,0.3532,1024,14,6.0,systematic,31212014,ok,1988.5,475,0.1964767627914452,0.1964767627914452,1.0,1012.8786132398545,1,0,research/tasks/active/TASK-2026-09-02-MOCK-PRODUCTION/mockL64/results/M64_00230.json,yes
TASK-2026-09-02-MOCK-PRODUCTION,mockL64,64,64.0,0.35,0.3532,1024,15,6.0,systematic,31212015,ok,1983.99,475,0.19055776389775514,0.19055776389775514,1.6067717032537643,1012.6767807067195,3,0,research/tasks/active/TASK-2026-09-02-MOCK-PRODUCTION/mockL64/results/M64_00231.json,yes
TASK-2026-09-02-MOCK-PRODUCTION,mockL64,64,64.0,0.35,0.3532,1024,16,6.0,systematic,31212016,ok,1967.26,475,0.1746038252658052,0.1746038252658052,1.0,1012.336374758247,1,0,research/tasks/active/TASK-2026-09-02-MOCK-PRODUCTION/mockL64/results/M64_00232.json,yes
TASK-2026-09-02-MOCK-PRODUCTION,mockL64,64,64.0,0.35,0.3532,1024,17,6.0,systematic,31212017,ok,1979.82,475,0.1790468685393251,0.1790468685393251,1.8496013546884922,1010.8552873697047,2,0,research/tasks/active/TASK-2026-09-02-MOCK-PRODUCTION/mockL64/results/M64_00233.json,yes
TASK-2026-09-02-MOCK-PRODUCTION,mockL64,64,64.0,0.35,0.3532,1024,18,6.0,systematic,31212018,ok,1963.28,475,0.17822427715590833,0.17822427715590833,1.1349379698800528,1011.7768589927394,2,0,research/tasks/active/TASK-2026-09-02-MOCK-PRODUCTION/mockL64/results/M64_00234.json,yes
TASK-2026-09-02-MOCK-PRODUCTION,mockL64,64,64.0,0.35,0.3532,1024,19,6.0,systematic,31212019,ok,1997.45,475,0.18322434632773937,0.18322434632773937,1.0644490644490645,1013.1368438983108,2,0,research/tasks/active/TASK-2026-09-02-MOCK-PRODUCTION/mockL64/results/M64_00235.json,yes
TASK-2026-09-02-MOCK-PRODUCTION,mockL64,64,64.0,0.35,0.3532,1024,20,6.0,systematic,31212020,ok,1971.3,475,0.17825062832406008,0.17825062832406008,1.0459297976120416,1011.9873099399016,2,0,research/tasks/active/TASK-2026-09-02-MOCK-PRODUCTION/mockL64/results/M64_00236.json,yes
TASK-2026-09-02-MOCK-PRODUCTION,mockL64,64,64.0,0.35,0.3532,1024,21,6.0,systematic,31212021,ok,1977.25,475,0.16634835816084947,0.16634835816084947,1.0377974358314546,1012.3024296870126,2,0,research/tasks/active/TASK-2026-09-02-MOCK-PRODUCTION/mockL64/results/M64_00237.json,yes
TASK-2026-09-02-MOCK-PRODUCTION,mockL64,64,64.0,0.35,0.3532,1024,22,6.0,systematic,31212022,ok,1973.82,475,0.2106643238208845,0.2106643238208845,1.8533936651583711,1011.7916407362884,2,0,research/tasks/active/TASK-2026-09-02-MOCK-PRODUCTION/mockL64/results/M64_00238.json,yes
TASK-2026-09-02-MOCK-PRODUCTION,mockL64,64,64.0,0.35,0.3532,1024,23,6.0,systematic,31212023,ok,1972.49,475,0.22408815410122365,0.22408815410122365,1.0811666886630593,1011.7744684823417,2,0,research/tasks/active/TASK-2026-09-02-MOCK-PRODUCTION/mockL64/results/M64_00239.json,yes
TASK-2026-09-02-MOCK-PRODUCTION,mockL64nc2048,64,64.0,0.35,0.2932,2048,0,6.0,systematic,31306000,ok,3421.92,395,0.39362823398438584,0.39362823398438584,3.025263519293493,2025.3057396469087,4,0,research/tasks/active/TASK-2026-09-02-MOCK-PRODUCTION/mockL64nc2048/results/M64H_00000.json,yes
TASK-2026-09-02-MOCK-PRODUCTION,mockL64nc2048,64,64.0,0.35,0.2932,2048,1,6.0,systematic,31306001,ok,3426.03,395,0.40620940374480263,0.40620940374480263,2.996937543318114,2023.712531775529,4,0,research/tasks/active/TASK-2026-09-02-MOCK-PRODUCTION/mockL64nc2048/results/M64H_00001.json,yes
TASK-2026-09-02-MOCK-PRODUCTION,mockL64nc2048,64,64.0,0.35,0.2932,2048,2,6.0,systematic,31306002,ok,3934.76,395,0.4018461322989285,0.4018461322989285,3.294352723102782,2025.0277119861305,6,0,research/tasks/active/TASK-2026-09-02-MOCK-PRODUCTION/mockL64nc2048/results/M64H_00002.json,yes
TASK-2026-09-02-MOCK-PRODUCTION,mockL64nc2048,64,64.0,0.35,0.2932,2048,3,6.0,systematic,31306003,ok,3948.55,395,0.420645711837854,0.420645711837854,2.096380531964237,2025.830879165204,4,0,research/tasks/active/TASK-2026-09-02-MOCK-PRODUCTION/mockL64nc2048/results/M64H_00003.json,yes
TASK-2026-09-02-MOCK-PRODUCTION,mockL64nc2048,64,64.0,0.35,0.2932,2048,4,6.0,systematic,31306004,ok,3959.04,395,0.3280636857789996,0.3280636857789996,1.5572039781932991,2025.4974315550935,4,0,research/tasks/active/TASK-2026-09-02-MOCK-PRODUCTION/mockL64nc2048/results/M64H_00004.json,yes
TASK-2026-09-02-MOCK-PRODUCTION,mockL64nc2048,64,64.0,0.35,0.2932,2048,5,6.0,systematic,31306005,ok,3907.19,395,0.3739424067186366,0.3739424067186366,1.0,2024.1157041855406,1,0,research/tasks/active/TASK-2026-09-02-MOCK-PRODUCTION/mockL64nc2048/results/M64H_00005.json,yes
TASK-2026-09-02-MOCK-PRODUCTION,mockL64nc2048,64,64.0,0.35,0.2932,2048,6,6.0,systematic,31306006,ok,3965.77,395,0.44618088847596016,0.44618088847596016,3.2549258809159074,2025.1259085821898,4,0,research/tasks/active/TASK-2026-09-02-MOCK-PRODUCTION/mockL64nc2048/results/M64H_00006.json,yes
TASK-2026-09-02-MOCK-PRODUCTION,mockL64nc2048,64,64.0,0.35,0.2932,2048,7,6.0,systematic,31306007,ok,3951.3,395,0.4017352863451694,0.4017352863451694,1.1452581176641485,2025.6568094129595,4,0,research/tasks/active/TASK-2026-09-02-MOCK-PRODUCTION/mockL64nc2048/results/M64H_00007.json,yes
TASK-2026-09-02-MOCK-PRODUCTION,mockL64nc2048,64,64.0,0.35,0.2932,2048,8,6.0,systematic,31306008,ok,3944.13,395,0.38244156974168275,0.38244156974168275,3.363094913547303,2025.0192949166994,6,0,research/tasks/active/TASK-2026-09-02-MOCK-PRODUCTION/mockL64nc2048/results/M64H_00008.json,yes
TASK-2026-09-02-MOCK-PRODUCTION,mockL64nc2048,64,64.0,0.35,0.2932,2048,9,6.0,systematic,31306009,ok,3976.54,395,0.40026272981280825,0.40026272981280825,2.000242262618401,2027.4687617365378,4,0,research/tasks/active/TASK-2026-09-02-MOCK-PRODUCTION/mockL64nc2048/results/M64H_00009.json,yes
TASK-2026-09-02-MOCK-PRODUCTION,mockL64nc2048,64,64.0,0.35,0.2932,2048,10,6.0,systematic,31306010,ok,3928.93,395,0.3983219217143292,0.3983219217143292,1.2419648271679806,2024.3409961614852,2,0,research/tasks/active/TASK-2026-09-02-MOCK-PRODUCTION/mockL64nc2048/results/M64H_00010.json,yes
TASK-2026-09-02-MOCK-PRODUCTION,mockL64nc2048,64,64.0,0.35,0.2932,2048,11,6.0,systematic,31306011,ok,3957.88,395,0.37270644483678006,0.37270644483678006,2.3585448034800915,2024.2513792091338,3,0,research/tasks/active/TASK-2026-09-02-MOCK-PRODUCTION/mockL64nc2048/results/M64H_00011.json,yes
TASK-2026-09-02-MOCK-PRODUCTION,mockL64nc2048,64,64.0,0.35,0.2932,2048,12,6.0,systematic,31306012,ok,3947.5,395,0.4106586871224873,0.4106586871224873,1.177526979528125,2025.621737273167,3,0,research/tasks/active/TASK-2026-09-02-MOCK-PRODUCTION/mockL64nc2048/results/M64H_00012.json,yes
TASK-2026-09-02-MOCK-PRODUCTION,mockL64nc2048,64,64.0,0.35,0.2932,2048,13,6.0,systematic,31306013,ok,3964.18,395,0.4072624349793156,0.4072624349793156,2.273616468593409,2025.3933015808273,4,0,research/tasks/active/TASK-2026-09-02-MOCK-PRODUCTION/mockL64nc2048/results/M64H_00013.json,yes
TASK-2026-09-02-MOCK-PRODUCTION,mockL64nc2048,64,64.0,0.35,0.2932,2048,14,6.0,systematic,31306014,ok,3960.38,395,0.39566525818817083,0.39566525818817083,1.83912626348551,2023.8460970128315,4,0,research/tasks/active/TASK-2026-09-02-MOCK-PRODUCTION/mockL64nc2048/results/M64H_00014.json,yes
TASK-2026-09-02-MOCK-PRODUCTION,mockL64nc2048,64,64.0,0.35,0.2932,2048,15,6.0,systematic,31306015,ok,3937.86,395,0.391830937161387,0.391830937161387,2.984352142259462,2025.0099664763698,3,0,research/tasks/active/TASK-2026-09-02-MOCK-PRODUCTION/mockL64nc2048/results/M64H_00015.json,yes
TASK-2026-09-02-MOCK-PRODUCTION,mockL64nc2048,64,64.0,0.35,0.2932,2048,16,6.0,systematic,31306016,ok,3954.58,395,0.42181663752052884,0.42181663752052884,2.8154868747675748,2025.401871965088,5,0,research/tasks/active/TASK-2026-09-02-MOCK-PRODUCTION/mockL64nc2048/results/M64H_00016.json,yes
TASK-2026-09-02-MOCK-PRODUCTION,mockL64nc2048,64,64.0,0.35,0.2932,2048,17,6.0,systematic,31306017,ok,3929.02,395,0.372215582391125,0.372215582391125,1.3114248908788473,2025.8887906669788,2,0,research/tasks/active/TASK-2026-09-02-MOCK-PRODUCTION/mockL64nc2048/results/M64H_00017.json,yes
TASK-2026-09-02-MOCK-PRODUCTION,mockL64nc2048,64,64.0,0.35,0.2932,2048,18,6.0,systematic,31306018,ok,3935.78,395,0.39055102928457264,0.39055102928457264,1.0949258537792566,2024.5290052314228,2,0,research/tasks/active/TASK-2026-09-02-MOCK-PRODUCTION/mockL64nc2048/results/M64H_00018.json,yes
TASK-2026-09-02-MOCK-PRODUCTION,mockL64nc2048,64,64.0,0.35,0.2932,2048,19,6.0,systematic,31306019,ok,4105.85,395,0.3639577916610675,0.3639577916610675,1.0388106603870317,2024.7787140618473,2,0,research/tasks/active/TASK-2026-09-02-MOCK-PRODUCTION/mockL64nc2048/results/M64H_00019.json,yes
TASK-2026-09-02-MOCK-PRODUCTION,mockL64nc2048,64,64.0,0.35,0.2932,2048,20,6.0,systematic,31306020,ok,3949.04,395,0.39830477089469113,0.39830477089469113,2.04180877320235,2024.2615064283195,3,0,research/tasks/active/TASK-2026-09-02-MOCK-PRODUCTION/mockL64nc2048/results/M64H_00020.json,yes
TASK-2026-09-02-MOCK-PRODUCTION,mockL64nc2048,64,64.0,0.35,0.2932,2048,21,6.0,systematic,31306021,ok,3939.16,395,0.3566460803395752,0.3566460803395752,2.394536695870209,2024.8960150734606,5,0,research/tasks/active/TASK-2026-09-02-MOCK-PRODUCTION/mockL64nc2048/results/M64H_00021.json,yes
TASK-2026-09-02-MOCK-PRODUCTION,mockL64nc2048,64,64.0,0.35,0.2932,2048,22,6.0,systematic,31306022,ok,3958.85,395,0.4432496115881898,0.4432496115881898,1.3841993577833294,2025.76937471062,2,0,research/tasks/active/TASK-2026-09-02-MOCK-PRODUCTION/mockL64nc2048/results/M64H_00022.json,yes
TASK-2026-09-02-MOCK-PRODUCTION,mockL64nc2048,64,64.0,0.35,0.2932,2048,23,6.0,systematic,31306023,ok,3952.74,395,0.3610533942664226,0.3610533942664226,1.9157094142483007,2026.6442109973307,3,0,research/tasks/active/TASK-2026-09-02-MOCK-PRODUCTION/mockL64nc2048/results/M64H_00023.json,yes
TASK-2026-09-02-MOCK-PRODUCTION,mockL64nc2048,64,64.0,0.35,0.3032,2048,0,6.0,systematic,31307000,ok,4058.32,408,0.2969360656286127,0.2969360656286127,2.266992836302983,2025.4071442531779,6,0,research/tasks/active/TASK-2026-09-02-MOCK-PRODUCTION/mockL64nc2048/results/M64H_00024.json,yes
TASK-2026-09-02-MOCK-PRODUCTION,mockL64nc2048,64,64.0,0.35,0.3032,2048,1,6.0,systematic,31307001,ok,3994.91,408,0.33768944284672875,0.33768944284672875,1.0,2024.459761963554,1,0,research/tasks/active/TASK-2026-09-02-MOCK-PRODUCTION/mockL64nc2048/results/M64H_00025.json,yes
TASK-2026-09-02-MOCK-PRODUCTION,mockL64nc2048,64,64.0,0.35,0.3032,2048,2,6.0,systematic,31307002,ok,4042.66,408,0.35389948387209985,0.35389948387209985,1.599555787424757,2024.657220847158,4,0,research/tasks/active/TASK-2026-09-02-MOCK-PRODUCTION/mockL64nc2048/results/M64H_00026.json,yes
TASK-2026-09-02-MOCK-PRODUCTION,mockL64nc2048,64,64.0,0.35,0.3032,2048,3,6.0,systematic,31307003,ok,4046.88,408,0.34662934434341364,0.34662934434341364,3.3587213120005126,2026.19580455972,5,0,research/tasks/active/TASK-2026-09-02-MOCK-PRODUCTION/mockL64nc2048/results/M64H_00027.json,yes
TASK-2026-09-02-MOCK-PRODUCTION,mockL64nc2048,64,64.0,0.35,0.3032,2048,4,6.0,systematic,31307004,ok,4062.93,408,0.3630611638307313,0.3630611638307313,4.279264517735113,2024.1678155218328,5,0,research/tasks/active/TASK-2026-09-02-MOCK-PRODUCTION/mockL64nc2048/results/M64H_00028.json,yes
TASK-2026-09-02-MOCK-PRODUCTION,mockL64nc2048,64,64.0,0.35,0.3032,2048,5,6.0,systematic,31307005,ok,4079.49,408,0.3371998906456698,0.3371998906456698,2.751882678829885,2023.8423004006918,6,0,research/tasks/active/TASK-2026-09-02-MOCK-PRODUCTION/mockL64nc2048/results/M64H_00029.json,yes
TASK-2026-09-02-MOCK-PRODUCTION,mockL64nc2048,64,64.0,0.35,0.3032,2048,6,6.0,systematic,31307006,ok,4039.73,408,0.4001447797007611,0.4001447797007611,4.4247913831481895,2024.1862659331075,6,0,research/tasks/active/TASK-2026-09-02-MOCK-PRODUCTION/mockL64nc2048/results/M64H_00030.json,yes
TASK-2026-09-02-MOCK-PRODUCTION,mockL64nc2048,64,64.0,0.35,0.3032,2048,7,6.0,systematic,31307007,ok,4022.11,408,0.35879118137786475,0.35879118137786475,1.0,2024.9172629593304,1,0,research/tasks/active/TASK-2026-09-02-MOCK-PRODUCTION/mockL64nc2048/results/M64H_00031.json,yes
TASK-2026-09-02-MOCK-PRODUCTION,mockL64nc2048,64,64.0,0.35,0.3032,2048,8,6.0,systematic,31307008,ok,4043.18,408,0.3383313958147666,0.3383313958147666,1.2324653809287895,2026.9532494581476,3,0,research/tasks/active/TASK-2026-09-02-MOCK-PRODUCTION/mockL64nc2048/results/M64H_00032.json,yes
TASK-2026-09-02-MOCK-PRODUCTION,mockL64nc2048,64,64.0,0.35,0.3032,2048,9,6.0,systematic,31307009,ok,4058.96,408,0.36680390594728873,0.36680390594728873,1.6181016729974067,2025.1151287809241,5,0,research/tasks/active/TASK-2026-09-02-MOCK-PRODUCTION/mockL64nc2048/results/M64H_00033.json,yes
TASK-2026-09-02-MOCK-PRODUCTION,mockL64nc2048,64,64.0,0.35,0.3032,2048,10,6.0,systematic,31307010,ok,4030.29,408,0.35893613769731514,0.35893613769731514,2.700632677476141,2024.7489222039605,4,0,research/tasks/active/TASK-2026-09-02-MOCK-PRODUCTION/mockL64nc2048/results/M64H_00034.json,yes
TASK-2026-09-02-MOCK-PRODUCTION,mockL64nc2048,64,64.0,0.35,0.3032,2048,11,6.0,systematic,31307011,ok,4060.54,408,0.3695312343334357,0.3695312343334357,2.7440079762805096,2024.8720325580528,5,0,research/tasks/active/TASK-2026-09-02-MOCK-PRODUCTION/mockL64nc2048/results/M64H_00035.json,yes
TASK-2026-09-02-MOCK-PRODUCTION,mockL64nc2048,64,64.0,0.35,0.3032,2048,12,6.0,systematic,31307012,ok,4066.41,408,0.3288593889002426,0.3288593889002426,2.1532793803276196,2025.0092117748204,5,0,research/tasks/active/TASK-2026-09-02-MOCK-PRODUCTION/mockL64nc2048/results/M64H_00036.json,yes
TASK-2026-09-02-MOCK-PRODUCTION,mockL64nc2048,64,64.0,0.35,0.3032,2048,13,6.0,systematic,31307013,ok,4072.89,408,0.3487328712558541,0.3487328712558541,3.3866436708104426,2024.9191311944383,6,0,research/tasks/active/TASK-2026-09-02-MOCK-PRODUCTION/mockL64nc2048/results/M64H_00037.json,yes
TASK-2026-09-02-MOCK-PRODUCTION,mockL64nc2048,64,64.0,0.35,0.3032,2048,14,6.0,systematic,31307014,ok,3997.56,408,0.3783531247561042,0.3783531247561042,1.0470196053566374,2024.3144788565235,3,0,research/tasks/active/TASK-2026-09-02-MOCK-PRODUCTION/mockL64nc2048/results/M64H_00038.json,yes
TASK-2026-09-02-MOCK-PRODUCTION,mockL64nc2048,64,64.0,0.35,0.3032,2048,15,6.0,systematic,31307015,ok,3951.35,408,0.36184544586756234,0.36184544586756234,1.4723024312641857,2025.1611921571962,4,0,research/tasks/active/TASK-2026-09-02-MOCK-PRODUCTION/mockL64nc2048/results/M64H_00039.json,yes
TASK-2026-09-02-MOCK-PRODUCTION,mockL64nc2048,64,64.0,0.35,0.3032,2048,16,6.0,systematic,31307016,ok,3980.88,408,0.3436688487071467,0.3436688487071467,2.3492947585510033,2024.9444354029642,3,0,research/tasks/active/TASK-2026-09-02-MOCK-PRODUCTION/mockL64nc2048/results/M64H_00040.json,yes
TASK-2026-09-02-MOCK-PRODUCTION,mockL64nc2048,64,64.0,0.35,0.3032,2048,17,6.0,systematic,31307017,ok,3980.77,408,0.3576915748914156,0.3576915748914156,2.122574069631982,2023.0039466020094,3,0,research/tasks/active/TASK-2026-09-02-MOCK-PRODUCTION/mockL64nc2048/results/M64H_00041.json,yes
TASK-2026-09-02-MOCK-PRODUCTION,mockL64nc2048,64,64.0,0.35,0.3032,2048,18,6.0,systematic,31307018,ok,3996.76,408,0.40205414388953853,0.40205414388953853,2.50029746256681,2026.301299395695,4,0,research/tasks/active/TASK-2026-09-02-MOCK-PRODUCTION/mockL64nc2048/results/M64H_00042.json,yes
TASK-2026-09-02-MOCK-PRODUCTION,mockL64nc2048,64,64.0,0.35,0.3032,2048,19,6.0,systematic,31307019,ok,3960.98,408,0.346026839655194,0.346026839655194,2.684756629152782,2024.9299422405036,3,0,research/tasks/active/TASK-2026-09-02-MOCK-PRODUCTION/mockL64nc2048/results/M64H_00043.json,yes
TASK-2026-09-02-MOCK-PRODUCTION,mockL64nc2048,64,64.0,0.35,0.3032,2048,20,6.0,systematic,31307020,ok,3970.68,408,0.3545266334918381,0.3545266334918381,2.565380032832527,2024.7466099591811,4,0,research/tasks/active/TASK-2026-09-02-MOCK-PRODUCTION/mockL64nc2048/results/M64H_00044.json,yes
TASK-2026-09-02-MOCK-PRODUCTION,mockL64nc2048,64,64.0,0.35,0.3032,2048,21,6.0,systematic,31307021,ok,3993.91,408,0.36346393867061283,0.36346393867061283,1.5978824449105762,2024.9294313716134,3,0,research/tasks/active/TASK-2026-09-02-MOCK-PRODUCTION/mockL64nc2048/results/M64H_00045.json,yes
TASK-2026-09-02-MOCK-PRODUCTION,mockL64nc2048,64,64.0,0.35,0.3032,2048,22,6.0,systematic,31307022,ok,3998.68,408,0.363133082831226,0.363133082831226,1.9423343555242303,2025.7254001945382,4,0,research/tasks/active/TASK-2026-09-02-MOCK-PRODUCTION/mockL64nc2048/results/M64H_00046.json,yes
TASK-2026-09-02-MOCK-PRODUCTION,mockL64nc2048,64,64.0,0.35,0.3032,2048,23,6.0,systematic,31307023,ok,4002.71,408,0.3560156268001723,0.3560156268001723,2.4075833954223644,2025.414891034602,5,0,research/tasks/active/TASK-2026-09-02-MOCK-PRODUCTION/mockL64nc2048/results/M64H_00047.json,yes
TASK-2026-09-02-MOCK-PRODUCTION,mockL64nc2048,64,64.0,0.35,0.3132,2048,0,6.0,systematic,31308000,ok,4062.43,421,0.3216026001135922,0.3216026001135922,2.2017089566419705,2024.6920206169264,3,0,research/tasks/active/TASK-2026-09-02-MOCK-PRODUCTION/mockL64nc2048/results/M64H_00048.json,yes
TASK-2026-09-02-MOCK-PRODUCTION,mockL64nc2048,64,64.0,0.35,0.3132,2048,1,6.0,systematic,31308001,ok,4056.28,421,0.310407733176389,0.310407733176389,1.9400541732656413,2024.3037719044114,2,0,research/tasks/active/TASK-2026-09-02-MOCK-PRODUCTION/mockL64nc2048/results/M64H_00049.json,yes
TASK-2026-09-02-MOCK-PRODUCTION,mockL64nc2048,64,64.0,0.35,0.3132,2048,2,6.0,systematic,31308002,ok,4016.3,421,0.28996185006209274,0.28996185006209274,2.1326889967528935,2024.2804672803331,3,0,research/tasks/active/TASK-2026-09-02-MOCK-PRODUCTION/mockL64nc2048/results/M64H_00050.json,yes
TASK-2026-09-02-MOCK-PRODUCTION,mockL64nc2048,64,64.0,0.35,0.3132,2048,3,6.0,systematic,31308003,ok,4019.69,421,0.32399044762382573,0.32399044762382573,1.2920339588698448,2025.6171077845454,2,0,research/tasks/active/TASK-2026-09-02-MOCK-PRODUCTION/mockL64nc2048/results/M64H_00051.json,yes
TASK-2026-09-02-MOCK-PRODUCTION,mockL64nc2048,64,64.0,0.35,0.3132,2048,4,6.0,systematic,31308004,ok,4053.45,421,0.3031872990096108,0.3031872990096108,2.9598257823493133,2024.5014467852866,4,0,research/tasks/active/TASK-2026-09-02-MOCK-PRODUCTION/mockL64nc2048/results/M64H_00052.json,yes
TASK-2026-09-02-MOCK-PRODUCTION,mockL64nc2048,64,64.0,0.35,0.3132,2048,5,6.0,systematic,31308005,ok,4042.92,421,0.2752431252192702,0.2752431252192702,1.7546070784939418,2025.2262296994418,5,0,research/tasks/active/TASK-2026-09-02-MOCK-PRODUCTION/mockL64nc2048/results/M64H_00053.json,yes
TASK-2026-09-02-MOCK-PRODUCTION,mockL64nc2048,64,64.0,0.35,0.3132,2048,6,6.0,systematic,31308006,ok,4015.26,421,0.29933308757411026,0.29933308757411026,1.3959088258708323,2025.217326482642,3,0,research/tasks/active/TASK-2026-09-02-MOCK-PRODUCTION/mockL64nc2048/results/M64H_00054.json,yes
TASK-2026-09-02-MOCK-PRODUCTION,mockL64nc2048,64,64.0,0.35,0.3132,2048,7,6.0,systematic,31308007,ok,3864.4,421,0.31252330706839215,0.31252330706839215,1.3864413614832591,2025.0019691501188,3,0,research/tasks/active/TASK-2026-09-02-MOCK-PRODUCTION/mockL64nc2048/results/M64H_00055.json,yes
TASK-2026-09-02-MOCK-PRODUCTION,mockL64nc2048,64,64.0,0.35,0.3132,2048,8,6.0,systematic,31308008,ok,3840.59,421,0.33534869919318194,0.33534869919318194,2.0071129146488524,2024.3164154807725,3,0,research/tasks/active/TASK-2026-09-02-MOCK-PRODUCTION/mockL64nc2048/results/M64H_00056.json,yes
TASK-2026-09-02-MOCK-PRODUCTION,mockL64nc2048,64,64.0,0.35,0.3132,2048,9,6.0,systematic,31308009,ok,3867.66,421,0.31189975715279633,0.31189975715279633,1.2608896413729413,2023.8490540464923,2,0,research/tasks/active/TASK-2026-09-02-MOCK-PRODUCTION/mockL64nc2048/results/M64H_00057.json,yes
TASK-2026-09-02-MOCK-PRODUCTION,mockL64nc2048,64,64.0,0.35,0.3132,2048,10,6.0,systematic,31308010,ok,3863.7,421,0.3227951692202047,0.3227951692202047,3.750493144266382,2024.116795648483,4,0,research/tasks/active/TASK-2026-09-02-MOCK-PRODUCTION/mockL64nc2048/results/M64H_00058.json,yes
TASK-2026-09-02-MOCK-PRODUCTION,mockL64nc2048,64,64.0,0.35,0.3132,2048,11,6.0,systematic,31308011,ok,3892.99,421,0.30756829640014016,0.30756829640014016,2.6416053548777985,2024.3353253512691,4,0,research/tasks/active/TASK-2026-09-02-MOCK-PRODUCTION/mockL64nc2048/results/M64H_00059.json,yes
TASK-2026-09-02-MOCK-PRODUCTION,mockL64nc2048,64,64.0,0.35,0.3132,2048,12,6.0,systematic,31308012,ok,3844.69,421,0.2891039460212995,0.2891039460212995,2.33350060920314,2023.34860926157,5,0,research/tasks/active/TASK-2026-09-02-MOCK-PRODUCTION/mockL64nc2048/results/M64H_00060.json,yes
TASK-2026-09-02-MOCK-PRODUCTION,mockL64nc2048,64,64.0,0.35,0.3132,2048,13,6.0,systematic,31308013,ok,3845.13,421,0.3238148808303194,0.3238148808303194,1.8517963860358007,2025.2044662214787,3,0,research/tasks/active/TASK-2026-09-02-MOCK-PRODUCTION/mockL64nc2048/results/M64H_00061.json,yes
TASK-2026-09-02-MOCK-PRODUCTION,mockL64nc2048,64,64.0,0.35,0.3132,2048,14,6.0,systematic,31308014,ok,3863.81,421,0.3024768370238092,0.3024768370238092,3.961921458758008,2024.010732531291,5,0,research/tasks/active/TASK-2026-09-02-MOCK-PRODUCTION/mockL64nc2048/results/M64H_00062.json,yes
TASK-2026-09-02-MOCK-PRODUCTION,mockL64nc2048,64,64.0,0.35,0.3132,2048,15,6.0,systematic,31308015,ok,3881.23,421,0.28857213370549417,0.28857213370549417,1.663948103181108,2024.8293857167089,3,0,research/tasks/active/TASK-2026-09-02-MOCK-PRODUCTION/mockL64nc2048/results/M64H_00063.json,yes
TASK-2026-09-02-MOCK-PRODUCTION,mockL64nc2048,64,64.0,0.35,0.3132,2048,16,6.0,systematic,31308016,ok,3872.07,421,0.3084925356054243,0.3084925356054243,2.435334761680805,2023.3013955526042,3,0,research/tasks/active/TASK-2026-09-02-MOCK-PRODUCTION/mockL64nc2048/results/M64H_00064.json,yes
TASK-2026-09-02-MOCK-PRODUCTION,mockL64nc2048,64,64.0,0.35,0.3132,2048,17,6.0,systematic,31308017,ok,3841.87,421,0.32162956367147333,0.32162956367147333,1.0,2025.311249578596,1,0,research/tasks/active/TASK-2026-09-02-MOCK-PRODUCTION/mockL64nc2048/results/M64H_00065.json,yes
TASK-2026-09-02-MOCK-PRODUCTION,mockL64nc2048,64,64.0,0.35,0.3132,2048,18,6.0,systematic,31308018,ok,3907.66,421,0.3151397506624901,0.3151397506624901,1.5557461253824172,2025.071111559894,5,0,research/tasks/active/TASK-2026-09-02-MOCK-PRODUCTION/mockL64nc2048/results/M64H_00066.json,yes
TASK-2026-09-02-MOCK-PRODUCTION,mockL64nc2048,64,64.0,0.35,0.3132,2048,19,6.0,systematic,31308019,ok,3902.6,421,0.34114693585064193,0.34114693585064193,2.012898123254919,2024.3457348575355,3,0,research/tasks/active/TASK-2026-09-02-MOCK-PRODUCTION/mockL64nc2048/results/M64H_00067.json,yes
TASK-2026-09-02-MOCK-PRODUCTION,mockL64nc2048,64,64.0,0.35,0.3132,2048,20,6.0,systematic,31308020,ok,3898.64,421,0.31066603140372767,0.31066603140372767,2.3536346261112175,2024.445771796019,5,0,research/tasks/active/TASK-2026-09-02-MOCK-PRODUCTION/mockL64nc2048/results/M64H_00068.json,yes
TASK-2026-09-02-MOCK-PRODUCTION,mockL64nc2048,64,64.0,0.35,0.3132,2048,21,6.0,systematic,31308021,ok,3926.42,421,0.3427905583958197,0.3427905583958197,2.1207881843141814,2024.0251926065519,4,0,research/tasks/active/TASK-2026-09-02-MOCK-PRODUCTION/mockL64nc2048/results/M64H_00069.json,yes
TASK-2026-09-02-MOCK-PRODUCTION,mockL64nc2048,64,64.0,0.35,0.3132,2048,22,6.0,systematic,31308022,ok,3929.31,421,0.2972588075418269,0.2972588075418269,2.9666799641251544,2024.9458435544989,4,0,research/tasks/active/TASK-2026-09-02-MOCK-PRODUCTION/mockL64nc2048/results/M64H_00070.json,yes
TASK-2026-09-02-MOCK-PRODUCTION,mockL64nc2048,64,64.0,0.35,0.3132,2048,23,6.0,systematic,31308023,ok,3906.73,421,0.3365011307981526,0.3365011307981526,2.885320602337532,2023.2215396339332,5,0,research/tasks/active/TASK-2026-09-02-MOCK-PRODUCTION/mockL64nc2048/results/M64H_00071.json,yes
TASK-2026-09-02-SMC-HIGHRUNG-LAMBDA,armA1024,128,128.0,0.35,0.3032,1024,0,6.0,systematic,30200000,ok,47338.39,1643,0.11297401420515968,0.11297401420515968,1.0,1017.7379033701667,1,0,research/tasks/active/TASK-2026-09-02-SMC-HIGHRUNG-LAMBDA/armA1024/results/A1024_00000.json,yes
TASK-2026-09-02-SMC-HIGHRUNG-LAMBDA,armA1024,128,128.0,0.35,0.3032,1024,1,6.0,systematic,30200001,ok,47265.94,1643,0.22495000225772988,0.22495000225772988,1.0,1018.9184500014494,1,0,research/tasks/active/TASK-2026-09-02-SMC-HIGHRUNG-LAMBDA/armA1024/results/A1024_00001.json,yes
TASK-2026-09-02-SMC-HIGHRUNG-LAMBDA,armA1024,128,128.0,0.35,0.3032,1024,2,6.0,systematic,30200002,ok,46812.72,1643,0.23764409396408145,0.23764409396408145,1.0,1018.172127616156,1,0,research/tasks/active/TASK-2026-09-02-SMC-HIGHRUNG-LAMBDA/armA1024/results/A1024_00002.json,yes
TASK-2026-09-02-SMC-HIGHRUNG-LAMBDA,armA1024,128,128.0,0.35,0.3032,1024,3,6.0,systematic,30200003,ok,47160.79,1643,0.14800321590494048,0.14800321590494048,1.0,1018.1997676686937,1,0,research/tasks/active/TASK-2026-09-02-SMC-HIGHRUNG-LAMBDA/armA1024/results/A1024_00003.json,yes
TASK-2026-09-02-SMC-HIGHRUNG-LAMBDA,armA1024,128,128.0,0.35,0.3032,1024,4,6.0,systematic,30200004,ok,47189.56,1643,0.18627070820213365,0.18627070820213365,1.0,1018.2181790104665,1,0,research/tasks/active/TASK-2026-09-02-SMC-HIGHRUNG-LAMBDA/armA1024/results/A1024_00004.json,yes
TASK-2026-09-02-SMC-HIGHRUNG-LAMBDA,armA1024,128,128.0,0.35,0.3032,1024,5,6.0,systematic,30200005,ok,47546.2,1643,0.23264326886559816,0.23264326886559816,1.0,1017.5635911858052,1,0,research/tasks/active/TASK-2026-09-02-SMC-HIGHRUNG-LAMBDA/armA1024/results/A1024_00005.json,yes
TASK-2026-09-02-SMC-HIGHRUNG-LAMBDA,armA1024,128,128.0,0.35,0.3032,1024,6,6.0,systematic,30200006,ok,46963.77,1643,0.254432616636748,0.254432616636748,1.0,1017.4175110860537,1,0,research/tasks/active/TASK-2026-09-02-SMC-HIGHRUNG-LAMBDA/armA1024/results/A1024_00006.json,yes
TASK-2026-09-02-SMC-HIGHRUNG-LAMBDA,armA1024,128,128.0,0.35,0.3032,1024,7,6.0,systematic,30200007,ok,46910.19,1643,0.2520796114675806,0.2520796114675806,1.0,1017.4304283208809,1,0,research/tasks/active/TASK-2026-09-02-SMC-HIGHRUNG-LAMBDA/armA1024/results/A1024_00007.json,yes
TASK-2026-09-02-SMC-HIGHRUNG-LAMBDA,armA1024,128,128.0,0.35,0.3032,1024,8,6.0,systematic,30200008,ok,47009.55,1643,0.14799151699878366,0.14799151699878366,1.0,1018.052856493354,1,0,research/tasks/active/TASK-2026-09-02-SMC-HIGHRUNG-LAMBDA/armA1024/results/A1024_00008.json,yes
TASK-2026-09-02-SMC-HIGHRUNG-LAMBDA,armA1024,128,128.0,0.35,0.3032,1024,9,6.0,systematic,30200009,ok,47411.66,1643,0.20622346090728932,0.20622346090728932,1.0,1018.4724407967652,1,0,research/tasks/active/TASK-2026-09-02-SMC-HIGHRUNG-LAMBDA/armA1024/results/A1024_00009.json,yes
TASK-2026-09-02-SMC-HIGHRUNG-LAMBDA,armA1024,128,128.0,0.35,0.3032,1024,10,6.0,systematic,30200010,ok,47349.74,1643,0.1882578948381987,0.1882578948381987,1.0,1017.9488033400274,1,0,research/tasks/active/TASK-2026-09-02-SMC-HIGHRUNG-LAMBDA/armA1024/results/A1024_00010.json,yes
TASK-2026-09-02-SMC-HIGHRUNG-LAMBDA,armA1024,128,128.0,0.35,0.3032,1024,11,6.0,systematic,30200011,ok,47187.95,1643,0.2500946442939539,0.2500946442939539,1.0,1017.7819393355128,1,0,research/tasks/active/TASK-2026-09-02-SMC-HIGHRUNG-LAMBDA/armA1024/results/A1024_00011.json,yes
TASK-2026-09-02-SMC-HIGHRUNG-LAMBDA,armA1024,128,128.0,0.35,0.3032,1024,12,6.0,systematic,30200012,ok,46907.25,1643,0.1614506614406216,0.1614506614406216,1.0,1018.1414607581785,1,0,research/tasks/active/TASK-2026-09-02-SMC-HIGHRUNG-LAMBDA/armA1024/results/A1024_00012.json,yes
TASK-2026-09-02-SMC-HIGHRUNG-LAMBDA,armA1024,128,128.0,0.35,0.3032,1024,13,6.0,systematic,30200013,ok,47160.03,1643,0.18761130599191808,0.18761130599191808,1.0,1018.0382014844863,1,0,research/tasks/active/TASK-2026-09-02-SMC-HIGHRUNG-LAMBDA/armA1024/results/A1024_00013.json,yes
TASK-2026-09-02-SMC-HIGHRUNG-LAMBDA,armA1024,128,128.0,0.35,0.3032,1024,14,6.0,systematic,30200014,ok,47437.56,1643,0.20925432017537468,0.20925432017537468,1.0,1017.3883307204939,1,0,research/tasks/active/TASK-2026-09-02-SMC-HIGHRUNG-LAMBDA/armA1024/results/A1024_00014.json,yes
TASK-2026-09-02-SMC-HIGHRUNG-LAMBDA,armA1024,128,128.0,0.35,0.3032,1024,15,6.0,systematic,30200015,ok,47154.07,1643,0.1460065528546451,0.1460065528546451,1.0,1018.2611097048749,1,0,research/tasks/active/TASK-2026-09-02-SMC-HIGHRUNG-LAMBDA/armA1024/results/A1024_00015.json,yes
TASK-2026-09-02-SMC-HIGHRUNG-LAMBDA,armA1024,128,128.0,0.35,0.3032,1024,16,6.0,systematic,30200016,ok,46673.8,1643,0.26929725765111245,0.26929725765111245,1.0,1018.3081968980198,1,0,research/tasks/active/TASK-2026-09-02-SMC-HIGHRUNG-LAMBDA/armA1024/results/A1024_00016.json,yes
TASK-2026-09-02-SMC-HIGHRUNG-LAMBDA,armA1024,128,128.0,0.35,0.3032,1024,17,6.0,systematic,30200017,ok,46980.39,1643,0.29166881571508474,0.29166881571508474,1.0,1018.3099933666607,1,0,research/tasks/active/TASK-2026-09-02-SMC-HIGHRUNG-LAMBDA/armA1024/results/A1024_00017.json,yes
TASK-2026-09-02-SMC-HIGHRUNG-LAMBDA,armA1024,128,128.0,0.35,0.3032,1024,18,6.0,systematic,30200018,ok,47163.1,1643,0.14726152669879072,0.14726152669879072,1.0,1018.2034610252936,1,0,research/tasks/active/TASK-2026-09-02-SMC-HIGHRUNG-LAMBDA/armA1024/results/A1024_00018.json,yes
TASK-2026-09-02-SMC-HIGHRUNG-LAMBDA,armA1024,128,128.0,0.35,0.3032,1024,19,6.0,systematic,30200019,ok,47073.75,1643,0.16023178730161802,0.16023178730161802,1.0,1018.3473669565911,1,0,research/tasks/active/TASK-2026-09-02-SMC-HIGHRUNG-LAMBDA/armA1024/results/A1024_00019.json,yes
TASK-2026-09-02-SMC-HIGHRUNG-LAMBDA,armA1024,128,128.0,0.35,0.3032,1024,20,6.0,systematic,30200020,ok,38290.18,1643,0.12938349027341842,0.12938349027341842,1.0,1018.1870760940536,1,0,research/tasks/active/TASK-2026-09-02-SMC-HIGHRUNG-LAMBDA/armA1024/results/A1024_00020.json,yes
TASK-2026-09-02-SMC-HIGHRUNG-LAMBDA,armA1024,128,128.0,0.35,0.3032,1024,21,6.0,systematic,30200021,ok,37772.91,1643,0.18004138296163405,0.18004138296163405,1.0,1018.1416188237573,1,0,research/tasks/active/TASK-2026-09-02-SMC-HIGHRUNG-LAMBDA/armA1024/results/A1024_00021.json,yes
TASK-2026-09-02-SMC-HIGHRUNG-LAMBDA,armA1024,128,128.0,0.35,0.3032,1024,22,6.0,systematic,30200022,ok,37650.27,1643,0.18979109814534179,0.18979109814534179,1.0,1018.0659662403547,1,0,research/tasks/active/TASK-2026-09-02-SMC-HIGHRUNG-LAMBDA/armA1024/results/A1024_00022.json,yes
TASK-2026-09-02-SMC-HIGHRUNG-LAMBDA,armA1024,128,128.0,0.35,0.3032,1024,23,6.0,systematic,30200023,ok,37575.39,1643,0.11477348900477424,0.11477348900477424,1.0,1018.1190137686916,1,0,research/tasks/active/TASK-2026-09-02-SMC-HIGHRUNG-LAMBDA/armA1024/results/A1024_00023.json,yes
TASK-2026-09-02-SMC-HIGHRUNG-LAMBDA,armA1024,128,128.0,0.35,0.3032,1024,24,6.0,systematic,30200024,ok,37846.11,1643,0.14006089725692172,0.14006089725692172,1.0,1017.7915588293812,1,0,research/tasks/active/TASK-2026-09-02-SMC-HIGHRUNG-LAMBDA/armA1024/results/A1024_00024.json,yes
TASK-2026-09-02-SMC-HIGHRUNG-LAMBDA,armA1024,128,128.0,0.35,0.3032,1024,25,6.0,systematic,30200025,ok,37742.93,1643,0.16169920037185476,0.16169920037185476,1.0,1018.0688710609369,1,0,research/tasks/active/TASK-2026-09-02-SMC-HIGHRUNG-LAMBDA/armA1024/results/A1024_00025.json,yes
TASK-2026-09-02-SMC-HIGHRUNG-LAMBDA,armA1024,128,128.0,0.35,0.3032,1024,26,6.0,systematic,30200026,ok,37361.87,1643,0.16755579137509163,0.16755579137509163,1.0,1017.8543483847837,1,0,research/tasks/active/TASK-2026-09-02-SMC-HIGHRUNG-LAMBDA/armA1024/results/A1024_00026.json,yes
TASK-2026-09-02-SMC-HIGHRUNG-LAMBDA,armA1024,128,128.0,0.35,0.3032,1024,27,6.0,systematic,30200027,ok,37729.92,1643,0.30281735691096523,0.30281735691096523,1.0,1017.582565796886,1,0,research/tasks/active/TASK-2026-09-02-SMC-HIGHRUNG-LAMBDA/armA1024/results/A1024_00027.json,yes
TASK-2026-09-02-SMC-HIGHRUNG-LAMBDA,armA1024,128,128.0,0.35,0.3032,1024,28,6.0,systematic,30200028,ok,37788.94,1643,0.20724707226118452,0.20724707226118452,1.0,1017.6324125657604,1,0,research/tasks/active/TASK-2026-09-02-SMC-HIGHRUNG-LAMBDA/armA1024/results/A1024_00028.json,yes
TASK-2026-09-02-SMC-HIGHRUNG-LAMBDA,armA1024,128,128.0,0.35,0.3032,1024,29,6.0,systematic,30200029,ok,37943.61,1643,0.20448118841345853,0.20448118841345853,1.0,1018.539874659701,1,0,research/tasks/active/TASK-2026-09-02-SMC-HIGHRUNG-LAMBDA/armA1024/results/A1024_00029.json,yes
TASK-2026-09-02-SMC-HIGHRUNG-LAMBDA,armA1024,128,128.0,0.35,0.3032,1024,30,6.0,systematic,30200030,ok,37809.57,1643,0.12678975080203608,0.12678975080203608,1.0,1018.1521331306907,1,0,research/tasks/active/TASK-2026-09-02-SMC-HIGHRUNG-LAMBDA/armA1024/results/A1024_00030.json,yes
TASK-2026-09-02-SMC-HIGHRUNG-LAMBDA,armA1024,128,128.0,0.35,0.3032,1024,31,6.0,systematic,30200031,ok,37713.3,1643,0.16924433068745032,0.16924433068745032,1.0,1018.289604883501,1,0,research/tasks/active/TASK-2026-09-02-SMC-HIGHRUNG-LAMBDA/armA1024/results/A1024_00031.json,yes
TASK-2026-09-02-SMC-HIGHRUNG-LAMBDA,armA512,128,128.0,0.35,0.3032,512,0,6.0,systematic,30100000,ok,19453.26,1643,0.25241854371412425,0.25241854371412425,1.0,508.8523561693962,1,0,research/tasks/active/TASK-2026-09-02-SMC-HIGHRUNG-LAMBDA/armA512/results/A512_00000.json,yes
TASK-2026-09-02-SMC-HIGHRUNG-LAMBDA,armA512,128,128.0,0.35,0.3032,512,1,6.0,systematic,30100001,ok,19193.43,1643,0.5050557432892794,0.5050557432892794,1.0,509.23617808728807,1,0,research/tasks/active/TASK-2026-09-02-SMC-HIGHRUNG-LAMBDA/armA512/results/A512_00001.json,yes
TASK-2026-09-02-SMC-HIGHRUNG-LAMBDA,armA512,128,128.0,0.35,0.3032,512,2,6.0,systematic,30100002,ok,19694.16,1643,0.09982616940754094,0.09982616940754094,1.0,508.4267621518958,1,0,research/tasks/active/TASK-2026-09-02-SMC-HIGHRUNG-LAMBDA/armA512/results/A512_00002.json,yes
TASK-2026-09-02-SMC-HIGHRUNG-LAMBDA,armA512,128,128.0,0.35,0.3032,512,3,6.0,systematic,30100003,ok,19701.81,1643,0.19646384411995577,0.19646384411995577,1.0,509.0004651553978,1,0,research/tasks/active/TASK-2026-09-02-SMC-HIGHRUNG-LAMBDA/armA512/results/A512_00003.json,yes
TASK-2026-09-02-SMC-HIGHRUNG-LAMBDA,armA512,128,128.0,0.35,0.3032,512,4,6.0,systematic,30100004,ok,19551.89,1643,0.16788255522116052,0.16788255522116052,1.0,509.4187340748747,1,0,research/tasks/active/TASK-2026-09-02-SMC-HIGHRUNG-LAMBDA/armA512/results/A512_00004.json,yes
TASK-2026-09-02-SMC-HIGHRUNG-LAMBDA,armA512,128,128.0,0.35,0.3032,512,5,6.0,systematic,30100005,ok,19856.97,1643,0.26058179471117304,0.26058179471117304,1.0,509.13269863398517,1,0,research/tasks/active/TASK-2026-09-02-SMC-HIGHRUNG-LAMBDA/armA512/results/A512_00005.json,yes
TASK-2026-09-02-SMC-HIGHRUNG-LAMBDA,armA512,128,128.0,0.35,0.3032,512,6,6.0,systematic,30100006,ok,19542.01,1643,0.08366124854327797,0.08366124854327797,1.0,508.9442914882226,1,0,research/tasks/active/TASK-2026-09-02-SMC-HIGHRUNG-LAMBDA/armA512/results/A512_00006.json,yes
TASK-2026-09-02-SMC-HIGHRUNG-LAMBDA,armA512,128,128.0,0.35,0.3032,512,7,6.0,systematic,30100007,ok,19578.77,1643,0.13391945821621465,0.13391945821621465,1.0,509.1147439714679,1,0,research/tasks/active/TASK-2026-09-02-SMC-HIGHRUNG-LAMBDA/armA512/results/A512_00007.json,yes
TASK-2026-09-02-SMC-HIGHRUNG-LAMBDA,armA512,128,128.0,0.35,0.3032,512,8,6.0,systematic,30100008,ok,19477.2,1643,0.14984800058485753,0.14984800058485753,1.0,508.86108936735246,1,0,research/tasks/active/TASK-2026-09-02-SMC-HIGHRUNG-LAMBDA/armA512/results/A512_00008.json,yes
TASK-2026-09-02-SMC-HIGHRUNG-LAMBDA,armA512,128,128.0,0.35,0.3032,512,9,6.0,systematic,30100009,ok,19548.23,1643,0.1706549120230405,0.1706549120230405,1.0,509.48246747714165,1,0,research/tasks/active/TASK-2026-09-02-SMC-HIGHRUNG-LAMBDA/armA512/results/A512_00009.json,yes
TASK-2026-09-02-SMC-HIGHRUNG-LAMBDA,armA512,128,128.0,0.35,0.3032,512,10,6.0,systematic,30100010,ok,19707.56,1643,0.29734720917853597,0.29734720917853597,1.0,509.2819436662118,1,0,research/tasks/active/TASK-2026-09-02-SMC-HIGHRUNG-LAMBDA/armA512/results/A512_00010.json,yes
TASK-2026-09-02-SMC-HIGHRUNG-LAMBDA,armA512,128,128.0,0.35,0.3032,512,11,6.0,systematic,30100011,ok,19556.61,1643,0.2738360186148464,0.2738360186148464,1.0,508.84975409325193,1,0,research/tasks/active/TASK-2026-09-02-SMC-HIGHRUNG-LAMBDA/armA512/results/A512_00011.json,yes
TASK-2026-09-02-SMC-HIGHRUNG-LAMBDA,armA512,128,128.0,0.35,0.3032,512,12,6.0,systematic,30100012,ok,19568.72,1643,0.23601017975157068,0.23601017975157068,1.0,509.3148854592656,1,0,research/tasks/active/TASK-2026-09-02-SMC-HIGHRUNG-LAMBDA/armA512/results/A512_00012.json,yes
TASK-2026-09-02-SMC-HIGHRUNG-LAMBDA,armA512,128,128.0,0.35,0.3032,512,13,6.0,systematic,30100013,ok,19694.04,1643,0.23533660052876731,0.23533660052876731,1.0,509.28269407941883,1,0,research/tasks/active/TASK-2026-09-02-SMC-HIGHRUNG-LAMBDA/armA512/results/A512_00013.json,yes
TASK-2026-09-02-SMC-HIGHRUNG-LAMBDA,armA512,128,128.0,0.35,0.3032,512,14,6.0,systematic,30100014,ok,19830.33,1643,0.28229888205512443,0.28229888205512443,1.0,508.7426295517536,1,0,research/tasks/active/TASK-2026-09-02-SMC-HIGHRUNG-LAMBDA/armA512/results/A512_00014.json,yes
TASK-2026-09-02-SMC-HIGHRUNG-LAMBDA,armA512,128,128.0,0.35,0.3032,512,15,6.0,systematic,30100015,ok,19840.56,1643,0.19244025724760244,0.19244025724760244,1.0,509.1870406096791,1,0,research/tasks/active/TASK-2026-09-02-SMC-HIGHRUNG-LAMBDA/armA512/results/A512_00015.json,yes
TASK-2026-09-02-SMC-HIGHRUNG-LAMBDA,armA512,128,128.0,0.35,0.3032,512,16,6.0,systematic,30100016,ok,20859.05,1643,0.18593154592634997,0.18593154592634997,1.0,509.48904069645005,1,0,research/tasks/active/TASK-2026-09-02-SMC-HIGHRUNG-LAMBDA/armA512/results/A512_00016.json,yes
TASK-2026-09-02-SMC-HIGHRUNG-LAMBDA,armA512,128,128.0,0.35,0.3032,512,17,6.0,systematic,30100017,ok,20807.39,1643,0.19926774421969579,0.19926774421969579,1.0,509.43639765620986,1,0,research/tasks/active/TASK-2026-09-02-SMC-HIGHRUNG-LAMBDA/armA512/results/A512_00017.json,yes
TASK-2026-09-02-SMC-HIGHRUNG-LAMBDA,armA512,128,128.0,0.35,0.3032,512,18,6.0,systematic,30100018,ok,20681.49,1643,0.23535445614880462,0.23535445614880462,1.0,509.01923412874805,1,0,research/tasks/active/TASK-2026-09-02-SMC-HIGHRUNG-LAMBDA/armA512/results/A512_00018.json,yes
TASK-2026-09-02-SMC-HIGHRUNG-LAMBDA,armA512,128,128.0,0.35,0.3032,512,19,6.0,systematic,30100019,ok,20613.14,1643,0.34530693110157207,0.34530693110157207,1.0,509.19845568844397,1,0,research/tasks/active/TASK-2026-09-02-SMC-HIGHRUNG-LAMBDA/armA512/results/A512_00019.json,yes
TASK-2026-09-02-SMC-HIGHRUNG-LAMBDA,armA512,128,128.0,0.35,0.3032,512,20,6.0,systematic,30100020,ok,20880.98,1643,0.20691008295994306,0.20691008295994306,1.0,509.20215418024236,1,0,research/tasks/active/TASK-2026-09-02-SMC-HIGHRUNG-LAMBDA/armA512/results/A512_00020.json,yes
TASK-2026-09-02-SMC-HIGHRUNG-LAMBDA,armA512,128,128.0,0.35,0.3032,512,21,6.0,systematic,30100021,ok,20924.14,1643,0.16401528809126323,0.16401528809126323,1.0,508.662562475502,1,0,research/tasks/active/TASK-2026-09-02-SMC-HIGHRUNG-LAMBDA/armA512/results/A512_00021.json,yes
TASK-2026-09-02-SMC-HIGHRUNG-LAMBDA,armA512,128,128.0,0.35,0.3032,512,22,6.0,systematic,30100022,ok,20854.96,1643,0.17001151503438328,0.17001151503438328,1.0,509.0342749056186,1,0,research/tasks/active/TASK-2026-09-02-SMC-HIGHRUNG-LAMBDA/armA512/results/A512_00022.json,yes
TASK-2026-09-02-SMC-HIGHRUNG-LAMBDA,armA512,128,128.0,0.35,0.3032,512,23,6.0,systematic,30100023,ok,20664.87,1643,0.2431873537580198,0.2431873537580198,1.0,509.1794809926906,1,0,research/tasks/active/TASK-2026-09-02-SMC-HIGHRUNG-LAMBDA/armA512/results/A512_00023.json,yes
TASK-2026-09-02-SMC-HIGHRUNG-LAMBDA,armA512,128,128.0,0.35,0.3032,512,24,6.0,systematic,30100024,ok,20987.86,1643,0.20104244047732509,0.20104244047732509,1.0,509.21657537786723,1,0,research/tasks/active/TASK-2026-09-02-SMC-HIGHRUNG-LAMBDA/armA512/results/A512_00024.json,yes
TASK-2026-09-02-SMC-HIGHRUNG-LAMBDA,armA512,128,128.0,0.35,0.3032,512,25,6.0,systematic,30100025,ok,20908.21,1643,0.2600326221008305,0.2600326221008305,1.0,509.03995936947103,1,0,research/tasks/active/TASK-2026-09-02-SMC-HIGHRUNG-LAMBDA/armA512/results/A512_00025.json,yes
TASK-2026-09-02-SMC-HIGHRUNG-LAMBDA,armA512,128,128.0,0.35,0.3032,512,26,6.0,systematic,30100026,ok,20928.57,1643,0.2222925095572717,0.2222925095572717,1.0,509.1056938728359,1,0,research/tasks/active/TASK-2026-09-02-SMC-HIGHRUNG-LAMBDA/armA512/results/A512_00026.json,yes
TASK-2026-09-02-SMC-HIGHRUNG-LAMBDA,armA512,128,128.0,0.35,0.3032,512,27,6.0,systematic,30100027,ok,20808.85,1643,0.2076116207989916,0.2076116207989916,1.0,509.3190696071513,1,0,research/tasks/active/TASK-2026-09-02-SMC-HIGHRUNG-LAMBDA/armA512/results/A512_00027.json,yes
TASK-2026-09-02-SMC-HIGHRUNG-LAMBDA,armA512,128,128.0,0.35,0.3032,512,28,6.0,systematic,30100028,ok,20935.63,1643,0.18815265746531223,0.18815265746531223,1.0,508.8845130755429,1,0,research/tasks/active/TASK-2026-09-02-SMC-HIGHRUNG-LAMBDA/armA512/results/A512_00028.json,yes
TASK-2026-09-02-SMC-HIGHRUNG-LAMBDA,armA512,128,128.0,0.35,0.3032,512,29,6.0,systematic,30100029,ok,20640.39,1643,0.23444549623647834,0.23444549623647834,1.0,509.4357104421686,1,0,research/tasks/active/TASK-2026-09-02-SMC-HIGHRUNG-LAMBDA/armA512/results/A512_00029.json,yes
TASK-2026-09-02-SMC-HIGHRUNG-LAMBDA,armA512,128,128.0,0.35,0.3032,512,30,6.0,systematic,30100030,ok,20974.05,1643,0.4404279925770439,0.4404279925770439,1.0,509.33946960957104,1,0,research/tasks/active/TASK-2026-09-02-SMC-HIGHRUNG-LAMBDA/armA512/results/A512_00030.json,yes
TASK-2026-09-02-SMC-HIGHRUNG-LAMBDA,armA512,128,128.0,0.35,0.3032,512,31,6.0,systematic,30100031,ok,21098.11,1643,0.45972666508409826,0.45972666508409826,1.0,508.9147102664294,1,0,research/tasks/active/TASK-2026-09-02-SMC-HIGHRUNG-LAMBDA/armA512/results/A512_00031.json,yes
TASK-2026-09-02-SMC-HIGHRUNG-LAMBDA,armA512,128,128.0,0.35,0.3032,512,32,6.0,systematic,30100032,ok,20848.39,1643,0.21166010513181344,0.21166010513181344,1.0,509.0441470740883,1,0,research/tasks/active/TASK-2026-09-02-SMC-HIGHRUNG-LAMBDA/armA512/results/A512_00032.json,yes
TASK-2026-09-02-SMC-HIGHRUNG-LAMBDA,armA512,128,128.0,0.35,0.3032,512,33,6.0,systematic,30100033,ok,20779.82,1643,0.22725476880719991,0.22725476880719991,1.0,508.9762308722077,1,0,research/tasks/active/TASK-2026-09-02-SMC-HIGHRUNG-LAMBDA/armA512/results/A512_00033.json,yes
TASK-2026-09-02-SMC-HIGHRUNG-LAMBDA,armA512,128,128.0,0.35,0.3032,512,34,6.0,systematic,30100034,ok,20653.27,1643,0.20895337036069472,0.20895337036069472,1.0,509.28080911450917,1,0,research/tasks/active/TASK-2026-09-02-SMC-HIGHRUNG-LAMBDA/armA512/results/A512_00034.json,yes
TASK-2026-09-02-SMC-HIGHRUNG-LAMBDA,armA512,128,128.0,0.35,0.3032,512,35,6.0,systematic,30100035,ok,19534.1,1643,0.4757512183222166,0.4757512183222166,1.0,509.06608478984424,1,0,research/tasks/active/TASK-2026-09-02-SMC-HIGHRUNG-LAMBDA/armA512/results/A512_00035.json,yes
TASK-2026-09-02-SMC-HIGHRUNG-LAMBDA,armA512,128,128.0,0.35,0.3032,512,36,6.0,systematic,30100036,ok,19590.76,1643,0.32925526171475406,0.32925526171475406,1.0,509.30781034834837,1,0,research/tasks/active/TASK-2026-09-02-SMC-HIGHRUNG-LAMBDA/armA512/results/A512_00036.json,yes
TASK-2026-09-02-SMC-HIGHRUNG-LAMBDA,armA512,128,128.0,0.35,0.3032,512,37,6.0,systematic,30100037,ok,19258.66,1643,0.3039087822383425,0.3039087822383425,1.0,509.1926479733911,1,0,research/tasks/active/TASK-2026-09-02-SMC-HIGHRUNG-LAMBDA/armA512/results/A512_00037.json,yes
TASK-2026-09-02-SMC-HIGHRUNG-LAMBDA,armA512,128,128.0,0.35,0.3032,512,38,6.0,systematic,30100038,ok,19485.87,1643,0.2289639576735404,0.2289639576735404,1.0,508.5126508149935,1,0,research/tasks/active/TASK-2026-09-02-SMC-HIGHRUNG-LAMBDA/armA512/results/A512_00038.json,yes
TASK-2026-09-02-SMC-HIGHRUNG-LAMBDA,armA512,128,128.0,0.35,0.3032,512,39,6.0,systematic,30100039,ok,19504.26,1643,0.09893961166345036,0.09893961166345036,1.0,508.25411496530353,1,0,research/tasks/active/TASK-2026-09-02-SMC-HIGHRUNG-LAMBDA/armA512/results/A512_00039.json,yes
TASK-2026-09-02-SMC-HIGHRUNG-LAMBDA,armA512,128,128.0,0.35,0.3032,512,40,6.0,systematic,30100040,ok,19338.64,1643,0.099744249594768,0.099744249594768,1.0,508.03680647629153,1,0,research/tasks/active/TASK-2026-09-02-SMC-HIGHRUNG-LAMBDA/armA512/results/A512_00040.json,yes
TASK-2026-09-02-SMC-HIGHRUNG-LAMBDA,armA512,128,128.0,0.35,0.3032,512,41,6.0,systematic,30100041,ok,19424.53,1643,0.1845906876718963,0.1845906876718963,1.0,508.5939843986642,1,0,research/tasks/active/TASK-2026-09-02-SMC-HIGHRUNG-LAMBDA/armA512/results/A512_00041.json,yes
TASK-2026-09-02-SMC-HIGHRUNG-LAMBDA,armA512,128,128.0,0.35,0.3032,512,42,6.0,systematic,30100042,ok,19440.78,1643,0.15940723601607146,0.15940723601607146,1.0,509.172969731369,1,0,research/tasks/active/TASK-2026-09-02-SMC-HIGHRUNG-LAMBDA/armA512/results/A512_00042.json,yes
TASK-2026-09-02-SMC-HIGHRUNG-LAMBDA,armA512,128,128.0,0.35,0.3032,512,43,6.0,systematic,30100043,ok,19387.64,1643,0.2214661462195303,0.2214661462195303,1.0,508.7444230963022,1,0,research/tasks/active/TASK-2026-09-02-SMC-HIGHRUNG-LAMBDA/armA512/results/A512_00043.json,yes
TASK-2026-09-02-SMC-HIGHRUNG-LAMBDA,armA512,128,128.0,0.35,0.3032,512,44,6.0,systematic,30100044,ok,17577.19,1643,0.18248717312515744,0.18248717312515744,1.0,508.9147286480519,1,0,research/tasks/active/TASK-2026-09-02-SMC-HIGHRUNG-LAMBDA/armA512/results/A512_00044.json,yes
TASK-2026-09-02-SMC-HIGHRUNG-LAMBDA,armA512,128,128.0,0.35,0.3032,512,45,6.0,systematic,30100045,ok,17322.14,1643,0.33805541648042753,0.33805541648042753,1.0,509.15055543523465,1,0,research/tasks/active/TASK-2026-09-02-SMC-HIGHRUNG-LAMBDA/armA512/results/A512_00045.json,yes
TASK-2026-09-02-SMC-HIGHRUNG-LAMBDA,armA512,128,128.0,0.35,0.3032,512,46,6.0,systematic,30100046,ok,17306.29,1643,0.23222622570647738,0.23222622570647738,1.0,508.3113174673826,1,0,research/tasks/active/TASK-2026-09-02-SMC-HIGHRUNG-LAMBDA/armA512/results/A512_00046.json,yes
TASK-2026-09-02-SMC-HIGHRUNG-LAMBDA,armA512,128,128.0,0.35,0.3032,512,47,6.0,systematic,30100047,ok,17308.85,1643,1.0485951936910296,1.0485951936910296,1.0,509.4233542571544,1,0,research/tasks/active/TASK-2026-09-02-SMC-HIGHRUNG-LAMBDA/armA512/results/A512_00047.json,yes
TASK-2026-09-02-SMC-HIGHRUNG-LAMBDA,armB,64,64.0,0.35,0.2932,1024,0,6.0,systematic,30300000,ok,1809.34,395,0.4074448424884833,0.4074448424884833,1.9996262295332063,1012.5727419682477,2,0,research/tasks/active/TASK-2026-09-02-SMC-HIGHRUNG-LAMBDA/armB/results/B_00000.json,yes
TASK-2026-09-02-SMC-HIGHRUNG-LAMBDA,armB,64,64.0,0.35,0.2932,1024,1,6.0,systematic,30300001,ok,1807.84,395,0.42166569643507396,0.42166569643507396,1.0039138793360958,1011.3853362672604,2,0,research/tasks/active/TASK-2026-09-02-SMC-HIGHRUNG-LAMBDA/armB/results/B_00001.json,yes
TASK-2026-09-02-SMC-HIGHRUNG-LAMBDA,armB,64,64.0,0.35,0.2932,1024,2,6.0,systematic,30300002,ok,1769.16,395,0.4273677182362233,0.4273677182362233,2.5217671532671173,1011.9974295064679,4,0,research/tasks/active/TASK-2026-09-02-SMC-HIGHRUNG-LAMBDA/armB/results/B_00002.json,yes
TASK-2026-09-02-SMC-HIGHRUNG-LAMBDA,armB,64,64.0,0.35,0.2932,1024,3,6.0,systematic,30300003,ok,1769.18,395,0.42409195246857223,0.42409195246857223,1.4302729393149918,1012.0715989992236,3,0,research/tasks/active/TASK-2026-09-02-SMC-HIGHRUNG-LAMBDA/armB/results/B_00003.json,yes
TASK-2026-09-02-SMC-HIGHRUNG-LAMBDA,armB,64,64.0,0.35,0.2932,1024,4,6.0,systematic,30300004,ok,1853.07,395,0.4613140528173855,0.4613140528173855,2.8279206243898227,1013.1229801098227,3,0,research/tasks/active/TASK-2026-09-02-SMC-HIGHRUNG-LAMBDA/armB/results/B_00004.json,yes
TASK-2026-09-02-SMC-HIGHRUNG-LAMBDA,armB,64,64.0,0.35,0.2932,1024,5,6.0,systematic,30300005,ok,1837.59,395,0.37698600286922757,0.37698600286922757,1.0078507662378606,1011.6047072562584,3,0,research/tasks/active/TASK-2026-09-02-SMC-HIGHRUNG-LAMBDA/armB/results/B_00005.json,yes
TASK-2026-09-02-SMC-HIGHRUNG-LAMBDA,armB,64,64.0,0.35,0.2932,1024,6,6.0,systematic,30300006,ok,1820.72,395,0.4029871143641233,0.4029871143641233,1.0,1012.499970378762,1,0,research/tasks/active/TASK-2026-09-02-SMC-HIGHRUNG-LAMBDA/armB/results/B_00006.json,yes
TASK-2026-09-02-SMC-HIGHRUNG-LAMBDA,armB,64,64.0,0.35,0.2932,1024,7,6.0,systematic,30300007,ok,1844.11,395,0.4081858202128652,0.4081858202128652,1.2608896413729413,1012.9744150109257,2,0,research/tasks/active/TASK-2026-09-02-SMC-HIGHRUNG-LAMBDA/armB/results/B_00007.json,yes
TASK-2026-09-02-SMC-HIGHRUNG-LAMBDA,armB,64,64.0,0.35,0.2932,1024,8,6.0,systematic,30300008,ok,1858.45,395,0.4131482231927652,0.4131482231927652,2.19612705407296,1012.0689427355823,3,0,research/tasks/active/TASK-2026-09-02-SMC-HIGHRUNG-LAMBDA/armB/results/B_00008.json,yes
TASK-2026-09-02-SMC-HIGHRUNG-LAMBDA,armB,64,64.0,0.35,0.2932,1024,9,6.0,systematic,30300009,ok,1826.71,395,0.3386965613486122,0.3386965613486122,1.1548499079270818,1012.6207200808423,2,0,research/tasks/active/TASK-2026-09-02-SMC-HIGHRUNG-LAMBDA/armB/results/B_00009.json,yes
TASK-2026-09-02-SMC-HIGHRUNG-LAMBDA,armB,64,64.0,0.35,0.2932,1024,10,6.0,systematic,30300010,ok,1835.53,395,0.361631276335264,0.361631276335264,1.0098133064197707,1011.9628664460319,2,0,research/tasks/active/TASK-2026-09-02-SMC-HIGHRUNG-LAMBDA/armB/results/B_00010.json,yes
TASK-2026-09-02-SMC-HIGHRUNG-LAMBDA,armB,64,64.0,0.35,0.2932,1024,11,6.0,systematic,30300011,ok,1845.31,395,0.415137578135753,0.415137578135753,1.330974098341512,1012.1629425013798,2,0,research/tasks/active/TASK-2026-09-02-SMC-HIGHRUNG-LAMBDA/armB/results/B_00011.json,yes
TASK-2026-09-02-SMC-HIGHRUNG-LAMBDA,armB,64,64.0,0.35,0.2932,1024,12,6.0,systematic,30300012,ok,1842.42,395,0.44844174948181714,0.44844174948181714,2.0928574564992637,1012.3983002572402,3,0,research/tasks/active/TASK-2026-09-02-SMC-HIGHRUNG-LAMBDA/armB/results/B_00012.json,yes
TASK-2026-09-02-SMC-HIGHRUNG-LAMBDA,armB,64,64.0,0.35,0.2932,1024,13,6.0,systematic,30300013,ok,2014.16,395,0.42637242356549143,0.42637242356549143,1.8292796108984715,1011.1067798578122,3,0,research/tasks/active/TASK-2026-09-02-SMC-HIGHRUNG-LAMBDA/armB/results/B_00013.json,yes
TASK-2026-09-02-SMC-HIGHRUNG-LAMBDA,armB,64,64.0,0.35,0.2932,1024,14,6.0,systematic,30300014,ok,1997.17,395,0.3860641284769668,0.3860641284769668,1.0,1010.9516587860045,1,0,research/tasks/active/TASK-2026-09-02-SMC-HIGHRUNG-LAMBDA/armB/results/B_00014.json,yes
TASK-2026-09-02-SMC-HIGHRUNG-LAMBDA,armB,64,64.0,0.35,0.2932,1024,15,6.0,systematic,30300015,ok,2013.62,395,0.4158912741755893,0.4158912741755893,1.5698749580798161,1012.2297567680006,2,0,research/tasks/active/TASK-2026-09-02-SMC-HIGHRUNG-LAMBDA/armB/results/B_00015.json,yes
TASK-2026-09-02-SMC-HIGHRUNG-LAMBDA,armB,64,64.0,0.35,0.2932,1024,16,6.0,systematic,30300016,ok,2006.67,395,0.43504284194770765,0.43504284194770765,1.9137392320046722,1012.4003438566511,4,0,research/tasks/active/TASK-2026-09-02-SMC-HIGHRUNG-LAMBDA/armB/results/B_00016.json,yes
TASK-2026-09-02-SMC-HIGHRUNG-LAMBDA,armB,64,64.0,0.35,0.2932,1024,17,6.0,systematic,30300017,ok,2014.96,395,0.3911129129090822,0.3911129129090822,1.0,1011.8894996202307,1,0,research/tasks/active/TASK-2026-09-02-SMC-HIGHRUNG-LAMBDA/armB/results/B_00017.json,yes
TASK-2026-09-02-SMC-HIGHRUNG-LAMBDA,armB,64,64.0,0.35,0.2932,1024,18,6.0,systematic,30300018,ok,2007.64,395,0.4380463872483545,0.4380463872483545,2.3372846220716403,1012.820794778192,3,0,research/tasks/active/TASK-2026-09-02-SMC-HIGHRUNG-LAMBDA/armB/results/B_00018.json,yes
TASK-2026-09-02-SMC-HIGHRUNG-LAMBDA,armB,64,64.0,0.35,0.2932,1024,19,6.0,systematic,30300019,ok,2026.89,395,0.4626977507294815,0.4626977507294815,1.0,1013.1263478672325,1,0,research/tasks/active/TASK-2026-09-02-SMC-HIGHRUNG-LAMBDA/armB/results/B_00019.json,yes
TASK-2026-09-02-SMC-HIGHRUNG-LAMBDA,armB,64,64.0,0.35,0.2932,1024,20,6.0,systematic,30300020,ok,2012.68,395,0.38707518380946676,0.38707518380946676,1.644629032460444,1012.6509874442286,2,0,research/tasks/active/TASK-2026-09-02-SMC-HIGHRUNG-LAMBDA/armB/results/B_00020.json,yes
TASK-2026-09-02-SMC-HIGHRUNG-LAMBDA,armB,64,64.0,0.35,0.2932,1024,21,6.0,systematic,30300021,ok,1989.68,395,0.3761356073399857,0.3761356073399857,1.8908728942233828,1012.3383102146471,2,0,research/tasks/active/TASK-2026-09-02-SMC-HIGHRUNG-LAMBDA/armB/results/B_00021.json,yes
TASK-2026-09-02-SMC-HIGHRUNG-LAMBDA,armB,64,64.0,0.35,0.2932,1024,22,6.0,systematic,30300022,ok,2013.38,395,0.4083205568617463,0.4083205568617463,1.9039470673895755,1012.5679357326944,2,0,research/tasks/active/TASK-2026-09-02-SMC-HIGHRUNG-LAMBDA/armB/results/B_00022.json,yes
TASK-2026-09-02-SMC-HIGHRUNG-LAMBDA,armB,64,64.0,0.35,0.2932,1024,23,6.0,systematic,30300023,ok,2016.31,395,0.39400686744028085,0.39400686744028085,2.986902449167944,1013.5759366235819,3,0,research/tasks/active/TASK-2026-09-02-SMC-HIGHRUNG-LAMBDA/armB/results/B_00023.json,yes
TASK-2026-09-02-SMC-HIGHRUNG-LAMBDA,armB,64,64.0,0.35,0.2932,1024,24,6.0,systematic,30300024,ok,2034.11,395,0.41517100141734453,0.41517100141734453,1.1877089808530497,1013.4557411466811,3,0,research/tasks/active/TASK-2026-09-02-SMC-HIGHRUNG-LAMBDA/armB/results/B_00024.json,yes
TASK-2026-09-02-SMC-HIGHRUNG-LAMBDA,armB,64,64.0,0.35,0.2932,1024,25,6.0,systematic,30300025,ok,2025.07,395,0.41111516375620083,0.41111516375620083,1.0,1011.922947800952,1,0,research/tasks/active/TASK-2026-09-02-SMC-HIGHRUNG-LAMBDA/armB/results/B_00025.json,yes
TASK-2026-09-02-SMC-HIGHRUNG-LAMBDA,armB,64,64.0,0.35,0.2932,1024,26,6.0,systematic,30300026,ok,1996.57,395,0.4084619524343412,0.4084619524343412,1.9818480787767676,1012.7176878170592,2,0,research/tasks/active/TASK-2026-09-02-SMC-HIGHRUNG-LAMBDA/armB/results/B_00026.json,yes
TASK-2026-09-02-SMC-HIGHRUNG-LAMBDA,armB,64,64.0,0.35,0.2932,1024,27,6.0,systematic,30300027,ok,2006.08,395,0.44491793422040515,0.44491793422040515,1.0,1011.4840630020223,1,0,research/tasks/active/TASK-2026-09-02-SMC-HIGHRUNG-LAMBDA/armB/results/B_00027.json,yes
TASK-2026-09-02-SMC-HIGHRUNG-LAMBDA,armB,64,64.0,0.35,0.2932,1024,28,6.0,systematic,30300028,ok,1861.97,395,0.4243350095558149,0.4243350095558149,1.0,1013.6871880393818,1,0,research/tasks/active/TASK-2026-09-02-SMC-HIGHRUNG-LAMBDA/armB/results/B_00028.json,yes
TASK-2026-09-02-SMC-HIGHRUNG-LAMBDA,armB,64,64.0,0.35,0.2932,1024,29,6.0,systematic,30300029,ok,1850.64,395,0.45733344242140617,0.45733344242140617,1.0,1012.5989082468421,1,0,research/tasks/active/TASK-2026-09-02-SMC-HIGHRUNG-LAMBDA/armB/results/B_00029.json,yes
TASK-2026-09-02-SMC-HIGHRUNG-LAMBDA,armB,64,64.0,0.35,0.2932,1024,30,6.0,systematic,30300030,ok,1862.28,395,0.392007896564626,0.392007896564626,1.9966410876478093,1013.2549251385982,2,0,research/tasks/active/TASK-2026-09-02-SMC-HIGHRUNG-LAMBDA/armB/results/B_00030.json,yes
TASK-2026-09-02-SMC-HIGHRUNG-LAMBDA,armB,64,64.0,0.35,0.2932,1024,31,6.0,systematic,30300031,ok,1861.36,395,0.3347395930623828,0.3347395930623828,1.9400541732656413,1012.5171617656013,2,0,research/tasks/active/TASK-2026-09-02-SMC-HIGHRUNG-LAMBDA/armB/results/B_00031.json,yes
TASK-2026-09-02-SMC-HIGHRUNG-LAMBDA,armB,64,64.0,0.35,0.2932,1024,32,6.0,systematic,30300032,ok,1876.01,395,0.39813397743838363,0.39813397743838363,1.4344051719656699,1012.1691655284216,3,0,research/tasks/active/TASK-2026-09-02-SMC-HIGHRUNG-LAMBDA/armB/results/B_00032.json,yes
TASK-2026-09-02-SMC-HIGHRUNG-LAMBDA,armB,64,64.0,0.35,0.2932,1024,33,6.0,systematic,30300033,ok,1863.74,395,0.36168620606718516,0.36168620606718516,2.4698062455542,1011.7208247334198,4,0,research/tasks/active/TASK-2026-09-02-SMC-HIGHRUNG-LAMBDA/armB/results/B_00033.json,yes
TASK-2026-09-02-SMC-HIGHRUNG-LAMBDA,armB,64,64.0,0.35,0.2932,1024,34,6.0,systematic,30300034,ok,1849.86,395,0.3274572649635632,0.3274572649635632,1.0,1012.6037606049684,1,0,research/tasks/active/TASK-2026-09-02-SMC-HIGHRUNG-LAMBDA/armB/results/B_00034.json,yes
TASK-2026-09-02-SMC-HIGHRUNG-LAMBDA,armB,64,64.0,0.35,0.2932,1024,35,6.0,systematic,30300035,ok,1868.93,395,0.405953619274709,0.405953619274709,1.1818403137820657,1011.7140599866157,2,0,research/tasks/active/TASK-2026-09-02-SMC-HIGHRUNG-LAMBDA/armB/results/B_00035.json,yes
TASK-2026-09-02-SMC-HIGHRUNG-LAMBDA,armB,64,64.0,0.35,0.2932,1024,36,6.0,systematic,30300036,ok,1850.89,395,0.42331325565608774,0.42331325565608774,1.0,1011.8056483289846,1,0,research/tasks/active/TASK-2026-09-02-SMC-HIGHRUNG-LAMBDA/armB/results/B_00036.json,yes
TASK-2026-09-02-SMC-HIGHRUNG-LAMBDA,armB,64,64.0,0.35,0.2932,1024,37,6.0,systematic,30300037,ok,1862.35,395,0.3994351799563013,0.3994351799563013,1.0,1011.9604589675191,1,0,research/tasks/active/TASK-2026-09-02-SMC-HIGHRUNG-LAMBDA/armB/results/B_00037.json,yes
TASK-2026-09-02-SMC-HIGHRUNG-LAMBDA,armB,64,64.0,0.35,0.2932,1024,38,6.0,systematic,30300038,ok,1856.8,395,0.44213785840800734,0.44213785840800734,1.0,1011.5476059886377,1,0,research/tasks/active/TASK-2026-09-02-SMC-HIGHRUNG-LAMBDA/armB/results/B_00038.json,yes
TASK-2026-09-02-SMC-HIGHRUNG-LAMBDA,armB,64,64.0,0.35,0.2932,1024,39,6.0,systematic,30300039,ok,1852.91,395,0.3285377776715206,0.3285377776715206,2.5179158882544197,1012.5525196335267,3,0,research/tasks/active/TASK-2026-09-02-SMC-HIGHRUNG-LAMBDA/armB/results/B_00039.json,yes
TASK-2026-09-02-SMC-HIGHRUNG-LAMBDA,armB,64,64.0,0.35,0.2932,1024,40,6.0,systematic,30300040,ok,1844.18,395,0.36442387364740764,0.36442387364740764,1.0,1011.892165255937,1,0,research/tasks/active/TASK-2026-09-02-SMC-HIGHRUNG-LAMBDA/armB/results/B_00040.json,yes
TASK-2026-09-02-SMC-HIGHRUNG-LAMBDA,armB,64,64.0,0.35,0.2932,1024,41,6.0,systematic,30300041,ok,1846.24,395,0.3804436694615626,0.3804436694615626,1.0,1013.1451767797562,1,0,research/tasks/active/TASK-2026-09-02-SMC-HIGHRUNG-LAMBDA/armB/results/B_00041.json,yes
TASK-2026-09-02-SMC-HIGHRUNG-LAMBDA,armB,64,64.0,0.35,0.2932,1024,42,6.0,systematic,30300042,ok,1859.14,395,0.386102847937124,0.386102847937124,1.0,1012.2435188259448,1,0,research/tasks/active/TASK-2026-09-02-SMC-HIGHRUNG-LAMBDA/armB/results/B_00042.json,yes
TASK-2026-09-02-SMC-HIGHRUNG-LAMBDA,armB,64,64.0,0.35,0.2932,1024,43,6.0,systematic,30300043,ok,1854.23,395,0.38001925113834,0.38001925113834,2.25241550563439,1012.5650054851156,3,0,research/tasks/active/TASK-2026-09-02-SMC-HIGHRUNG-LAMBDA/armB/results/B_00043.json,yes
TASK-2026-09-02-SMC-HIGHRUNG-LAMBDA,armB,64,64.0,0.35,0.2932,1024,44,6.0,systematic,30300044,ok,1843.75,395,0.3548640790188411,0.3548640790188411,1.0520688686438977,1011.9077142779594,2,0,research/tasks/active/TASK-2026-09-02-SMC-HIGHRUNG-LAMBDA/armB/results/B_00044.json,yes
TASK-2026-09-02-SMC-HIGHRUNG-LAMBDA,armB,64,64.0,0.35,0.2932,1024,45,6.0,systematic,30300045,ok,1839.54,395,0.3721091586618196,0.3721091586618196,2.577988012056783,1012.4795901698379,3,0,research/tasks/active/TASK-2026-09-02-SMC-HIGHRUNG-LAMBDA/armB/results/B_00045.json,yes
TASK-2026-09-02-SMC-HIGHRUNG-LAMBDA,armB,64,64.0,0.35,0.2932,1024,46,6.0,systematic,30300046,ok,1828.97,395,0.4181482072242054,0.4181482072242054,1.0,1012.2881752672819,1,0,research/tasks/active/TASK-2026-09-02-SMC-HIGHRUNG-LAMBDA/armB/results/B_00046.json,yes
TASK-2026-09-02-SMC-HIGHRUNG-LAMBDA,armB,64,64.0,0.35,0.2932,1024,47,6.0,systematic,30300047,ok,1830.88,395,0.4116357845981149,0.4116357845981149,1.0,1012.5415902625433,1,0,research/tasks/active/TASK-2026-09-02-SMC-HIGHRUNG-LAMBDA/armB/results/B_00047.json,yes
TASK-2026-09-02-SMC-HIGHRUNG-LAMBDA,armB,64,64.0,0.35,0.2932,1024,48,6.0,systematic,30300048,ok,1850.17,395,0.42187869954505053,0.42187869954505053,1.251717181363479,1012.17047877443,3,0,research/tasks/active/TASK-2026-09-02-SMC-HIGHRUNG-LAMBDA/armB/results/B_00048.json,yes
TASK-2026-09-02-SMC-HIGHRUNG-LAMBDA,armB,64,64.0,0.35,0.2932,1024,49,6.0,systematic,30300049,ok,1838.01,395,0.3651321511754383,0.3651321511754383,1.0177325959472234,1012.6727882345424,2,0,research/tasks/active/TASK-2026-09-02-SMC-HIGHRUNG-LAMBDA/armB/results/B_00049.json,yes
TASK-2026-09-02-SMC-HIGHRUNG-LAMBDA,armB,64,64.0,0.35,0.2932,1024,50,6.0,systematic,30300050,ok,1836.22,395,0.4392913850570817,0.4392913850570817,1.1218244025394082,1013.5364531766894,2,0,research/tasks/active/TASK-2026-09-02-SMC-HIGHRUNG-LAMBDA/armB/results/B_00050.json,yes
TASK-2026-09-02-SMC-HIGHRUNG-LAMBDA,armB,64,64.0,0.35,0.2932,1024,51,6.0,systematic,30300051,ok,1837.71,395,0.36004088769191767,0.36004088769191767,1.4735013813513353,1013.3935107631971,4,0,research/tasks/active/TASK-2026-09-02-SMC-HIGHRUNG-LAMBDA/armB/results/B_00051.json,yes
TASK-2026-09-02-SMC-HIGHRUNG-LAMBDA,armB,64,64.0,0.35,0.2932,1024,52,6.0,systematic,30300052,ok,1854.49,395,0.40857472812270335,0.40857472812270335,1.0,1012.3070618056718,1,0,research/tasks/active/TASK-2026-09-02-SMC-HIGHRUNG-LAMBDA/armB/results/B_00052.json,yes
TASK-2026-09-02-SMC-HIGHRUNG-LAMBDA,armB,64,64.0,0.35,0.2932,1024,53,6.0,systematic,30300053,ok,1864.62,395,0.41886301391567576,0.41886301391567576,1.0,1012.921859978466,1,0,research/tasks/active/TASK-2026-09-02-SMC-HIGHRUNG-LAMBDA/armB/results/B_00053.json,yes
TASK-2026-09-02-SMC-HIGHRUNG-LAMBDA,armB,64,64.0,0.35,0.2932,1024,54,6.0,systematic,30300054,ok,1780.29,395,0.4072820258976883,0.4072820258976883,1.0157470551766894,1011.7528064868277,2,0,research/tasks/active/TASK-2026-09-02-SMC-HIGHRUNG-LAMBDA/armB/results/B_00054.json,yes
TASK-2026-09-02-SMC-HIGHRUNG-LAMBDA,armB,64,64.0,0.35,0.2932,1024,55,6.0,systematic,30300055,ok,1780.99,395,0.4390712226452232,0.4390712226452232,1.1218244025394082,1013.0678607895089,2,0,research/tasks/active/TASK-2026-09-02-SMC-HIGHRUNG-LAMBDA/armB/results/B_00055.json,yes
TASK-2026-09-02-SMC-HIGHRUNG-LAMBDA,armB,64,64.0,0.35,0.2932,1024,56,6.0,systematic,30300056,ok,1784.6,395,0.4331883699124318,0.4331883699124318,2.043617398625604,1012.5071521578787,3,0,research/tasks/active/TASK-2026-09-02-SMC-HIGHRUNG-LAMBDA/armB/results/B_00056.json,yes
TASK-2026-09-02-SMC-HIGHRUNG-LAMBDA,armB,64,64.0,0.35,0.2932,1024,57,6.0,systematic,30300057,ok,1788.16,395,0.3890571060667265,0.3890571060667265,1.548820116511279,1012.9510827870537,3,0,research/tasks/active/TASK-2026-09-02-SMC-HIGHRUNG-LAMBDA/armB/results/B_00057.json,yes
TASK-2026-09-02-SMC-HIGHRUNG-LAMBDA,armB,64,64.0,0.35,0.2932,1024,58,6.0,systematic,30300058,ok,1807.32,395,0.4412649839491459,0.4412649839491459,1.8735745962770654,1013.1052822517842,2,0,research/tasks/active/TASK-2026-09-02-SMC-HIGHRUNG-LAMBDA/armB/results/B_00058.json,yes
TASK-2026-09-02-SMC-HIGHRUNG-LAMBDA,armB,64,64.0,0.35,0.2932,1024,59,6.0,systematic,30300059,ok,1779.01,395,0.45445397512881147,0.45445397512881147,1.2096450811332116,1012.6007612770363,3,0,research/tasks/active/TASK-2026-09-02-SMC-HIGHRUNG-LAMBDA/armB/results/B_00059.json,yes
TASK-2026-09-02-SMC-HIGHRUNG-LAMBDA,armB,64,64.0,0.35,0.2932,1024,60,6.0,systematic,30300060,ok,1787.05,395,0.3671278478647648,0.3671278478647648,1.0217628980298994,1012.5200077196533,3,0,research/tasks/active/TASK-2026-09-02-SMC-HIGHRUNG-LAMBDA/armB/results/B_00060.json,yes
TASK-2026-09-02-SMC-HIGHRUNG-LAMBDA,armB,64,64.0,0.35,0.2932,1024,61,6.0,systematic,30300061,ok,1786.6,395,0.3749888312455819,0.3749888312455819,2.230035346209959,1012.3051982912278,3,0,research/tasks/active/TASK-2026-09-02-SMC-HIGHRUNG-LAMBDA/armB/results/B_00061.json,yes
TASK-2026-09-02-SMC-HIGHRUNG-LAMBDA,armB,64,64.0,0.35,0.2932,1024,62,6.0,systematic,30300062,ok,1792.11,395,0.39796911340783514,0.39796911340783514,1.8055984130482698,1012.4172701325514,2,0,research/tasks/active/TASK-2026-09-02-SMC-HIGHRUNG-LAMBDA/armB/results/B_00062.json,yes
TASK-2026-09-02-SMC-HIGHRUNG-LAMBDA,armB,64,64.0,0.35,0.2932,1024,63,6.0,systematic,30300063,ok,1800.48,395,0.39597854199708915,0.39597854199708915,1.0,1012.3147178505608,1,0,research/tasks/active/TASK-2026-09-02-SMC-HIGHRUNG-LAMBDA/armB/results/B_00063.json,yes
TASK-2026-09-02-SMC-HIGHRUNG-LAMBDA,armB,64,64.0,0.35,0.2932,1024,64,6.0,systematic,30300064,ok,2011.33,395,0.33375741905539535,0.33375741905539535,1.1153165418652145,1012.6735185800837,2,0,research/tasks/active/TASK-2026-09-02-SMC-HIGHRUNG-LAMBDA/armB/results/B_00064.json,yes
TASK-2026-09-02-SMC-HIGHRUNG-LAMBDA,armB,64,64.0,0.35,0.2932,1024,65,6.0,systematic,30300065,ok,2036.53,395,0.4848176172470403,0.4848176172470403,1.660331947316585,1011.8935139777577,3,0,research/tasks/active/TASK-2026-09-02-SMC-HIGHRUNG-LAMBDA/armB/results/B_00065.json,yes
TASK-2026-09-02-SMC-HIGHRUNG-LAMBDA,armB,64,64.0,0.35,0.2932,1024,66,6.0,systematic,30300066,ok,1783.23,395,0.35520115986349093,0.35520115986349093,1.594777842331477,1012.6846273621269,4,0,research/tasks/active/TASK-2026-09-02-SMC-HIGHRUNG-LAMBDA/armB/results/B_00066.json,yes
TASK-2026-09-02-SMC-HIGHRUNG-LAMBDA,armB,64,64.0,0.35,0.2932,1024,67,6.0,systematic,30300067,ok,1781.89,395,0.4587454620360926,0.4587454620360926,1.104543204154509,1011.6217964120156,2,0,research/tasks/active/TASK-2026-09-02-SMC-HIGHRUNG-LAMBDA/armB/results/B_00067.json,yes
TASK-2026-09-02-SMC-HIGHRUNG-LAMBDA,armB,64,64.0,0.35,0.2932,1024,68,6.0,systematic,30300068,ok,2009.59,395,0.4269301273213766,0.4269301273213766,1.528728091276749,1012.5064300617483,4,0,research/tasks/active/TASK-2026-09-02-SMC-HIGHRUNG-LAMBDA/armB/results/B_00068.json,yes
TASK-2026-09-02-SMC-HIGHRUNG-LAMBDA,armB,64,64.0,0.35,0.2932,1024,69,6.0,systematic,30300069,ok,1983.38,395,0.48433896335202953,0.48433896335202953,1.0,1012.0552613862676,1,0,research/tasks/active/TASK-2026-09-02-SMC-HIGHRUNG-LAMBDA/armB/results/B_00069.json,yes
TASK-2026-09-02-SMC-HIGHRUNG-LAMBDA,armB,64,64.0,0.35,0.2932,1024,70,6.0,systematic,30300070,ok,1969.5,395,0.37165768205105865,0.37165768205105865,1.0,1011.64553973692,1,0,research/tasks/active/TASK-2026-09-02-SMC-HIGHRUNG-LAMBDA/armB/results/B_00070.json,yes
TASK-2026-09-02-SMC-HIGHRUNG-LAMBDA,armB,64,64.0,0.35,0.2932,1024,71,6.0,systematic,30300071,ok,1993.9,395,0.3569685815107836,0.3569685815107836,1.1603733287298015,1012.5738781930653,4,0,research/tasks/active/TASK-2026-09-02-SMC-HIGHRUNG-LAMBDA/armB/results/B_00071.json,yes
TASK-2026-09-02-SMC-HIGHRUNG-LAMBDA,armB,64,64.0,0.35,0.2932,1024,72,6.0,systematic,30300072,ok,1993.28,395,0.42184394991992497,0.42184394991992497,1.773442071757889,1012.9571672097895,2,0,research/tasks/active/TASK-2026-09-02-SMC-HIGHRUNG-LAMBDA/armB/results/B_00072.json,yes
TASK-2026-09-02-SMC-HIGHRUNG-LAMBDA,armB,64,64.0,0.35,0.2932,1024,73,6.0,systematic,30300073,ok,1996.4,395,0.400873737731562,0.400873737731562,1.1645565121589323,1012.4851932094333,3,0,research/tasks/active/TASK-2026-09-02-SMC-HIGHRUNG-LAMBDA/armB/results/B_00073.json,yes
TASK-2026-09-02-SMC-HIGHRUNG-LAMBDA,armB,64,64.0,0.35,0.2932,1024,74,6.0,systematic,30300074,ok,1980.14,395,0.4088892452105481,0.4088892452105481,2.821467971865397,1012.418263825276,4,0,research/tasks/active/TASK-2026-09-02-SMC-HIGHRUNG-LAMBDA/armB/results/B_00074.json,yes
TASK-2026-09-02-SMC-HIGHRUNG-LAMBDA,armB,64,64.0,0.35,0.2932,1024,75,6.0,systematic,30300075,ok,1963.0,395,0.3695926433021909,0.3695926433021909,1.0,1012.5199938647909,1,0,research/tasks/active/TASK-2026-09-02-SMC-HIGHRUNG-LAMBDA/armB/results/B_00075.json,yes
TASK-2026-09-02-SMC-HIGHRUNG-LAMBDA,armB,64,64.0,0.35,0.2932,1024,76,6.0,systematic,30300076,ok,1793.3,395,0.4328173877385307,0.4328173877385307,1.0459297976120416,1012.6367530867919,2,0,research/tasks/active/TASK-2026-09-02-SMC-HIGHRUNG-LAMBDA/armB/results/B_00076.json,yes
TASK-2026-09-02-SMC-HIGHRUNG-LAMBDA,armB,64,64.0,0.35,0.2932,1024,77,6.0,systematic,30300077,ok,1783.32,395,0.36307512141623305,0.36307512141623305,1.0,1012.9007807652681,1,0,research/tasks/active/TASK-2026-09-02-SMC-HIGHRUNG-LAMBDA/armB/results/B_00077.json,yes
TASK-2026-09-02-SMC-HIGHRUNG-LAMBDA,armB,64,64.0,0.35,0.2932,1024,78,6.0,systematic,30300078,ok,1832.98,395,0.3872186253943355,0.3872186253943355,1.3128566742373213,1012.120753033145,3,0,research/tasks/active/TASK-2026-09-02-SMC-HIGHRUNG-LAMBDA/armB/results/B_00078.json,yes
TASK-2026-09-02-SMC-HIGHRUNG-LAMBDA,armB,64,64.0,0.35,0.2932,1024,79,6.0,systematic,30300079,ok,1829.94,395,0.3690718636346335,0.3690718636346335,1.0,1012.2784977579732,1,0,research/tasks/active/TASK-2026-09-02-SMC-HIGHRUNG-LAMBDA/armB/results/B_00079.json,yes
TASK-2026-09-02-SMC-HIGHRUNG-LAMBDA,armB,64,64.0,0.35,0.2932,1024,80,6.0,systematic,30300080,ok,1831.31,395,0.36262377980328087,0.36262377980328087,1.0520688686438977,1012.1136653168321,2,0,research/tasks/active/TASK-2026-09-02-SMC-HIGHRUNG-LAMBDA/armB/results/B_00080.json,yes
TASK-2026-09-02-SMC-HIGHRUNG-LAMBDA,armB,64,64.0,0.35,0.2932,1024,81,6.0,systematic,30300081,ok,1992.27,395,0.4224952626763803,0.4224952626763803,3.0677159825634126,1012.8944725526172,6,0,research/tasks/active/TASK-2026-09-02-SMC-HIGHRUNG-LAMBDA/armB/results/B_00081.json,yes
TASK-2026-09-02-SMC-HIGHRUNG-LAMBDA,armB,64,64.0,0.35,0.2932,1024,82,6.0,systematic,30300082,ok,1988.16,395,0.43170777965217527,0.43170777965217527,1.0257128603429555,1011.6234266426703,2,0,research/tasks/active/TASK-2026-09-02-SMC-HIGHRUNG-LAMBDA/armB/results/B_00082.json,yes
TASK-2026-09-02-SMC-HIGHRUNG-LAMBDA,armB,64,64.0,0.35,0.2932,1024,83,6.0,systematic,30300083,ok,1986.39,395,0.4337853415792611,0.4337853415792611,1.0,1011.9920042034241,1,0,research/tasks/active/TASK-2026-09-02-SMC-HIGHRUNG-LAMBDA/armB/results/B_00083.json,yes
TASK-2026-09-02-SMC-HIGHRUNG-LAMBDA,armB,64,64.0,0.35,0.2932,1024,84,6.0,systematic,30300084,ok,1820.1,395,0.40088402775173604,0.40088402775173604,1.9989019703531996,1013.0119626768276,2,0,research/tasks/active/TASK-2026-09-02-SMC-HIGHRUNG-LAMBDA/armB/results/B_00084.json,yes
TASK-2026-09-02-SMC-HIGHRUNG-LAMBDA,armB,64,64.0,0.35,0.2932,1024,85,6.0,systematic,30300085,ok,1832.46,395,0.39967675757495086,0.39967675757495086,1.5395602330389024,1012.1953288431799,2,0,research/tasks/active/TASK-2026-09-02-SMC-HIGHRUNG-LAMBDA/armB/results/B_00085.json,yes
TASK-2026-09-02-SMC-HIGHRUNG-LAMBDA,armB,64,64.0,0.35,0.2932,1024,86,6.0,systematic,30300086,ok,1854.61,395,0.4777532529385075,0.4777532529385075,1.5496807755970678,1013.8996113227239,2,0,research/tasks/active/TASK-2026-09-02-SMC-HIGHRUNG-LAMBDA/armB/results/B_00086.json,yes
TASK-2026-09-02-SMC-HIGHRUNG-LAMBDA,armB,64,64.0,0.35,0.2932,1024,87,6.0,systematic,30300087,ok,1996.58,395,0.4918353831124278,0.4918353831124278,1.8942066947269542,1012.0985684105507,2,0,research/tasks/active/TASK-2026-09-02-SMC-HIGHRUNG-LAMBDA/armB/results/B_00087.json,yes
TASK-2026-09-02-SMC-HIGHRUNG-LAMBDA,armB,64,64.0,0.35,0.2932,1024,88,6.0,systematic,30300088,ok,2002.52,395,0.40884874427271906,0.40884874427271906,1.709644074152577,1012.984490371903,2,0,research/tasks/active/TASK-2026-09-02-SMC-HIGHRUNG-LAMBDA/armB/results/B_00088.json,yes
TASK-2026-09-02-SMC-HIGHRUNG-LAMBDA,armB,64,64.0,0.35,0.2932,1024,89,6.0,systematic,30300089,ok,1987.78,395,0.3843826721089524,0.3843826721089524,1.1238684424323102,1012.4747798764097,3,0,research/tasks/active/TASK-2026-09-02-SMC-HIGHRUNG-LAMBDA/armB/results/B_00089.json,yes
TASK-2026-09-02-SMC-HIGHRUNG-LAMBDA,armB,64,64.0,0.35,0.2932,1024,90,6.0,systematic,30300090,ok,1837.4,395,0.43987534676059115,0.43987534676059115,1.007843016639498,1011.4828919576895,2,0,research/tasks/active/TASK-2026-09-02-SMC-HIGHRUNG-LAMBDA/armB/results/B_00090.json,yes
TASK-2026-09-02-SMC-HIGHRUNG-LAMBDA,armB,64,64.0,0.35,0.2932,1024,91,6.0,systematic,30300091,ok,2000.0,395,0.35908890040126945,0.35908890040126945,1.4508383397579758,1013.0990058983967,2,0,research/tasks/active/TASK-2026-09-02-SMC-HIGHRUNG-LAMBDA/armB/results/B_00091.json,yes
TASK-2026-09-02-SMC-HIGHRUNG-LAMBDA,armB,64,64.0,0.35,0.2932,1024,92,6.0,systematic,30300092,ok,1978.48,395,0.3400369507340545,0.3400369507340545,1.0689218586576905,1012.043314600589,3,0,research/tasks/active/TASK-2026-09-02-SMC-HIGHRUNG-LAMBDA/armB/results/B_00092.json,yes
TASK-2026-09-02-SMC-HIGHRUNG-LAMBDA,armB,64,64.0,0.35,0.2932,1024,93,6.0,systematic,30300093,ok,1972.87,395,0.391937056178774,0.391937056178774,1.6612578700051015,1013.0110590839056,3,0,research/tasks/active/TASK-2026-09-02-SMC-HIGHRUNG-LAMBDA/armB/results/B_00093.json,yes
TASK-2026-09-02-SMC-HIGHRUNG-LAMBDA,armB,64,64.0,0.35,0.2932,1024,94,6.0,systematic,30300094,ok,1970.97,395,0.3600597070128708,0.3600597070128708,1.0,1013.3432724707219,1,0,research/tasks/active/TASK-2026-09-02-SMC-HIGHRUNG-LAMBDA/armB/results/B_00094.json,yes
TASK-2026-09-02-SMC-HIGHRUNG-LAMBDA,armB,64,64.0,0.35,0.2932,1024,95,6.0,systematic,30300095,ok,1987.8,395,0.37948877409296694,0.37948877409296694,1.8179952009098852,1011.7612402217455,2,0,research/tasks/active/TASK-2026-09-02-SMC-HIGHRUNG-LAMBDA/armB/results/B_00095.json,yes
TASK-2026-09-02-SMC-HIGHRUNG-LAMBDA,armB,64,64.0,0.35,0.3032,1024,0,6.0,systematic,30301000,ok,2052.93,408,0.3246121892669622,0.3246121892669622,2.395004316862258,1011.7930964434104,3,0,research/tasks/active/TASK-2026-09-02-SMC-HIGHRUNG-LAMBDA/armB/results/B_00096.json,yes
TASK-2026-09-02-SMC-HIGHRUNG-LAMBDA,armB,64,64.0,0.35,0.3032,1024,1,6.0,systematic,30301001,ok,1858.99,408,0.36112591240203995,0.36112591240203995,1.2872122856336161,1012.6039162475633,2,0,research/tasks/active/TASK-2026-09-02-SMC-HIGHRUNG-LAMBDA/armB/results/B_00097.json,yes
TASK-2026-09-02-SMC-HIGHRUNG-LAMBDA,armB,64,64.0,0.35,0.3032,1024,2,6.0,systematic,30301002,ok,1963.65,408,0.3325024588303252,0.3325024588303252,1.3580901856763925,1012.757684755342,2,0,research/tasks/active/TASK-2026-09-02-SMC-HIGHRUNG-LAMBDA/armB/results/B_00098.json,yes
TASK-2026-09-02-SMC-HIGHRUNG-LAMBDA,armB,64,64.0,0.35,0.3032,1024,3,6.0,systematic,30301003,ok,1872.82,408,0.3106661739022363,0.3106661739022363,1.5522087580565416,1012.153648111201,2,0,research/tasks/active/TASK-2026-09-02-SMC-HIGHRUNG-LAMBDA/armB/results/B_00099.json,yes
TASK-2026-09-02-SMC-HIGHRUNG-LAMBDA,armB,64,64.0,0.35,0.3032,1024,4,6.0,systematic,30301004,ok,1836.52,408,0.3717332334930922,0.3717332334930922,1.0,1013.7415870679106,1,0,research/tasks/active/TASK-2026-09-02-SMC-HIGHRUNG-LAMBDA/armB/results/B_00100.json,yes
TASK-2026-09-02-SMC-HIGHRUNG-LAMBDA,armB,64,64.0,0.35,0.3032,1024,5,6.0,systematic,30301005,ok,1868.37,408,0.3901181810457526,0.3901181810457526,1.4784960336596082,1012.3479630137556,3,0,research/tasks/active/TASK-2026-09-02-SMC-HIGHRUNG-LAMBDA/armB/results/B_00101.json,yes
TASK-2026-09-02-SMC-HIGHRUNG-LAMBDA,armB,64,64.0,0.35,0.3032,1024,6,6.0,systematic,30301006,ok,1887.05,408,0.3727328519657556,0.3727328519657556,1.0197219477660129,1012.5941072840493,2,0,research/tasks/active/TASK-2026-09-02-SMC-HIGHRUNG-LAMBDA/armB/results/B_00102.json,yes
TASK-2026-09-02-SMC-HIGHRUNG-LAMBDA,armB,64,64.0,0.35,0.3032,1024,7,6.0,systematic,30301007,ok,1871.04,408,0.3619049209657449,0.3619049209657449,1.0,1012.558655455572,1,0,research/tasks/active/TASK-2026-09-02-SMC-HIGHRUNG-LAMBDA/armB/results/B_00103.json,yes
TASK-2026-09-02-SMC-HIGHRUNG-LAMBDA,armB,64,64.0,0.35,0.3032,1024,8,6.0,systematic,30301008,ok,1879.89,408,0.3222137781505767,0.3222137781505767,1.9998092833248782,1013.0770431988269,2,0,research/tasks/active/TASK-2026-09-02-SMC-HIGHRUNG-LAMBDA/armB/results/B_00104.json,yes
TASK-2026-09-02-SMC-HIGHRUNG-LAMBDA,armB,64,64.0,0.35,0.3032,1024,9,6.0,systematic,30301009,ok,1868.17,408,0.38127340819571853,0.38127340819571853,2.214100804493338,1012.2961315215091,5,0,research/tasks/active/TASK-2026-09-02-SMC-HIGHRUNG-LAMBDA/armB/results/B_00105.json,yes
TASK-2026-09-02-SMC-HIGHRUNG-LAMBDA,armB,64,64.0,0.35,0.3032,1024,10,6.0,systematic,30301010,ok,1871.42,408,0.3453460591393669,0.3453460591393669,1.0668772116893186,1012.5069444713102,3,0,research/tasks/active/TASK-2026-09-02-SMC-HIGHRUNG-LAMBDA/armB/results/B_00106.json,yes
TASK-2026-09-02-SMC-HIGHRUNG-LAMBDA,armB,64,64.0,0.35,0.3032,1024,11,6.0,systematic,30301011,ok,1882.44,408,0.3363888949049523,0.3363888949049523,1.5410626315356308,1012.1838663027661,3,0,research/tasks/active/TASK-2026-09-02-SMC-HIGHRUNG-LAMBDA/armB/results/B_00107.json,yes
TASK-2026-09-02-SMC-HIGHRUNG-LAMBDA,armB,64,64.0,0.35,0.3032,1024,12,6.0,systematic,30301012,ok,1882.61,408,0.39251955857016674,0.39251955857016674,2.4628682290712476,1013.516090545745,4,0,research/tasks/active/TASK-2026-09-02-SMC-HIGHRUNG-LAMBDA/armB/results/B_00108.json,yes
TASK-2026-09-02-SMC-HIGHRUNG-LAMBDA,armB,64,64.0,0.35,0.3032,1024,13,6.0,systematic,30301013,ok,1870.79,408,0.3328012134891185,0.3328012134891185,2.487524138029198,1012.074079089442,3,0,research/tasks/active/TASK-2026-09-02-SMC-HIGHRUNG-LAMBDA/armB/results/B_00109.json,yes
TASK-2026-09-02-SMC-HIGHRUNG-LAMBDA,armB,64,64.0,0.35,0.3032,1024,14,6.0,systematic,30301014,ok,1870.56,408,0.3430259201946888,0.3430259201946888,1.7398841820565152,1012.5418153410528,3,0,research/tasks/active/TASK-2026-09-02-SMC-HIGHRUNG-LAMBDA/armB/results/B_00110.json,yes
TASK-2026-09-02-SMC-HIGHRUNG-LAMBDA,armB,64,64.0,0.35,0.3032,1024,15,6.0,systematic,30301015,ok,1788.56,408,0.37399106898162104,0.37399106898162104,1.4691905675974837,1012.0951808239697,3,0,research/tasks/active/TASK-2026-09-02-SMC-HIGHRUNG-LAMBDA/armB/results/B_00111.json,yes
TASK-2026-09-02-SMC-HIGHRUNG-LAMBDA,armB,64,64.0,0.35,0.3032,1024,16,6.0,systematic,30301016,ok,1708.23,408,0.3814931993405326,0.3814931993405326,2.6974403827849662,1011.9432634240734,3,0,research/tasks/active/TASK-2026-09-02-SMC-HIGHRUNG-LAMBDA/armB/results/B_00112.json,yes
TASK-2026-09-02-SMC-HIGHRUNG-LAMBDA,armB,64,64.0,0.35,0.3032,1024,17,6.0,systematic,30301017,ok,2061.3,408,0.3357793670687054,0.3357793670687054,3.3685725483645057,1012.6523568076719,4,0,research/tasks/active/TASK-2026-09-02-SMC-HIGHRUNG-LAMBDA/armB/results/B_00113.json,yes
TASK-2026-09-02-SMC-HIGHRUNG-LAMBDA,armB,64,64.0,0.35,0.3032,1024,18,6.0,systematic,30301018,ok,2054.38,408,0.3637914226872302,0.3637914226872302,1.6930648307219345,1013.136279766726,2,0,research/tasks/active/TASK-2026-09-02-SMC-HIGHRUNG-LAMBDA/armB/results/B_00114.json,yes
TASK-2026-09-02-SMC-HIGHRUNG-LAMBDA,armB,64,64.0,0.35,0.3032,1024,19,6.0,systematic,30301019,ok,2057.7,408,0.3306605065684422,0.3306605065684422,1.8681870011402508,1012.7767888451847,2,0,research/tasks/active/TASK-2026-09-02-SMC-HIGHRUNG-LAMBDA/armB/results/B_00115.json,yes
TASK-2026-09-02-SMC-HIGHRUNG-LAMBDA,armB,64,64.0,0.35,0.3032,1024,20,6.0,systematic,30301020,ok,2038.2,408,0.31641637785472393,0.31641637785472393,1.9727058256920431,1011.8975063979339,3,0,research/tasks/active/TASK-2026-09-02-SMC-HIGHRUNG-LAMBDA/armB/results/B_00116.json,yes
TASK-2026-09-02-SMC-HIGHRUNG-LAMBDA,armB,64,64.0,0.35,0.3032,1024,21,6.0,systematic,30301021,ok,2060.13,408,0.30667168023419283,0.30667168023419283,1.6174489811658364,1011.8666637741336,2,0,research/tasks/active/TASK-2026-09-02-SMC-HIGHRUNG-LAMBDA/armB/results/B_00117.json,yes
TASK-2026-09-02-SMC-HIGHRUNG-LAMBDA,armB,64,64.0,0.35,0.3032,1024,22,6.0,systematic,30301022,ok,2059.53,408,0.3285035802914149,0.3285035802914149,1.8162003374059923,1012.0687052255789,3,0,research/tasks/active/TASK-2026-09-02-SMC-HIGHRUNG-LAMBDA/armB/results/B_00118.json,yes
TASK-2026-09-02-SMC-HIGHRUNG-LAMBDA,armB,64,64.0,0.35,0.3032,1024,23,6.0,systematic,30301023,ok,2071.66,408,0.34240056363508686,0.34240056363508686,2.7441731438590984,1012.586707958228,5,0,research/tasks/active/TASK-2026-09-02-SMC-HIGHRUNG-LAMBDA/armB/results/B_00119.json,yes
TASK-2026-09-02-SMC-HIGHRUNG-LAMBDA,armB,64,64.0,0.35,0.3032,1024,24,6.0,systematic,30301024,ok,1878.76,408,0.2962185294186046,0.2962185294186046,1.343267368334751,1012.0060559121621,2,0,research/tasks/active/TASK-2026-09-02-SMC-HIGHRUNG-LAMBDA/armB/results/B_00120.json,yes
TASK-2026-09-02-SMC-HIGHRUNG-LAMBDA,armB,64,64.0,0.35,0.3032,1024,25,6.0,systematic,30301025,ok,1898.95,408,0.37950352636525964,0.37950352636525964,1.0,1012.6670063034313,1,0,research/tasks/active/TASK-2026-09-02-SMC-HIGHRUNG-LAMBDA/armB/results/B_00121.json,yes
TASK-2026-09-02-SMC-HIGHRUNG-LAMBDA,armB,64,64.0,0.35,0.3032,1024,26,6.0,systematic,30301026,ok,2039.23,408,0.35944998398912664,0.35944998398912664,1.0,1012.0888195152598,1,0,research/tasks/active/TASK-2026-09-02-SMC-HIGHRUNG-LAMBDA/armB/results/B_00122.json,yes
TASK-2026-09-02-SMC-HIGHRUNG-LAMBDA,armB,64,64.0,0.35,0.3032,1024,27,6.0,systematic,30301027,ok,2072.11,408,0.36971750709492535,0.36971750709492535,1.0,1012.9593732097171,1,0,research/tasks/active/TASK-2026-09-02-SMC-HIGHRUNG-LAMBDA/armB/results/B_00123.json,yes
TASK-2026-09-02-SMC-HIGHRUNG-LAMBDA,armB,64,64.0,0.35,0.3032,1024,28,6.0,systematic,30301028,ok,2054.13,408,0.3133856913962685,0.3133856913962685,1.0,1011.8892909741588,1,0,research/tasks/active/TASK-2026-09-02-SMC-HIGHRUNG-LAMBDA/armB/results/B_00124.json,yes
TASK-2026-09-02-SMC-HIGHRUNG-LAMBDA,armB,64,64.0,0.35,0.3032,1024,29,6.0,systematic,30301029,ok,2054.49,408,0.33320688126629994,0.33320688126629994,1.089615269510857,1012.2835898787828,2,0,research/tasks/active/TASK-2026-09-02-SMC-HIGHRUNG-LAMBDA/armB/results/B_00125.json,yes
TASK-2026-09-02-SMC-HIGHRUNG-LAMBDA,armB,64,64.0,0.35,0.3032,1024,30,6.0,systematic,30301030,ok,2074.6,408,0.37675868544595303,0.37675868544595303,1.760153089486848,1011.8822295642713,2,0,research/tasks/active/TASK-2026-09-02-SMC-HIGHRUNG-LAMBDA/armB/results/B_00126.json,yes
TASK-2026-09-02-SMC-HIGHRUNG-LAMBDA,armB,64,64.0,0.35,0.3032,1024,31,6.0,systematic,30301031,ok,2052.5,408,0.3542559192578644,0.3542559192578644,1.6248930763032294,1012.5877519511218,2,0,research/tasks/active/TASK-2026-09-02-SMC-HIGHRUNG-LAMBDA/armB/results/B_00127.json,yes
TASK-2026-09-02-SMC-HIGHRUNG-LAMBDA,armB,64,64.0,0.35,0.3032,1024,32,6.0,systematic,30301032,ok,2133.63,408,0.39895983827620585,0.39895983827620585,1.3661053251446782,1011.2231207878262,3,0,research/tasks/active/TASK-2026-09-02-SMC-HIGHRUNG-LAMBDA/armB/results/B_00128.json,yes
TASK-2026-09-02-SMC-HIGHRUNG-LAMBDA,armB,64,64.0,0.35,0.3032,1024,33,6.0,systematic,30301033,ok,1893.34,408,0.3785645120968224,0.3785645120968224,1.2001062105716143,1012.3749813859006,2,0,research/tasks/active/TASK-2026-09-02-SMC-HIGHRUNG-LAMBDA/armB/results/B_00129.json,yes
TASK-2026-09-02-SMC-HIGHRUNG-LAMBDA,armB,64,64.0,0.35,0.3032,1024,34,6.0,systematic,30301034,ok,1835.64,408,0.36024886202027084,0.36024886202027084,1.937444569266245,1012.7167550294413,2,0,research/tasks/active/TASK-2026-09-02-SMC-HIGHRUNG-LAMBDA/armB/results/B_00130.json,yes
TASK-2026-09-02-SMC-HIGHRUNG-LAMBDA,armB,64,64.0,0.35,0.3032,1024,35,6.0,systematic,30301035,ok,1851.25,408,0.3413495208929458,0.3413495208929458,1.4964564310852198,1012.6149161846186,2,0,research/tasks/active/TASK-2026-09-02-SMC-HIGHRUNG-LAMBDA/armB/results/B_00131.json,yes
TASK-2026-09-02-SMC-HIGHRUNG-LAMBDA,armB,64,64.0,0.35,0.3032,1024,36,6.0,systematic,30301036,ok,1836.61,408,0.34945822218419464,0.34945822218419464,1.8699927595418895,1011.5758513176711,2,0,research/tasks/active/TASK-2026-09-02-SMC-HIGHRUNG-LAMBDA/armB/results/B_00132.json,yes
TASK-2026-09-02-SMC-HIGHRUNG-LAMBDA,armB,64,64.0,0.35,0.3032,1024,37,6.0,systematic,30301037,ok,1825.73,408,0.3545631637943906,0.3545631637943906,1.0,1012.5089341555414,1,0,research/tasks/active/TASK-2026-09-02-SMC-HIGHRUNG-LAMBDA/armB/results/B_00133.json,yes
TASK-2026-09-02-SMC-HIGHRUNG-LAMBDA,armB,64,64.0,0.35,0.3032,1024,38,6.0,systematic,30301038,ok,2051.82,408,0.3601893283225805,0.3601893283225805,2.0233405372028406,1012.6379914438272,3,0,research/tasks/active/TASK-2026-09-02-SMC-HIGHRUNG-LAMBDA/armB/results/B_00134.json,yes
TASK-2026-09-02-SMC-HIGHRUNG-LAMBDA,armB,64,64.0,0.35,0.3032,1024,39,6.0,systematic,30301039,ok,2051.87,408,0.35296508915842356,0.35296508915842356,1.9697930599179454,1012.3294806518448,3,0,research/tasks/active/TASK-2026-09-02-SMC-HIGHRUNG-LAMBDA/armB/results/B_00135.json,yes
TASK-2026-09-02-SMC-HIGHRUNG-LAMBDA,armB,64,64.0,0.35,0.3032,1024,40,6.0,systematic,30301040,ok,2037.66,408,0.35458791865159917,0.35458791865159917,1.7743603627995126,1013.6606660363153,5,0,research/tasks/active/TASK-2026-09-02-SMC-HIGHRUNG-LAMBDA/armB/results/B_00136.json,yes
TASK-2026-09-02-SMC-HIGHRUNG-LAMBDA,armB,64,64.0,0.35,0.3032,1024,41,6.0,systematic,30301041,ok,2034.97,408,0.3481073470269027,0.3481073470269027,1.6421718634989741,1011.6819263482379,2,0,research/tasks/active/TASK-2026-09-02-SMC-HIGHRUNG-LAMBDA/armB/results/B_00137.json,yes
TASK-2026-09-02-SMC-HIGHRUNG-LAMBDA,armB,64,64.0,0.35,0.3032,1024,42,6.0,systematic,30301042,ok,2060.31,408,0.3873605249000235,0.3873605249000235,1.4079835001933572,1012.9808474600111,2,0,research/tasks/active/TASK-2026-09-02-SMC-HIGHRUNG-LAMBDA/armB/results/B_00138.json,yes
TASK-2026-09-02-SMC-HIGHRUNG-LAMBDA,armB,64,64.0,0.35,0.3032,1024,43,6.0,systematic,30301043,ok,2060.81,408,0.3862256608589665,0.3862256608589665,1.9720083501024956,1012.0313845121419,2,0,research/tasks/active/TASK-2026-09-02-SMC-HIGHRUNG-LAMBDA/armB/results/B_00139.json,yes
TASK-2026-09-02-SMC-HIGHRUNG-LAMBDA,armB,64,64.0,0.35,0.3032,1024,44,6.0,systematic,30301044,ok,2037.25,408,0.35197593385658443,0.35197593385658443,1.0,1012.8693406940756,1,0,research/tasks/active/TASK-2026-09-02-SMC-HIGHRUNG-LAMBDA/armB/results/B_00140.json,yes
TASK-2026-09-02-SMC-HIGHRUNG-LAMBDA,armB,64,64.0,0.35,0.3032,1024,45,6.0,systematic,30301045,ok,1981.5,408,0.36257143942223413,0.36257143942223413,1.8476914781517728,1011.5846390304092,2,0,research/tasks/active/TASK-2026-09-02-SMC-HIGHRUNG-LAMBDA/armB/results/B_00141.json,yes
TASK-2026-09-02-SMC-HIGHRUNG-LAMBDA,armB,64,64.0,0.35,0.3032,1024,46,6.0,systematic,30301046,ok,2003.37,408,0.42379835684331446,0.42379835684331446,1.7002519790244488,1013.1158103035383,3,0,research/tasks/active/TASK-2026-09-02-SMC-HIGHRUNG-LAMBDA/armB/results/B_00142.json,yes
TASK-2026-09-02-SMC-HIGHRUNG-LAMBDA,armB,64,64.0,0.35,0.3032,1024,47,6.0,systematic,30301047,ok,2056.09,408,0.3625145589242912,0.3625145589242912,1.0177325959472234,1011.9863829715983,2,0,research/tasks/active/TASK-2026-09-02-SMC-HIGHRUNG-LAMBDA/armB/results/B_00143.json,yes
TASK-2026-09-02-SMC-HIGHRUNG-LAMBDA,armB,64,64.0,0.35,0.3032,1024,48,6.0,systematic,30301048,ok,2052.55,408,0.3577781715797296,0.3577781715797296,1.0603072392955661,1012.55900280545,2,0,research/tasks/active/TASK-2026-09-02-SMC-HIGHRUNG-LAMBDA/armB/results/B_00144.json,yes
TASK-2026-09-02-SMC-HIGHRUNG-LAMBDA,armB,64,64.0,0.35,0.3032,1024,49,6.0,systematic,30301049,ok,2046.83,408,0.38466994781130237,0.38466994781130237,1.5294282380396733,1012.7471136207529,2,0,research/tasks/active/TASK-2026-09-02-SMC-HIGHRUNG-LAMBDA/armB/results/B_00145.json,yes
TASK-2026-09-02-SMC-HIGHRUNG-LAMBDA,armB,64,64.0,0.35,0.3032,1024,50,6.0,systematic,30301050,ok,2056.32,408,0.3898590624656427,0.3898590624656427,2.858417066934178,1012.077596294692,3,0,research/tasks/active/TASK-2026-09-02-SMC-HIGHRUNG-LAMBDA/armB/results/B_00146.json,yes
TASK-2026-09-02-SMC-HIGHRUNG-LAMBDA,armB,64,64.0,0.35,0.3032,1024,51,6.0,systematic,30301051,ok,2056.11,408,0.3824746169745983,0.3824746169745983,1.4989935956084173,1011.9511337631883,2,0,research/tasks/active/TASK-2026-09-02-SMC-HIGHRUNG-LAMBDA/armB/results/B_00147.json,yes
TASK-2026-09-02-SMC-HIGHRUNG-LAMBDA,armB,64,64.0,0.35,0.3032,1024,52,6.0,systematic,30301052,ok,2060.68,408,0.30462691138094444,0.30462691138094444,1.0,1012.3560239948642,1,0,research/tasks/active/TASK-2026-09-02-SMC-HIGHRUNG-LAMBDA/armB/results/B_00148.json,yes
TASK-2026-09-02-SMC-HIGHRUNG-LAMBDA,armB,64,64.0,0.35,0.3032,1024,53,6.0,systematic,30301053,ok,2023.64,408,0.2776876328400274,0.2776876328400274,1.2490393159786828,1011.8648903504801,2,0,research/tasks/active/TASK-2026-09-02-SMC-HIGHRUNG-LAMBDA/armB/results/B_00149.json,yes
TASK-2026-09-02-SMC-HIGHRUNG-LAMBDA,armB,64,64.0,0.35,0.3032,1024,54,6.0,systematic,30301054,ok,2077.18,408,0.34727190941002717,0.34727190941002717,1.0748694566485364,1011.8592784823687,2,0,research/tasks/active/TASK-2026-09-02-SMC-HIGHRUNG-LAMBDA/armB/results/B_00150.json,yes
TASK-2026-09-02-SMC-HIGHRUNG-LAMBDA,armB,64,64.0,0.35,0.3032,1024,55,6.0,systematic,30301055,ok,1983.52,408,0.3237764069484672,0.3237764069484672,2.2499216822229373,1013.120757594696,3,0,research/tasks/active/TASK-2026-09-02-SMC-HIGHRUNG-LAMBDA/armB/results/B_00151.json,yes
TASK-2026-09-02-SMC-HIGHRUNG-LAMBDA,armB,64,64.0,0.35,0.3032,1024,56,6.0,systematic,30301056,ok,1985.44,408,0.32909370141054917,0.32909370141054917,1.3143245350373398,1012.4498254805363,3,0,research/tasks/active/TASK-2026-09-02-SMC-HIGHRUNG-LAMBDA/armB/results/B_00152.json,yes
TASK-2026-09-02-SMC-HIGHRUNG-LAMBDA,armB,64,64.0,0.35,0.3032,1024,57,6.0,systematic,30301057,ok,2053.72,408,0.3239744590802125,0.3239744590802125,1.3681979978914185,1012.0010332844759,3,0,research/tasks/active/TASK-2026-09-02-SMC-HIGHRUNG-LAMBDA/armB/results/B_00153.json,yes
TASK-2026-09-02-SMC-HIGHRUNG-LAMBDA,armB,64,64.0,0.35,0.3032,1024,58,6.0,systematic,30301058,ok,2048.87,408,0.36745764847465473,0.36745764847465473,1.980769884657088,1012.1789547074446,3,0,research/tasks/active/TASK-2026-09-02-SMC-HIGHRUNG-LAMBDA/armB/results/B_00154.json,yes
TASK-2026-09-02-SMC-HIGHRUNG-LAMBDA,armB,64,64.0,0.35,0.3032,1024,59,6.0,systematic,30301059,ok,2053.79,408,0.37657696264219115,0.37657696264219115,1.0,1012.6705197837772,1,0,research/tasks/active/TASK-2026-09-02-SMC-HIGHRUNG-LAMBDA/armB/results/B_00155.json,yes
TASK-2026-09-02-SMC-HIGHRUNG-LAMBDA,armB,64,64.0,0.35,0.3032,1024,60,6.0,systematic,30301060,ok,2063.47,408,0.3619191827188093,0.3619191827188093,1.0,1013.7027538873267,1,0,research/tasks/active/TASK-2026-09-02-SMC-HIGHRUNG-LAMBDA/armB/results/B_00156.json,yes
TASK-2026-09-02-SMC-HIGHRUNG-LAMBDA,armB,64,64.0,0.35,0.3032,1024,61,6.0,systematic,30301061,ok,2033.14,408,0.32837288261015773,0.32837288261015773,1.0,1011.9147393516686,1,0,research/tasks/active/TASK-2026-09-02-SMC-HIGHRUNG-LAMBDA/armB/results/B_00157.json,yes
TASK-2026-09-02-SMC-HIGHRUNG-LAMBDA,armB,64,64.0,0.35,0.3032,1024,62,6.0,systematic,30301062,ok,2055.57,408,0.3608725218064724,0.3608725218064724,2.007896964149621,1012.246069423643,3,0,research/tasks/active/TASK-2026-09-02-SMC-HIGHRUNG-LAMBDA/armB/results/B_00158.json,yes
TASK-2026-09-02-SMC-HIGHRUNG-LAMBDA,armB,64,64.0,0.35,0.3032,1024,63,6.0,systematic,30301063,ok,2059.52,408,0.31682655226443657,0.31682655226443657,2.2008840678876824,1011.77268402321,4,0,research/tasks/active/TASK-2026-09-02-SMC-HIGHRUNG-LAMBDA/armB/results/B_00159.json,yes
TASK-2026-09-02-SMC-HIGHRUNG-LAMBDA,armB,64,64.0,0.35,0.3032,1024,64,6.0,systematic,30301064,ok,2032.69,408,0.39312453477496845,0.39312453477496845,1.5596985842503428,1013.1204222297604,4,0,research/tasks/active/TASK-2026-09-02-SMC-HIGHRUNG-LAMBDA/armB/results/B_00160.json,yes
TASK-2026-09-02-SMC-HIGHRUNG-LAMBDA,armB,64,64.0,0.35,0.3032,1024,65,6.0,systematic,30301065,ok,2057.52,408,0.36335521740386456,0.36335521740386456,2.192967119379949,1012.1608117392494,3,0,research/tasks/active/TASK-2026-09-02-SMC-HIGHRUNG-LAMBDA/armB/results/B_00161.json,yes
TASK-2026-09-02-SMC-HIGHRUNG-LAMBDA,armB,64,64.0,0.35,0.3032,1024,66,6.0,systematic,30301066,ok,2026.91,408,0.3187186689990389,0.3187186689990389,2.6008284346553565,1012.7527321592352,3,0,research/tasks/active/TASK-2026-09-02-SMC-HIGHRUNG-LAMBDA/armB/results/B_00162.json,yes
TASK-2026-09-02-SMC-HIGHRUNG-LAMBDA,armB,64,64.0,0.35,0.3032,1024,67,6.0,systematic,30301067,ok,2060.25,408,0.4183160098156997,0.4183160098156997,2.0262573092634892,1012.5744129857592,3,0,research/tasks/active/TASK-2026-09-02-SMC-HIGHRUNG-LAMBDA/armB/results/B_00163.json,yes
TASK-2026-09-02-SMC-HIGHRUNG-LAMBDA,armB,64,64.0,0.35,0.3032,1024,68,6.0,systematic,30301068,ok,2165.61,408,0.30223351255381886,0.30223351255381886,1.0,1011.9413309727684,1,0,research/tasks/active/TASK-2026-09-02-SMC-HIGHRUNG-LAMBDA/armB/results/B_00164.json,yes
TASK-2026-09-02-SMC-HIGHRUNG-LAMBDA,armB,64,64.0,0.35,0.3032,1024,69,6.0,systematic,30301069,ok,2042.78,408,0.365739508330036,0.365739508330036,1.6573717269873585,1011.3315606928552,3,0,research/tasks/active/TASK-2026-09-02-SMC-HIGHRUNG-LAMBDA/armB/results/B_00165.json,yes
TASK-2026-09-02-SMC-HIGHRUNG-LAMBDA,armB,64,64.0,0.35,0.3032,1024,70,6.0,systematic,30301070,ok,2033.72,408,0.3317142415961688,0.3317142415961688,1.0,1012.3654418918712,1,0,research/tasks/active/TASK-2026-09-02-SMC-HIGHRUNG-LAMBDA/armB/results/B_00166.json,yes
TASK-2026-09-02-SMC-HIGHRUNG-LAMBDA,armB,64,64.0,0.35,0.3032,1024,71,6.0,systematic,30301071,ok,2054.55,408,0.35681232788252126,0.35681232788252126,1.0,1012.0882230096088,1,0,research/tasks/active/TASK-2026-09-02-SMC-HIGHRUNG-LAMBDA/armB/results/B_00167.json,yes
TASK-2026-09-02-SMC-HIGHRUNG-LAMBDA,armB,64,64.0,0.35,0.3032,1024,72,6.0,systematic,30301072,ok,2078.61,408,0.32864795015041126,0.32864795015041126,1.395448121305358,1012.8950076702122,2,0,research/tasks/active/TASK-2026-09-02-SMC-HIGHRUNG-LAMBDA/armB/results/B_00168.json,yes
TASK-2026-09-02-SMC-HIGHRUNG-LAMBDA,armB,64,64.0,0.35,0.3032,1024,73,6.0,systematic,30301073,ok,2073.13,408,0.36536252430969096,0.36536252430969096,2.7238287216466994,1012.2027142095825,6,0,research/tasks/active/TASK-2026-09-02-SMC-HIGHRUNG-LAMBDA/armB/results/B_00169.json,yes
TASK-2026-09-02-SMC-HIGHRUNG-LAMBDA,armB,64,64.0,0.35,0.3032,1024,74,6.0,systematic,30301074,ok,2044.32,408,0.3439218563305816,0.3439218563305816,1.0,1011.8059025083268,1,0,research/tasks/active/TASK-2026-09-02-SMC-HIGHRUNG-LAMBDA/armB/results/B_00170.json,yes
TASK-2026-09-02-SMC-HIGHRUNG-LAMBDA,armB,64,64.0,0.35,0.3032,1024,75,6.0,systematic,30301075,ok,2048.47,408,0.3495233300397361,0.3495233300397361,1.0,1013.507603720137,1,0,research/tasks/active/TASK-2026-09-02-SMC-HIGHRUNG-LAMBDA/armB/results/B_00171.json,yes
TASK-2026-09-02-SMC-HIGHRUNG-LAMBDA,armB,64,64.0,0.35,0.3032,1024,76,6.0,systematic,30301076,ok,2035.97,408,0.3553101256335194,0.3553101256335194,2.5256058847048735,1012.0060201466831,3,0,research/tasks/active/TASK-2026-09-02-SMC-HIGHRUNG-LAMBDA/armB/results/B_00172.json,yes
TASK-2026-09-02-SMC-HIGHRUNG-LAMBDA,armB,64,64.0,0.35,0.3032,1024,77,6.0,systematic,30301077,ok,2060.15,408,0.3866091390381059,0.3866091390381059,1.2824013717092309,1012.3159401023192,2,0,research/tasks/active/TASK-2026-09-02-SMC-HIGHRUNG-LAMBDA/armB/results/B_00173.json,yes
TASK-2026-09-02-SMC-HIGHRUNG-LAMBDA,armB,64,64.0,0.35,0.3032,1024,78,6.0,systematic,30301078,ok,2057.21,408,0.37378908180980736,0.37378908180980736,1.531962142750699,1013.0806044120823,2,0,research/tasks/active/TASK-2026-09-02-SMC-HIGHRUNG-LAMBDA/armB/results/B_00174.json,yes
TASK-2026-09-02-SMC-HIGHRUNG-LAMBDA,armB,64,64.0,0.35,0.3032,1024,79,6.0,systematic,30301079,ok,2058.86,408,0.3652782221486802,0.3652782221486802,1.8097305880119432,1012.5658617708679,3,0,research/tasks/active/TASK-2026-09-02-SMC-HIGHRUNG-LAMBDA/armB/results/B_00175.json,yes
TASK-2026-09-02-SMC-HIGHRUNG-LAMBDA,armB,64,64.0,0.35,0.3032,1024,80,6.0,systematic,30301080,ok,2048.57,408,0.36044715782202125,0.36044715782202125,2.784278529816307,1012.0980539605907,3,0,research/tasks/active/TASK-2026-09-02-SMC-HIGHRUNG-LAMBDA/armB/results/B_00176.json,yes
TASK-2026-09-02-SMC-HIGHRUNG-LAMBDA,armB,64,64.0,0.35,0.3032,1024,81,6.0,systematic,30301081,ok,2068.32,408,0.35082258983772435,0.35082258983772435,1.0058765408412873,1012.1593440015099,2,0,research/tasks/active/TASK-2026-09-02-SMC-HIGHRUNG-LAMBDA/armB/results/B_00177.json,yes
TASK-2026-09-02-SMC-HIGHRUNG-LAMBDA,armB,64,64.0,0.35,0.3032,1024,82,6.0,systematic,30301082,ok,2066.34,408,0.31215731104979516,0.31215731104979516,1.0378344138169942,1011.8654175001773,3,0,research/tasks/active/TASK-2026-09-02-SMC-HIGHRUNG-LAMBDA/armB/results/B_00178.json,yes
TASK-2026-09-02-SMC-HIGHRUNG-LAMBDA,armB,64,64.0,0.35,0.3032,1024,83,6.0,systematic,30301083,ok,2069.06,408,0.32686487193957936,0.32686487193957936,1.3062038003602545,1012.1679718180227,3,0,research/tasks/active/TASK-2026-09-02-SMC-HIGHRUNG-LAMBDA/armB/results/B_00179.json,yes
TASK-2026-09-02-SMC-HIGHRUNG-LAMBDA,armB,64,64.0,0.35,0.3032,1024,84,6.0,systematic,30301084,ok,2034.14,408,0.39276184894061095,0.39276184894061095,2.574544668856774,1012.2435394953345,4,0,research/tasks/active/TASK-2026-09-02-SMC-HIGHRUNG-LAMBDA/armB/results/B_00180.json,yes
TASK-2026-09-02-SMC-HIGHRUNG-LAMBDA,armB,64,64.0,0.35,0.3032,1024,85,6.0,systematic,30301085,ok,2054.1,408,0.38642650404286655,0.38642650404286655,1.0137653262279835,1012.692339535327,2,0,research/tasks/active/TASK-2026-09-02-SMC-HIGHRUNG-LAMBDA/armB/results/B_00181.json,yes
TASK-2026-09-02-SMC-HIGHRUNG-LAMBDA,armB,64,64.0,0.35,0.3032,1024,86,6.0,systematic,30301086,ok,2048.17,408,0.33974586143669827,0.33974586143669827,1.7249777093429932,1011.9214199742903,3,0,research/tasks/active/TASK-2026-09-02-SMC-HIGHRUNG-LAMBDA/armB/results/B_00182.json,yes
TASK-2026-09-02-SMC-HIGHRUNG-LAMBDA,armB,64,64.0,0.35,0.3032,1024,87,6.0,systematic,30301087,ok,2056.94,408,0.35604300730420824,0.35604300730420824,1.0,1013.1024754171758,1,0,research/tasks/active/TASK-2026-09-02-SMC-HIGHRUNG-LAMBDA/armB/results/B_00183.json,yes
TASK-2026-09-02-SMC-HIGHRUNG-LAMBDA,armB,64,64.0,0.35,0.3032,1024,88,6.0,systematic,30301088,ok,2085.99,408,0.3706909537248625,0.3706909537248625,1.4432540163185306,1012.7877794375702,2,0,research/tasks/active/TASK-2026-09-02-SMC-HIGHRUNG-LAMBDA/armB/results/B_00184.json,yes
TASK-2026-09-02-SMC-HIGHRUNG-LAMBDA,armB,64,64.0,0.35,0.3032,1024,89,6.0,systematic,30301089,ok,2045.02,408,0.3721490330173115,0.3721490330173115,1.2975241790985677,1012.720863420843,3,0,research/tasks/active/TASK-2026-09-02-SMC-HIGHRUNG-LAMBDA/armB/results/B_00185.json,yes
TASK-2026-09-02-SMC-HIGHRUNG-LAMBDA,armB,64,64.0,0.35,0.3032,1024,90,6.0,systematic,30301090,ok,2066.78,408,0.3265147959298037,0.3265147959298037,1.0,1012.3440940216074,1,0,research/tasks/active/TASK-2026-09-02-SMC-HIGHRUNG-LAMBDA/armB/results/B_00186.json,yes
TASK-2026-09-02-SMC-HIGHRUNG-LAMBDA,armB,64,64.0,0.35,0.3032,1024,91,6.0,systematic,30301091,ok,2051.27,408,0.3454795087305236,0.3454795087305236,1.7329256804772843,1011.8598250668585,2,0,research/tasks/active/TASK-2026-09-02-SMC-HIGHRUNG-LAMBDA/armB/results/B_00187.json,yes
TASK-2026-09-02-SMC-HIGHRUNG-LAMBDA,armB,64,64.0,0.35,0.3032,1024,92,6.0,systematic,30301092,ok,2090.93,408,0.3293160894217518,0.3293160894217518,1.0,1011.8043246138571,1,0,research/tasks/active/TASK-2026-09-02-SMC-HIGHRUNG-LAMBDA/armB/results/B_00188.json,yes
TASK-2026-09-02-SMC-HIGHRUNG-LAMBDA,armB,64,64.0,0.35,0.3032,1024,93,6.0,systematic,30301093,ok,2077.55,408,0.3302701731974892,0.3302701731974892,2.1816608132625377,1011.6529501948297,4,0,research/tasks/active/TASK-2026-09-02-SMC-HIGHRUNG-LAMBDA/armB/results/B_00189.json,yes
TASK-2026-09-02-SMC-HIGHRUNG-LAMBDA,armB,64,64.0,0.35,0.3032,1024,94,6.0,systematic,30301094,ok,2052.08,408,0.3120423329099547,0.3120423329099547,1.2983435402030148,1012.5747643028532,3,0,research/tasks/active/TASK-2026-09-02-SMC-HIGHRUNG-LAMBDA/armB/results/B_00190.json,yes
TASK-2026-09-02-SMC-HIGHRUNG-LAMBDA,armB,64,64.0,0.35,0.3032,1024,95,6.0,systematic,30301095,ok,2064.24,408,0.4256511245685895,0.4256511245685895,1.516751768330609,1012.6376433991488,2,0,research/tasks/active/TASK-2026-09-02-SMC-HIGHRUNG-LAMBDA/armB/results/B_00191.json,yes
TASK-2026-09-02-SMC-HIGHRUNG-LAMBDA,armB,64,64.0,0.35,0.3132,1024,0,6.0,systematic,30302000,ok,2071.51,421,0.3034998722381036,0.3034998722381036,2.010021584361114,1012.1898059638814,3,0,research/tasks/active/TASK-2026-09-02-SMC-HIGHRUNG-LAMBDA/armB/results/B_00192.json,yes
TASK-2026-09-02-SMC-HIGHRUNG-LAMBDA,armB,64,64.0,0.35,0.3132,1024,1,6.0,systematic,30302001,ok,2104.72,421,0.37459119864241597,0.37459119864241597,1.5874767232374003,1011.6464870968556,2,0,research/tasks/active/TASK-2026-09-02-SMC-HIGHRUNG-LAMBDA/armB/results/B_00193.json,yes
TASK-2026-09-02-SMC-HIGHRUNG-LAMBDA,armB,64,64.0,0.35,0.3132,1024,2,6.0,systematic,30302002,ok,1871.43,421,0.3438203303466313,0.3438203303466313,1.4913823265869235,1013.1940144402885,2,0,research/tasks/active/TASK-2026-09-02-SMC-HIGHRUNG-LAMBDA/armB/results/B_00194.json,yes
TASK-2026-09-02-SMC-HIGHRUNG-LAMBDA,armB,64,64.0,0.35,0.3132,1024,3,6.0,systematic,30302003,ok,1806.52,421,0.3168103086611548,0.3168103086611548,3.471324337566376,1011.2486696716331,4,0,research/tasks/active/TASK-2026-09-02-SMC-HIGHRUNG-LAMBDA/armB/results/B_00195.json,yes
TASK-2026-09-02-SMC-HIGHRUNG-LAMBDA,armB,64,64.0,0.35,0.3132,1024,4,6.0,systematic,30302004,ok,1793.21,421,0.28431066656637505,0.28431066656637505,1.0917367194674252,1013.6912849509159,2,0,research/tasks/active/TASK-2026-09-02-SMC-HIGHRUNG-LAMBDA/armB/results/B_00196.json,yes
TASK-2026-09-02-SMC-HIGHRUNG-LAMBDA,armB,64,64.0,0.35,0.3132,1024,5,6.0,systematic,30302005,ok,2094.24,421,0.29736965939058846,0.29736965939058846,1.2684090452723282,1012.1379396973467,3,0,research/tasks/active/TASK-2026-09-02-SMC-HIGHRUNG-LAMBDA/armB/results/B_00197.json,yes
TASK-2026-09-02-SMC-HIGHRUNG-LAMBDA,armB,64,64.0,0.35,0.3132,1024,6,6.0,systematic,30302006,ok,2048.79,421,0.2998475536512008,0.2998475536512008,1.7119943574404723,1012.2565701591637,2,0,research/tasks/active/TASK-2026-09-02-SMC-HIGHRUNG-LAMBDA/armB/results/B_00198.json,yes
TASK-2026-09-02-SMC-HIGHRUNG-LAMBDA,armB,64,64.0,0.35,0.3132,1024,7,6.0,systematic,30302007,ok,2068.26,421,0.3971918913347875,0.3971918913347875,1.4797061405117986,1012.7038989597819,3,0,research/tasks/active/TASK-2026-09-02-SMC-HIGHRUNG-LAMBDA/armB/results/B_00199.json,yes
TASK-2026-09-02-SMC-HIGHRUNG-LAMBDA,armB,64,64.0,0.35,0.3132,1024,8,6.0,systematic,30302008,ok,1779.9,421,0.28951072454384424,0.28951072454384424,1.1773075126648223,1012.5332149466254,2,0,research/tasks/active/TASK-2026-09-02-SMC-HIGHRUNG-LAMBDA/armB/results/B_00200.json,yes
TASK-2026-09-02-SMC-HIGHRUNG-LAMBDA,armB,64,64.0,0.35,0.3132,1024,9,6.0,systematic,30302009,ok,2097.56,421,0.3324680718130929,0.3324680718130929,1.3605678028779407,1012.3601435373143,2,0,research/tasks/active/TASK-2026-09-02-SMC-HIGHRUNG-LAMBDA/armB/results/B_00201.json,yes
TASK-2026-09-02-SMC-HIGHRUNG-LAMBDA,armB,64,64.0,0.35,0.3132,1024,10,6.0,systematic,30302010,ok,2080.48,421,0.2903411606766358,0.2903411606766358,1.8959397104132614,1013.2440458895741,3,0,research/tasks/active/TASK-2026-09-02-SMC-HIGHRUNG-LAMBDA/armB/results/B_00202.json,yes
TASK-2026-09-02-SMC-HIGHRUNG-LAMBDA,armB,64,64.0,0.35,0.3132,1024,11,6.0,systematic,30302011,ok,2088.97,421,0.299429141994648,0.299429141994648,1.0,1011.884985189441,1,0,research/tasks/active/TASK-2026-09-02-SMC-HIGHRUNG-LAMBDA/armB/results/B_00203.json,yes
TASK-2026-09-02-SMC-HIGHRUNG-LAMBDA,armB,64,64.0,0.35,0.3132,1024,12,6.0,systematic,30302012,ok,2073.73,421,0.3195849696915327,0.3195849696915327,1.0,1012.0910159480073,1,0,research/tasks/active/TASK-2026-09-02-SMC-HIGHRUNG-LAMBDA/armB/results/B_00204.json,yes
TASK-2026-09-02-SMC-HIGHRUNG-LAMBDA,armB,64,64.0,0.35,0.3132,1024,13,6.0,systematic,30302013,ok,2058.77,421,0.2989158133408791,0.2989158133408791,1.6273694862013415,1012.9995986882295,2,0,research/tasks/active/TASK-2026-09-02-SMC-HIGHRUNG-LAMBDA/armB/results/B_00205.json,yes
TASK-2026-09-02-SMC-HIGHRUNG-LAMBDA,armB,64,64.0,0.35,0.3132,1024,14,6.0,systematic,30302014,ok,2077.04,421,0.259439072379538,0.259439072379538,1.0,1013.0915012770067,1,0,research/tasks/active/TASK-2026-09-02-SMC-HIGHRUNG-LAMBDA/armB/results/B_00206.json,yes
TASK-2026-09-02-SMC-HIGHRUNG-LAMBDA,armB,64,64.0,0.35,0.3132,1024,15,6.0,systematic,30302015,ok,2082.85,421,0.2622295926822526,0.2622295926822526,2.1597946850450467,1012.1523748926561,3,0,research/tasks/active/TASK-2026-09-02-SMC-HIGHRUNG-LAMBDA/armB/results/B_00207.json,yes
TASK-2026-09-02-SMC-HIGHRUNG-LAMBDA,armB,64,64.0,0.35,0.3132,1024,16,6.0,systematic,30302016,ok,2090.87,421,0.3115928539862093,0.3115928539862093,1.2848054735975376,1012.0436006573943,2,0,research/tasks/active/TASK-2026-09-02-SMC-HIGHRUNG-LAMBDA/armB/results/B_00208.json,yes
TASK-2026-09-02-SMC-HIGHRUNG-LAMBDA,armB,64,64.0,0.35,0.3132,1024,17,6.0,systematic,30302017,ok,2082.75,421,0.331494388385391,0.331494388385391,1.0,1012.5350864115338,1,0,research/tasks/active/TASK-2026-09-02-SMC-HIGHRUNG-LAMBDA/armB/results/B_00209.json,yes
TASK-2026-09-02-SMC-HIGHRUNG-LAMBDA,armB,64,64.0,0.35,0.3132,1024,18,6.0,systematic,30302018,ok,2074.36,421,0.34810339616774255,0.34810339616774255,1.6930648307219345,1011.5273102138888,2,0,research/tasks/active/TASK-2026-09-02-SMC-HIGHRUNG-LAMBDA/armB/results/B_00210.json,yes
TASK-2026-09-02-SMC-HIGHRUNG-LAMBDA,armB,64,64.0,0.35,0.3132,1024,19,6.0,systematic,30302019,ok,2071.46,421,0.31023289098337037,0.31023289098337037,1.1415432851419614,1012.047592990425,2,0,research/tasks/active/TASK-2026-09-02-SMC-HIGHRUNG-LAMBDA/armB/results/B_00211.json,yes
TASK-2026-09-02-SMC-HIGHRUNG-LAMBDA,armB,64,64.0,0.35,0.3132,1024,20,6.0,systematic,30302020,ok,2082.09,421,0.3205378525369011,0.3205378525369011,2.52990793105445,1012.5099008170695,4,0,research/tasks/active/TASK-2026-09-02-SMC-HIGHRUNG-LAMBDA/armB/results/B_00212.json,yes
TASK-2026-09-02-SMC-HIGHRUNG-LAMBDA,armB,64,64.0,0.35,0.3132,1024,21,6.0,systematic,30302021,ok,2090.92,421,0.28329846291183347,0.28329846291183347,1.0,1012.0414565612466,1,0,research/tasks/active/TASK-2026-09-02-SMC-HIGHRUNG-LAMBDA/armB/results/B_00213.json,yes
TASK-2026-09-02-SMC-HIGHRUNG-LAMBDA,armB,64,64.0,0.35,0.3132,1024,22,6.0,systematic,30302022,ok,2073.27,421,0.2691871447505566,0.2691871447505566,1.9779974345431224,1012.0681061125306,2,0,research/tasks/active/TASK-2026-09-02-SMC-HIGHRUNG-LAMBDA/armB/results/B_00214.json,yes
TASK-2026-09-02-SMC-HIGHRUNG-LAMBDA,armB,64,64.0,0.35,0.3132,1024,23,6.0,systematic,30302023,ok,2074.1,421,0.34943169403832114,0.34943169403832114,1.0,1011.9270353633336,1,0,research/tasks/active/TASK-2026-09-02-SMC-HIGHRUNG-LAMBDA/armB/results/B_00215.json,yes
TASK-2026-09-02-SMC-HIGHRUNG-LAMBDA,armB,64,64.0,0.35,0.3132,1024,24,6.0,systematic,30302024,ok,2071.97,421,0.28683243331220676,0.28683243331220676,1.9207502930832356,1012.2626391288964,2,0,research/tasks/active/TASK-2026-09-02-SMC-HIGHRUNG-LAMBDA/armB/results/B_00216.json,yes
TASK-2026-09-02-SMC-HIGHRUNG-LAMBDA,armB,64,64.0,0.35,0.3132,1024,25,6.0,systematic,30302025,ok,2078.3,421,0.2953672690723984,0.2953672690723984,2.114584635737016,1012.5410136916682,3,0,research/tasks/active/TASK-2026-09-02-SMC-HIGHRUNG-LAMBDA/armB/results/B_00217.json,yes
TASK-2026-09-02-SMC-HIGHRUNG-LAMBDA,armB,64,64.0,0.35,0.3132,1024,26,6.0,systematic,30302026,ok,2071.18,421,0.31052219766713685,0.31052219766713685,1.487194179301346,1012.0452501505293,3,0,research/tasks/active/TASK-2026-09-02-SMC-HIGHRUNG-LAMBDA/armB/results/B_00218.json,yes
TASK-2026-09-02-SMC-HIGHRUNG-LAMBDA,armB,64,64.0,0.35,0.3132,1024,27,6.0,systematic,30302027,ok,2082.98,421,0.29972347238555647,0.29972347238555647,1.0,1011.6017297424576,1,0,research/tasks/active/TASK-2026-09-02-SMC-HIGHRUNG-LAMBDA/armB/results/B_00219.json,yes
TASK-2026-09-02-SMC-HIGHRUNG-LAMBDA,armB,64,64.0,0.35,0.3132,1024,28,6.0,systematic,30302028,ok,1795.19,421,0.32921722870069264,0.32921722870069264,2.511258531912346,1010.7285628755064,4,0,research/tasks/active/TASK-2026-09-02-SMC-HIGHRUNG-LAMBDA/armB/results/B_00220.json,yes
TASK-2026-09-02-SMC-HIGHRUNG-LAMBDA,armB,64,64.0,0.35,0.3132,1024,29,6.0,systematic,30302029,ok,1811.42,421,0.30923130575046653,0.30923130575046653,1.0,1012.7796334041304,1,0,research/tasks/active/TASK-2026-09-02-SMC-HIGHRUNG-LAMBDA/armB/results/B_00221.json,yes
TASK-2026-09-02-SMC-HIGHRUNG-LAMBDA,armB,64,64.0,0.35,0.3132,1024,30,6.0,systematic,30302030,ok,2096.43,421,0.3369768714724779,0.3369768714724779,1.0,1011.7480934103708,1,0,research/tasks/active/TASK-2026-09-02-SMC-HIGHRUNG-LAMBDA/armB/results/B_00222.json,yes
TASK-2026-09-02-SMC-HIGHRUNG-LAMBDA,armB,64,64.0,0.35,0.3132,1024,31,6.0,systematic,30302031,ok,2073.03,421,0.2866451540989198,0.2866451540989198,1.0,1012.0743941897433,1,0,research/tasks/active/TASK-2026-09-02-SMC-HIGHRUNG-LAMBDA/armB/results/B_00223.json,yes
TASK-2026-09-02-SMC-HIGHRUNG-LAMBDA,armB,64,64.0,0.35,0.3132,1024,32,6.0,systematic,30302032,ok,2074.05,421,0.3180866015268624,0.3180866015268624,1.6652363241361567,1011.7175673483249,4,0,research/tasks/active/TASK-2026-09-02-SMC-HIGHRUNG-LAMBDA/armB/results/B_00224.json,yes
TASK-2026-09-02-SMC-HIGHRUNG-LAMBDA,armB,64,64.0,0.35,0.3132,1024,33,6.0,systematic,30302033,ok,2098.16,421,0.28994196828966384,0.28994196828966384,1.150400224687544,1011.947592585523,2,0,research/tasks/active/TASK-2026-09-02-SMC-HIGHRUNG-LAMBDA/armB/results/B_00225.json,yes
TASK-2026-09-02-SMC-HIGHRUNG-LAMBDA,armB,64,64.0,0.35,0.3132,1024,34,6.0,systematic,30302034,ok,2102.16,421,0.33394592505271437,0.33394592505271437,1.6792853505184027,1011.9411918767713,3,0,research/tasks/active/TASK-2026-09-02-SMC-HIGHRUNG-LAMBDA/armB/results/B_00226.json,yes
TASK-2026-09-02-SMC-HIGHRUNG-LAMBDA,armB,64,64.0,0.35,0.3132,1024,35,6.0,systematic,30302035,ok,2064.4,421,0.29755658331987744,0.29755658331987744,1.043891017115187,1012.751327590911,2,0,research/tasks/active/TASK-2026-09-02-SMC-HIGHRUNG-LAMBDA/armB/results/B_00227.json,yes
TASK-2026-09-02-SMC-HIGHRUNG-LAMBDA,armB,64,64.0,0.35,0.3132,1024,36,6.0,systematic,30302036,ok,2076.13,421,0.33425399573578035,0.33425399573578035,1.0,1011.761066211499,1,0,research/tasks/active/TASK-2026-09-02-SMC-HIGHRUNG-LAMBDA/armB/results/B_00228.json,yes
TASK-2026-09-02-SMC-HIGHRUNG-LAMBDA,armB,64,64.0,0.35,0.3132,1024,37,6.0,systematic,30302037,ok,2102.23,421,0.3213850867088781,0.3213850867088781,1.0,1012.9179269478099,1,0,research/tasks/active/TASK-2026-09-02-SMC-HIGHRUNG-LAMBDA/armB/results/B_00229.json,yes
TASK-2026-09-02-SMC-HIGHRUNG-LAMBDA,armB,64,64.0,0.35,0.3132,1024,38,6.0,systematic,30302038,ok,2073.99,421,0.273833514091771,0.273833514091771,1.4697754216975552,1012.6977250491043,3,0,research/tasks/active/TASK-2026-09-02-SMC-HIGHRUNG-LAMBDA/armB/results/B_00230.json,yes
TASK-2026-09-02-SMC-HIGHRUNG-LAMBDA,armB,64,64.0,0.35,0.3132,1024,39,6.0,systematic,30302039,ok,2082.58,421,0.32031424672180997,0.32031424672180997,1.0058804005195472,1012.1464736554527,3,0,research/tasks/active/TASK-2026-09-02-SMC-HIGHRUNG-LAMBDA/armB/results/B_00231.json,yes
TASK-2026-09-02-SMC-HIGHRUNG-LAMBDA,armB,64,64.0,0.35,0.3132,1024,40,6.0,systematic,30302040,ok,2087.37,421,0.3584640671784143,0.3584640671784143,1.8533936651583711,1012.0978487629262,2,0,research/tasks/active/TASK-2026-09-02-SMC-HIGHRUNG-LAMBDA/armB/results/B_00232.json,yes
TASK-2026-09-02-SMC-HIGHRUNG-LAMBDA,armB,64,64.0,0.35,0.3132,1024,41,6.0,systematic,30302041,ok,2080.5,421,0.33147803533238956,0.33147803533238956,1.0337540346511715,1012.0923904884853,2,0,research/tasks/active/TASK-2026-09-02-SMC-HIGHRUNG-LAMBDA/armB/results/B_00233.json,yes
TASK-2026-09-02-SMC-HIGHRUNG-LAMBDA,armB,64,64.0,0.35,0.3132,1024,42,6.0,systematic,30302042,ok,2076.37,421,0.2887321467906574,0.2887321467906574,1.0,1011.1674263288467,1,0,research/tasks/active/TASK-2026-09-02-SMC-HIGHRUNG-LAMBDA/armB/results/B_00234.json,yes
TASK-2026-09-02-SMC-HIGHRUNG-LAMBDA,armB,64,64.0,0.35,0.3132,1024,43,6.0,systematic,30302043,ok,2085.95,421,0.3207756608532047,0.3207756608532047,2.289387270313701,1012.2939051974092,3,0,research/tasks/active/TASK-2026-09-02-SMC-HIGHRUNG-LAMBDA/armB/results/B_00235.json,yes
TASK-2026-09-02-SMC-HIGHRUNG-LAMBDA,armB,64,64.0,0.35,0.3132,1024,44,6.0,systematic,30302044,ok,2087.74,421,0.3379216095987017,0.3379216095987017,1.504067932755752,1012.8388244378931,2,0,research/tasks/active/TASK-2026-09-02-SMC-HIGHRUNG-LAMBDA/armB/results/B_00236.json,yes
TASK-2026-09-02-SMC-HIGHRUNG-LAMBDA,armB,64,64.0,0.35,0.3132,1024,45,6.0,systematic,30302045,ok,1804.79,421,0.3806772460673034,0.3806772460673034,1.88407786598053,1012.1488404212943,2,0,research/tasks/active/TASK-2026-09-02-SMC-HIGHRUNG-LAMBDA/armB/results/B_00237.json,yes
TASK-2026-09-02-SMC-HIGHRUNG-LAMBDA,armB,64,64.0,0.35,0.3132,1024,46,6.0,systematic,30302046,ok,2086.74,421,0.3121274282394779,0.3121274282394779,1.5116788005478268,1011.8672059190067,2,0,research/tasks/active/TASK-2026-09-02-SMC-HIGHRUNG-LAMBDA/armB/results/B_00238.json,yes
TASK-2026-09-02-SMC-HIGHRUNG-LAMBDA,armB,64,64.0,0.35,0.3132,1024,47,6.0,systematic,30302047,ok,2072.27,421,0.29736456040612924,0.29736456040612924,1.5066050179170272,1012.4281420728768,2,0,research/tasks/active/TASK-2026-09-02-SMC-HIGHRUNG-LAMBDA/armB/results/B_00239.json,yes
TASK-2026-09-02-SMC-HIGHRUNG-LAMBDA,armB,64,64.0,0.35,0.3132,1024,48,6.0,systematic,30302048,ok,2079.26,421,0.35851806369704864,0.35851806369704864,1.100259594176864,1013.1338371636558,2,0,research/tasks/active/TASK-2026-09-02-SMC-HIGHRUNG-LAMBDA/armB/results/B_00240.json,yes
TASK-2026-09-02-SMC-HIGHRUNG-LAMBDA,armB,64,64.0,0.35,0.3132,1024,49,6.0,systematic,30302049,ok,2066.72,421,0.3245522561170173,0.3245522561170173,2.463655202552524,1011.9194717337002,4,0,research/tasks/active/TASK-2026-09-02-SMC-HIGHRUNG-LAMBDA/armB/results/B_00241.json,yes
TASK-2026-09-02-SMC-HIGHRUNG-LAMBDA,armB,64,64.0,0.35,0.3132,1024,50,6.0,systematic,30302050,ok,2125.4,421,0.3166937755995296,0.3166937755995296,1.9023512336719883,1011.7168058421172,2,0,research/tasks/active/TASK-2026-09-02-SMC-HIGHRUNG-LAMBDA/armB/results/B_00242.json,yes
TASK-2026-09-02-SMC-HIGHRUNG-LAMBDA,armB,64,64.0,0.35,0.3132,1024,51,6.0,systematic,30302051,ok,2049.36,421,0.30818345971809136,0.30818345971809136,1.4787003610108302,1012.7605914789519,2,0,research/tasks/active/TASK-2026-09-02-SMC-HIGHRUNG-LAMBDA/armB/results/B_00243.json,yes
TASK-2026-09-02-SMC-HIGHRUNG-LAMBDA,armB,64,64.0,0.35,0.3132,1024,52,6.0,systematic,30302052,ok,2031.18,421,0.3046420169736528,0.3046420169736528,2.744618477259402,1011.0416186179656,3,0,research/tasks/active/TASK-2026-09-02-SMC-HIGHRUNG-LAMBDA/armB/results/B_00244.json,yes
TASK-2026-09-02-SMC-HIGHRUNG-LAMBDA,armB,64,64.0,0.35,0.3132,1024,53,6.0,systematic,30302053,ok,2037.5,421,0.3188349405729755,0.3188349405729755,1.263268477802542,1011.5134112442976,2,0,research/tasks/active/TASK-2026-09-02-SMC-HIGHRUNG-LAMBDA/armB/results/B_00245.json,yes
TASK-2026-09-02-SMC-HIGHRUNG-LAMBDA,armB,64,64.0,0.35,0.3132,1024,54,6.0,systematic,30302054,ok,2070.58,421,0.32990795551784824,0.32990795551784824,2.7268036947657484,1011.9686135233286,3,0,research/tasks/active/TASK-2026-09-02-SMC-HIGHRUNG-LAMBDA/armB/results/B_00246.json,yes
TASK-2026-09-02-SMC-HIGHRUNG-LAMBDA,armB,64,64.0,0.35,0.3132,1024,55,6.0,systematic,30302055,ok,2061.98,421,0.3153998706319878,0.3153998706319878,1.757916336959,1011.6373144648393,2,0,research/tasks/active/TASK-2026-09-02-SMC-HIGHRUNG-LAMBDA/armB/results/B_00247.json,yes
TASK-2026-09-02-SMC-HIGHRUNG-LAMBDA,armB,64,64.0,0.35,0.3132,1024,56,6.0,systematic,30302056,ok,2080.9,421,0.27664321628006633,0.27664321628006633,2.6394542754298085,1012.1398646774004,3,0,research/tasks/active/TASK-2026-09-02-SMC-HIGHRUNG-LAMBDA/armB/results/B_00248.json,yes
TASK-2026-09-02-SMC-HIGHRUNG-LAMBDA,armB,64,64.0,0.35,0.3132,1024,57,6.0,systematic,30302057,ok,2065.82,421,0.2788983590653248,0.2788983590653248,1.1393379388876694,1011.3771503216025,2,0,research/tasks/active/TASK-2026-09-02-SMC-HIGHRUNG-LAMBDA/armB/results/B_00249.json,yes
TASK-2026-09-02-SMC-HIGHRUNG-LAMBDA,armB,64,64.0,0.35,0.3132,1024,58,6.0,systematic,30302058,ok,2087.15,421,0.32785500919901334,0.32785500919901334,2.267299201259303,1012.693752346217,3,0,research/tasks/active/TASK-2026-09-02-SMC-HIGHRUNG-LAMBDA/armB/results/B_00250.json,yes
TASK-2026-09-02-SMC-HIGHRUNG-LAMBDA,armB,64,64.0,0.35,0.3132,1024,59,6.0,systematic,30302059,ok,2050.86,421,0.3255535094375961,0.3255535094375961,1.1075134349545408,1012.5864617425048,3,0,research/tasks/active/TASK-2026-09-02-SMC-HIGHRUNG-LAMBDA/armB/results/B_00251.json,yes
TASK-2026-09-02-SMC-HIGHRUNG-LAMBDA,armB,64,64.0,0.35,0.3132,1024,60,6.0,systematic,30302060,ok,2089.2,421,0.3528463048601965,0.3528463048601965,1.4634941548218532,1011.6943309965101,2,0,research/tasks/active/TASK-2026-09-02-SMC-HIGHRUNG-LAMBDA/armB/results/B_00252.json,yes
TASK-2026-09-02-SMC-HIGHRUNG-LAMBDA,armB,64,64.0,0.35,0.3132,1024,61,6.0,systematic,30302061,ok,2075.85,421,0.30052086648455234,0.30052086648455234,1.2920339588698448,1012.0032852613006,2,0,research/tasks/active/TASK-2026-09-02-SMC-HIGHRUNG-LAMBDA/armB/results/B_00253.json,yes
TASK-2026-09-02-SMC-HIGHRUNG-LAMBDA,armB,64,64.0,0.35,0.3132,1024,62,6.0,systematic,30302062,ok,2084.02,421,0.31316556166537446,0.31316556166537446,1.0,1012.897027548679,1,0,research/tasks/active/TASK-2026-09-02-SMC-HIGHRUNG-LAMBDA/armB/results/B_00254.json,yes
TASK-2026-09-02-SMC-HIGHRUNG-LAMBDA,armB,64,64.0,0.35,0.3132,1024,63,6.0,systematic,30302063,ok,2085.3,421,0.337161425760903,0.337161425760903,1.4126421296545777,1012.0045096117218,3,0,research/tasks/active/TASK-2026-09-02-SMC-HIGHRUNG-LAMBDA/armB/results/B_00255.json,yes
TASK-2026-09-02-SMC-HIGHRUNG-LAMBDA,armB,64,64.0,0.35,0.3132,1024,64,6.0,systematic,30302064,ok,1933.28,421,0.32521103890293,0.32521103890293,1.9284581912612324,1011.7385181804099,3,0,research/tasks/active/TASK-2026-09-02-SMC-HIGHRUNG-LAMBDA/armB/results/B_00256.json,yes
TASK-2026-09-02-SMC-HIGHRUNG-LAMBDA,armB,64,64.0,0.35,0.3132,1024,65,6.0,systematic,30302065,ok,1940.21,421,0.33044363566378193,0.33044363566378193,2.8405608651366405,1012.5608298747276,4,0,research/tasks/active/TASK-2026-09-02-SMC-HIGHRUNG-LAMBDA/armB/results/B_00257.json,yes
TASK-2026-09-02-SMC-HIGHRUNG-LAMBDA,armB,64,64.0,0.35,0.3132,1024,66,6.0,systematic,30302066,ok,1913.77,421,0.28893557401521475,0.28893557401521475,2.3890673629433183,1012.2548077602297,4,0,research/tasks/active/TASK-2026-09-02-SMC-HIGHRUNG-LAMBDA/armB/results/B_00258.json,yes
TASK-2026-09-02-SMC-HIGHRUNG-LAMBDA,armB,64,64.0,0.35,0.3132,1024,67,6.0,systematic,30302067,ok,1843.3,421,0.3118465548344806,0.3118465548344806,1.622414150572639,1013.0279992294012,2,0,research/tasks/active/TASK-2026-09-02-SMC-HIGHRUNG-LAMBDA/armB/results/B_00259.json,yes
TASK-2026-09-02-SMC-HIGHRUNG-LAMBDA,armB,64,64.0,0.35,0.3132,1024,68,6.0,systematic,30302068,ok,1905.91,421,0.3413439784188145,0.3413439784188145,1.8590124988919423,1011.2881642832913,2,0,research/tasks/active/TASK-2026-09-02-SMC-HIGHRUNG-LAMBDA/armB/results/B_00260.json,yes
TASK-2026-09-02-SMC-HIGHRUNG-LAMBDA,armB,64,64.0,0.35,0.3132,1024,69,6.0,systematic,30302069,ok,1887.83,421,0.2649231033214278,0.2649231033214278,1.0039138793360958,1011.5427393938896,2,0,research/tasks/active/TASK-2026-09-02-SMC-HIGHRUNG-LAMBDA/armB/results/B_00261.json,yes
TASK-2026-09-02-SMC-HIGHRUNG-LAMBDA,armB,64,64.0,0.35,0.3132,1024,70,6.0,systematic,30302070,ok,1766.79,421,0.3111680490014973,0.3111680490014973,1.0,1012.9323376837552,1,0,research/tasks/active/TASK-2026-09-02-SMC-HIGHRUNG-LAMBDA/armB/results/B_00262.json,yes
TASK-2026-09-02-SMC-HIGHRUNG-LAMBDA,armB,64,64.0,0.35,0.3132,1024,71,6.0,systematic,30302071,ok,1750.96,421,0.3048201764710351,0.3048201764710351,1.1932314485018833,1011.2026526640954,2,0,research/tasks/active/TASK-2026-09-02-SMC-HIGHRUNG-LAMBDA/armB/results/B_00263.json,yes
TASK-2026-09-02-SMC-HIGHRUNG-LAMBDA,armB,64,64.0,0.35,0.3132,1024,72,6.0,systematic,30302072,ok,1741.45,421,0.31312655086121854,0.31312655086121854,1.0,1012.1499117223269,1,0,research/tasks/active/TASK-2026-09-02-SMC-HIGHRUNG-LAMBDA/armB/results/B_00264.json,yes
TASK-2026-09-02-SMC-HIGHRUNG-LAMBDA,armB,64,64.0,0.35,0.3132,1024,73,6.0,systematic,30302073,ok,2044.5,421,0.35062807160697784,0.35062807160697784,1.9992373514741997,1012.3630413553124,2,0,research/tasks/active/TASK-2026-09-02-SMC-HIGHRUNG-LAMBDA/armB/results/B_00265.json,yes
TASK-2026-09-02-SMC-HIGHRUNG-LAMBDA,armB,64,64.0,0.35,0.3132,1024,74,6.0,systematic,30302074,ok,2020.51,421,0.37053731527270717,0.37053731527270717,1.0,1011.9371924994983,1,0,research/tasks/active/TASK-2026-09-02-SMC-HIGHRUNG-LAMBDA/armB/results/B_00266.json,yes
TASK-2026-09-02-SMC-HIGHRUNG-LAMBDA,armB,64,64.0,0.35,0.3132,1024,75,6.0,systematic,30302075,ok,2035.82,421,0.3399770965406394,0.3399770965406394,1.1383261901350044,1011.7751882011689,4,0,research/tasks/active/TASK-2026-09-02-SMC-HIGHRUNG-LAMBDA/armB/results/B_00267.json,yes
TASK-2026-09-02-SMC-HIGHRUNG-LAMBDA,armB,64,64.0,0.35,0.3132,1024,76,6.0,systematic,30302076,ok,2041.61,421,0.3297528162979476,0.3297528162979476,1.6136754662160706,1012.021021274292,3,0,research/tasks/active/TASK-2026-09-02-SMC-HIGHRUNG-LAMBDA/armB/results/B_00268.json,yes
TASK-2026-09-02-SMC-HIGHRUNG-LAMBDA,armB,64,64.0,0.35,0.3132,1024,77,6.0,systematic,30302077,ok,2051.18,421,0.3020616589912486,0.3020616589912486,1.3879452751069508,1013.515386478629,2,0,research/tasks/active/TASK-2026-09-02-SMC-HIGHRUNG-LAMBDA/armB/results/B_00269.json,yes
TASK-2026-09-02-SMC-HIGHRUNG-LAMBDA,armB,64,64.0,0.35,0.3132,1024,78,6.0,systematic,30302078,ok,2028.73,421,0.33026083675663404,0.33026083675663404,1.0,1013.1037987095087,1,0,research/tasks/active/TASK-2026-09-02-SMC-HIGHRUNG-LAMBDA/armB/results/B_00270.json,yes
TASK-2026-09-02-SMC-HIGHRUNG-LAMBDA,armB,64,64.0,0.35,0.3132,1024,79,6.0,systematic,30302079,ok,2029.76,421,0.2869658603598204,0.2869658603598204,2.1912989688998117,1012.6994153927603,3,0,research/tasks/active/TASK-2026-09-02-SMC-HIGHRUNG-LAMBDA/armB/results/B_00271.json,yes
TASK-2026-09-02-SMC-HIGHRUNG-LAMBDA,armB,64,64.0,0.35,0.3132,1024,80,6.0,systematic,30302080,ok,2038.88,421,0.32212499281389023,0.32212499281389023,1.8301033230941077,1011.9419102357167,2,0,research/tasks/active/TASK-2026-09-02-SMC-HIGHRUNG-LAMBDA/armB/results/B_00272.json,yes
TASK-2026-09-02-SMC-HIGHRUNG-LAMBDA,armB,64,64.0,0.35,0.3132,1024,81,6.0,systematic,30302081,ok,2057.36,421,0.2888421640962312,0.2888421640962312,3.1363127890073996,1012.9148743937477,4,0,research/tasks/active/TASK-2026-09-02-SMC-HIGHRUNG-LAMBDA/armB/results/B_00273.json,yes
TASK-2026-09-02-SMC-HIGHRUNG-LAMBDA,armB,64,64.0,0.35,0.3132,1024,82,6.0,systematic,30302082,ok,2033.26,421,0.32167638113522734,0.32167638113522734,1.0,1011.9777198796978,1,0,research/tasks/active/TASK-2026-09-02-SMC-HIGHRUNG-LAMBDA/armB/results/B_00274.json,yes
TASK-2026-09-02-SMC-HIGHRUNG-LAMBDA,armB,64,64.0,0.35,0.3132,1024,83,6.0,systematic,30302083,ok,2038.78,421,0.3269151991374898,0.3269151991374898,1.272812462825888,1011.7296712748573,2,0,research/tasks/active/TASK-2026-09-02-SMC-HIGHRUNG-LAMBDA/armB/results/B_00275.json,yes
TASK-2026-09-02-SMC-HIGHRUNG-LAMBDA,armB,64,64.0,0.35,0.3132,1024,84,6.0,systematic,30302084,ok,2047.36,421,0.3224921116863009,0.3224921116863009,1.9948557948405754,1012.9469008362197,2,0,research/tasks/active/TASK-2026-09-02-SMC-HIGHRUNG-LAMBDA/armB/results/B_00276.json,yes
TASK-2026-09-02-SMC-HIGHRUNG-LAMBDA,armB,64,64.0,0.35,0.3132,1024,85,6.0,systematic,30302085,ok,2050.13,421,0.34481924829359906,0.34481924829359906,3.1802206734239564,1012.1354919540292,4,0,research/tasks/active/TASK-2026-09-02-SMC-HIGHRUNG-LAMBDA/armB/results/B_00277.json,yes
TASK-2026-09-02-SMC-HIGHRUNG-LAMBDA,armB,64,64.0,0.35,0.3132,1024,86,6.0,systematic,30302086,ok,2050.57,421,0.30939560141564604,0.30939560141564604,1.0197219477660129,1012.7698974828727,2,0,research/tasks/active/TASK-2026-09-02-SMC-HIGHRUNG-LAMBDA/armB/results/B_00278.json,yes
TASK-2026-09-02-SMC-HIGHRUNG-LAMBDA,armB,64,64.0,0.35,0.3132,1024,87,6.0,systematic,30302087,ok,1839.43,421,0.3076530734623601,0.3076530734623601,3.1667361274696337,1012.418948044331,4,0,research/tasks/active/TASK-2026-09-02-SMC-HIGHRUNG-LAMBDA/armB/results/B_00279.json,yes
TASK-2026-09-02-SMC-HIGHRUNG-LAMBDA,armB,64,64.0,0.35,0.3132,1024,88,6.0,systematic,30302088,ok,1832.95,421,0.3272621507545262,0.3272621507545262,1.2024044051711682,1012.7793029874151,2,0,research/tasks/active/TASK-2026-09-02-SMC-HIGHRUNG-LAMBDA/armB/results/B_00280.json,yes
TASK-2026-09-02-SMC-HIGHRUNG-LAMBDA,armB,64,64.0,0.35,0.3132,1024,89,6.0,systematic,30302089,ok,2028.04,421,0.3033211552144705,0.3033211552144705,1.0277174467017414,1012.2834651572471,2,0,research/tasks/active/TASK-2026-09-02-SMC-HIGHRUNG-LAMBDA/armB/results/B_00281.json,yes
TASK-2026-09-02-SMC-HIGHRUNG-LAMBDA,armB,64,64.0,0.35,0.3132,1024,90,6.0,systematic,30302090,ok,2027.18,421,0.33129114387938313,0.33129114387938313,1.0,1012.3183251451572,1,0,research/tasks/active/TASK-2026-09-02-SMC-HIGHRUNG-LAMBDA/armB/results/B_00282.json,yes
TASK-2026-09-02-SMC-HIGHRUNG-LAMBDA,armB,64,64.0,0.35,0.3132,1024,91,6.0,systematic,30302091,ok,2032.65,421,0.28853736305045097,0.28853736305045097,1.0,1011.1664675612718,1,0,research/tasks/active/TASK-2026-09-02-SMC-HIGHRUNG-LAMBDA/armB/results/B_00283.json,yes
TASK-2026-09-02-SMC-HIGHRUNG-LAMBDA,armB,64,64.0,0.35,0.3132,1024,92,6.0,systematic,30302092,ok,2032.4,421,0.34938944273807665,0.34938944273807665,1.0,1011.5634105933451,1,0,research/tasks/active/TASK-2026-09-02-SMC-HIGHRUNG-LAMBDA/armB/results/B_00284.json,yes
TASK-2026-09-02-SMC-HIGHRUNG-LAMBDA,armB,64,64.0,0.35,0.3132,1024,93,6.0,systematic,30302093,ok,1755.5,421,0.3077381137589267,0.3077381137589267,1.5584838693376217,1011.7527178935769,3,0,research/tasks/active/TASK-2026-09-02-SMC-HIGHRUNG-LAMBDA/armB/results/B_00285.json,yes
TASK-2026-09-02-SMC-HIGHRUNG-LAMBDA,armB,64,64.0,0.35,0.3132,1024,94,6.0,systematic,30302094,ok,1755.6,421,0.3030949919443794,0.3030949919443794,2.668173050988056,1012.1649005948672,4,0,research/tasks/active/TASK-2026-09-02-SMC-HIGHRUNG-LAMBDA/armB/results/B_00286.json,yes
TASK-2026-09-02-SMC-HIGHRUNG-LAMBDA,armB,64,64.0,0.35,0.3132,1024,95,6.0,systematic,30302095,ok,1743.3,421,0.33723298422505465,0.33723298422505465,1.614962851615924,1012.6351986145388,2,0,research/tasks/active/TASK-2026-09-02-SMC-HIGHRUNG-LAMBDA/armB/results/B_00287.json,yes
TASK-2026-09-03-MOCK-LOWLAMBDA-EXTENSION,lowlamL32,32,32.0,0.35,0.1932,1024,0,6.0,systematic,32000000,ok,116.28,64,1.0523865175628462,1.0523865175628462,8.53958791432527,1002.275447289444,35,0,research/tasks/active/TASK-2026-09-03-MOCK-LOWLAMBDA-EXTENSION/lowlamL32/results/X32_00000.json,yes
TASK-2026-09-03-MOCK-LOWLAMBDA-EXTENSION,lowlamL32,32,32.0,0.35,0.1932,1024,1,6.0,systematic,32000001,ok,116.03,64,1.1021010460182636,1.1021010460182636,9.114723318440221,1003.7686046202937,39,0,research/tasks/active/TASK-2026-09-03-MOCK-LOWLAMBDA-EXTENSION/lowlamL32/results/X32_00001.json,yes
TASK-2026-09-03-MOCK-LOWLAMBDA-EXTENSION,lowlamL32,32,32.0,0.35,0.1932,1024,2,6.0,systematic,32000002,ok,115.83,64,1.049278834116497,1.049278834116497,11.49099197825801,1003.0556173220739,42,0,research/tasks/active/TASK-2026-09-03-MOCK-LOWLAMBDA-EXTENSION/lowlamL32/results/X32_00002.json,yes
TASK-2026-09-03-MOCK-LOWLAMBDA-EXTENSION,lowlamL32,32,32.0,0.35,0.1932,1024,3,6.0,systematic,32000003,ok,114.37,64,1.0471369365861283,1.0471369365861283,10.389140988804122,1003.5033262064893,37,0,research/tasks/active/TASK-2026-09-03-MOCK-LOWLAMBDA-EXTENSION/lowlamL32/results/X32_00003.json,yes
TASK-2026-09-03-MOCK-LOWLAMBDA-EXTENSION,lowlamL32,32,32.0,0.35,0.1932,1024,4,6.0,systematic,32000004,ok,114.58,64,1.0231266377130654,1.0231266377130654,12.472060327806457,1004.9449155798847,42,0,research/tasks/active/TASK-2026-09-03-MOCK-LOWLAMBDA-EXTENSION/lowlamL32/results/X32_00004.json,yes
TASK-2026-09-03-MOCK-LOWLAMBDA-EXTENSION,lowlamL32,32,32.0,0.35,0.1932,1024,5,6.0,systematic,32000005,ok,114.5,64,0.9830340863663205,0.9830340863663205,11.961306807811644,1002.032442047876,40,0,research/tasks/active/TASK-2026-09-03-MOCK-LOWLAMBDA-EXTENSION/lowlamL32/results/X32_00005.json,yes
TASK-2026-09-03-MOCK-LOWLAMBDA-EXTENSION,lowlamL32,32,32.0,0.35,0.1932,1024,6,6.0,systematic,32000006,ok,115.33,64,1.0010075749537173,1.0010075749537173,7.721700197354856,1001.9156458611562,32,0,research/tasks/active/TASK-2026-09-03-MOCK-LOWLAMBDA-EXTENSION/lowlamL32/results/X32_00006.json,yes
TASK-2026-09-03-MOCK-LOWLAMBDA-EXTENSION,lowlamL32,32,32.0,0.35,0.1932,1024,7,6.0,systematic,32000007,ok,115.86,64,1.0204056098013576,1.0204056098013576,6.069412609108379,1001.3456565916636,31,0,research/tasks/active/TASK-2026-09-03-MOCK-LOWLAMBDA-EXTENSION/lowlamL32/results/X32_00007.json,yes
TASK-2026-09-03-MOCK-LOWLAMBDA-EXTENSION,lowlamL32,32,32.0,0.35,0.1932,1024,8,6.0,systematic,32000008,ok,113.25,64,0.9960554912257024,0.9960554912257024,13.173396316490365,1003.9307479340619,34,0,research/tasks/active/TASK-2026-09-03-MOCK-LOWLAMBDA-EXTENSION/lowlamL32/results/X32_00008.json,yes
TASK-2026-09-03-MOCK-LOWLAMBDA-EXTENSION,lowlamL32,32,32.0,0.35,0.1932,1024,9,6.0,systematic,32000009,ok,114.33,64,0.9811426572255707,0.9811426572255707,8.763547621435496,1002.3487688273394,38,0,research/tasks/active/TASK-2026-09-03-MOCK-LOWLAMBDA-EXTENSION/lowlamL32/results/X32_00009.json,yes
TASK-2026-09-03-MOCK-LOWLAMBDA-EXTENSION,lowlamL32,32,32.0,0.35,0.1932,1024,10,6.0,systematic,32000010,ok,114.94,64,0.9710264986535329,0.9710264986535329,9.272540766156132,1002.6809800599651,39,0,research/tasks/active/TASK-2026-09-03-MOCK-LOWLAMBDA-EXTENSION/lowlamL32/results/X32_00010.json,yes
TASK-2026-09-03-MOCK-LOWLAMBDA-EXTENSION,lowlamL32,32,32.0,0.35,0.1932,1024,11,6.0,systematic,32000011,ok,115.1,64,1.0189904246840786,1.0189904246840786,6.082580196067057,1004.4477540378089,36,0,research/tasks/active/TASK-2026-09-03-MOCK-LOWLAMBDA-EXTENSION/lowlamL32/results/X32_00011.json,yes
TASK-2026-09-03-MOCK-LOWLAMBDA-EXTENSION,lowlamL32,32,32.0,0.35,0.1932,1024,12,6.0,systematic,32000012,ok,115.18,64,0.9818794151263911,0.9818794151263911,14.035658831718155,1002.3873548481231,39,0,research/tasks/active/TASK-2026-09-03-MOCK-LOWLAMBDA-EXTENSION/lowlamL32/results/X32_00012.json,yes
TASK-2026-09-03-MOCK-LOWLAMBDA-EXTENSION,lowlamL32,32,32.0,0.35,0.1932,1024,13,6.0,systematic,32000013,ok,115.14,64,1.030025288617555,1.030025288617555,12.785329334016144,1003.1245253844229,46,0,research/tasks/active/TASK-2026-09-03-MOCK-LOWLAMBDA-EXTENSION/lowlamL32/results/X32_00013.json,yes
TASK-2026-09-03-MOCK-LOWLAMBDA-EXTENSION,lowlamL32,32,32.0,0.35,0.1932,1024,14,6.0,systematic,32000014,ok,116.37,64,0.9993935929565423,0.9993935929565423,8.746442453664315,1003.3603525858072,31,0,research/tasks/active/TASK-2026-09-03-MOCK-LOWLAMBDA-EXTENSION/lowlamL32/results/X32_00014.json,yes
TASK-2026-09-03-MOCK-LOWLAMBDA-EXTENSION,lowlamL32,32,32.0,0.35,0.1932,1024,15,6.0,systematic,32000015,ok,116.9,64,1.0100573941731708,1.0100573941731708,8.38887644404621,1002.4287757261466,40,0,research/tasks/active/TASK-2026-09-03-MOCK-LOWLAMBDA-EXTENSION/lowlamL32/results/X32_00015.json,yes
TASK-2026-09-03-MOCK-LOWLAMBDA-EXTENSION,lowlamL32,32,32.0,0.35,0.1932,1024,16,6.0,systematic,32000016,ok,113.99,64,1.027734988750355,1.027734988750355,6.545336512652776,1002.1329013949335,39,0,research/tasks/active/TASK-2026-09-03-MOCK-LOWLAMBDA-EXTENSION/lowlamL32/results/X32_00016.json,yes
TASK-2026-09-03-MOCK-LOWLAMBDA-EXTENSION,lowlamL32,32,32.0,0.35,0.1932,1024,17,6.0,systematic,32000017,ok,115.43,64,1.0434368496782827,1.0434368496782827,9.8871895449488,1004.5026862775386,45,0,research/tasks/active/TASK-2026-09-03-MOCK-LOWLAMBDA-EXTENSION/lowlamL32/results/X32_00017.json,yes
TASK-2026-09-03-MOCK-LOWLAMBDA-EXTENSION,lowlamL32,32,32.0,0.35,0.1932,1024,18,6.0,systematic,32000018,ok,113.71,64,0.9859780275965667,0.9859780275965667,7.501509493353937,1002.4338644913729,27,0,research/tasks/active/TASK-2026-09-03-MOCK-LOWLAMBDA-EXTENSION/lowlamL32/results/X32_00018.json,yes
TASK-2026-09-03-MOCK-LOWLAMBDA-EXTENSION,lowlamL32,32,32.0,0.35,0.1932,1024,19,6.0,systematic,32000019,ok,114.49,64,1.0438432149981756,1.0438432149981756,7.10032502708559,1003.3182945005121,33,0,research/tasks/active/TASK-2026-09-03-MOCK-LOWLAMBDA-EXTENSION/lowlamL32/results/X32_00019.json,yes
TASK-2026-09-03-MOCK-LOWLAMBDA-EXTENSION,lowlamL32,32,32.0,0.35,0.1932,1024,20,6.0,systematic,32000020,ok,116.65,64,1.0532180793414103,1.0532180793414103,6.873924900356618,1002.5861568032964,33,0,research/tasks/active/TASK-2026-09-03-MOCK-LOWLAMBDA-EXTENSION/lowlamL32/results/X32_00020.json,yes
TASK-2026-09-03-MOCK-LOWLAMBDA-EXTENSION,lowlamL32,32,32.0,0.35,0.1932,1024,21,6.0,systematic,32000021,ok,125.97,64,1.0259290018373266,1.0259290018373266,9.496422684707204,1003.8350086237562,28,0,research/tasks/active/TASK-2026-09-03-MOCK-LOWLAMBDA-EXTENSION/lowlamL32/results/X32_00021.json,yes
TASK-2026-09-03-MOCK-LOWLAMBDA-EXTENSION,lowlamL32,32,32.0,0.35,0.1932,1024,22,6.0,systematic,32000022,ok,115.55,64,1.0461148825803603,1.0461148825803603,12.436263579866218,1002.7422923381553,41,0,research/tasks/active/TASK-2026-09-03-MOCK-LOWLAMBDA-EXTENSION/lowlamL32/results/X32_00022.json,yes
TASK-2026-09-03-MOCK-LOWLAMBDA-EXTENSION,lowlamL32,32,32.0,0.35,0.1932,1024,23,6.0,systematic,32000023,ok,115.19,64,1.013483607672712,1.013483607672712,12.295396449426608,1003.03781203619,38,0,research/tasks/active/TASK-2026-09-03-MOCK-LOWLAMBDA-EXTENSION/lowlamL32/results/X32_00023.json,yes
TASK-2026-09-03-MOCK-LOWLAMBDA-EXTENSION,lowlamL32,32,32.0,0.35,0.2032,1024,0,6.0,systematic,32001000,ok,122.03,68,0.9962138114095317,0.9962138114095317,3.855682536880966,1003.1216992869059,26,0,research/tasks/active/TASK-2026-09-03-MOCK-LOWLAMBDA-EXTENSION/lowlamL32/results/X32_00024.json,yes
TASK-2026-09-03-MOCK-LOWLAMBDA-EXTENSION,lowlamL32,32,32.0,0.35,0.2032,1024,1,6.0,systematic,32001001,ok,120.13,68,0.9579660858781668,0.9579660858781668,6.3783547044940265,1001.6536964036122,37,0,research/tasks/active/TASK-2026-09-03-MOCK-LOWLAMBDA-EXTENSION/lowlamL32/results/X32_00025.json,yes
TASK-2026-09-03-MOCK-LOWLAMBDA-EXTENSION,lowlamL32,32,32.0,0.35,0.2032,1024,2,6.0,systematic,32001002,ok,120.13,68,1.0047274215460285,1.0047274215460285,9.760005957034886,1003.9501592812964,36,0,research/tasks/active/TASK-2026-09-03-MOCK-LOWLAMBDA-EXTENSION/lowlamL32/results/X32_00026.json,yes
TASK-2026-09-03-MOCK-LOWLAMBDA-EXTENSION,lowlamL32,32,32.0,0.35,0.2032,1024,3,6.0,systematic,32001003,ok,119.37,68,0.9560511495546672,0.9560511495546672,7.425439404025097,1003.3513510087878,30,0,research/tasks/active/TASK-2026-09-03-MOCK-LOWLAMBDA-EXTENSION/lowlamL32/results/X32_00027.json,yes
TASK-2026-09-03-MOCK-LOWLAMBDA-EXTENSION,lowlamL32,32,32.0,0.35,0.2032,1024,4,6.0,systematic,32001004,ok,117.68,68,0.9462608196434791,0.9462608196434791,12.22031093396732,1001.8979757662327,32,0,research/tasks/active/TASK-2026-09-03-MOCK-LOWLAMBDA-EXTENSION/lowlamL32/results/X32_00028.json,yes
TASK-2026-09-03-MOCK-LOWLAMBDA-EXTENSION,lowlamL32,32,32.0,0.35,0.2032,1024,5,6.0,systematic,32001005,ok,118.58,68,0.9881851779204136,0.9881851779204136,9.864679762173553,1003.40327433769,37,0,research/tasks/active/TASK-2026-09-03-MOCK-LOWLAMBDA-EXTENSION/lowlamL32/results/X32_00029.json,yes
TASK-2026-09-03-MOCK-LOWLAMBDA-EXTENSION,lowlamL32,32,32.0,0.35,0.2032,1024,6,6.0,systematic,32001006,ok,118.17,68,0.9576338395063956,0.9576338395063956,4.6174874938349895,1003.1655249790601,26,0,research/tasks/active/TASK-2026-09-03-MOCK-LOWLAMBDA-EXTENSION/lowlamL32/results/X32_00030.json,yes
TASK-2026-09-03-MOCK-LOWLAMBDA-EXTENSION,lowlamL32,32,32.0,0.35,0.2032,1024,7,6.0,systematic,32001007,ok,119.91,68,0.9872583584564423,0.9872583584564423,6.3784323028821,1003.6367833312978,35,0,research/tasks/active/TASK-2026-09-03-MOCK-LOWLAMBDA-EXTENSION/lowlamL32/results/X32_00031.json,yes
TASK-2026-09-03-MOCK-LOWLAMBDA-EXTENSION,lowlamL32,32,32.0,0.35,0.2032,1024,8,6.0,systematic,32001008,ok,119.6,68,0.9400910545655403,0.9400910545655403,8.854570941210248,1003.5095292808467,34,0,research/tasks/active/TASK-2026-09-03-MOCK-LOWLAMBDA-EXTENSION/lowlamL32/results/X32_00032.json,yes
TASK-2026-09-03-MOCK-LOWLAMBDA-EXTENSION,lowlamL32,32,32.0,0.35,0.2032,1024,9,6.0,systematic,32001009,ok,118.47,68,0.9813203729621462,0.9813203729621462,7.306946147842569,1003.5425256159297,32,0,research/tasks/active/TASK-2026-09-03-MOCK-LOWLAMBDA-EXTENSION/lowlamL32/results/X32_00033.json,yes
TASK-2026-09-03-MOCK-LOWLAMBDA-EXTENSION,lowlamL32,32,32.0,0.35,0.2032,1024,10,6.0,systematic,32001010,ok,119.9,68,0.9413659523000693,0.9413659523000693,10.527448696839484,1004.1096167372369,33,0,research/tasks/active/TASK-2026-09-03-MOCK-LOWLAMBDA-EXTENSION/lowlamL32/results/X32_00034.json,yes
TASK-2026-09-03-MOCK-LOWLAMBDA-EXTENSION,lowlamL32,32,32.0,0.35,0.2032,1024,11,6.0,systematic,32001011,ok,119.96,68,0.9899943256574655,0.9899943256574655,8.70115343125052,1004.2236969033219,35,0,research/tasks/active/TASK-2026-09-03-MOCK-LOWLAMBDA-EXTENSION/lowlamL32/results/X32_00035.json,yes
TASK-2026-09-03-MOCK-LOWLAMBDA-EXTENSION,lowlamL32,32,32.0,0.35,0.2032,1024,12,6.0,systematic,32001012,ok,120.06,68,0.9870011490703133,0.9870011490703133,8.906162940816742,1003.4867220469833,33,0,research/tasks/active/TASK-2026-09-03-MOCK-LOWLAMBDA-EXTENSION/lowlamL32/results/X32_00036.json,yes
TASK-2026-09-03-MOCK-LOWLAMBDA-EXTENSION,lowlamL32,32,32.0,0.35,0.2032,1024,13,6.0,systematic,32001013,ok,120.04,68,0.9660837745425811,0.9660837745425811,4.761276846932752,1003.1945049744413,29,0,research/tasks/active/TASK-2026-09-03-MOCK-LOWLAMBDA-EXTENSION/lowlamL32/results/X32_00037.json,yes
TASK-2026-09-03-MOCK-LOWLAMBDA-EXTENSION,lowlamL32,32,32.0,0.35,0.2032,1024,14,6.0,systematic,32001014,ok,118.09,68,0.9761092673238372,0.9761092673238372,11.946588889395251,1004.0427875530639,34,0,research/tasks/active/TASK-2026-09-03-MOCK-LOWLAMBDA-EXTENSION/lowlamL32/results/X32_00038.json,yes
TASK-2026-09-03-MOCK-LOWLAMBDA-EXTENSION,lowlamL32,32,32.0,0.35,0.2032,1024,15,6.0,systematic,32001015,ok,119.85,68,1.0160363125430152,1.0160363125430152,9.066961815163253,1003.1676828568247,34,0,research/tasks/active/TASK-2026-09-03-MOCK-LOWLAMBDA-EXTENSION/lowlamL32/results/X32_00039.json,yes
TASK-2026-09-03-MOCK-LOWLAMBDA-EXTENSION,lowlamL32,32,32.0,0.35,0.2032,1024,16,6.0,systematic,32001016,ok,119.36,68,0.9566643202290341,0.9566643202290341,7.845921314517456,1002.8251030864383,25,0,research/tasks/active/TASK-2026-09-03-MOCK-LOWLAMBDA-EXTENSION/lowlamL32/results/X32_00040.json,yes
TASK-2026-09-03-MOCK-LOWLAMBDA-EXTENSION,lowlamL32,32,32.0,0.35,0.2032,1024,17,6.0,systematic,32001017,ok,118.9,68,0.9946513564575383,0.9946513564575383,10.396351378147928,1004.7410962815228,29,0,research/tasks/active/TASK-2026-09-03-MOCK-LOWLAMBDA-EXTENSION/lowlamL32/results/X32_00041.json,yes
TASK-2026-09-03-MOCK-LOWLAMBDA-EXTENSION,lowlamL32,32,32.0,0.35,0.2032,1024,18,6.0,systematic,32001018,ok,119.86,68,0.9631252653219878,0.9631252653219878,8.168770060141473,1003.423305366542,38,0,research/tasks/active/TASK-2026-09-03-MOCK-LOWLAMBDA-EXTENSION/lowlamL32/results/X32_00042.json,yes
TASK-2026-09-03-MOCK-LOWLAMBDA-EXTENSION,lowlamL32,32,32.0,0.35,0.2032,1024,19,6.0,systematic,32001019,ok,118.85,68,1.0003319199383522,1.0003319199383522,7.046124072680357,1003.0066085259845,37,0,research/tasks/active/TASK-2026-09-03-MOCK-LOWLAMBDA-EXTENSION/lowlamL32/results/X32_00043.json,yes
TASK-2026-09-03-MOCK-LOWLAMBDA-EXTENSION,lowlamL32,32,32.0,0.35,0.2032,1024,20,6.0,systematic,32001020,ok,119.99,68,0.9795221479556053,0.9795221479556053,11.386920921747063,1002.4304142832088,40,0,research/tasks/active/TASK-2026-09-03-MOCK-LOWLAMBDA-EXTENSION/lowlamL32/results/X32_00044.json,yes
TASK-2026-09-03-MOCK-LOWLAMBDA-EXTENSION,lowlamL32,32,32.0,0.35,0.2032,1024,21,6.0,systematic,32001021,ok,119.59,68,0.9531773154652914,0.9531773154652914,9.52039222807336,1003.6823126443617,32,0,research/tasks/active/TASK-2026-09-03-MOCK-LOWLAMBDA-EXTENSION/lowlamL32/results/X32_00045.json,yes
TASK-2026-09-03-MOCK-LOWLAMBDA-EXTENSION,lowlamL32,32,32.0,0.35,0.2032,1024,22,6.0,systematic,32001022,ok,121.22,68,0.9625845698949673,0.9625845698949673,8.18330523818443,1002.7595540825874,37,0,research/tasks/active/TASK-2026-09-03-MOCK-LOWLAMBDA-EXTENSION/lowlamL32/results/X32_00046.json,yes
TASK-2026-09-03-MOCK-LOWLAMBDA-EXTENSION,lowlamL32,32,32.0,0.35,0.2032,1024,23,6.0,systematic,32001023,ok,119.67,68,0.9685062027773332,0.9685062027773332,7.349144939725259,1001.8969155541475,32,0,research/tasks/active/TASK-2026-09-03-MOCK-LOWLAMBDA-EXTENSION/lowlamL32/results/X32_00047.json,yes
TASK-2026-09-03-MOCK-LOWLAMBDA-EXTENSION,lowlamL32,32,32.0,0.35,0.2132,1024,0,6.0,systematic,32002000,ok,122.76,71,0.917150260330473,0.917150260330473,13.673986750821554,1002.9040438569789,33,0,research/tasks/active/TASK-2026-09-03-MOCK-LOWLAMBDA-EXTENSION/lowlamL32/results/X32_00048.json,yes
TASK-2026-09-03-MOCK-LOWLAMBDA-EXTENSION,lowlamL32,32,32.0,0.35,0.2132,1024,1,6.0,systematic,32002001,ok,123.17,71,0.9119054560017907,0.9119054560017907,8.021787692401848,1001.7250434164528,35,0,research/tasks/active/TASK-2026-09-03-MOCK-LOWLAMBDA-EXTENSION/lowlamL32/results/X32_00049.json,yes
TASK-2026-09-03-MOCK-LOWLAMBDA-EXTENSION,lowlamL32,32,32.0,0.35,0.2132,1024,2,6.0,systematic,32002002,ok,125.3,71,0.9191732242330584,0.9191732242330584,5.909534598000429,1003.3654962757867,24,0,research/tasks/active/TASK-2026-09-03-MOCK-LOWLAMBDA-EXTENSION/lowlamL32/results/X32_00050.json,yes
TASK-2026-09-03-MOCK-LOWLAMBDA-EXTENSION,lowlamL32,32,32.0,0.35,0.2132,1024,3,6.0,systematic,32002003,ok,121.89,71,0.9353877131795085,0.9353877131795085,8.20970217030472,1003.9820180298752,23,0,research/tasks/active/TASK-2026-09-03-MOCK-LOWLAMBDA-EXTENSION/lowlamL32/results/X32_00051.json,yes
TASK-2026-09-03-MOCK-LOWLAMBDA-EXTENSION,lowlamL32,32,32.0,0.35,0.2132,1024,4,6.0,systematic,32002004,ok,122.87,71,0.8627228163625285,0.8627228163625285,9.485770114526606,1003.6271776163312,25,0,research/tasks/active/TASK-2026-09-03-MOCK-LOWLAMBDA-EXTENSION/lowlamL32/results/X32_00052.json,yes
TASK-2026-09-03-MOCK-LOWLAMBDA-EXTENSION,lowlamL32,32,32.0,0.35,0.2132,1024,5,6.0,systematic,32002005,ok,123.81,71,0.956102699026083,0.956102699026083,4.656902018954904,1003.8051716787894,27,0,research/tasks/active/TASK-2026-09-03-MOCK-LOWLAMBDA-EXTENSION/lowlamL32/results/X32_00053.json,yes
TASK-2026-09-03-MOCK-LOWLAMBDA-EXTENSION,lowlamL32,32,32.0,0.35,0.2132,1024,6,6.0,systematic,32002006,ok,124.0,71,0.9692955634942553,0.9692955634942553,11.534981958989704,1003.8336796518197,28,0,research/tasks/active/TASK-2026-09-03-MOCK-LOWLAMBDA-EXTENSION/lowlamL32/results/X32_00054.json,yes
TASK-2026-09-03-MOCK-LOWLAMBDA-EXTENSION,lowlamL32,32,32.0,0.35,0.2132,1024,7,6.0,systematic,32002007,ok,124.07,71,0.8975995256369546,0.8975995256369546,10.465457013394015,1002.9639112448967,34,0,research/tasks/active/TASK-2026-09-03-MOCK-LOWLAMBDA-EXTENSION/lowlamL32/results/X32_00055.json,yes
TASK-2026-09-03-MOCK-LOWLAMBDA-EXTENSION,lowlamL32,32,32.0,0.35,0.2132,1024,8,6.0,systematic,32002008,ok,124.34,71,0.8834204366530723,0.8834204366530723,10.50572086965234,1002.4116318624763,25,0,research/tasks/active/TASK-2026-09-03-MOCK-LOWLAMBDA-EXTENSION/lowlamL32/results/X32_00056.json,yes
TASK-2026-09-03-MOCK-LOWLAMBDA-EXTENSION,lowlamL32,32,32.0,0.35,0.2132,1024,9,6.0,systematic,32002009,ok,123.38,71,0.9171685023751749,0.9171685023751749,10.41390406197239,1003.4215871483232,23,0,research/tasks/active/TASK-2026-09-03-MOCK-LOWLAMBDA-EXTENSION/lowlamL32/results/X32_00057.json,yes
TASK-2026-09-03-MOCK-LOWLAMBDA-EXTENSION,lowlamL32,32,32.0,0.35,0.2132,1024,10,6.0,systematic,32002010,ok,122.45,71,0.8882600391969326,0.8882600391969326,6.784967387928357,1000.5921797188589,28,0,research/tasks/active/TASK-2026-09-03-MOCK-LOWLAMBDA-EXTENSION/lowlamL32/results/X32_00058.json,yes
TASK-2026-09-03-MOCK-LOWLAMBDA-EXTENSION,lowlamL32,32,32.0,0.35,0.2132,1024,11,6.0,systematic,32002011,ok,124.13,71,0.9038339315679408,0.9038339315679408,7.959918622658124,1004.8201838559003,22,0,research/tasks/active/TASK-2026-09-03-MOCK-LOWLAMBDA-EXTENSION/lowlamL32/results/X32_00059.json,yes
TASK-2026-09-03-MOCK-LOWLAMBDA-EXTENSION,lowlamL32,32,32.0,0.35,0.2132,1024,12,6.0,systematic,32002012,ok,125.6,71,0.9124645939577725,0.9124645939577725,7.806086594008695,1003.4715062871987,31,0,research/tasks/active/TASK-2026-09-03-MOCK-LOWLAMBDA-EXTENSION/lowlamL32/results/X32_00060.json,yes
TASK-2026-09-03-MOCK-LOWLAMBDA-EXTENSION,lowlamL32,32,32.0,0.35,0.2132,1024,13,6.0,systematic,32002013,ok,125.79,71,0.9522311289659986,0.9522311289659986,10.091971280629824,1002.7151217368058,40,0,research/tasks/active/TASK-2026-09-03-MOCK-LOWLAMBDA-EXTENSION/lowlamL32/results/X32_00061.json,yes
TASK-2026-09-03-MOCK-LOWLAMBDA-EXTENSION,lowlamL32,32,32.0,0.35,0.2132,1024,14,6.0,systematic,32002014,ok,112.34,71,0.9731757446249671,0.9731757446249671,10.308049231253195,1002.8342288465116,28,0,research/tasks/active/TASK-2026-09-03-MOCK-LOWLAMBDA-EXTENSION/lowlamL32/results/X32_00062.json,yes
TASK-2026-09-03-MOCK-LOWLAMBDA-EXTENSION,lowlamL32,32,32.0,0.35,0.2132,1024,15,6.0,systematic,32002015,ok,113.26,71,0.9092496833861948,0.9092496833861948,6.346467177494523,1002.8437469528734,32,0,research/tasks/active/TASK-2026-09-03-MOCK-LOWLAMBDA-EXTENSION/lowlamL32/results/X32_00063.json,yes
TASK-2026-09-03-MOCK-LOWLAMBDA-EXTENSION,lowlamL32,32,32.0,0.35,0.2132,1024,16,6.0,systematic,32002016,ok,126.81,71,0.9197103176815058,0.9197103176815058,8.128622149180607,1004.5188091573004,34,0,research/tasks/active/TASK-2026-09-03-MOCK-LOWLAMBDA-EXTENSION/lowlamL32/results/X32_00064.json,yes
TASK-2026-09-03-MOCK-LOWLAMBDA-EXTENSION,lowlamL32,32,32.0,0.35,0.2132,1024,17,6.0,systematic,32002017,ok,122.05,71,0.9006268472031422,0.9006268472031422,7.601902331516065,1003.0266729042488,39,0,research/tasks/active/TASK-2026-09-03-MOCK-LOWLAMBDA-EXTENSION/lowlamL32/results/X32_00065.json,yes
TASK-2026-09-03-MOCK-LOWLAMBDA-EXTENSION,lowlamL32,32,32.0,0.35,0.2132,1024,18,6.0,systematic,32002018,ok,119.79,71,0.8846177474473468,0.8846177474473468,6.1878223512610795,1002.7798993369954,26,0,research/tasks/active/TASK-2026-09-03-MOCK-LOWLAMBDA-EXTENSION/lowlamL32/results/X32_00066.json,yes
TASK-2026-09-03-MOCK-LOWLAMBDA-EXTENSION,lowlamL32,32,32.0,0.35,0.2132,1024,19,6.0,systematic,32002019,ok,115.24,71,0.9570762111757999,0.9570762111757999,3.7639491140912615,1004.236137645425,32,0,research/tasks/active/TASK-2026-09-03-MOCK-LOWLAMBDA-EXTENSION/lowlamL32/results/X32_00067.json,yes
TASK-2026-09-03-MOCK-LOWLAMBDA-EXTENSION,lowlamL32,32,32.0,0.35,0.2132,1024,20,6.0,systematic,32002020,ok,114.33,71,0.9414643117049466,0.9414643117049466,8.292940636813716,1004.2799947334231,30,0,research/tasks/active/TASK-2026-09-03-MOCK-LOWLAMBDA-EXTENSION/lowlamL32/results/X32_00068.json,yes
TASK-2026-09-03-MOCK-LOWLAMBDA-EXTENSION,lowlamL32,32,32.0,0.35,0.2132,1024,21,6.0,systematic,32002021,ok,112.59,71,0.9566257598872459,0.9566257598872459,9.817575791622193,1003.0494012364746,34,0,research/tasks/active/TASK-2026-09-03-MOCK-LOWLAMBDA-EXTENSION/lowlamL32/results/X32_00069.json,yes
TASK-2026-09-03-MOCK-LOWLAMBDA-EXTENSION,lowlamL32,32,32.0,0.35,0.2132,1024,22,6.0,systematic,32002022,ok,122.76,71,0.9173326014911403,0.9173326014911403,13.7187115681503,1004.5845639733932,30,0,research/tasks/active/TASK-2026-09-03-MOCK-LOWLAMBDA-EXTENSION/lowlamL32/results/X32_00070.json,yes
TASK-2026-09-03-MOCK-LOWLAMBDA-EXTENSION,lowlamL32,32,32.0,0.35,0.2132,1024,23,6.0,systematic,32002023,ok,121.86,71,0.9222613144924712,0.9222613144924712,4.999265778608412,1003.9947155266753,25,0,research/tasks/active/TASK-2026-09-03-MOCK-LOWLAMBDA-EXTENSION/lowlamL32/results/X32_00071.json,yes
TASK-2026-09-03-MOCK-LOWLAMBDA-EXTENSION,lowlamL32,32,32.0,0.35,0.2232,1024,0,6.0,systematic,32003000,ok,125.03,74,0.8540312161738558,0.8540312161738558,5.7140615123046405,1002.1612287180925,31,0,research/tasks/active/TASK-2026-09-03-MOCK-LOWLAMBDA-EXTENSION/lowlamL32/results/X32_00072.json,yes
TASK-2026-09-03-MOCK-LOWLAMBDA-EXTENSION,lowlamL32,32,32.0,0.35,0.2232,1024,1,6.0,systematic,32003001,ok,127.35,74,0.8808697798537416,0.8808697798537416,13.662940088082767,1004.3134475848385,34,0,research/tasks/active/TASK-2026-09-03-MOCK-LOWLAMBDA-EXTENSION/lowlamL32/results/X32_00073.json,yes
TASK-2026-09-03-MOCK-LOWLAMBDA-EXTENSION,lowlamL32,32,32.0,0.35,0.2232,1024,2,6.0,systematic,32003002,ok,123.5,74,0.8386772422335914,0.8386772422335914,10.386259632718556,1003.1755618090755,20,0,research/tasks/active/TASK-2026-09-03-MOCK-LOWLAMBDA-EXTENSION/lowlamL32/results/X32_00074.json,yes
TASK-2026-09-03-MOCK-LOWLAMBDA-EXTENSION,lowlamL32,32,32.0,0.35,0.2232,1024,3,6.0,systematic,32003003,ok,123.82,74,0.8645107564279492,0.8645107564279492,10.470682217606646,1003.2546093823343,38,0,research/tasks/active/TASK-2026-09-03-MOCK-LOWLAMBDA-EXTENSION/lowlamL32/results/X32_00075.json,yes
TASK-2026-09-03-MOCK-LOWLAMBDA-EXTENSION,lowlamL32,32,32.0,0.35,0.2232,1024,4,6.0,systematic,32003004,ok,126.37,74,0.8670074007638385,0.8670074007638385,9.125193629797232,1002.0058936486595,28,0,research/tasks/active/TASK-2026-09-03-MOCK-LOWLAMBDA-EXTENSION/lowlamL32/results/X32_00076.json,yes
TASK-2026-09-03-MOCK-LOWLAMBDA-EXTENSION,lowlamL32,32,32.0,0.35,0.2232,1024,5,6.0,systematic,32003005,ok,123.85,74,0.8998156182760099,0.8998156182760099,7.045177242065092,1003.5894362107871,29,0,research/tasks/active/TASK-2026-09-03-MOCK-LOWLAMBDA-EXTENSION/lowlamL32/results/X32_00077.json,yes
TASK-2026-09-03-MOCK-LOWLAMBDA-EXTENSION,lowlamL32,32,32.0,0.35,0.2232,1024,6,6.0,systematic,32003006,ok,124.72,74,0.9111147564685691,0.9111147564685691,9.574987216012858,1003.3014229946807,22,0,research/tasks/active/TASK-2026-09-03-MOCK-LOWLAMBDA-EXTENSION/lowlamL32/results/X32_00078.json,yes
TASK-2026-09-03-MOCK-LOWLAMBDA-EXTENSION,lowlamL32,32,32.0,0.35,0.2232,1024,7,6.0,systematic,32003007,ok,127.04,74,0.8880784225740148,0.8880784225740148,8.657045672203692,1002.5893753350666,27,0,research/tasks/active/TASK-2026-09-03-MOCK-LOWLAMBDA-EXTENSION/lowlamL32/results/X32_00079.json,yes
TASK-2026-09-03-MOCK-LOWLAMBDA-EXTENSION,lowlamL32,32,32.0,0.35,0.2232,1024,8,6.0,systematic,32003008,ok,124.81,74,0.8621567540205601,0.8621567540205601,9.604279250398433,1002.3855310563658,29,0,research/tasks/active/TASK-2026-09-03-MOCK-LOWLAMBDA-EXTENSION/lowlamL32/results/X32_00080.json,yes
TASK-2026-09-03-MOCK-LOWLAMBDA-EXTENSION,lowlamL32,32,32.0,0.35,0.2232,1024,9,6.0,systematic,32003009,ok,125.0,74,0.8474850456205045,0.8474850456205045,13.751455699522635,1002.358204109072,25,0,research/tasks/active/TASK-2026-09-03-MOCK-LOWLAMBDA-EXTENSION/lowlamL32/results/X32_00081.json,yes
TASK-2026-09-03-MOCK-LOWLAMBDA-EXTENSION,lowlamL32,32,32.0,0.35,0.2232,1024,10,6.0,systematic,32003010,ok,125.69,74,0.8460501082031369,0.8460501082031369,9.413894026179232,1000.6067954922303,32,0,research/tasks/active/TASK-2026-09-03-MOCK-LOWLAMBDA-EXTENSION/lowlamL32/results/X32_00082.json,yes
TASK-2026-09-03-MOCK-LOWLAMBDA-EXTENSION,lowlamL32,32,32.0,0.35,0.2232,1024,11,6.0,systematic,32003011,ok,118.38,74,0.8639331138881269,0.8639331138881269,9.285678863660515,1002.0699145266492,28,0,research/tasks/active/TASK-2026-09-03-MOCK-LOWLAMBDA-EXTENSION/lowlamL32/results/X32_00083.json,yes
TASK-2026-09-03-MOCK-LOWLAMBDA-EXTENSION,lowlamL32,32,32.0,0.35,0.2232,1024,12,6.0,systematic,32003012,ok,117.98,74,0.899393048266082,0.899393048266082,8.85531871769753,1003.0866514649539,25,0,research/tasks/active/TASK-2026-09-03-MOCK-LOWLAMBDA-EXTENSION/lowlamL32/results/X32_00084.json,yes
TASK-2026-09-03-MOCK-LOWLAMBDA-EXTENSION,lowlamL32,32,32.0,0.35,0.2232,1024,13,6.0,systematic,32003013,ok,118.3,74,0.8723582310860886,0.8723582310860886,10.264458279494107,1002.2509476751968,30,0,research/tasks/active/TASK-2026-09-03-MOCK-LOWLAMBDA-EXTENSION/lowlamL32/results/X32_00085.json,yes
TASK-2026-09-03-MOCK-LOWLAMBDA-EXTENSION,lowlamL32,32,32.0,0.35,0.2232,1024,14,6.0,systematic,32003014,ok,117.53,74,0.9004096405064173,0.9004096405064173,19.007649639270564,1003.0226101567241,34,0,research/tasks/active/TASK-2026-09-03-MOCK-LOWLAMBDA-EXTENSION/lowlamL32/results/X32_00086.json,yes
TASK-2026-09-03-MOCK-LOWLAMBDA-EXTENSION,lowlamL32,32,32.0,0.35,0.2232,1024,15,6.0,systematic,32003015,ok,116.77,74,0.87874245926769,0.87874245926769,6.907979340149678,1004.6379524068255,26,0,research/tasks/active/TASK-2026-09-03-MOCK-LOWLAMBDA-EXTENSION/lowlamL32/results/X32_00087.json,yes
TASK-2026-09-03-MOCK-LOWLAMBDA-EXTENSION,lowlamL32,32,32.0,0.35,0.2232,1024,16,6.0,systematic,32003016,ok,116.53,74,0.8716697501513122,0.8716697501513122,7.1670061378207315,1001.261942442056,22,0,research/tasks/active/TASK-2026-09-03-MOCK-LOWLAMBDA-EXTENSION/lowlamL32/results/X32_00088.json,yes
TASK-2026-09-03-MOCK-LOWLAMBDA-EXTENSION,lowlamL32,32,32.0,0.35,0.2232,1024,17,6.0,systematic,32003017,ok,114.35,74,0.8344318720943888,0.8344318720943888,8.204434846564324,1003.4490119474475,31,0,research/tasks/active/TASK-2026-09-03-MOCK-LOWLAMBDA-EXTENSION/lowlamL32/results/X32_00089.json,yes
TASK-2026-09-03-MOCK-LOWLAMBDA-EXTENSION,lowlamL32,32,32.0,0.35,0.2232,1024,18,6.0,systematic,32003018,ok,117.46,74,0.8890274710105495,0.8890274710105495,7.159763475220888,1001.7393240942331,31,0,research/tasks/active/TASK-2026-09-03-MOCK-LOWLAMBDA-EXTENSION/lowlamL32/results/X32_00090.json,yes
TASK-2026-09-03-MOCK-LOWLAMBDA-EXTENSION,lowlamL32,32,32.0,0.35,0.2232,1024,19,6.0,systematic,32003019,ok,121.33,74,0.8944362638054686,0.8944362638054686,7.817260094232719,1003.3009099260997,18,0,research/tasks/active/TASK-2026-09-03-MOCK-LOWLAMBDA-EXTENSION/lowlamL32/results/X32_00091.json,yes
TASK-2026-09-03-MOCK-LOWLAMBDA-EXTENSION,lowlamL32,32,32.0,0.35,0.2232,1024,20,6.0,systematic,32003020,ok,119.84,74,0.8624176766319566,0.8624176766319566,13.330824582369244,1000.8768807715205,33,0,research/tasks/active/TASK-2026-09-03-MOCK-LOWLAMBDA-EXTENSION/lowlamL32/results/X32_00092.json,yes
TASK-2026-09-03-MOCK-LOWLAMBDA-EXTENSION,lowlamL32,32,32.0,0.35,0.2232,1024,21,6.0,systematic,32003021,ok,119.07,74,0.8533533216021042,0.8533533216021042,5.046374189077329,1003.1077026596082,23,0,research/tasks/active/TASK-2026-09-03-MOCK-LOWLAMBDA-EXTENSION/lowlamL32/results/X32_00093.json,yes
TASK-2026-09-03-MOCK-LOWLAMBDA-EXTENSION,lowlamL32,32,32.0,0.35,0.2232,1024,22,6.0,systematic,32003022,ok,117.69,74,0.8485263945628715,0.8485263945628715,10.152749806351665,1001.0262888920822,32,0,research/tasks/active/TASK-2026-09-03-MOCK-LOWLAMBDA-EXTENSION/lowlamL32/results/X32_00094.json,yes
TASK-2026-09-03-MOCK-LOWLAMBDA-EXTENSION,lowlamL32,32,32.0,0.35,0.2232,1024,23,6.0,systematic,32003023,ok,118.51,74,0.8861983809342803,0.8861983809342803,8.905557820356027,1004.8283539261389,21,0,research/tasks/active/TASK-2026-09-03-MOCK-LOWLAMBDA-EXTENSION/lowlamL32/results/X32_00095.json,yes
TASK-2026-09-03-MOCK-LOWLAMBDA-EXTENSION,lowlamL48,48,48.0,0.35,0.1932,1024,0,6.0,systematic,32100000,ok,480.94,146,1.074358395412893,1.074358395412893,6.126291189530264,1009.0419723507371,14,0,research/tasks/active/TASK-2026-09-03-MOCK-LOWLAMBDA-EXTENSION/lowlamL48/results/X48_00000.json,yes
TASK-2026-09-03-MOCK-LOWLAMBDA-EXTENSION,lowlamL48,48,48.0,0.35,0.1932,1024,1,6.0,systematic,32100001,ok,475.44,146,1.0233343936951387,1.0233343936951387,3.356818152715352,1010.8898384960812,10,0,research/tasks/active/TASK-2026-09-03-MOCK-LOWLAMBDA-EXTENSION/lowlamL48/results/X48_00001.json,yes
TASK-2026-09-03-MOCK-LOWLAMBDA-EXTENSION,lowlamL48,48,48.0,0.35,0.1932,1024,2,6.0,systematic,32100002,ok,474.05,146,1.0376932530435339,1.0376932530435339,1.8977033752601575,1011.0419959913884,8,0,research/tasks/active/TASK-2026-09-03-MOCK-LOWLAMBDA-EXTENSION/lowlamL48/results/X48_00002.json,yes
TASK-2026-09-03-MOCK-LOWLAMBDA-EXTENSION,lowlamL48,48,48.0,0.35,0.1932,1024,3,6.0,systematic,32100003,ok,474.31,146,0.995149518668552,0.995149518668552,3.335059317451735,1010.4539314870887,8,0,research/tasks/active/TASK-2026-09-03-MOCK-LOWLAMBDA-EXTENSION/lowlamL48/results/X48_00003.json,yes
TASK-2026-09-03-MOCK-LOWLAMBDA-EXTENSION,lowlamL48,48,48.0,0.35,0.1932,1024,4,6.0,systematic,32100004,ok,476.41,146,1.139219246723774,1.139219246723774,2.229485331326198,1012.7010312507416,8,0,research/tasks/active/TASK-2026-09-03-MOCK-LOWLAMBDA-EXTENSION/lowlamL48/results/X48_00004.json,yes
TASK-2026-09-03-MOCK-LOWLAMBDA-EXTENSION,lowlamL48,48,48.0,0.35,0.1932,1024,5,6.0,systematic,32100005,ok,475.6,146,1.0558657148585122,1.0558657148585122,2.762885946005765,1011.283714443023,7,0,research/tasks/active/TASK-2026-09-03-MOCK-LOWLAMBDA-EXTENSION/lowlamL48/results/X48_00005.json,yes
TASK-2026-09-03-MOCK-LOWLAMBDA-EXTENSION,lowlamL48,48,48.0,0.35,0.1932,1024,6,6.0,systematic,32100006,ok,475.14,146,1.035669900974438,1.035669900974438,3.8874734922070795,1010.6211375127265,5,0,research/tasks/active/TASK-2026-09-03-MOCK-LOWLAMBDA-EXTENSION/lowlamL48/results/X48_00006.json,yes
TASK-2026-09-03-MOCK-LOWLAMBDA-EXTENSION,lowlamL48,48,48.0,0.35,0.1932,1024,7,6.0,systematic,32100007,ok,516.86,146,0.9499648619434358,0.9499648619434358,2.1468384285913173,1010.97606036783,9,0,research/tasks/active/TASK-2026-09-03-MOCK-LOWLAMBDA-EXTENSION/lowlamL48/results/X48_00007.json,yes
TASK-2026-09-03-MOCK-LOWLAMBDA-EXTENSION,lowlamL48,48,48.0,0.35,0.1932,1024,8,6.0,systematic,32100008,ok,489.04,146,1.0887681820728958,1.0887681820728958,3.9416593991519564,1009.9462567133269,11,0,research/tasks/active/TASK-2026-09-03-MOCK-LOWLAMBDA-EXTENSION/lowlamL48/results/X48_00008.json,yes
TASK-2026-09-03-MOCK-LOWLAMBDA-EXTENSION,lowlamL48,48,48.0,0.35,0.1932,1024,9,6.0,systematic,32100009,ok,478.45,146,1.0291623994470156,1.0291623994470156,2.3421607519388155,1010.6838028850899,5,0,research/tasks/active/TASK-2026-09-03-MOCK-LOWLAMBDA-EXTENSION/lowlamL48/results/X48_00009.json,yes
TASK-2026-09-03-MOCK-LOWLAMBDA-EXTENSION,lowlamL48,48,48.0,0.35,0.1932,1024,10,6.0,systematic,32100010,ok,488.45,146,0.998454780085739,0.998454780085739,2.0838652750065583,1009.0371741010994,9,0,research/tasks/active/TASK-2026-09-03-MOCK-LOWLAMBDA-EXTENSION/lowlamL48/results/X48_00010.json,yes
TASK-2026-09-03-MOCK-LOWLAMBDA-EXTENSION,lowlamL48,48,48.0,0.35,0.1932,1024,11,6.0,systematic,32100011,ok,485.66,146,1.0397713491212648,1.0397713491212648,3.0822883413581663,1010.2934496783645,8,0,research/tasks/active/TASK-2026-09-03-MOCK-LOWLAMBDA-EXTENSION/lowlamL48/results/X48_00011.json,yes
TASK-2026-09-03-MOCK-LOWLAMBDA-EXTENSION,lowlamL48,48,48.0,0.35,0.1932,1024,12,6.0,systematic,32100012,ok,490.8,146,1.110628535035338,1.110628535035338,1.5272540840343967,1011.6156754215116,7,0,research/tasks/active/TASK-2026-09-03-MOCK-LOWLAMBDA-EXTENSION/lowlamL48/results/X48_00012.json,yes
TASK-2026-09-03-MOCK-LOWLAMBDA-EXTENSION,lowlamL48,48,48.0,0.35,0.1932,1024,13,6.0,systematic,32100013,ok,481.16,146,1.0636397400881785,1.0636397400881785,5.16697710630833,1010.3963601116642,8,0,research/tasks/active/TASK-2026-09-03-MOCK-LOWLAMBDA-EXTENSION/lowlamL48/results/X48_00013.json,yes
TASK-2026-09-03-MOCK-LOWLAMBDA-EXTENSION,lowlamL48,48,48.0,0.35,0.1932,1024,14,6.0,systematic,32100014,ok,486.43,146,0.9772063539782734,0.9772063539782734,1.6617844226727987,1011.9453214404793,5,0,research/tasks/active/TASK-2026-09-03-MOCK-LOWLAMBDA-EXTENSION/lowlamL48/results/X48_00014.json,yes
TASK-2026-09-03-MOCK-LOWLAMBDA-EXTENSION,lowlamL48,48,48.0,0.35,0.1932,1024,15,6.0,systematic,32100015,ok,487.71,146,0.9037595552074789,0.9037595552074789,3.481859779381977,1008.7730270116738,7,0,research/tasks/active/TASK-2026-09-03-MOCK-LOWLAMBDA-EXTENSION/lowlamL48/results/X48_00015.json,yes
TASK-2026-09-03-MOCK-LOWLAMBDA-EXTENSION,lowlamL48,48,48.0,0.35,0.1932,1024,16,6.0,systematic,32100016,ok,487.59,146,1.0489871169046108,1.0489871169046108,2.596127754394652,1010.2174706235606,7,0,research/tasks/active/TASK-2026-09-03-MOCK-LOWLAMBDA-EXTENSION/lowlamL48/results/X48_00016.json,yes
TASK-2026-09-03-MOCK-LOWLAMBDA-EXTENSION,lowlamL48,48,48.0,0.35,0.1932,1024,17,6.0,systematic,32100017,ok,490.42,146,1.0023175616978222,1.0023175616978222,2.6788613939799606,1010.7336077938778,8,0,research/tasks/active/TASK-2026-09-03-MOCK-LOWLAMBDA-EXTENSION/lowlamL48/results/X48_00017.json,yes
TASK-2026-09-03-MOCK-LOWLAMBDA-EXTENSION,lowlamL48,48,48.0,0.35,0.1932,1024,18,6.0,systematic,32100018,ok,486.03,146,1.0984935217437242,1.0984935217437242,3.0280285310000288,1010.7273456729314,10,0,research/tasks/active/TASK-2026-09-03-MOCK-LOWLAMBDA-EXTENSION/lowlamL48/results/X48_00018.json,yes
TASK-2026-09-03-MOCK-LOWLAMBDA-EXTENSION,lowlamL48,48,48.0,0.35,0.1932,1024,19,6.0,systematic,32100019,ok,485.75,146,1.0701264004787712,1.0701264004787712,2.6371574584523763,1011.4380470684604,5,0,research/tasks/active/TASK-2026-09-03-MOCK-LOWLAMBDA-EXTENSION/lowlamL48/results/X48_00019.json,yes
TASK-2026-09-03-MOCK-LOWLAMBDA-EXTENSION,lowlamL48,48,48.0,0.35,0.1932,1024,20,6.0,systematic,32100020,ok,488.28,146,1.0133890638336105,1.0133890638336105,3.841134710204919,1010.5212917556121,10,0,research/tasks/active/TASK-2026-09-03-MOCK-LOWLAMBDA-EXTENSION/lowlamL48/results/X48_00020.json,yes
TASK-2026-09-03-MOCK-LOWLAMBDA-EXTENSION,lowlamL48,48,48.0,0.35,0.1932,1024,21,6.0,systematic,32100021,ok,486.53,146,1.0109062272316662,1.0109062272316662,1.882711194900799,1009.9097587174555,9,0,research/tasks/active/TASK-2026-09-03-MOCK-LOWLAMBDA-EXTENSION/lowlamL48/results/X48_00021.json,yes
TASK-2026-09-03-MOCK-LOWLAMBDA-EXTENSION,lowlamL48,48,48.0,0.35,0.1932,1024,22,6.0,systematic,32100022,ok,488.67,146,0.9675884025311742,0.9675884025311742,2.213605350266838,1010.4105178636149,9,0,research/tasks/active/TASK-2026-09-03-MOCK-LOWLAMBDA-EXTENSION/lowlamL48/results/X48_00022.json,yes
TASK-2026-09-03-MOCK-LOWLAMBDA-EXTENSION,lowlamL48,48,48.0,0.35,0.1932,1024,23,6.0,systematic,32100023,ok,484.93,146,1.0721184621899411,1.0721184621899411,1.8479128997353014,1009.7979588848518,5,0,research/tasks/active/TASK-2026-09-03-MOCK-LOWLAMBDA-EXTENSION/lowlamL48/results/X48_00023.json,yes
TASK-2026-09-03-MOCK-LOWLAMBDA-EXTENSION,lowlamL48,48,48.0,0.35,0.2032,1024,0,6.0,systematic,32101000,ok,504.27,153,1.0104857385130792,1.0104857385130792,1.7901303277485088,1010.6980236501984,4,0,research/tasks/active/TASK-2026-09-03-MOCK-LOWLAMBDA-EXTENSION/lowlamL48/results/X48_00024.json,yes
TASK-2026-09-03-MOCK-LOWLAMBDA-EXTENSION,lowlamL48,48,48.0,0.35,0.2032,1024,1,6.0,systematic,32101001,ok,508.55,153,0.9419739062560296,0.9419739062560296,2.3096692907835785,1011.1843417668864,6,0,research/tasks/active/TASK-2026-09-03-MOCK-LOWLAMBDA-EXTENSION/lowlamL48/results/X48_00025.json,yes
TASK-2026-09-03-MOCK-LOWLAMBDA-EXTENSION,lowlamL48,48,48.0,0.35,0.2032,1024,2,6.0,systematic,32101002,ok,506.28,153,0.8387264213140772,0.8387264213140772,1.0688085457714536,1010.6064421373515,3,0,research/tasks/active/TASK-2026-09-03-MOCK-LOWLAMBDA-EXTENSION/lowlamL48/results/X48_00026.json,yes
TASK-2026-09-03-MOCK-LOWLAMBDA-EXTENSION,lowlamL48,48,48.0,0.35,0.2032,1024,3,6.0,systematic,32101003,ok,514.53,153,1.0903151347795472,1.0903151347795472,4.0953600999843776,1010.8169775044355,6,0,research/tasks/active/TASK-2026-09-03-MOCK-LOWLAMBDA-EXTENSION/lowlamL48/results/X48_00027.json,yes
TASK-2026-09-03-MOCK-LOWLAMBDA-EXTENSION,lowlamL48,48,48.0,0.35,0.2032,1024,4,6.0,systematic,32101004,ok,510.53,153,0.9877319633333513,0.9877319633333513,2.699996395115897,1010.3525474317862,9,0,research/tasks/active/TASK-2026-09-03-MOCK-LOWLAMBDA-EXTENSION/lowlamL48/results/X48_00028.json,yes
TASK-2026-09-03-MOCK-LOWLAMBDA-EXTENSION,lowlamL48,48,48.0,0.35,0.2032,1024,5,6.0,systematic,32101005,ok,507.25,153,1.0346165292938223,1.0346165292938223,1.9577375906916652,1009.5416008146904,5,0,research/tasks/active/TASK-2026-09-03-MOCK-LOWLAMBDA-EXTENSION/lowlamL48/results/X48_00029.json,yes
TASK-2026-09-03-MOCK-LOWLAMBDA-EXTENSION,lowlamL48,48,48.0,0.35,0.2032,1024,6,6.0,systematic,32101006,ok,508.86,153,0.9537310566859556,0.9537310566859556,3.1090843320623134,1009.5145297576937,7,0,research/tasks/active/TASK-2026-09-03-MOCK-LOWLAMBDA-EXTENSION/lowlamL48/results/X48_00030.json,yes
TASK-2026-09-03-MOCK-LOWLAMBDA-EXTENSION,lowlamL48,48,48.0,0.35,0.2032,1024,7,6.0,systematic,32101007,ok,512.83,153,0.9329198280129085,0.9329198280129085,5.0292862144714,1009.7954801343819,9,0,research/tasks/active/TASK-2026-09-03-MOCK-LOWLAMBDA-EXTENSION/lowlamL48/results/X48_00031.json,yes
TASK-2026-09-03-MOCK-LOWLAMBDA-EXTENSION,lowlamL48,48,48.0,0.35,0.2032,1024,8,6.0,systematic,32101008,ok,519.13,153,0.8874853605023951,0.8874853605023951,3.5707630697142236,1009.7370864744454,6,0,research/tasks/active/TASK-2026-09-03-MOCK-LOWLAMBDA-EXTENSION/lowlamL48/results/X48_00032.json,yes
TASK-2026-09-03-MOCK-LOWLAMBDA-EXTENSION,lowlamL48,48,48.0,0.35,0.2032,1024,9,6.0,systematic,32101009,ok,511.65,153,0.9813248693443807,0.9813248693443807,3.0510064536402837,1010.1127539018858,6,0,research/tasks/active/TASK-2026-09-03-MOCK-LOWLAMBDA-EXTENSION/lowlamL48/results/X48_00033.json,yes
TASK-2026-09-03-MOCK-LOWLAMBDA-EXTENSION,lowlamL48,48,48.0,0.35,0.2032,1024,10,6.0,systematic,32101010,ok,508.78,153,0.9941559794224756,0.9941559794224756,3.0987020969762877,1010.0482307029971,12,0,research/tasks/active/TASK-2026-09-03-MOCK-LOWLAMBDA-EXTENSION/lowlamL48/results/X48_00034.json,yes
TASK-2026-09-03-MOCK-LOWLAMBDA-EXTENSION,lowlamL48,48,48.0,0.35,0.2032,1024,11,6.0,systematic,32101011,ok,512.01,153,0.9924741295045135,0.9924741295045135,2.865415830924026,1010.1757057492963,6,0,research/tasks/active/TASK-2026-09-03-MOCK-LOWLAMBDA-EXTENSION/lowlamL48/results/X48_00035.json,yes
TASK-2026-09-03-MOCK-LOWLAMBDA-EXTENSION,lowlamL48,48,48.0,0.35,0.2032,1024,12,6.0,systematic,32101012,ok,514.64,153,0.9888854641672544,0.9888854641672544,6.576370683491589,1010.9740875842118,14,0,research/tasks/active/TASK-2026-09-03-MOCK-LOWLAMBDA-EXTENSION/lowlamL48/results/X48_00036.json,yes
TASK-2026-09-03-MOCK-LOWLAMBDA-EXTENSION,lowlamL48,48,48.0,0.35,0.2032,1024,13,6.0,systematic,32101013,ok,515.5,153,0.9613174958053592,0.9613174958053592,3.6968291014729835,1010.1123884457531,10,0,research/tasks/active/TASK-2026-09-03-MOCK-LOWLAMBDA-EXTENSION/lowlamL48/results/X48_00037.json,yes
TASK-2026-09-03-MOCK-LOWLAMBDA-EXTENSION,lowlamL48,48,48.0,0.35,0.2032,1024,14,6.0,systematic,32101014,ok,511.72,153,0.9907724129114683,0.9907724129114683,2.1170266461540947,1010.1018429444629,7,0,research/tasks/active/TASK-2026-09-03-MOCK-LOWLAMBDA-EXTENSION/lowlamL48/results/X48_00038.json,yes
TASK-2026-09-03-MOCK-LOWLAMBDA-EXTENSION,lowlamL48,48,48.0,0.35,0.2032,1024,15,6.0,systematic,32101015,ok,511.55,153,0.9838238581926508,0.9838238581926508,3.5097133523449946,1010.1788717455913,14,0,research/tasks/active/TASK-2026-09-03-MOCK-LOWLAMBDA-EXTENSION/lowlamL48/results/X48_00039.json,yes
TASK-2026-09-03-MOCK-LOWLAMBDA-EXTENSION,lowlamL48,48,48.0,0.35,0.2032,1024,16,6.0,systematic,32101016,ok,509.54,153,0.9228797374298079,0.9228797374298079,4.213517640440409,1010.2380158136023,11,0,research/tasks/active/TASK-2026-09-03-MOCK-LOWLAMBDA-EXTENSION/lowlamL48/results/X48_00040.json,yes
TASK-2026-09-03-MOCK-LOWLAMBDA-EXTENSION,lowlamL48,48,48.0,0.35,0.2032,1024,17,6.0,systematic,32101017,ok,519.8,153,0.9477957969519153,0.9477957969519153,3.2788492808005003,1009.9558734374189,7,0,research/tasks/active/TASK-2026-09-03-MOCK-LOWLAMBDA-EXTENSION/lowlamL48/results/X48_00041.json,yes
TASK-2026-09-03-MOCK-LOWLAMBDA-EXTENSION,lowlamL48,48,48.0,0.35,0.2032,1024,18,6.0,systematic,32101018,ok,515.64,153,0.9394029808551864,0.9394029808551864,4.248515052064341,1010.0420246342618,11,0,research/tasks/active/TASK-2026-09-03-MOCK-LOWLAMBDA-EXTENSION/lowlamL48/results/X48_00042.json,yes
TASK-2026-09-03-MOCK-LOWLAMBDA-EXTENSION,lowlamL48,48,48.0,0.35,0.2032,1024,19,6.0,systematic,32101019,ok,509.21,153,0.9397371010644237,0.9397371010644237,3.313476037894444,1011.07424107137,9,0,research/tasks/active/TASK-2026-09-03-MOCK-LOWLAMBDA-EXTENSION/lowlamL48/results/X48_00043.json,yes
TASK-2026-09-03-MOCK-LOWLAMBDA-EXTENSION,lowlamL48,48,48.0,0.35,0.2032,1024,20,6.0,systematic,32101020,ok,507.22,153,0.9606918252902295,0.9606918252902295,2.753439909249417,1010.0093236369783,9,0,research/tasks/active/TASK-2026-09-03-MOCK-LOWLAMBDA-EXTENSION/lowlamL48/results/X48_00044.json,yes
TASK-2026-09-03-MOCK-LOWLAMBDA-EXTENSION,lowlamL48,48,48.0,0.35,0.2032,1024,21,6.0,systematic,32101021,ok,513.61,153,0.9858721419428185,0.9858721419428185,3.3453376041653375,1009.7184882251148,9,0,research/tasks/active/TASK-2026-09-03-MOCK-LOWLAMBDA-EXTENSION/lowlamL48/results/X48_00045.json,yes
TASK-2026-09-03-MOCK-LOWLAMBDA-EXTENSION,lowlamL48,48,48.0,0.35,0.2032,1024,22,6.0,systematic,32101022,ok,518.28,153,1.0257396830337944,1.0257396830337944,2.3791692003303595,1011.1897919287894,8,0,research/tasks/active/TASK-2026-09-03-MOCK-LOWLAMBDA-EXTENSION/lowlamL48/results/X48_00046.json,yes
TASK-2026-09-03-MOCK-LOWLAMBDA-EXTENSION,lowlamL48,48,48.0,0.35,0.2032,1024,23,6.0,systematic,32101023,ok,519.23,153,0.9671428549515508,0.9671428549515508,4.3146659205187925,1009.2464812520265,8,0,research/tasks/active/TASK-2026-09-03-MOCK-LOWLAMBDA-EXTENSION/lowlamL48/results/X48_00047.json,yes
TASK-2026-09-03-MOCK-LOWLAMBDA-EXTENSION,lowlamL48,48,48.0,0.35,0.2132,1024,0,6.0,systematic,32102000,ok,509.25,161,0.8950113155253212,0.8950113155253212,4.674840170841098,1008.9613265000235,14,0,research/tasks/active/TASK-2026-09-03-MOCK-LOWLAMBDA-EXTENSION/lowlamL48/results/X48_00048.json,yes
TASK-2026-09-03-MOCK-LOWLAMBDA-EXTENSION,lowlamL48,48,48.0,0.35,0.2132,1024,1,6.0,systematic,32102001,ok,510.62,161,0.8268266092129691,0.8268266092129691,1.1570059716380297,1009.2254322526002,6,0,research/tasks/active/TASK-2026-09-03-MOCK-LOWLAMBDA-EXTENSION/lowlamL48/results/X48_00049.json,yes
TASK-2026-09-03-MOCK-LOWLAMBDA-EXTENSION,lowlamL48,48,48.0,0.35,0.2132,1024,2,6.0,systematic,32102002,ok,512.31,161,0.8271759873378949,0.8271759873378949,1.8945010153861719,1009.6284223997272,5,0,research/tasks/active/TASK-2026-09-03-MOCK-LOWLAMBDA-EXTENSION/lowlamL48/results/X48_00050.json,yes
TASK-2026-09-03-MOCK-LOWLAMBDA-EXTENSION,lowlamL48,48,48.0,0.35,0.2132,1024,3,6.0,systematic,32102003,ok,509.9,161,0.9230256104639718,0.9230256104639718,3.2061641950772053,1011.3184911326795,10,0,research/tasks/active/TASK-2026-09-03-MOCK-LOWLAMBDA-EXTENSION/lowlamL48/results/X48_00051.json,yes
TASK-2026-09-03-MOCK-LOWLAMBDA-EXTENSION,lowlamL48,48,48.0,0.35,0.2132,1024,4,6.0,systematic,32102004,ok,507.34,161,0.8818438638421535,0.8818438638421535,1.5455783596389343,1009.6408766370326,7,0,research/tasks/active/TASK-2026-09-03-MOCK-LOWLAMBDA-EXTENSION/lowlamL48/results/X48_00052.json,yes
TASK-2026-09-03-MOCK-LOWLAMBDA-EXTENSION,lowlamL48,48,48.0,0.35,0.2132,1024,5,6.0,systematic,32102005,ok,510.08,161,0.8253987488307424,0.8253987488307424,1.452659344556628,1009.6721681962696,7,0,research/tasks/active/TASK-2026-09-03-MOCK-LOWLAMBDA-EXTENSION/lowlamL48/results/X48_00053.json,yes
TASK-2026-09-03-MOCK-LOWLAMBDA-EXTENSION,lowlamL48,48,48.0,0.35,0.2132,1024,6,6.0,systematic,32102006,ok,510.56,161,0.879134884010981,0.879134884010981,2.9450576610887356,1010.9553623548647,6,0,research/tasks/active/TASK-2026-09-03-MOCK-LOWLAMBDA-EXTENSION/lowlamL48/results/X48_00054.json,yes
TASK-2026-09-03-MOCK-LOWLAMBDA-EXTENSION,lowlamL48,48,48.0,0.35,0.2132,1024,7,6.0,systematic,32102007,ok,515.6,161,0.9396515116580186,0.9396515116580186,1.5467775958460563,1010.5420501654868,5,0,research/tasks/active/TASK-2026-09-03-MOCK-LOWLAMBDA-EXTENSION/lowlamL48/results/X48_00055.json,yes
TASK-2026-09-03-MOCK-LOWLAMBDA-EXTENSION,lowlamL48,48,48.0,0.35,0.2132,1024,8,6.0,systematic,32102008,ok,512.05,161,0.8553199516889213,0.8553199516889213,1.9178835854964735,1009.6464271709068,7,0,research/tasks/active/TASK-2026-09-03-MOCK-LOWLAMBDA-EXTENSION/lowlamL48/results/X48_00056.json,yes
TASK-2026-09-03-MOCK-LOWLAMBDA-EXTENSION,lowlamL48,48,48.0,0.35,0.2132,1024,9,6.0,systematic,32102009,ok,510.71,161,0.9796037662519439,0.9796037662519439,4.850207223208999,1010.3878414298082,13,0,research/tasks/active/TASK-2026-09-03-MOCK-LOWLAMBDA-EXTENSION/lowlamL48/results/X48_00057.json,yes
TASK-2026-09-03-MOCK-LOWLAMBDA-EXTENSION,lowlamL48,48,48.0,0.35,0.2132,1024,10,6.0,systematic,32102010,ok,513.91,161,0.903578394546322,0.903578394546322,2.6403049790754944,1010.1301779203247,10,0,research/tasks/active/TASK-2026-09-03-MOCK-LOWLAMBDA-EXTENSION/lowlamL48/results/X48_00058.json,yes
TASK-2026-09-03-MOCK-LOWLAMBDA-EXTENSION,lowlamL48,48,48.0,0.35,0.2132,1024,11,6.0,systematic,32102011,ok,512.74,161,1.000158756525469,1.000158756525469,2.184697185622255,1010.953805153991,9,0,research/tasks/active/TASK-2026-09-03-MOCK-LOWLAMBDA-EXTENSION/lowlamL48/results/X48_00059.json,yes
TASK-2026-09-03-MOCK-LOWLAMBDA-EXTENSION,lowlamL48,48,48.0,0.35,0.2132,1024,12,6.0,systematic,32102012,ok,517.1,161,0.8510709941189188,0.8510709941189188,1.6032193552727338,1009.3452228369202,9,0,research/tasks/active/TASK-2026-09-03-MOCK-LOWLAMBDA-EXTENSION/lowlamL48/results/X48_00060.json,yes
TASK-2026-09-03-MOCK-LOWLAMBDA-EXTENSION,lowlamL48,48,48.0,0.35,0.2132,1024,13,6.0,systematic,32102013,ok,505.5,161,0.8350943580278707,0.8350943580278707,3.770608287904722,1008.9077659758077,8,0,research/tasks/active/TASK-2026-09-03-MOCK-LOWLAMBDA-EXTENSION/lowlamL48/results/X48_00061.json,yes
TASK-2026-09-03-MOCK-LOWLAMBDA-EXTENSION,lowlamL48,48,48.0,0.35,0.2132,1024,14,6.0,systematic,32102014,ok,510.52,161,0.9298156463255106,0.9298156463255106,3.535177268620285,1008.1096353371909,10,0,research/tasks/active/TASK-2026-09-03-MOCK-LOWLAMBDA-EXTENSION/lowlamL48/results/X48_00062.json,yes
TASK-2026-09-03-MOCK-LOWLAMBDA-EXTENSION,lowlamL48,48,48.0,0.35,0.2132,1024,15,6.0,systematic,32102015,ok,513.19,161,0.889072459967672,0.889072459967672,4.801348034726547,1009.9128561276827,10,0,research/tasks/active/TASK-2026-09-03-MOCK-LOWLAMBDA-EXTENSION/lowlamL48/results/X48_00063.json,yes
TASK-2026-09-03-MOCK-LOWLAMBDA-EXTENSION,lowlamL48,48,48.0,0.35,0.2132,1024,16,6.0,systematic,32102016,ok,447.7,161,0.8471811305105239,0.8471811305105239,3.6687869563696163,1010.4501777205643,10,0,research/tasks/active/TASK-2026-09-03-MOCK-LOWLAMBDA-EXTENSION/lowlamL48/results/X48_00064.json,yes
TASK-2026-09-03-MOCK-LOWLAMBDA-EXTENSION,lowlamL48,48,48.0,0.35,0.2132,1024,17,6.0,systematic,32102017,ok,479.13,161,0.924278987713048,0.924278987713048,3.96857164484142,1010.7940738866391,7,0,research/tasks/active/TASK-2026-09-03-MOCK-LOWLAMBDA-EXTENSION/lowlamL48/results/X48_00065.json,yes
TASK-2026-09-03-MOCK-LOWLAMBDA-EXTENSION,lowlamL48,48,48.0,0.35,0.2132,1024,18,6.0,systematic,32102018,ok,519.26,161,0.8796053100273464,0.8796053100273464,1.3329401116613955,1009.3803410406261,10,0,research/tasks/active/TASK-2026-09-03-MOCK-LOWLAMBDA-EXTENSION/lowlamL48/results/X48_00066.json,yes
TASK-2026-09-03-MOCK-LOWLAMBDA-EXTENSION,lowlamL48,48,48.0,0.35,0.2132,1024,19,6.0,systematic,32102019,ok,473.34,161,0.9104735258888695,0.9104735258888695,3.5519663968022765,1011.5746028123464,9,0,research/tasks/active/TASK-2026-09-03-MOCK-LOWLAMBDA-EXTENSION/lowlamL48/results/X48_00067.json,yes
TASK-2026-09-03-MOCK-LOWLAMBDA-EXTENSION,lowlamL48,48,48.0,0.35,0.2132,1024,20,6.0,systematic,32102020,ok,473.6,161,0.9488930890699726,0.9488930890699726,4.079871756960764,1010.3705128102905,9,0,research/tasks/active/TASK-2026-09-03-MOCK-LOWLAMBDA-EXTENSION/lowlamL48/results/X48_00068.json,yes
TASK-2026-09-03-MOCK-LOWLAMBDA-EXTENSION,lowlamL48,48,48.0,0.35,0.2132,1024,21,6.0,systematic,32102021,ok,524.78,161,0.8403899171237468,0.8403899171237468,2.1932239833674267,1009.9374442544716,5,0,research/tasks/active/TASK-2026-09-03-MOCK-LOWLAMBDA-EXTENSION/lowlamL48/results/X48_00069.json,yes
TASK-2026-09-03-MOCK-LOWLAMBDA-EXTENSION,lowlamL48,48,48.0,0.35,0.2132,1024,22,6.0,systematic,32102022,ok,522.24,161,0.879456143501955,0.879456143501955,4.436839388323305,1010.2217432616732,7,0,research/tasks/active/TASK-2026-09-03-MOCK-LOWLAMBDA-EXTENSION/lowlamL48/results/X48_00070.json,yes
TASK-2026-09-03-MOCK-LOWLAMBDA-EXTENSION,lowlamL48,48,48.0,0.35,0.2132,1024,23,6.0,systematic,32102023,ok,473.46,161,0.9488402087855918,0.9488402087855918,2.113374260826101,1010.5762265521199,4,0,research/tasks/active/TASK-2026-09-03-MOCK-LOWLAMBDA-EXTENSION/lowlamL48/results/X48_00071.json,yes
TASK-2026-09-03-MOCK-LOWLAMBDA-EXTENSION,lowlamL48,48,48.0,0.35,0.2232,1024,0,6.0,systematic,32103000,ok,488.84,168,0.8735864138424521,0.8735864138424521,2.2804053760167022,1010.5990781801752,7,0,research/tasks/active/TASK-2026-09-03-MOCK-LOWLAMBDA-EXTENSION/lowlamL48/results/X48_00072.json,yes
TASK-2026-09-03-MOCK-LOWLAMBDA-EXTENSION,lowlamL48,48,48.0,0.35,0.2232,1024,1,6.0,systematic,32103001,ok,533.98,168,0.8650192023687551,0.8650192023687551,1.9758952597025725,1009.5526490028927,6,0,research/tasks/active/TASK-2026-09-03-MOCK-LOWLAMBDA-EXTENSION/lowlamL48/results/X48_00073.json,yes
TASK-2026-09-03-MOCK-LOWLAMBDA-EXTENSION,lowlamL48,48,48.0,0.35,0.2232,1024,2,6.0,systematic,32103002,ok,495.3,168,0.8642084574100088,0.8642084574100088,1.539035988962602,1010.0841050653811,5,0,research/tasks/active/TASK-2026-09-03-MOCK-LOWLAMBDA-EXTENSION/lowlamL48/results/X48_00074.json,yes
TASK-2026-09-03-MOCK-LOWLAMBDA-EXTENSION,lowlamL48,48,48.0,0.35,0.2232,1024,3,6.0,systematic,32103003,ok,490.55,168,0.8558512183071252,0.8558512183071252,1.897263867930332,1009.3516410676305,4,0,research/tasks/active/TASK-2026-09-03-MOCK-LOWLAMBDA-EXTENSION/lowlamL48/results/X48_00075.json,yes
TASK-2026-09-03-MOCK-LOWLAMBDA-EXTENSION,lowlamL48,48,48.0,0.35,0.2232,1024,4,6.0,systematic,32103004,ok,529.75,168,0.8663528268618327,0.8663528268618327,1.288537821404521,1009.5615792808157,6,0,research/tasks/active/TASK-2026-09-03-MOCK-LOWLAMBDA-EXTENSION/lowlamL48/results/X48_00076.json,yes
TASK-2026-09-03-MOCK-LOWLAMBDA-EXTENSION,lowlamL48,48,48.0,0.35,0.2232,1024,5,6.0,systematic,32103005,ok,489.14,168,0.8580886581634385,0.8580886581634385,5.997551963576878,1010.2762522790374,9,0,research/tasks/active/TASK-2026-09-03-MOCK-LOWLAMBDA-EXTENSION/lowlamL48/results/X48_00077.json,yes
TASK-2026-09-03-MOCK-LOWLAMBDA-EXTENSION,lowlamL48,48,48.0,0.35,0.2232,1024,6,6.0,systematic,32103006,ok,490.1,168,0.8031131977590585,0.8031131977590585,1.9575109956166878,1010.6274123813865,9,0,research/tasks/active/TASK-2026-09-03-MOCK-LOWLAMBDA-EXTENSION/lowlamL48/results/X48_00078.json,yes
TASK-2026-09-03-MOCK-LOWLAMBDA-EXTENSION,lowlamL48,48,48.0,0.35,0.2232,1024,7,6.0,systematic,32103007,ok,493.21,168,0.9068085142221323,0.9068085142221323,2.838023785164856,1009.5148557621892,7,0,research/tasks/active/TASK-2026-09-03-MOCK-LOWLAMBDA-EXTENSION/lowlamL48/results/X48_00079.json,yes
TASK-2026-09-03-MOCK-LOWLAMBDA-EXTENSION,lowlamL48,48,48.0,0.35,0.2232,1024,8,6.0,systematic,32103008,ok,496.79,168,0.8307082625242398,0.8307082625242398,3.360863600815395,1010.299651255441,8,0,research/tasks/active/TASK-2026-09-03-MOCK-LOWLAMBDA-EXTENSION/lowlamL48/results/X48_00080.json,yes
TASK-2026-09-03-MOCK-LOWLAMBDA-EXTENSION,lowlamL48,48,48.0,0.35,0.2232,1024,9,6.0,systematic,32103009,ok,492.71,168,0.7930784835659237,0.7930784835659237,2.1129398868344267,1009.1869491028665,3,0,research/tasks/active/TASK-2026-09-03-MOCK-LOWLAMBDA-EXTENSION/lowlamL48/results/X48_00081.json,yes
TASK-2026-09-03-MOCK-LOWLAMBDA-EXTENSION,lowlamL48,48,48.0,0.35,0.2232,1024,10,6.0,systematic,32103010,ok,486.96,168,0.8160998496892307,0.8160998496892307,1.6753894578746384,1009.7034487849825,5,0,research/tasks/active/TASK-2026-09-03-MOCK-LOWLAMBDA-EXTENSION/lowlamL48/results/X48_00082.json,yes
TASK-2026-09-03-MOCK-LOWLAMBDA-EXTENSION,lowlamL48,48,48.0,0.35,0.2232,1024,11,6.0,systematic,32103011,ok,534.71,168,0.8698939256529422,0.8698939256529422,1.6616053573182983,1009.9806539640877,10,0,research/tasks/active/TASK-2026-09-03-MOCK-LOWLAMBDA-EXTENSION/lowlamL48/results/X48_00083.json,yes
TASK-2026-09-03-MOCK-LOWLAMBDA-EXTENSION,lowlamL48,48,48.0,0.35,0.2232,1024,12,6.0,systematic,32103012,ok,535.05,168,0.8425204141347746,0.8425204141347746,1.852417950104053,1011.1811853551114,7,0,research/tasks/active/TASK-2026-09-03-MOCK-LOWLAMBDA-EXTENSION/lowlamL48/results/X48_00084.json,yes
TASK-2026-09-03-MOCK-LOWLAMBDA-EXTENSION,lowlamL48,48,48.0,0.35,0.2232,1024,13,6.0,systematic,32103013,ok,489.51,168,0.8810195682416115,0.8810195682416115,3.5381832905925226,1010.2922919461661,7,0,research/tasks/active/TASK-2026-09-03-MOCK-LOWLAMBDA-EXTENSION/lowlamL48/results/X48_00085.json,yes
TASK-2026-09-03-MOCK-LOWLAMBDA-EXTENSION,lowlamL48,48,48.0,0.35,0.2232,1024,14,6.0,systematic,32103014,ok,488.14,168,0.8443038267920673,0.8443038267920673,4.431027196970978,1011.1065195571128,9,0,research/tasks/active/TASK-2026-09-03-MOCK-LOWLAMBDA-EXTENSION/lowlamL48/results/X48_00086.json,yes
TASK-2026-09-03-MOCK-LOWLAMBDA-EXTENSION,lowlamL48,48,48.0,0.35,0.2232,1024,15,6.0,systematic,32103015,ok,487.27,168,0.8382660031489786,0.8382660031489786,1.6296710743082365,1010.4794301219912,9,0,research/tasks/active/TASK-2026-09-03-MOCK-LOWLAMBDA-EXTENSION/lowlamL48/results/X48_00087.json,yes
TASK-2026-09-03-MOCK-LOWLAMBDA-EXTENSION,lowlamL48,48,48.0,0.35,0.2232,1024,16,6.0,systematic,32103016,ok,486.29,168,0.898277292877643,0.898277292877643,2.2002190617275663,1009.3787715718784,5,0,research/tasks/active/TASK-2026-09-03-MOCK-LOWLAMBDA-EXTENSION/lowlamL48/results/X48_00088.json,yes
TASK-2026-09-03-MOCK-LOWLAMBDA-EXTENSION,lowlamL48,48,48.0,0.35,0.2232,1024,17,6.0,systematic,32103017,ok,495.34,168,0.8819469837637711,0.8819469837637711,3.5776343264231025,1009.6137955602233,7,0,research/tasks/active/TASK-2026-09-03-MOCK-LOWLAMBDA-EXTENSION/lowlamL48/results/X48_00089.json,yes
TASK-2026-09-03-MOCK-LOWLAMBDA-EXTENSION,lowlamL48,48,48.0,0.35,0.2232,1024,18,6.0,systematic,32103018,ok,481.69,168,0.8227474608152845,0.8227474608152845,3.3737966537966537,1009.1872088784419,11,0,research/tasks/active/TASK-2026-09-03-MOCK-LOWLAMBDA-EXTENSION/lowlamL48/results/X48_00090.json,yes
TASK-2026-09-03-MOCK-LOWLAMBDA-EXTENSION,lowlamL48,48,48.0,0.35,0.2232,1024,19,6.0,systematic,32103019,ok,480.15,168,0.753470902153325,0.753470902153325,2.7000520143992337,1008.9549993994224,6,0,research/tasks/active/TASK-2026-09-03-MOCK-LOWLAMBDA-EXTENSION/lowlamL48/results/X48_00091.json,yes
TASK-2026-09-03-MOCK-LOWLAMBDA-EXTENSION,lowlamL48,48,48.0,0.35,0.2232,1024,20,6.0,systematic,32103020,ok,487.93,168,0.8462934978085117,0.8462934978085117,3.0571620163853175,1009.8577304079295,5,0,research/tasks/active/TASK-2026-09-03-MOCK-LOWLAMBDA-EXTENSION/lowlamL48/results/X48_00092.json,yes
TASK-2026-09-03-MOCK-LOWLAMBDA-EXTENSION,lowlamL48,48,48.0,0.35,0.2232,1024,21,6.0,systematic,32103021,ok,489.78,168,0.8061850260805561,0.8061850260805561,2.6155289046754335,1010.1686305883696,6,0,research/tasks/active/TASK-2026-09-03-MOCK-LOWLAMBDA-EXTENSION/lowlamL48/results/X48_00093.json,yes
TASK-2026-09-03-MOCK-LOWLAMBDA-EXTENSION,lowlamL48,48,48.0,0.35,0.2232,1024,22,6.0,systematic,32103022,ok,487.73,168,0.8780355447124963,0.8780355447124963,2.2819438097103437,1010.1712380123529,6,0,research/tasks/active/TASK-2026-09-03-MOCK-LOWLAMBDA-EXTENSION/lowlamL48/results/X48_00094.json,yes
TASK-2026-09-03-MOCK-LOWLAMBDA-EXTENSION,lowlamL48,48,48.0,0.35,0.2232,1024,23,6.0,systematic,32103023,ok,484.95,168,0.8028747769418716,0.8028747769418716,4.546296456877266,1009.7011771073438,9,0,research/tasks/active/TASK-2026-09-03-MOCK-LOWLAMBDA-EXTENSION/lowlamL48/results/X48_00095.json,yes
TASK-2026-09-03-MOCK-LOWLAMBDA-EXTENSION,lowlamL64,64,64.0,0.35,0.1932,1024,0,6.0,systematic,32200000,ok,1415.04,260,1.065793994766769,1.065793994766769,1.2490393159786828,1013.5720002874901,2,0,research/tasks/active/TASK-2026-09-03-MOCK-LOWLAMBDA-EXTENSION/lowlamL64/results/X64_00000.json,yes
TASK-2026-09-03-MOCK-LOWLAMBDA-EXTENSION,lowlamL64,64,64.0,0.35,0.1932,1024,1,6.0,systematic,32200001,ok,1408.87,260,1.0786552133067213,1.0786552133067213,1.7944682700765653,1013.3821559751653,5,0,research/tasks/active/TASK-2026-09-03-MOCK-LOWLAMBDA-EXTENSION/lowlamL64/results/X64_00001.json,yes
TASK-2026-09-03-MOCK-LOWLAMBDA-EXTENSION,lowlamL64,64,64.0,0.35,0.1932,1024,2,6.0,systematic,32200002,ok,1411.56,260,1.0261936948781827,1.0261936948781827,2.52244658381806,1013.7739440395636,7,0,research/tasks/active/TASK-2026-09-03-MOCK-LOWLAMBDA-EXTENSION/lowlamL64/results/X64_00002.json,yes
TASK-2026-09-03-MOCK-LOWLAMBDA-EXTENSION,lowlamL64,64,64.0,0.35,0.1932,1024,3,6.0,systematic,32200003,ok,1406.67,260,1.0628469518385943,1.0628469518385943,2.0386667288818376,1013.7795011171193,3,0,research/tasks/active/TASK-2026-09-03-MOCK-LOWLAMBDA-EXTENSION/lowlamL64/results/X64_00003.json,yes
TASK-2026-09-03-MOCK-LOWLAMBDA-EXTENSION,lowlamL64,64,64.0,0.35,0.1932,1024,4,6.0,systematic,32200004,ok,1419.75,260,1.1630277685671784,1.1630277685671784,1.8676080320026218,1013.5039909837934,3,0,research/tasks/active/TASK-2026-09-03-MOCK-LOWLAMBDA-EXTENSION/lowlamL64/results/X64_00004.json,yes
TASK-2026-09-03-MOCK-LOWLAMBDA-EXTENSION,lowlamL64,64,64.0,0.35,0.1932,1024,5,6.0,systematic,32200005,ok,1406.3,260,1.094105854656712,1.094105854656712,1.151355173640544,1012.7605740213415,5,0,research/tasks/active/TASK-2026-09-03-MOCK-LOWLAMBDA-EXTENSION/lowlamL64/results/X64_00005.json,yes
TASK-2026-09-03-MOCK-LOWLAMBDA-EXTENSION,lowlamL64,64,64.0,0.35,0.1932,1024,6,6.0,systematic,32200006,ok,1406.26,260,1.0467628942427338,1.0467628942427338,1.0,1014.110120218035,1,0,research/tasks/active/TASK-2026-09-03-MOCK-LOWLAMBDA-EXTENSION/lowlamL64/results/X64_00006.json,yes
TASK-2026-09-03-MOCK-LOWLAMBDA-EXTENSION,lowlamL64,64,64.0,0.35,0.1932,1024,7,6.0,systematic,32200007,ok,1398.07,260,1.2112603488662024,1.2112603488662024,1.3754738711700059,1013.9431298615909,2,0,research/tasks/active/TASK-2026-09-03-MOCK-LOWLAMBDA-EXTENSION/lowlamL64/results/X64_00007.json,yes
TASK-2026-09-03-MOCK-LOWLAMBDA-EXTENSION,lowlamL64,64,64.0,0.35,0.1932,1024,8,6.0,systematic,32200008,ok,1378.42,260,1.0951624738090024,1.0951624738090024,1.4964564310852198,1014.1207931179605,2,0,research/tasks/active/TASK-2026-09-03-MOCK-LOWLAMBDA-EXTENSION/lowlamL64/results/X64_00008.json,yes
TASK-2026-09-03-MOCK-LOWLAMBDA-EXTENSION,lowlamL64,64,64.0,0.35,0.1932,1024,9,6.0,systematic,32200009,ok,1410.6,260,1.1376323745971815,1.1376323745971815,1.9982848583483568,1013.9151950886072,2,0,research/tasks/active/TASK-2026-09-03-MOCK-LOWLAMBDA-EXTENSION/lowlamL64/results/X64_00009.json,yes
TASK-2026-09-03-MOCK-LOWLAMBDA-EXTENSION,lowlamL64,64,64.0,0.35,0.1932,1024,10,6.0,systematic,32200010,ok,1535.97,260,1.00096722554526,1.00096722554526,1.0,1013.8643558962683,1,0,research/tasks/active/TASK-2026-09-03-MOCK-LOWLAMBDA-EXTENSION/lowlamL64/results/X64_00010.json,yes
TASK-2026-09-03-MOCK-LOWLAMBDA-EXTENSION,lowlamL64,64,64.0,0.35,0.1932,1024,11,6.0,systematic,32200011,ok,1485.52,260,1.299157020515503,1.299157020515503,2.4454073517819745,1014.6808110228404,5,0,research/tasks/active/TASK-2026-09-03-MOCK-LOWLAMBDA-EXTENSION/lowlamL64/results/X64_00011.json,yes
TASK-2026-09-03-MOCK-LOWLAMBDA-EXTENSION,lowlamL64,64,64.0,0.35,0.1932,1024,12,6.0,systematic,32200012,ok,1486.11,260,1.2053970539805678,1.2053970539805678,1.023712080977225,1013.8978150104718,2,0,research/tasks/active/TASK-2026-09-03-MOCK-LOWLAMBDA-EXTENSION/lowlamL64/results/X64_00012.json,yes
TASK-2026-09-03-MOCK-LOWLAMBDA-EXTENSION,lowlamL64,64,64.0,0.35,0.1932,1024,13,6.0,systematic,32200013,ok,1488.21,260,1.081799613164414,1.081799613164414,2.3838749425956323,1014.0693823674085,4,0,research/tasks/active/TASK-2026-09-03-MOCK-LOWLAMBDA-EXTENSION/lowlamL64/results/X64_00013.json,yes
TASK-2026-09-03-MOCK-LOWLAMBDA-EXTENSION,lowlamL64,64,64.0,0.35,0.1932,1024,14,6.0,systematic,32200014,ok,1497.74,260,1.1447094606430959,1.1447094606430959,2.4096443131000695,1013.6357112832243,3,0,research/tasks/active/TASK-2026-09-03-MOCK-LOWLAMBDA-EXTENSION/lowlamL64/results/X64_00014.json,yes
TASK-2026-09-03-MOCK-LOWLAMBDA-EXTENSION,lowlamL64,64,64.0,0.35,0.1932,1024,15,6.0,systematic,32200015,ok,1495.24,260,0.9708745143799751,0.9708745143799751,2.2438360502788277,1013.9471240835952,3,0,research/tasks/active/TASK-2026-09-03-MOCK-LOWLAMBDA-EXTENSION/lowlamL64/results/X64_00015.json,yes
TASK-2026-09-03-MOCK-LOWLAMBDA-EXTENSION,lowlamL64,64,64.0,0.35,0.1932,1024,16,6.0,systematic,32200016,ok,1478.35,260,0.967795637157375,0.967795637157375,1.958286021633897,1015.0512326850379,7,0,research/tasks/active/TASK-2026-09-03-MOCK-LOWLAMBDA-EXTENSION/lowlamL64/results/X64_00016.json,yes
TASK-2026-09-03-MOCK-LOWLAMBDA-EXTENSION,lowlamL64,64,64.0,0.35,0.1932,1024,17,6.0,systematic,32200017,ok,1477.28,260,1.0495006329341259,1.0495006329341259,1.1528590150668907,1013.5864187613967,3,0,research/tasks/active/TASK-2026-09-03-MOCK-LOWLAMBDA-EXTENSION/lowlamL64/results/X64_00017.json,yes
TASK-2026-09-03-MOCK-LOWLAMBDA-EXTENSION,lowlamL64,64,64.0,0.35,0.1932,1024,18,6.0,systematic,32200018,ok,1492.47,260,1.0913877319650196,1.0913877319650196,2.4812141805842796,1014.2912077487007,3,0,research/tasks/active/TASK-2026-09-03-MOCK-LOWLAMBDA-EXTENSION/lowlamL64/results/X64_00018.json,yes
TASK-2026-09-03-MOCK-LOWLAMBDA-EXTENSION,lowlamL64,64,64.0,0.35,0.1932,1024,19,6.0,systematic,32200019,ok,1486.45,260,1.0451128000754246,1.0451128000754246,1.0,1013.4176388350122,1,0,research/tasks/active/TASK-2026-09-03-MOCK-LOWLAMBDA-EXTENSION/lowlamL64/results/X64_00019.json,yes
TASK-2026-09-03-MOCK-LOWLAMBDA-EXTENSION,lowlamL64,64,64.0,0.35,0.1932,1024,20,6.0,systematic,32200020,ok,1500.23,260,1.0973732519473716,1.0973732519473716,1.0,1013.815342267081,1,0,research/tasks/active/TASK-2026-09-03-MOCK-LOWLAMBDA-EXTENSION/lowlamL64/results/X64_00020.json,yes
TASK-2026-09-03-MOCK-LOWLAMBDA-EXTENSION,lowlamL64,64,64.0,0.35,0.1932,1024,21,6.0,systematic,32200021,ok,1484.48,260,1.1697848066659526,1.1697848066659526,1.4452034026319127,1014.1039289624272,4,0,research/tasks/active/TASK-2026-09-03-MOCK-LOWLAMBDA-EXTENSION/lowlamL64/results/X64_00021.json,yes
TASK-2026-09-03-MOCK-LOWLAMBDA-EXTENSION,lowlamL64,64,64.0,0.35,0.1932,1024,22,6.0,systematic,32200022,ok,1477.58,260,0.9927144649282931,0.9927144649282931,1.114219104311402,1013.4016389035606,3,0,research/tasks/active/TASK-2026-09-03-MOCK-LOWLAMBDA-EXTENSION/lowlamL64/results/X64_00022.json,yes
TASK-2026-09-03-MOCK-LOWLAMBDA-EXTENSION,lowlamL64,64,64.0,0.35,0.1932,1024,23,6.0,systematic,32200023,ok,1464.81,260,1.0661935815469272,1.0661935815469272,1.0,1014.5499256894242,1,0,research/tasks/active/TASK-2026-09-03-MOCK-LOWLAMBDA-EXTENSION/lowlamL64/results/X64_00023.json,yes
TASK-2026-09-03-MOCK-LOWLAMBDA-EXTENSION,lowlamL64,64,64.0,0.35,0.2032,1024,0,6.0,systematic,32201000,ok,1562.19,274,0.9976166814627925,0.9976166814627925,2.5230049614298156,1013.150351013874,5,0,research/tasks/active/TASK-2026-09-03-MOCK-LOWLAMBDA-EXTENSION/lowlamL64/results/X64_00024.json,yes
TASK-2026-09-03-MOCK-LOWLAMBDA-EXTENSION,lowlamL64,64,64.0,0.35,0.2032,1024,1,6.0,systematic,32201001,ok,1546.86,274,1.0245469092323043,1.0245469092323043,1.0583017934821004,1013.1471187558217,3,0,research/tasks/active/TASK-2026-09-03-MOCK-LOWLAMBDA-EXTENSION/lowlamL64/results/X64_00025.json,yes
TASK-2026-09-03-MOCK-LOWLAMBDA-EXTENSION,lowlamL64,64,64.0,0.35,0.2032,1024,2,6.0,systematic,32201002,ok,1536.94,274,0.9095646480981858,0.9095646480981858,1.1707430357840674,1013.1285695265469,3,0,research/tasks/active/TASK-2026-09-03-MOCK-LOWLAMBDA-EXTENSION/lowlamL64/results/X64_00026.json,yes
TASK-2026-09-03-MOCK-LOWLAMBDA-EXTENSION,lowlamL64,64,64.0,0.35,0.2032,1024,3,6.0,systematic,32201003,ok,1539.21,274,0.8887013647029008,0.8887013647029008,1.0,1013.7134445895189,1,0,research/tasks/active/TASK-2026-09-03-MOCK-LOWLAMBDA-EXTENSION/lowlamL64/results/X64_00027.json,yes
TASK-2026-09-03-MOCK-LOWLAMBDA-EXTENSION,lowlamL64,64,64.0,0.35,0.2032,1024,4,6.0,systematic,32201004,ok,1554.93,274,0.9631718050957576,0.9631718050957576,2.7861428336087832,1013.4288330203029,5,0,research/tasks/active/TASK-2026-09-03-MOCK-LOWLAMBDA-EXTENSION/lowlamL64/results/X64_00028.json,yes
TASK-2026-09-03-MOCK-LOWLAMBDA-EXTENSION,lowlamL64,64,64.0,0.35,0.2032,1024,5,6.0,systematic,32201005,ok,1562.78,274,0.9717440101273529,0.9717440101273529,1.910677517046345,1013.4642828948465,5,0,research/tasks/active/TASK-2026-09-03-MOCK-LOWLAMBDA-EXTENSION/lowlamL64/results/X64_00029.json,yes
TASK-2026-09-03-MOCK-LOWLAMBDA-EXTENSION,lowlamL64,64,64.0,0.35,0.2032,1024,6,6.0,systematic,32201006,ok,1333.79,274,1.0213519212737947,1.0213519212737947,1.0938618819111203,1014.7691438923382,2,0,research/tasks/active/TASK-2026-09-03-MOCK-LOWLAMBDA-EXTENSION/lowlamL64/results/X64_00030.json,yes
TASK-2026-09-03-MOCK-LOWLAMBDA-EXTENSION,lowlamL64,64,64.0,0.35,0.2032,1024,7,6.0,systematic,32201007,ok,1322.47,274,0.9732473097812232,0.9732473097812232,1.80343082791856,1013.8280884420326,3,0,research/tasks/active/TASK-2026-09-03-MOCK-LOWLAMBDA-EXTENSION/lowlamL64/results/X64_00031.json,yes
TASK-2026-09-03-MOCK-LOWLAMBDA-EXTENSION,lowlamL64,64,64.0,0.35,0.2032,1024,8,6.0,systematic,32201008,ok,1324.25,274,0.865080181772027,0.865080181772027,1.3647398136747821,1014.1842417059434,3,0,research/tasks/active/TASK-2026-09-03-MOCK-LOWLAMBDA-EXTENSION/lowlamL64/results/X64_00032.json,yes
TASK-2026-09-03-MOCK-LOWLAMBDA-EXTENSION,lowlamL64,64,64.0,0.35,0.2032,1024,9,6.0,systematic,32201009,ok,1347.78,274,0.9401653665604646,0.9401653665604646,1.0,1014.7171419622995,1,0,research/tasks/active/TASK-2026-09-03-MOCK-LOWLAMBDA-EXTENSION/lowlamL64/results/X64_00033.json,yes
TASK-2026-09-03-MOCK-LOWLAMBDA-EXTENSION,lowlamL64,64,64.0,0.35,0.2032,1024,10,6.0,systematic,32201010,ok,1605.2,274,0.998537605477154,0.998537605477154,1.733968772634218,1013.962948928691,3,0,research/tasks/active/TASK-2026-09-03-MOCK-LOWLAMBDA-EXTENSION/lowlamL64/results/X64_00034.json,yes
TASK-2026-09-03-MOCK-LOWLAMBDA-EXTENSION,lowlamL64,64,64.0,0.35,0.2032,1024,11,6.0,systematic,32201011,ok,1527.83,274,1.0422531231608918,1.0422531231608918,1.2185829436319855,1013.5700977156733,2,0,research/tasks/active/TASK-2026-09-03-MOCK-LOWLAMBDA-EXTENSION/lowlamL64/results/X64_00035.json,yes
TASK-2026-09-03-MOCK-LOWLAMBDA-EXTENSION,lowlamL64,64,64.0,0.35,0.2032,1024,12,6.0,systematic,32201012,ok,1521.74,274,1.0771738078917146,1.0771738078917146,2.0104069604696555,1014.1916456161202,3,0,research/tasks/active/TASK-2026-09-03-MOCK-LOWLAMBDA-EXTENSION/lowlamL64/results/X64_00036.json,yes
TASK-2026-09-03-MOCK-LOWLAMBDA-EXTENSION,lowlamL64,64,64.0,0.35,0.2032,1024,13,6.0,systematic,32201013,ok,1525.66,274,1.0812740522345217,1.0812740522345217,1.077389710415348,1013.5996361660636,3,0,research/tasks/active/TASK-2026-09-03-MOCK-LOWLAMBDA-EXTENSION/lowlamL64/results/X64_00037.json,yes
TASK-2026-09-03-MOCK-LOWLAMBDA-EXTENSION,lowlamL64,64,64.0,0.35,0.2032,1024,14,6.0,systematic,32201014,ok,1533.02,274,0.9762927618590601,0.9762927618590601,1.4215319709667886,1014.7441299407042,3,0,research/tasks/active/TASK-2026-09-03-MOCK-LOWLAMBDA-EXTENSION/lowlamL64/results/X64_00038.json,yes
TASK-2026-09-03-MOCK-LOWLAMBDA-EXTENSION,lowlamL64,64,64.0,0.35,0.2032,1024,15,6.0,systematic,32201015,ok,1537.39,274,0.9071934952670655,0.9071934952670655,1.0,1013.0077123115934,1,0,research/tasks/active/TASK-2026-09-03-MOCK-LOWLAMBDA-EXTENSION/lowlamL64/results/X64_00039.json,yes
TASK-2026-09-03-MOCK-LOWLAMBDA-EXTENSION,lowlamL64,64,64.0,0.35,0.2032,1024,16,6.0,systematic,32201016,ok,1535.91,274,0.9946888334712221,0.9946888334712221,1.4649008102822016,1014.41347290182,6,0,research/tasks/active/TASK-2026-09-03-MOCK-LOWLAMBDA-EXTENSION/lowlamL64/results/X64_00040.json,yes
TASK-2026-09-03-MOCK-LOWLAMBDA-EXTENSION,lowlamL64,64,64.0,0.35,0.2032,1024,17,6.0,systematic,32201017,ok,1526.73,274,0.9064709533344261,0.9064709533344261,1.0277174467017414,1013.6347887476826,2,0,research/tasks/active/TASK-2026-09-03-MOCK-LOWLAMBDA-EXTENSION/lowlamL64/results/X64_00041.json,yes
TASK-2026-09-03-MOCK-LOWLAMBDA-EXTENSION,lowlamL64,64,64.0,0.35,0.2032,1024,18,6.0,systematic,32201018,ok,1554.86,274,1.2115652411364917,1.2115652411364917,3.0413077400530195,1014.4964208996096,5,0,research/tasks/active/TASK-2026-09-03-MOCK-LOWLAMBDA-EXTENSION/lowlamL64/results/X64_00042.json,yes
TASK-2026-09-03-MOCK-LOWLAMBDA-EXTENSION,lowlamL64,64,64.0,0.35,0.2032,1024,19,6.0,systematic,32201019,ok,1536.52,274,1.0748281205318142,1.0748281205318142,1.3979522184300341,1014.58738634467,2,0,research/tasks/active/TASK-2026-09-03-MOCK-LOWLAMBDA-EXTENSION/lowlamL64/results/X64_00043.json,yes
TASK-2026-09-03-MOCK-LOWLAMBDA-EXTENSION,lowlamL64,64,64.0,0.35,0.2032,1024,20,6.0,systematic,32201020,ok,1541.47,274,1.071943308667961,1.071943308667961,1.1615507489437689,1012.7056998730528,2,0,research/tasks/active/TASK-2026-09-03-MOCK-LOWLAMBDA-EXTENSION/lowlamL64/results/X64_00044.json,yes
TASK-2026-09-03-MOCK-LOWLAMBDA-EXTENSION,lowlamL64,64,64.0,0.35,0.2032,1024,21,6.0,systematic,32201021,ok,1526.76,274,1.0587712334115045,1.0587712334115045,1.5066050179170272,1014.0197331921211,2,0,research/tasks/active/TASK-2026-09-03-MOCK-LOWLAMBDA-EXTENSION/lowlamL64/results/X64_00045.json,yes
TASK-2026-09-03-MOCK-LOWLAMBDA-EXTENSION,lowlamL64,64,64.0,0.35,0.2032,1024,22,6.0,systematic,32201022,ok,1532.25,274,1.0152715008633384,1.0152715008633384,1.2833807809145674,1014.177441970588,4,0,research/tasks/active/TASK-2026-09-03-MOCK-LOWLAMBDA-EXTENSION/lowlamL64/results/X64_00046.json,yes
TASK-2026-09-03-MOCK-LOWLAMBDA-EXTENSION,lowlamL64,64,64.0,0.35,0.2032,1024,23,6.0,systematic,32201023,ok,1542.06,274,0.9446940073656861,0.9446940073656861,1.1629730023490685,1014.2774378145099,3,0,research/tasks/active/TASK-2026-09-03-MOCK-LOWLAMBDA-EXTENSION/lowlamL64/results/X64_00047.json,yes
TASK-2026-09-03-MOCK-LOWLAMBDA-EXTENSION,lowlamL64,64,64.0,0.35,0.2132,1024,0,6.0,systematic,32202000,ok,1597.25,287,0.8773760047768593,0.8773760047768593,1.5656416948616034,1014.2230567411054,3,0,research/tasks/active/TASK-2026-09-03-MOCK-LOWLAMBDA-EXTENSION/lowlamL64/results/X64_00048.json,yes
TASK-2026-09-03-MOCK-LOWLAMBDA-EXTENSION,lowlamL64,64,64.0,0.35,0.2132,1024,1,6.0,systematic,32202001,ok,1604.23,287,1.0146363301650017,1.0146363301650017,2.194086752735871,1012.7638649702021,4,0,research/tasks/active/TASK-2026-09-03-MOCK-LOWLAMBDA-EXTENSION/lowlamL64/results/X64_00049.json,yes
TASK-2026-09-03-MOCK-LOWLAMBDA-EXTENSION,lowlamL64,64,64.0,0.35,0.2132,1024,2,6.0,systematic,32202002,ok,1571.23,287,1.0106683162208476,1.0106683162208476,1.3662477230855026,1013.4645032281758,3,0,research/tasks/active/TASK-2026-09-03-MOCK-LOWLAMBDA-EXTENSION/lowlamL64/results/X64_00050.json,yes
TASK-2026-09-03-MOCK-LOWLAMBDA-EXTENSION,lowlamL64,64,64.0,0.35,0.2132,1024,3,6.0,systematic,32202003,ok,1580.88,287,0.8668510283283365,0.8668510283283365,1.0257128603429555,1014.276829451413,2,0,research/tasks/active/TASK-2026-09-03-MOCK-LOWLAMBDA-EXTENSION/lowlamL64/results/X64_00051.json,yes
TASK-2026-09-03-MOCK-LOWLAMBDA-EXTENSION,lowlamL64,64,64.0,0.35,0.2132,1024,4,6.0,systematic,32202004,ok,1587.57,287,0.89791475325286,0.89791475325286,1.1904138048475903,1013.4751368912198,3,0,research/tasks/active/TASK-2026-09-03-MOCK-LOWLAMBDA-EXTENSION/lowlamL64/results/X64_00052.json,yes
TASK-2026-09-03-MOCK-LOWLAMBDA-EXTENSION,lowlamL64,64,64.0,0.35,0.2132,1024,5,6.0,systematic,32202005,ok,1586.75,287,1.0563071334393628,1.0563071334393628,2.9193770219779607,1014.6148062854118,3,0,research/tasks/active/TASK-2026-09-03-MOCK-LOWLAMBDA-EXTENSION/lowlamL64/results/X64_00053.json,yes
TASK-2026-09-03-MOCK-LOWLAMBDA-EXTENSION,lowlamL64,64,64.0,0.35,0.2132,1024,6,6.0,systematic,32202006,ok,1535.9,287,1.087212764721049,1.087212764721049,1.5789952385111388,1014.5255096228283,3,0,research/tasks/active/TASK-2026-09-03-MOCK-LOWLAMBDA-EXTENSION/lowlamL64/results/X64_00054.json,yes
TASK-2026-09-03-MOCK-LOWLAMBDA-EXTENSION,lowlamL64,64,64.0,0.35,0.2132,1024,7,6.0,systematic,32202007,ok,1531.9,287,1.0287550543370594,1.0287550543370594,2.7931339435074,1014.1539630015485,5,0,research/tasks/active/TASK-2026-09-03-MOCK-LOWLAMBDA-EXTENSION/lowlamL64/results/X64_00055.json,yes
TASK-2026-09-03-MOCK-LOWLAMBDA-EXTENSION,lowlamL64,64,64.0,0.35,0.2132,1024,8,6.0,systematic,32202008,ok,1513.83,287,0.9641606652094376,0.9641606652094376,1.0,1012.8504784119292,1,0,research/tasks/active/TASK-2026-09-03-MOCK-LOWLAMBDA-EXTENSION/lowlamL64/results/X64_00056.json,yes
TASK-2026-09-03-MOCK-LOWLAMBDA-EXTENSION,lowlamL64,64,64.0,0.35,0.2132,1024,9,6.0,systematic,32202009,ok,1516.9,287,0.9799583867119708,0.9799583867119708,1.0,1014.1200188129826,1,0,research/tasks/active/TASK-2026-09-03-MOCK-LOWLAMBDA-EXTENSION/lowlamL64/results/X64_00057.json,yes
TASK-2026-09-03-MOCK-LOWLAMBDA-EXTENSION,lowlamL64,64,64.0,0.35,0.2132,1024,10,6.0,systematic,32202010,ok,1531.28,287,1.005873103609387,1.005873103609387,2.5785332074283915,1013.4073909781185,3,0,research/tasks/active/TASK-2026-09-03-MOCK-LOWLAMBDA-EXTENSION/lowlamL64/results/X64_00058.json,yes
TASK-2026-09-03-MOCK-LOWLAMBDA-EXTENSION,lowlamL64,64,64.0,0.35,0.2132,1024,11,6.0,systematic,32202011,ok,1506.97,287,0.8488688745534946,0.8488688745534946,2.171279481498354,1013.0429338314646,4,0,research/tasks/active/TASK-2026-09-03-MOCK-LOWLAMBDA-EXTENSION/lowlamL64/results/X64_00059.json,yes
TASK-2026-09-03-MOCK-LOWLAMBDA-EXTENSION,lowlamL64,64,64.0,0.35,0.2132,1024,12,6.0,systematic,32202012,ok,1534.01,287,0.8860026695529774,0.8860026695529774,1.4520840084307551,1013.8118228903237,5,0,research/tasks/active/TASK-2026-09-03-MOCK-LOWLAMBDA-EXTENSION/lowlamL64/results/X64_00060.json,yes
TASK-2026-09-03-MOCK-LOWLAMBDA-EXTENSION,lowlamL64,64,64.0,0.35,0.2132,1024,13,6.0,systematic,32202013,ok,1539.98,287,0.9451223291080467,0.9451223291080467,1.0,1013.158254348088,1,0,research/tasks/active/TASK-2026-09-03-MOCK-LOWLAMBDA-EXTENSION/lowlamL64/results/X64_00061.json,yes
TASK-2026-09-03-MOCK-LOWLAMBDA-EXTENSION,lowlamL64,64,64.0,0.35,0.2132,1024,14,6.0,systematic,32202014,ok,1513.83,287,0.922117413375805,0.922117413375805,1.0,1013.7789582840546,1,0,research/tasks/active/TASK-2026-09-03-MOCK-LOWLAMBDA-EXTENSION/lowlamL64/results/X64_00062.json,yes
TASK-2026-09-03-MOCK-LOWLAMBDA-EXTENSION,lowlamL64,64,64.0,0.35,0.2132,1024,15,6.0,systematic,32202015,ok,1533.2,287,0.9662004561367297,0.9662004561367297,3.091393664944928,1013.4759859315014,8,0,research/tasks/active/TASK-2026-09-03-MOCK-LOWLAMBDA-EXTENSION/lowlamL64/results/X64_00063.json,yes
TASK-2026-09-03-MOCK-LOWLAMBDA-EXTENSION,lowlamL64,64,64.0,0.35,0.2132,1024,16,6.0,systematic,32202016,ok,1381.25,287,0.9984378115362921,0.9984378115362921,1.9678781486583365,1013.962852226787,3,0,research/tasks/active/TASK-2026-09-03-MOCK-LOWLAMBDA-EXTENSION/lowlamL64/results/X64_00064.json,yes
TASK-2026-09-03-MOCK-LOWLAMBDA-EXTENSION,lowlamL64,64,64.0,0.35,0.2132,1024,17,6.0,systematic,32202017,ok,1387.53,287,0.9812287387007876,0.9812287387007876,1.3531409693903886,1013.6820413980128,2,0,research/tasks/active/TASK-2026-09-03-MOCK-LOWLAMBDA-EXTENSION/lowlamL64/results/X64_00065.json,yes
TASK-2026-09-03-MOCK-LOWLAMBDA-EXTENSION,lowlamL64,64,64.0,0.35,0.2132,1024,18,6.0,systematic,32202018,ok,1389.07,287,0.9333432185936275,0.9333432185936275,2.4793602602844023,1013.8518792445557,6,0,research/tasks/active/TASK-2026-09-03-MOCK-LOWLAMBDA-EXTENSION/lowlamL64/results/X64_00066.json,yes
TASK-2026-09-03-MOCK-LOWLAMBDA-EXTENSION,lowlamL64,64,64.0,0.35,0.2132,1024,19,6.0,systematic,32202019,ok,1399.38,287,0.9929774342220613,0.9929774342220613,2.4717973862372,1013.634613930922,3,0,research/tasks/active/TASK-2026-09-03-MOCK-LOWLAMBDA-EXTENSION/lowlamL64/results/X64_00067.json,yes
TASK-2026-09-03-MOCK-LOWLAMBDA-EXTENSION,lowlamL64,64,64.0,0.35,0.2132,1024,20,6.0,systematic,32202020,ok,1508.84,287,0.8944298378041535,0.8944298378041535,1.9265094949732495,1013.6571972079031,2,0,research/tasks/active/TASK-2026-09-03-MOCK-LOWLAMBDA-EXTENSION/lowlamL64/results/X64_00068.json,yes
TASK-2026-09-03-MOCK-LOWLAMBDA-EXTENSION,lowlamL64,64,64.0,0.35,0.2132,1024,21,6.0,systematic,32202021,ok,1512.32,287,0.9684048241874822,0.9684048241874822,1.503485654474284,1012.960352351464,3,0,research/tasks/active/TASK-2026-09-03-MOCK-LOWLAMBDA-EXTENSION/lowlamL64/results/X64_00069.json,yes
TASK-2026-09-03-MOCK-LOWLAMBDA-EXTENSION,lowlamL64,64,64.0,0.35,0.2132,1024,22,6.0,systematic,32202022,ok,1370.73,287,0.86784500332375,0.86784500332375,1.0729952253382478,1013.3658807524691,3,0,research/tasks/active/TASK-2026-09-03-MOCK-LOWLAMBDA-EXTENSION/lowlamL64/results/X64_00070.json,yes
TASK-2026-09-03-MOCK-LOWLAMBDA-EXTENSION,lowlamL64,64,64.0,0.35,0.2132,1024,23,6.0,systematic,32202023,ok,1369.41,287,0.8485452313154599,0.8485452313154599,1.630395775738484,1013.4314094534709,3,0,research/tasks/active/TASK-2026-09-03-MOCK-LOWLAMBDA-EXTENSION/lowlamL64/results/X64_00071.json,yes
TASK-2026-09-03-MOCK-LOWLAMBDA-EXTENSION,lowlamL64,64,64.0,0.35,0.2232,1024,0,6.0,systematic,32203000,ok,1570.13,300,0.8531126639527438,0.8531126639527438,1.0418560286154304,1012.9026288566167,2,0,research/tasks/active/TASK-2026-09-03-MOCK-LOWLAMBDA-EXTENSION/lowlamL64/results/X64_00072.json,yes
TASK-2026-09-03-MOCK-LOWLAMBDA-EXTENSION,lowlamL64,64,64.0,0.35,0.2232,1024,1,6.0,systematic,32203001,ok,1570.54,300,0.8863102052202619,0.8863102052202619,1.1109962111258975,1013.7060163395132,2,0,research/tasks/active/TASK-2026-09-03-MOCK-LOWLAMBDA-EXTENSION/lowlamL64/results/X64_00073.json,yes
TASK-2026-09-03-MOCK-LOWLAMBDA-EXTENSION,lowlamL64,64,64.0,0.35,0.2232,1024,2,6.0,systematic,32203002,ok,1564.96,300,0.8274634662959596,0.8274634662959596,1.1570800219812718,1014.041711731404,2,0,research/tasks/active/TASK-2026-09-03-MOCK-LOWLAMBDA-EXTENSION/lowlamL64/results/X64_00074.json,yes
TASK-2026-09-03-MOCK-LOWLAMBDA-EXTENSION,lowlamL64,64,64.0,0.35,0.2232,1024,3,6.0,systematic,32203003,ok,1568.62,300,0.8847073891022885,0.8847073891022885,1.5973238196503052,1013.347120431348,3,0,research/tasks/active/TASK-2026-09-03-MOCK-LOWLAMBDA-EXTENSION/lowlamL64/results/X64_00075.json,yes
TASK-2026-09-03-MOCK-LOWLAMBDA-EXTENSION,lowlamL64,64,64.0,0.35,0.2232,1024,4,6.0,systematic,32203004,ok,1572.21,300,0.9827686292749266,0.9827686292749266,1.0117874097803852,1013.775468170659,2,0,research/tasks/active/TASK-2026-09-03-MOCK-LOWLAMBDA-EXTENSION/lowlamL64/results/X64_00076.json,yes
TASK-2026-09-03-MOCK-LOWLAMBDA-EXTENSION,lowlamL64,64,64.0,0.35,0.2232,1024,5,6.0,systematic,32203005,ok,1581.83,300,0.9058919617197865,0.9058919617197865,3.2019347628266592,1013.6113650675206,5,0,research/tasks/active/TASK-2026-09-03-MOCK-LOWLAMBDA-EXTENSION/lowlamL64/results/X64_00077.json,yes
TASK-2026-09-03-MOCK-LOWLAMBDA-EXTENSION,lowlamL64,64,64.0,0.35,0.2232,1024,6,6.0,systematic,32203006,ok,1564.15,300,0.9370037914429251,0.9370037914429251,1.9263325360345962,1013.8430209410717,4,0,research/tasks/active/TASK-2026-09-03-MOCK-LOWLAMBDA-EXTENSION/lowlamL64/results/X64_00078.json,yes
TASK-2026-09-03-MOCK-LOWLAMBDA-EXTENSION,lowlamL64,64,64.0,0.35,0.2232,1024,7,6.0,systematic,32203007,ok,1564.8,300,0.9327903477241881,0.9327903477241881,1.0,1012.4220467831198,1,0,research/tasks/active/TASK-2026-09-03-MOCK-LOWLAMBDA-EXTENSION/lowlamL64/results/X64_00079.json,yes
TASK-2026-09-03-MOCK-LOWLAMBDA-EXTENSION,lowlamL64,64,64.0,0.35,0.2232,1024,8,6.0,systematic,32203008,ok,1505.5,300,0.8755112291016299,0.8755112291016299,1.6540984278922146,1012.9675220959028,3,0,research/tasks/active/TASK-2026-09-03-MOCK-LOWLAMBDA-EXTENSION/lowlamL64/results/X64_00080.json,yes
TASK-2026-09-03-MOCK-LOWLAMBDA-EXTENSION,lowlamL64,64,64.0,0.35,0.2232,1024,9,6.0,systematic,32203009,ok,1510.03,300,0.8208955571975605,0.8208955571975605,2.186637972381751,1013.7637521565819,5,0,research/tasks/active/TASK-2026-09-03-MOCK-LOWLAMBDA-EXTENSION/lowlamL64/results/X64_00081.json,yes
TASK-2026-09-03-MOCK-LOWLAMBDA-EXTENSION,lowlamL64,64,64.0,0.35,0.2232,1024,10,6.0,systematic,32203010,ok,1512.52,300,0.8819650131829762,0.8819650131829762,1.8661322873546444,1013.8623090768392,3,0,research/tasks/active/TASK-2026-09-03-MOCK-LOWLAMBDA-EXTENSION/lowlamL64/results/X64_00082.json,yes
TASK-2026-09-03-MOCK-LOWLAMBDA-EXTENSION,lowlamL64,64,64.0,0.35,0.2232,1024,11,6.0,systematic,32203011,ok,1418.65,300,0.9061815914418034,0.9061815914418034,1.9998931941806086,1013.6565988287805,5,0,research/tasks/active/TASK-2026-09-03-MOCK-LOWLAMBDA-EXTENSION/lowlamL64/results/X64_00083.json,yes
TASK-2026-09-03-MOCK-LOWLAMBDA-EXTENSION,lowlamL64,64,64.0,0.35,0.2232,1024,12,6.0,systematic,32203012,ok,1526.83,300,0.9080035410441043,0.9080035410441043,1.8608666023056393,1014.5477655541474,2,0,research/tasks/active/TASK-2026-09-03-MOCK-LOWLAMBDA-EXTENSION/lowlamL64/results/X64_00084.json,yes
TASK-2026-09-03-MOCK-LOWLAMBDA-EXTENSION,lowlamL64,64,64.0,0.35,0.2232,1024,13,6.0,systematic,32203013,ok,1513.52,300,0.9459792286767287,0.9459792286767287,1.0098133064197707,1014.2309633050029,2,0,research/tasks/active/TASK-2026-09-03-MOCK-LOWLAMBDA-EXTENSION/lowlamL64/results/X64_00085.json,yes
TASK-2026-09-03-MOCK-LOWLAMBDA-EXTENSION,lowlamL64,64,64.0,0.35,0.2232,1024,14,6.0,systematic,32203014,ok,1528.91,300,0.9722438277739319,0.9722438277739319,3.1341192224002294,1013.3548528687135,5,0,research/tasks/active/TASK-2026-09-03-MOCK-LOWLAMBDA-EXTENSION/lowlamL64/results/X64_00086.json,yes
TASK-2026-09-03-MOCK-LOWLAMBDA-EXTENSION,lowlamL64,64,64.0,0.35,0.2232,1024,15,6.0,systematic,32203015,ok,1523.62,300,0.9099159406208049,0.9099159406208049,1.0,1014.4618465195432,1,0,research/tasks/active/TASK-2026-09-03-MOCK-LOWLAMBDA-EXTENSION/lowlamL64/results/X64_00087.json,yes
TASK-2026-09-03-MOCK-LOWLAMBDA-EXTENSION,lowlamL64,64,64.0,0.35,0.2232,1024,16,6.0,systematic,32203016,ok,1511.6,300,0.8497579361349401,0.8497579361349401,1.799296463441838,1013.6364583249472,2,0,research/tasks/active/TASK-2026-09-03-MOCK-LOWLAMBDA-EXTENSION/lowlamL64/results/X64_00088.json,yes
TASK-2026-09-03-MOCK-LOWLAMBDA-EXTENSION,lowlamL64,64,64.0,0.35,0.2232,1024,17,6.0,systematic,32203017,ok,1541.05,300,0.9182840769813063,0.9182840769813063,2.1112126764249903,1014.1410671843543,3,0,research/tasks/active/TASK-2026-09-03-MOCK-LOWLAMBDA-EXTENSION/lowlamL64/results/X64_00089.json,yes
TASK-2026-09-03-MOCK-LOWLAMBDA-EXTENSION,lowlamL64,64,64.0,0.35,0.2232,1024,18,6.0,systematic,32203018,ok,1534.81,300,0.9530750803970492,0.9530750803970492,2.1629310593777977,1014.2790423665178,4,0,research/tasks/active/TASK-2026-09-03-MOCK-LOWLAMBDA-EXTENSION/lowlamL64/results/X64_00090.json,yes
TASK-2026-09-03-MOCK-LOWLAMBDA-EXTENSION,lowlamL64,64,64.0,0.35,0.2232,1024,19,6.0,systematic,32203019,ok,1518.2,300,0.8279622921357483,0.8279622921357483,3.1446651031951203,1012.6018435584302,4,0,research/tasks/active/TASK-2026-09-03-MOCK-LOWLAMBDA-EXTENSION/lowlamL64/results/X64_00091.json,yes
TASK-2026-09-03-MOCK-LOWLAMBDA-EXTENSION,lowlamL64,64,64.0,0.35,0.2232,1024,20,6.0,systematic,32203020,ok,1524.15,300,0.9234472600995844,0.9234472600995844,1.676139324477693,1012.7519487872901,3,0,research/tasks/active/TASK-2026-09-03-MOCK-LOWLAMBDA-EXTENSION/lowlamL64/results/X64_00092.json,yes
TASK-2026-09-03-MOCK-LOWLAMBDA-EXTENSION,lowlamL64,64,64.0,0.35,0.2232,1024,21,6.0,systematic,32203021,ok,1505.09,300,0.9596281724348352,0.9596281724348352,1.4370511681961209,1013.5412157060828,5,0,research/tasks/active/TASK-2026-09-03-MOCK-LOWLAMBDA-EXTENSION/lowlamL64/results/X64_00093.json,yes
TASK-2026-09-03-MOCK-LOWLAMBDA-EXTENSION,lowlamL64,64,64.0,0.35,0.2232,1024,22,6.0,systematic,32203022,ok,1416.48,300,0.7662699722343862,0.7662699722343862,1.9923995986988112,1012.8563597434152,5,0,research/tasks/active/TASK-2026-09-03-MOCK-LOWLAMBDA-EXTENSION/lowlamL64/results/X64_00094.json,yes
TASK-2026-09-03-MOCK-LOWLAMBDA-EXTENSION,lowlamL64,64,64.0,0.35,0.2232,1024,23,6.0,systematic,32203023,ok,1420.7,300,0.8729491562144862,0.8729491562144862,1.8142897185589164,1012.4850407006636,3,0,research/tasks/active/TASK-2026-09-03-MOCK-LOWLAMBDA-EXTENSION/lowlamL64/results/X64_00095.json,yes
