dataset,source_file,r_alpha_over_w,git_commit,L,lambda,zeta,real,alpha,w,T,N_c,dtau,theta_hat,S_mean,S_std,eff_sample_size,n_T_mean,n_distinct_ancestors,CMI_mean,CMI_std,B_L_mean,B_L_std,S_AB_mean,wall_s,status
boundary,pps/boundary/L112_z0.350_lam0.1775/real000.json,0.21580547112462004,9b617fad03ded5737e9f1bf1610ffeb2a50a0996,112,0.1775,0.35,0,0.1775,0.8225,112.0,128,0.30452988199467074,-6.185078728189984,5.533017585621246,0.21955195366029728,125.07780214123869,0.027700885394038678,1,1.9624308843248475,0.2768871964157494,10.418885169516725,1.7909111065165597,5.301483175763243,1540.4814157485962,ok
boundary,pps/boundary/L112_z0.350_lam0.1775/real001.json,0.21580547112462004,9b617fad03ded5737e9f1bf1610ffeb2a50a0996,112,0.1775,0.35,1,0.1775,0.8225,112.0,128,0.30452988199467074,-6.215652951565807,5.60535416627568,0.21971511268715982,125.52325219233761,0.028920889572143234,1,2.129522330873373,0.2990526004882664,12.388290334587733,2.0371572763581867,5.8099571813475155,1560.0369050502777,ok
boundary,pps/boundary/L112_z0.350_lam0.1775/real002.json,0.21580547112462004,9b617fad03ded5737e9f1bf1610ffeb2a50a0996,112,0.1775,0.35,2,0.1775,0.8225,112.0,128,0.30452988199467074,-6.1737633257953535,5.2697603132410915,0.24696590800272236,125.62771518503207,0.027847621612115306,1,2.1557750073802335,0.29709396512978864,11.043555249814862,1.6465616418022335,5.148592936818249,1561.6689999103546,ok
boundary,pps/boundary/L112_z0.350_lam0.1775/real003.json,0.21580547112462004,9b617fad03ded5737e9f1bf1610ffeb2a50a0996,112,0.1775,0.35,3,0.1775,0.8225,112.0,128,0.30452988199467074,-6.046913773730421,4.705496601625382,0.3440204862688854,124.478897797522,0.027189927759079118,1,1.238107814597205,0.20096494626670852,6.131446201925532,1.3229754702422765,4.926579710602062,1451.9368920326233,ok
boundary,pps/boundary/L112_z0.350_lam0.1775/real004.json,0.21580547112462004,9b617fad03ded5737e9f1bf1610ffeb2a50a0996,112,0.1775,0.35,4,0.1775,0.8225,112.0,128,0.30452988199467074,-6.104136282091232,5.109538521525584,0.341746767124484,125.75763882874337,0.027635396793996056,1,1.9441274205502281,0.2873950255822489,10.546744881093055,1.9972106469965996,5.402023545625838,1594.0670940876007,ok
boundary,pps/boundary/L112_z0.350_lam0.1775/real005.json,0.21580547112462004,9b617fad03ded5737e9f1bf1610ffeb2a50a0996,112,0.1775,0.35,5,0.1775,0.8225,112.0,128,0.30452988199467074,-6.2412408575651686,5.492371622596703,0.19318719070735776,124.99982262477755,0.02835296097205926,1,1.9414701929703568,0.26135283806479803,10.521129284934492,2.0518589358786636,5.388676820685893,1541.4790625572205,ok
boundary,pps/boundary/L112_z0.350_lam0.1775/real006.json,0.21580547112462004,9b617fad03ded5737e9f1bf1610ffeb2a50a0996,112,0.1775,0.35,6,0.1775,0.8225,112.0,128,0.30452988199467074,-6.220344850269525,5.008937348944056,0.46688695072118674,125.19042732444349,0.02786947620194217,1,1.8334989849121834,0.2676325827556003,9.600592764648939,1.847519993795832,5.213851870971466,1594.6692142486572,ok
boundary,pps/boundary/L112_z0.350_lam0.1775/real007.json,0.21580547112462004,9b617fad03ded5737e9f1bf1610ffeb2a50a0996,112,0.1775,0.35,7,0.1775,0.8225,112.0,128,0.30452988199467074,-6.272429222148292,5.470140213886674,0.33607538700919803,125.41538152882636,0.02770410105251307,1,1.4990320226549025,0.3507620506092903,6.911508177904767,2.672706446026096,4.496670383351533,1523.070128917694,ok
boundary,pps/boundary/L112_z0.350_lam0.1775/real008.json,0.21580547112462004,9b617fad03ded5737e9f1bf1610ffeb2a50a0996,112,0.1775,0.35,8,0.1775,0.8225,112.0,128,0.30452988199467074,-6.157309779315874,5.467554857771474,0.23829773970516824,125.93821174552724,0.027755894387772283,1,1.72164111439669,0.24987582017320006,9.593911957827315,1.7876794614086327,5.5545517276255385,1603.518756866455,ok
boundary,pps/boundary/L112_z0.350_lam0.1775/real009.json,0.21580547112462004,9b617fad03ded5737e9f1bf1610ffeb2a50a0996,112,0.1775,0.35,9,0.1775,0.8225,112.0,128,0.30452988199467074,-6.129366924197558,4.7496984264935405,0.36794466484718213,125.13113697128091,0.02714739788202184,1,1.6991858925841274,0.46064929224251155,9.334823600282313,3.098877869988792,5.422271367974794,1469.8024363517761,ok
boundary,pps/boundary/L112_z0.350_lam0.1775/real010.json,0.21580547112462004,9b617fad03ded5737e9f1bf1610ffeb2a50a0996,112,0.1775,0.35,10,0.1775,0.8225,112.0,128,0.30452988199467074,-6.1825142287793335,5.370222257684488,0.2555731315384877,125.66205120259444,0.02757204638378378,1,1.7454049670031326,0.21000673600015812,9.060555315203292,1.4222002268642875,5.181359186109912,1476.4810955524445,ok
boundary,pps/boundary/L112_z0.350_lam0.1775/real011.json,0.21580547112462004,9b617fad03ded5737e9f1bf1610ffeb2a50a0996,112,0.1775,0.35,11,0.1775,0.8225,112.0,128,0.30452988199467074,-6.212912577305319,5.492830242888266,0.24120215651184662,125.6596609316945,0.027802581395344722,1,1.7532929637477463,0.2669937868095236,8.713817042872016,2.042624475789544,4.9379426132889535,1593.9850454330444,ok
boundary,pps/boundary/L112_z0.350_lam0.2219/real000.json,0.28518185323223233,9b617fad03ded5737e9f1bf1610ffeb2a50a0996,112,0.2219,0.35,0,0.2219,0.7781,112.0,128,0.24359645810749914,-7.114418254017082,3.8394968333636106,0.31045412602356304,125.1926123889869,0.03183672785185973,1,0.7864551057583181,0.49974263082074744,2.840143267811566,2.3909997717618285,3.205948662986552,1835.6857933998108,ok
boundary,pps/boundary/L112_z0.350_lam0.2219/real001.json,0.28518185323223233,9b617fad03ded5737e9f1bf1610ffeb2a50a0996,112,0.2219,0.35,1,0.2219,0.7781,112.0,128,0.24359645810749914,-7.132788836388356,3.474863351245282,0.34237192896411694,125.7316943336177,0.03153505265362423,1,1.2007926085556309,0.47974131789718477,4.6560461496390975,2.1510247330830565,3.7759812789825045,1732.9479293823242,ok
boundary,pps/boundary/L112_z0.350_lam0.2219/real002.json,0.28518185323223233,9b617fad03ded5737e9f1bf1610ffeb2a50a0996,112,0.2219,0.35,2,0.2219,0.7781,112.0,128,0.24359645810749914,-7.294240903754421,4.004286854276331,0.4249010452721508,125.85209556751774,0.03197660522431646,1,1.3711498164407412,0.3712626188022521,6.02894316197477,1.5673150622384666,4.427969503426197,1908.5218617916107,ok
boundary,pps/boundary/L112_z0.350_lam0.2219/real003.json,0.28518185323223233,9b617fad03ded5737e9f1bf1610ffeb2a50a0996,112,0.2219,0.35,3,0.2219,0.7781,112.0,128,0.24359645810749914,-7.209677905768607,3.6377319718813386,0.28554951600897605,125.16432013448149,0.03259667834510256,1,1.0055846365649508,0.2630072045666463,3.437012916085902,1.2086527081504213,3.3623871861245,1712.3049223423004,ok
boundary,pps/boundary/L112_z0.350_lam0.2219/real004.json,0.28518185323223233,9b617fad03ded5737e9f1bf1610ffeb2a50a0996,112,0.2219,0.35,4,0.2219,0.7781,112.0,128,0.24359645810749914,-7.268614623979241,4.024338288615309,0.3327756550857611,125.6363547644282,0.033357550942586134,1,1.3688619198190826,0.21072825324289093,5.449550893141428,1.295342086152408,3.9497676484896758,1921.710554599762,ok
boundary,pps/boundary/L112_z0.350_lam0.2219/real005.json,0.28518185323223233,9b617fad03ded5737e9f1bf1610ffeb2a50a0996,112,0.2219,0.35,5,0.2219,0.7781,112.0,128,0.24359645810749914,-7.210986028072864,4.089680267733708,0.2393266213023145,125.66497421068935,0.032497878713491885,1,0.9856833462961335,0.22853354203885237,3.497346873657172,1.2838138889926949,3.4672884582444268,1803.9339580535889,ok
boundary,pps/boundary/L112_z0.350_lam0.2219/real006.json,0.28518185323223233,9b617fad03ded5737e9f1bf1610ffeb2a50a0996,112,0.2219,0.35,6,0.2219,0.7781,112.0,128,0.24359645810749914,-7.226181083419112,3.974307577657957,0.24720238499752484,124.35390938431544,0.0321828337228832,1,0.959194798829323,0.21961344067014638,3.586583212242447,1.0850562558919423,3.7081378832785257,1914.1173548698425,ok
boundary,pps/boundary/L112_z0.350_lam0.2219/real007.json,0.28518185323223233,9b617fad03ded5737e9f1bf1610ffeb2a50a0996,112,0.2219,0.35,7,0.2219,0.7781,112.0,128,0.24359645810749914,-7.270666096232668,3.9207542589057556,0.2056555094251221,125.12710992366779,0.032365656195658205,1,1.3968483252969257,0.40687442519257805,5.4226688944473675,2.0668673954516112,3.8071234572395456,1946.3976578712463,ok
boundary,pps/boundary/L112_z0.350_lam0.2219/real008.json,0.28518185323223233,9b617fad03ded5737e9f1bf1610ffeb2a50a0996,112,0.2219,0.35,8,0.2219,0.7781,112.0,128,0.24359645810749914,-7.205782814375781,3.933908465290301,0.39128956353153105,124.78265827913566,0.03248158498073157,1,1.0494628017363203,0.1798012462877557,3.958493622203143,1.101314322598309,3.7441635637138164,1878.149979352951,ok
boundary,pps/boundary/L112_z0.350_lam0.2219/real009.json,0.28518185323223233,9b617fad03ded5737e9f1bf1610ffeb2a50a0996,112,0.2219,0.35,9,0.2219,0.7781,112.0,128,0.24359645810749914,-7.268582252122117,3.9674512432401303,0.2914761482728422,125.62504402342354,0.03284846664444284,1,1.2157978041086563,0.3252368942778871,5.470092715531903,1.6258826651139702,4.483567013370411,1866.2336571216583,ok
boundary,pps/boundary/L112_z0.350_lam0.2219/real010.json,0.28518185323223233,9b617fad03ded5737e9f1bf1610ffeb2a50a0996,112,0.2219,0.35,10,0.2219,0.7781,112.0,128,0.24359645810749914,-7.227392199883872,3.8738671200747152,0.35895238291986126,125.2384015527114,0.03254745458602337,1,1.2670665801728112,0.34525300838234924,5.2119717593533785,2.5955169246857785,3.94044372097724,1754.002768754959,ok
boundary,pps/boundary/L112_z0.350_lam0.2219/real011.json,0.28518185323223233,9b617fad03ded5737e9f1bf1610ffeb2a50a0996,112,0.2219,0.35,11,0.2219,0.7781,112.0,128,0.24359645810749914,-7.297662844158937,3.8697566603035107,0.26271511817313264,125.45079659529362,0.03267453840253547,1,0.987176268848472,0.2580959745899366,3.8472907142914865,1.4556870600469036,3.810539867139357,1801.0321807861328,ok
boundary,pps/boundary/L112_z0.350_lam0.2662/real000.json,0.362769146906514,9b617fad03ded5737e9f1bf1610ffeb2a50a0996,112,0.2662,0.35,0,0.2662,0.7338,112.0,128,0.20305805429772372,-7.82327655383316,2.568999896200662,0.32083920509928027,125.07210374760788,0.034398853841075994,1,0.4083815886451482,0.1325073088582623,1.141248513466713,0.5534682750757669,2.7253171139891736,1979.3478083610535,ok
boundary,pps/boundary/L112_z0.350_lam0.2662/real001.json,0.362769146906514,9b617fad03ded5737e9f1bf1610ffeb2a50a0996,112,0.2662,0.35,1,0.2662,0.7338,112.0,128,0.20305805429772372,-8.091043995679561,3.087187013667513,0.3466277426032329,125.53117877584654,0.03613482718131456,1,0.6616211021991689,0.2011466944032356,1.8598205540552102,0.7826989355600364,2.7399045612206105,2067.0417597293854,ok
boundary,pps/boundary/L112_z0.350_lam0.2662/real002.json,0.362769146906514,9b617fad03ded5737e9f1bf1610ffeb2a50a0996,112,0.2662,0.35,2,0.2662,0.7338,112.0,128,0.20305805429772372,-7.859087749056127,2.667417164318677,0.29085358023737956,124.99966680541162,0.035542549575139075,1,0.6146738909129856,0.1437549940156392,1.8213243183065915,0.5726898753193361,2.92650688441955,2057.4044046401978,ok
boundary,pps/boundary/L112_z0.350_lam0.2662/real003.json,0.362769146906514,9b617fad03ded5737e9f1bf1610ffeb2a50a0996,112,0.2662,0.35,3,0.2662,0.7338,112.0,128,0.20305805429772372,-8.156431654377402,3.0777031559123857,0.38963828847807497,125.27437626473413,0.03557966630767167,1,0.40719478833695233,0.18934922691769987,1.1230462391578346,0.8389190549988917,2.5032176421644117,2158.104171037674,ok
boundary,pps/boundary/L112_z0.350_lam0.2662/real004.json,0.362769146906514,9b617fad03ded5737e9f1bf1610ffeb2a50a0996,112,0.2662,0.35,4,0.2662,0.7338,112.0,128,0.20305805429772372,-8.165012672415079,2.882970552188674,0.19638563796992037,125.25625078471948,0.03656806620718193,1,0.4388561455606972,0.25195032493675557,1.3694512998853887,1.0770376906981503,2.9218170539110737,2223.056695461273,ok
boundary,pps/boundary/L112_z0.350_lam0.2662/real005.json,0.362769146906514,9b617fad03ded5737e9f1bf1610ffeb2a50a0996,112,0.2662,0.35,5,0.2662,0.7338,112.0,128,0.20305805429772372,-8.187893780240177,3.351635937919595,0.2916248705155565,124.8662824018955,0.03689593650123242,1,0.8178579325562796,0.2963653117452774,2.442540891971791,1.2980407951564537,2.8263284671461872,2135.2695286273956,ok
boundary,pps/boundary/L112_z0.350_lam0.2662/real006.json,0.362769146906514,9b617fad03ded5737e9f1bf1610ffeb2a50a0996,112,0.2662,0.35,6,0.2662,0.7338,112.0,128,0.20305805429772372,-8.090272184453772,2.8446965422077866,0.35714004859776405,125.85724519378292,0.03629364334988733,1,0.843130865084029,0.18401370727436067,3.046291525797,0.9106066698034292,3.572403535292385,2094.175995349884,ok
boundary,pps/boundary/L112_z0.350_lam0.2662/real007.json,0.362769146906514,9b617fad03ded5737e9f1bf1610ffeb2a50a0996,112,0.2662,0.35,7,0.2662,0.7338,112.0,128,0.20305805429772372,-8.148306431377062,3.337322548946215,0.1877529581214654,125.34224123733418,0.0369345584731391,1,1.0021478541351558,0.24817396619125157,3.7333526468446436,1.166765114861875,3.6875418409838567,2045.7151126861572,ok
boundary,pps/boundary/L112_z0.350_lam0.2662/real008.json,0.362769146906514,9b617fad03ded5737e9f1bf1610ffeb2a50a0996,112,0.2662,0.35,8,0.2662,0.7338,112.0,128,0.20305805429772372,-8.018471567413446,2.8136381015513243,0.42692646958592123,124.87187059034738,0.036093415647658465,1,0.5730943018142467,0.18714183242954782,1.5618460137949959,0.6416068264400809,2.6569201635658812,2189.2690374851227,ok
boundary,pps/boundary/L112_z0.350_lam0.2662/real009.json,0.362769146906514,9b617fad03ded5737e9f1bf1610ffeb2a50a0996,112,0.2662,0.35,9,0.2662,0.7338,112.0,128,0.20305805429772372,-8.070147601064301,3.074180744816243,0.48001242557687335,125.25107461382797,0.03542929753820055,1,0.3570587327562086,0.12070902513757494,0.8462774078019695,0.3626587685777819,2.3194777730880523,2083.782126188278,ok
boundary,pps/boundary/L112_z0.350_lam0.2662/real010.json,0.362769146906514,9b617fad03ded5737e9f1bf1610ffeb2a50a0996,112,0.2662,0.35,10,0.2662,0.7338,112.0,128,0.20305805429772372,-7.921907984213475,2.7266859109317414,0.3815739848586984,124.63826908077598,0.03549458553207488,1,0.3069101936738713,0.09501710550698954,0.6839740973546766,0.300658877152178,2.175620711003304,2081.3989491462708,ok
boundary,pps/boundary/L112_z0.350_lam0.2662/real011.json,0.362769146906514,9b617fad03ded5737e9f1bf1610ffeb2a50a0996,112,0.2662,0.35,11,0.2662,0.7338,112.0,128,0.20305805429772372,-7.997219554772744,2.8838804902126145,0.2713868191835,124.97243424500259,0.035644060167499096,1,0.4068653883083462,0.16401114870346095,1.0480869278201492,0.547659362452379,2.518724414796698,2138.2925243377686,ok
boundary,pps/boundary/L112_z0.350_lam0.3106/real000.json,0.450536698578474,9b617fad03ded5737e9f1bf1610ffeb2a50a0996,112,0.3106,0.35,0,0.3106,0.6894,112.0,128,0.1740310819512365,-8.683410698607288,2.34499541265886,0.19465940177689312,125.55862412235908,0.03881083803325023,1,0.21167831567017434,0.12227374874409153,0.41762554635244875,0.3176001154724993,1.9010009010234827,2287.824335336685,ok
boundary,pps/boundary/L112_z0.350_lam0.3106/real001.json,0.450536698578474,9b617fad03ded5737e9f1bf1610ffeb2a50a0996,112,0.3106,0.35,1,0.3106,0.6894,112.0,128,0.1740310819512365,-8.444874330513345,2.2758317128860908,0.20991924474440693,124.8280248846079,0.03644475198160487,1,0.23826639592484294,0.12153717810127719,0.5259604246976155,0.3487085102724078,2.1581409690600726,2256.2344641685486,ok
boundary,pps/boundary/L112_z0.350_lam0.3106/real002.json,0.450536698578474,9b617fad03ded5737e9f1bf1610ffeb2a50a0996,112,0.3106,0.35,2,0.3106,0.6894,112.0,128,0.1740310819512365,-8.529043191374527,2.26514438722731,0.16406448623977277,124.87054764861811,0.03753133219373475,1,0.23075471367614325,0.09878039473584029,0.5368516240900403,0.2908916424455804,2.2864851041871344,2215.194440126419,ok
boundary,pps/boundary/L112_z0.350_lam0.3106/real003.json,0.450536698578474,9b617fad03ded5737e9f1bf1610ffeb2a50a0996,112,0.3106,0.35,3,0.3106,0.6894,112.0,128,0.1740310819512365,-8.57150227494498,2.1560053852078425,0.24080586736173537,124.5445301535114,0.037887048017658374,1,0.1549197746299539,0.10094152250347885,0.30602842762946975,0.2654338810498954,1.8531123157214486,2192.513926267624,ok
boundary,pps/boundary/L112_z0.350_lam0.3106/real004.json,0.450536698578474,9b617fad03ded5737e9f1bf1610ffeb2a50a0996,112,0.3106,0.35,4,0.3106,0.6894,112.0,128,0.1740310819512365,-8.58174579170861,2.4482567391963537,0.28826190110723865,124.73157397472318,0.03847292838306541,1,0.5236062577835603,0.17457753741144894,1.197053166932145,0.4539090092980148,2.29839984059225,2293.858761072159,ok
boundary,pps/boundary/L112_z0.350_lam0.3106/real005.json,0.450536698578474,9b617fad03ded5737e9f1bf1610ffeb2a50a0996,112,0.3106,0.35,5,0.3106,0.6894,112.0,128,0.1740310819512365,-8.472742275873538,2.064432871070543,0.2226647970620258,125.04836538514441,0.03752159774955773,1,0.32850456300059927,0.14100344143537744,0.7402122862998297,0.3498074381658048,2.245114480521911,2275.546197414398,ok
boundary,pps/boundary/L112_z0.350_lam0.3106/real006.json,0.450536698578474,9b617fad03ded5737e9f1bf1610ffeb2a50a0996,112,0.3106,0.35,6,0.3106,0.6894,112.0,128,0.1740310819512365,-8.474841081314574,2.2040649998790807,0.2374991364347677,125.13976775323343,0.03724795852314994,1,0.25199055177454716,0.18770930028529123,0.5917674007296907,0.5616028525757901,2.134768829849596,2215.434454202652,ok
boundary,pps/boundary/L112_z0.350_lam0.3106/real007.json,0.450536698578474,9b617fad03ded5737e9f1bf1610ffeb2a50a0996,112,0.3106,0.35,7,0.3106,0.6894,112.0,128,0.1740310819512365,-8.545377807248956,2.3347280725380104,0.29436957671079583,125.06527469784804,0.03867999321109656,1,0.4277511957462854,0.13991571370938533,0.9398499494110917,0.42953399522191593,2.1375682224712875,2173.7085649967194,ok
boundary,pps/boundary/L112_z0.350_lam0.3106/real008.json,0.450536698578474,9b617fad03ded5737e9f1bf1610ffeb2a50a0996,112,0.3106,0.35,8,0.3106,0.6894,112.0,128,0.1740310819512365,-8.72353351191663,2.442280044765866,0.21839000741589953,125.3192763411344,0.039447732408778115,1,0.2975220413742031,0.11174812959171974,0.7399504089492187,0.3577482454046714,2.425038460278485,2471.761493206024,ok
boundary,pps/boundary/L112_z0.350_lam0.3106/real009.json,0.450536698578474,9b617fad03ded5737e9f1bf1610ffeb2a50a0996,112,0.3106,0.35,9,0.3106,0.6894,112.0,128,0.1740310819512365,-8.59691957454716,2.341091833311857,0.3384759176020286,124.66875094049851,0.038516640137624285,1,0.108048030610919,0.08635123639970742,0.23689090583946526,0.2666650377717762,1.9840597826555106,2391.6984870433807,ok
boundary,pps/boundary/L112_z0.350_lam0.3106/real010.json,0.450536698578474,9b617fad03ded5737e9f1bf1610ffeb2a50a0996,112,0.3106,0.35,10,0.3106,0.6894,112.0,128,0.1740310819512365,-8.544343070072307,2.196151628593531,0.24719273058081506,124.97430321485085,0.0376263341007812,1,0.35079532762185517,0.17173246683262483,0.8794227866493037,0.49075727527980184,2.4245084953582543,2309.989934206009,ok
boundary,pps/boundary/L112_z0.350_lam0.3106/real011.json,0.450536698578474,9b617fad03ded5737e9f1bf1610ffeb2a50a0996,112,0.3106,0.35,11,0.3106,0.6894,112.0,128,0.1740310819512365,-8.65175419415858,2.3252096288952555,0.31548917088246614,124.79663863503116,0.037975320179061654,1,0.092141209794998,0.05612244151605403,0.17557443475235363,0.13086925962088278,1.8321487171765858,2301.0534665584564,ok
boundary,pps/boundary/L112_z0.350_lam0.3550/real000.json,0.5503875968992248,9b617fad03ded5737e9f1bf1610ffeb2a50a0996,112,0.355,0.35,0,0.355,0.645,112.0,128,0.15226494099733537,-8.958764399400833,1.9414821992029316,0.1420300511248604,124.93004185567689,0.038815819507733794,1,0.0798348731721982,0.048041323594637975,0.13647559314523466,0.09819094701050725,1.6419780322584587,2411.2790400981903,ok
boundary,pps/boundary/L112_z0.350_lam0.3550/real001.json,0.5503875968992248,9b617fad03ded5737e9f1bf1610ffeb2a50a0996,112,0.355,0.35,1,0.355,0.645,112.0,128,0.15226494099733537,-8.78967462021822,1.823199567219989,0.15573084449115687,124.8135466157835,0.03962720020339701,1,0.07645179549289949,0.12978275292884137,0.16352422226919644,0.29413930349118755,1.816464779748012,2362.906115293503,ok
boundary,pps/boundary/L112_z0.350_lam0.3550/real002.json,0.5503875968992248,9b617fad03ded5737e9f1bf1610ffeb2a50a0996,112,0.355,0.35,2,0.355,0.645,112.0,128,0.15226494099733537,-8.773730224141644,1.8118609003109785,0.11498029796742036,124.45706912870642,0.03814228913816228,1,0.050951028826557096,0.0393406369473273,0.10920620410540699,0.09278612943800982,2.0104203642278664,2374.8502848148346,ok
boundary,pps/boundary/L112_z0.350_lam0.3550/real003.json,0.5503875968992248,9b617fad03ded5737e9f1bf1610ffeb2a50a0996,112,0.355,0.35,3,0.355,0.645,112.0,128,0.15226494099733537,-8.741767651303716,1.9374488790246218,0.17323311835986382,125.08259984453764,0.03842160409692872,1,0.0900398296883687,0.05913121851509199,0.1551863119584748,0.1148776133323952,1.7120298409904198,2380.885806798935,ok
boundary,pps/boundary/L112_z0.350_lam0.3550/real004.json,0.5503875968992248,9b617fad03ded5737e9f1bf1610ffeb2a50a0996,112,0.355,0.35,4,0.355,0.645,112.0,128,0.15226494099733537,-8.670761885872448,1.8354763015124504,0.1423757177929512,124.52900244558873,0.03892079155432954,1,0.09623772537343636,0.08522060373308239,0.1993897993904486,0.16753318474886283,2.0957084075634302,2350.2367358207703,ok
boundary,pps/boundary/L112_z0.350_lam0.3550/real005.json,0.5503875968992248,9b617fad03ded5737e9f1bf1610ffeb2a50a0996,112,0.355,0.35,5,0.355,0.645,112.0,128,0.15226494099733537,-8.72039623569909,1.7881408669074499,0.10472943629125042,124.84135941669328,0.038008811623270744,1,0.09567777966193,0.05997682776337486,0.17244878628939164,0.11625571754209572,1.7581282209359133,2281.4088337421417,ok
boundary,pps/boundary/L112_z0.350_lam0.3550/real006.json,0.5503875968992248,9b617fad03ded5737e9f1bf1610ffeb2a50a0996,112,0.355,0.35,6,0.355,0.645,112.0,128,0.15226494099733537,-8.904803331716055,1.8335187450243833,0.1274723302948005,125.41932268903079,0.03968909130252656,1,0.54836134000506,0.2681208425933223,1.133759301970807,0.6294678803488003,2.014828298466554,2484.4249176979065,ok
boundary,pps/boundary/L112_z0.350_lam0.3550/real007.json,0.5503875968992248,9b617fad03ded5737e9f1bf1610ffeb2a50a0996,112,0.355,0.35,7,0.355,0.645,112.0,128,0.15226494099733537,-8.780057522228157,1.782576576043885,0.07354576677590005,124.27755071272242,0.03916705669658161,1,0.022210089360710047,0.022773833626269325,0.03882094106824717,0.05210622605020127,1.5864031322420027,2396.6307554244995,ok
boundary,pps/boundary/L112_z0.350_lam0.3550/real008.json,0.5503875968992248,9b617fad03ded5737e9f1bf1610ffeb2a50a0996,112,0.355,0.35,8,0.355,0.645,112.0,128,0.15226494099733537,-8.816031033560387,1.919762160242759,0.16642191401853515,124.70945592832368,0.03829883561565398,1,0.047550162026819026,0.031148853904521715,0.08397158759606788,0.07119525595502525,1.6626681907944947,2389.8749418258667,ok
boundary,pps/boundary/L112_z0.350_lam0.3550/real009.json,0.5503875968992248,9b617fad03ded5737e9f1bf1610ffeb2a50a0996,112,0.355,0.35,9,0.355,0.645,112.0,128,0.15226494099733537,-8.809986513227807,1.8523653327343297,0.17630506043614289,124.29366916155153,0.03896502414428164,1,0.1260465848196774,0.06429762008063133,0.26623789582532237,0.17166180425556635,2.0103500627109208,2400.7463500499725,ok
boundary,pps/boundary/L112_z0.350_lam0.3550/real010.json,0.5503875968992248,9b617fad03ded5737e9f1bf1610ffeb2a50a0996,112,0.355,0.35,10,0.355,0.645,112.0,128,0.15226494099733537,-8.703335443190143,1.7941459464492875,0.09959214357348865,124.17922269320125,0.038372835769467324,1,0.0511426514913911,0.031187618487326686,0.09360432325930973,0.07018517619036065,1.7959945262155275,2477.4765906333923,ok
boundary,pps/boundary/L112_z0.350_lam0.3550/real011.json,0.5503875968992248,9b617fad03ded5737e9f1bf1610ffeb2a50a0996,112,0.355,0.35,11,0.355,0.645,112.0,128,0.15226494099733537,-8.901970517295144,2.12707184170004,0.19469595946041618,124.3380078611379,0.03869617314774457,1,0.22960346274821836,0.11109403237215014,0.5082028828697175,0.28519602435613706,2.1693637935164256,2436.221267223358,ok
boundary,pps/boundary/L112_z0.350_lam0.4141/real000.json,0.7067759003242875,9b617fad03ded5737e9f1bf1610ffeb2a50a0996,112,0.4141,0.35,0,0.4141,0.5859,112.0,128,0.130533818048911,-8.898158078222133,1.6453663518161439,0.1744179807724839,124.7017823907853,0.03926663865544674,1,0.01672581585213874,0.01455539741135628,0.025597813244304025,0.02328432286140614,1.5131154728914766,2484.0148165225983,ok
boundary,pps/boundary/L112_z0.350_lam0.4141/real001.json,0.7067759003242875,9b617fad03ded5737e9f1bf1610ffeb2a50a0996,112,0.4141,0.35,1,0.4141,0.5859,112.0,128,0.130533818048911,-8.698248511519015,1.5599026765259025,0.06774569674867409,124.91160729915735,0.037357246265487844,1,0.014465030696580979,0.01828223384455157,0.02217220300986669,0.02924260366472966,1.509140754761232,2538.2580676078796,ok
boundary,pps/boundary/L112_z0.350_lam0.4141/real002.json,0.7067759003242875,9b617fad03ded5737e9f1bf1610ffeb2a50a0996,112,0.4141,0.35,2,0.4141,0.5859,112.0,128,0.130533818048911,-8.735238619384036,1.5694833148556626,0.08828454173038298,125.19440598834584,0.03747132091549616,1,0.00627841697171048,0.010606076774408526,0.011040335749600307,0.02024738973388935,1.6002812827033541,2555.233810186386,ok
boundary,pps/boundary/L112_z0.350_lam0.4141/real003.json,0.7067759003242875,9b617fad03ded5737e9f1bf1610ffeb2a50a0996,112,0.4141,0.35,3,0.4141,0.5859,112.0,128,0.130533818048911,-8.602574443779934,1.5450912204229452,0.06593068904122322,124.2199348133028,0.03787631401322705,1,0.011095959824427218,0.01782663691352788,0.017305618798163357,0.025917601357309028,1.5210127368471047,2420.1163699626923,ok
boundary,pps/boundary/L112_z0.350_lam0.4141/real004.json,0.7067759003242875,9b617fad03ded5737e9f1bf1610ffeb2a50a0996,112,0.4141,0.35,4,0.4141,0.5859,112.0,128,0.130533818048911,-8.559770877310864,1.5419064177134947,0.07123098884342292,124.71024591211592,0.03720415813043679,1,0.005459384145712022,0.007408588559710823,0.009418220831433472,0.01594400793588633,1.5492849015687535,2430.2454771995544,ok
boundary,pps/boundary/L112_z0.350_lam0.4141/real005.json,0.7067759003242875,9b617fad03ded5737e9f1bf1610ffeb2a50a0996,112,0.4141,0.35,5,0.4141,0.5859,112.0,128,0.130533818048911,-8.776087100322266,1.7317238141883073,0.18676734529112254,124.16745502371926,0.03802176560500967,1,0.009711150673754896,0.009306230067701786,0.016822021433436578,0.019450915668564318,1.6516523603615678,2400.9283719062805,ok
boundary,pps/boundary/L112_z0.350_lam0.4141/real006.json,0.7067759003242875,9b617fad03ded5737e9f1bf1610ffeb2a50a0996,112,0.4141,0.35,6,0.4141,0.5859,112.0,128,0.130533818048911,-8.8126553342246,1.5494229613307389,0.07052548260986961,124.74814439606246,0.03823067378504234,1,0.009672423363221428,0.016610209641680675,0.01883828791799634,0.03636884054852118,1.583365189609372,2646.917944908142,ok
boundary,pps/boundary/L112_z0.350_lam0.4141/real007.json,0.7067759003242875,9b617fad03ded5737e9f1bf1610ffeb2a50a0996,112,0.4141,0.35,7,0.4141,0.5859,112.0,128,0.130533818048911,-8.754073573706865,1.6221694311949526,0.09155725658098242,124.41164128561536,0.03873712489308665,1,0.011771450764812825,0.0110703429005386,0.022486243012410166,0.022850513616025383,1.751910514602216,2759.5859961509705,ok
boundary,pps/boundary/L112_z0.350_lam0.4141/real008.json,0.7067759003242875,9b617fad03ded5737e9f1bf1610ffeb2a50a0996,112,0.4141,0.35,8,0.4141,0.5859,112.0,128,0.130533818048911,-8.670370436232277,1.612395158536918,0.11781735788441383,124.99060175043886,0.038051230235337304,1,0.04843008198714279,0.04145415721504408,0.07487187532743034,0.07236294991156225,1.4997076825472997,2344.872053861618,ok
boundary,pps/boundary/L112_z0.350_lam0.4141/real009.json,0.7067759003242875,9b617fad03ded5737e9f1bf1610ffeb2a50a0996,112,0.4141,0.35,9,0.4141,0.5859,112.0,128,0.130533818048911,-8.589681721535355,1.5904863308165953,0.0946728690658134,124.3742565869913,0.038054177383072534,1,0.008543433534649425,0.009241492267455917,0.013896275304902003,0.01656414688098047,1.567049167550763,2621.049637556076,ok
boundary,pps/boundary/L112_z0.350_lam0.4141/real010.json,0.7067759003242875,9b617fad03ded5737e9f1bf1610ffeb2a50a0996,112,0.4141,0.35,10,0.4141,0.5859,112.0,128,0.130533818048911,-8.615449999963655,1.5825702432340856,0.0771697915327207,124.1204445521674,0.03722252510837205,1,0.0018765908311365407,0.001979415528549287,0.0032698850437473843,0.004193138825942428,1.596589192313075,2523.1414370536804,ok
boundary,pps/boundary/L112_z0.350_lam0.4141/real011.json,0.7067759003242875,9b617fad03ded5737e9f1bf1610ffeb2a50a0996,112,0.4141,0.35,11,0.4141,0.5859,112.0,128,0.130533818048911,-8.577784411641412,1.5724839651219285,0.05644300314969659,124.87923789614275,0.03763513507742024,1,0.015084692861022951,0.015717066662440424,0.021631648235456692,0.02183021546408343,1.4503394365678055,2559.4298803806305,ok
boundary,pps/boundary/L112_z0.350_lam0.4733/real000.json,0.898614011771407,9b617fad03ded5737e9f1bf1610ffeb2a50a0996,112,0.4733,0.35,0,0.4733,0.5267,112.0,128,0.1142067484767675,-8.03778420969026,1.3949859327475693,0.03413248759162057,124.634524289423,0.034049292547644654,1,0.00013519988811186434,0.0001984643823754768,0.00018044487598225655,0.0002620632278564792,1.3268280967973358,2468.119959831238,ok
boundary,pps/boundary/L112_z0.350_lam0.4733/real001.json,0.898614011771407,9b617fad03ded5737e9f1bf1610ffeb2a50a0996,112,0.4733,0.35,1,0.4733,0.5267,112.0,128,0.1142067484767675,-7.900411305040715,1.3880188435025795,0.050885715080183656,124.59186905838082,0.033819052488325625,1,0.00018429879951767543,0.0005450315236206674,0.00025069432722046875,0.000739943014418694,1.3932162871063802,2365.731446504593,ok
boundary,pps/boundary/L112_z0.350_lam0.4733/real002.json,0.898614011771407,9b617fad03ded5737e9f1bf1610ffeb2a50a0996,112,0.4733,0.35,2,0.4733,0.5267,112.0,128,0.1142067484767675,-8.030598527272849,1.3924924460288488,0.03974295099066499,124.36395345176115,0.034259001909498404,1,0.007609758522248751,0.030625649680169783,0.010503670278773983,0.04011949871702029,1.3892043395379834,2457.977263689041,ok
boundary,pps/boundary/L112_z0.350_lam0.4733/real003.json,0.898614011771407,9b617fad03ded5737e9f1bf1610ffeb2a50a0996,112,0.4733,0.35,3,0.4733,0.5267,112.0,128,0.1142067484767675,-8.049375670758025,1.3907620563714413,0.030665335890984337,125.26320093342929,0.03420650512314598,1,0.00021683630553658712,0.0003252655892474379,0.0002961982393935418,0.0004564152733357424,1.3504324171614206,2404.672064304352,ok
boundary,pps/boundary/L112_z0.350_lam0.4733/real004.json,0.898614011771407,9b617fad03ded5737e9f1bf1610ffeb2a50a0996,112,0.4733,0.35,4,0.4733,0.5267,112.0,128,0.1142067484767675,-8.046044884098569,1.422720816578626,0.08442731259680586,125.37742860995965,0.034220758730522494,1,0.00018151199605161844,0.00024630977766061207,0.00029008071246197366,0.0004300516039471417,1.4259841099349555,2491.236839532852,ok
boundary,pps/boundary/L112_z0.350_lam0.4733/real005.json,0.898614011771407,9b617fad03ded5737e9f1bf1610ffeb2a50a0996,112,0.4733,0.35,5,0.4733,0.5267,112.0,128,0.1142067484767675,-7.986345795827932,1.3810638190452011,0.032604960134658724,125.58193120285105,0.034241036798147155,1,0.001244965855376274,0.0017986776400276253,0.0016634344351036542,0.002354961951023315,1.3490551055018634,2509.097286939621,ok
boundary,pps/boundary/L112_z0.350_lam0.4733/real006.json,0.898614011771407,9b617fad03ded5737e9f1bf1610ffeb2a50a0996,112,0.4733,0.35,6,0.4733,0.5267,112.0,128,0.1142067484767675,-7.9928814865183755,1.3994963120726014,0.03651427890963514,125.27346725161503,0.034466318610384294,1,0.001646470899651321,0.008303153732364326,0.0027738597175612297,0.015530122658351974,1.4051731218826824,2428.7684235572815,ok
boundary,pps/boundary/L112_z0.350_lam0.4733/real007.json,0.898614011771407,9b617fad03ded5737e9f1bf1610ffeb2a50a0996,112,0.4733,0.35,7,0.4733,0.5267,112.0,128,0.1142067484767675,-8.11525726829691,1.4023009379686646,0.04182545280303819,124.22165120762169,0.034327075746804984,1,0.0005330470388665992,0.0019441083429918731,0.0007180588712603453,0.002554967096480762,1.3322394321166215,2548.520679473877,ok
boundary,pps/boundary/L112_z0.350_lam0.4733/real008.json,0.898614011771407,9b617fad03ded5737e9f1bf1610ffeb2a50a0996,112,0.4733,0.35,8,0.4733,0.5267,112.0,128,0.1142067484767675,-8.05226563998586,1.3856603303055504,0.03245396571557277,124.28648567289096,0.03461425490445964,1,0.0007760000475683527,0.0016636940725088159,0.0011114521726209128,0.0024580366965059578,1.4036848946075127,2488.7476460933685,ok
boundary,pps/boundary/L112_z0.350_lam0.4733/real009.json,0.898614011771407,9b617fad03ded5737e9f1bf1610ffeb2a50a0996,112,0.4733,0.35,9,0.4733,0.5267,112.0,128,0.1142067484767675,-7.918665818302816,1.3854500222396864,0.03003313407267293,124.75943867930471,0.03388895446622709,1,0.0003897934504828206,0.0005850985698460113,0.0005743622776355836,0.0010984375507947103,1.4372464721580371,2426.3618462085724,ok
boundary,pps/boundary/L112_z0.350_lam0.4733/real010.json,0.898614011771407,9b617fad03ded5737e9f1bf1610ffeb2a50a0996,112,0.4733,0.35,10,0.4733,0.5267,112.0,128,0.1142067484767675,-8.098006318553226,1.3910644391935774,0.03512828150298749,124.7147601872964,0.03484523575114723,1,0.002275968625614114,0.007782294955584105,0.002950378273453265,0.009958677521393473,1.3284635531409041,2467.0638856887817,ok
boundary,pps/boundary/L112_z0.350_lam0.4733/real011.json,0.898614011771407,9b617fad03ded5737e9f1bf1610ffeb2a50a0996,112,0.4733,0.35,11,0.4733,0.5267,112.0,128,0.1142067484767675,-8.248888471912418,1.401002620346623,0.04021907747077779,125.20269909124679,0.035503223107463525,1,0.0011188763457782198,0.0019835304091335728,0.001541116222412489,0.002775422969970205,1.379612221718014,2612.8837954998016,ok
boundary,pps/boundary/L128_z0.350_lam0.1775/real000.json,0.21580547112462004,9b617fad03ded5737e9f1bf1610ffeb2a50a0996,128,0.1775,0.35,0,0.1775,0.8225,128.0,128,0.26616391260951533,-7.045764674197552,5.404052996175087,0.17416602052764457,126.07414437783183,0.0278834180844241,1,1.9060329851004676,0.2789162922067576,9.708187589747071,1.9741513527326358,5.07864172394966,2861.458428144455,ok
boundary,pps/boundary/L128_z0.350_lam0.1775/real001.json,0.21580547112462004,9b617fad03ded5737e9f1bf1610ffeb2a50a0996,128,0.1775,0.35,1,0.1775,0.8225,128.0,128,0.26616391260951533,-7.080047248519816,5.86121605276489,0.23012785380608525,125.17410040217773,0.02816878349447048,1,1.8719250719952312,0.2577029624914155,10.866901481624792,2.0961557542111486,5.77390084642329,2846.86479473114,ok
boundary,pps/boundary/L128_z0.350_lam0.1775/real002.json,0.21580547112462004,9b617fad03ded5737e9f1bf1610ffeb2a50a0996,128,0.1775,0.35,2,0.1775,0.8225,128.0,128,0.26616391260951533,-7.1552678000361665,5.725928947536773,0.25834260327108866,126.32133559748088,0.028723850272601496,1,1.667233814202,0.2357393743811884,9.138555309380004,1.8946607962142943,5.446398320696414,3168.326931476593,ok
boundary,pps/boundary/L128_z0.350_lam0.1775/real003.json,0.21580547112462004,9b617fad03ded5737e9f1bf1610ffeb2a50a0996,128,0.1775,0.35,3,0.1775,0.8225,128.0,128,0.26616391260951533,-6.890313885620916,5.095583071334538,0.43454264540700716,125.79368470150224,0.027291240224876355,1,1.7123101235088072,0.2523371262700181,8.63805793775039,1.6240546871057235,5.02530860229576,2871.7845718860626,ok
boundary,pps/boundary/L128_z0.350_lam0.1775/real004.json,0.21580547112462004,9b617fad03ded5737e9f1bf1610ffeb2a50a0996,128,0.1775,0.35,4,0.1775,0.8225,128.0,128,0.26616391260951533,-7.027646875822453,5.604709006506863,0.3591517679989542,125.82517680335822,0.0281264976052337,1,1.5055295113797191,0.20519817894340453,8.025814418047089,1.5779624320881427,5.310123251545239,2864.883190870285,ok
boundary,pps/boundary/L128_z0.350_lam0.1775/real005.json,0.21580547112462004,9b617fad03ded5737e9f1bf1610ffeb2a50a0996,128,0.1775,0.35,5,0.1775,0.8225,128.0,128,0.26616391260951533,-7.0352026826628595,5.25050858270323,0.3920008862671151,125.93742147383534,0.02810817818782958,1,2.038494659828541,0.5347755791820881,11.903188361043927,3.4364676145366024,5.811192801978754,2832.2814350128174,ok
boundary,pps/boundary/L128_z0.350_lam0.1775/real006.json,0.21580547112462004,9b617fad03ded5737e9f1bf1610ffeb2a50a0996,128,0.1775,0.35,6,0.1775,0.8225,128.0,128,0.26616391260951533,-7.041952927229707,5.632588708640273,0.26291320470004065,125.66746372807518,0.02801652389420482,1,1.7265521913579025,0.3902383534484825,9.388087432489897,2.323416969370544,5.4443883434130065,3040.7653760910034,ok
boundary,pps/boundary/L128_z0.350_lam0.1775/real007.json,0.21580547112462004,9b617fad03ded5737e9f1bf1610ffeb2a50a0996,128,0.1775,0.35,7,0.1775,0.8225,128.0,128,0.26616391260951533,-6.996843537143746,5.310197403383689,0.31044137824441936,126.15023188342332,0.027444112519481194,1,1.4427868533410573,0.26225296398323306,6.908426614215997,1.45745711350377,4.780209468578986,2823.462380886078,ok
boundary,pps/boundary/L128_z0.350_lam0.1775/real008.json,0.21580547112462004,9b617fad03ded5737e9f1bf1610ffeb2a50a0996,128,0.1775,0.35,8,0.1775,0.8225,128.0,128,0.26616391260951533,-7.0893195185908855,5.751311707982023,0.1514392988865229,125.87529717675774,0.027828315223592873,1,1.693716514415079,0.32710925200730456,9.70513748768357,2.5379147165404543,5.673212249791509,2877.647650718689,ok
boundary,pps/boundary/L128_z0.350_lam0.1775/real009.json,0.21580547112462004,9b617fad03ded5737e9f1bf1610ffeb2a50a0996,128,0.1775,0.35,9,0.1775,0.8225,128.0,128,0.26616391260951533,-6.991899132193035,5.438712732940807,0.27159232533128935,126.2043049631737,0.028108626880689724,1,1.9524674930799102,0.36693904409266864,11.886627853383551,3.0235608762616173,6.0181237134922565,3027.320511341095,ok
boundary,pps/boundary/L128_z0.350_lam0.1775/real010.json,0.21580547112462004,9b617fad03ded5737e9f1bf1610ffeb2a50a0996,128,0.1775,0.35,10,0.1775,0.8225,128.0,128,0.26616391260951533,-7.1240427436178155,5.898805515689032,0.4250757567233624,126.44294809938779,0.028309360371882347,1,2.2305456879571954,0.3067439063784891,12.960599805348561,2.1982608087991604,5.798840399867691,3011.7300593852997,ok
boundary,pps/boundary/L128_z0.350_lam0.1775/real011.json,0.21580547112462004,9b617fad03ded5737e9f1bf1610ffeb2a50a0996,128,0.1775,0.35,11,0.1775,0.8225,128.0,128,0.26616391260951533,-7.05845135800013,5.744774446264016,0.30036129257364447,126.64954025004738,0.027762199005069415,1,2.331034821482943,0.3616508779752171,14.616255508177888,3.339812450678509,6.213371496188107,2987.702784538269,ok
boundary,pps/boundary/L128_z0.350_lam0.2219/real000.json,0.28518185323223233,9b617fad03ded5737e9f1bf1610ffeb2a50a0996,128,0.2219,0.35,0,0.2219,0.7781,128.0,128,0.21290714055064885,-8.127476914481651,3.4924355760164723,0.37593658889788184,125.64023710106866,0.032354855873408264,1,1.3770031037800177,0.3331112157598419,5.919791849559653,1.8085910610773972,4.238827662183582,3301.080602645874,ok
boundary,pps/boundary/L128_z0.350_lam0.2219/real001.json,0.28518185323223233,9b617fad03ded5737e9f1bf1610ffeb2a50a0996,128,0.2219,0.35,1,0.2219,0.7781,128.0,128,0.21290714055064885,-8.246364024535742,3.922131496752037,0.37109656872604213,125.77225387883013,0.032560220142015636,1,1.1152440568507918,0.23567904695113326,4.868944870689953,1.4123813721075258,4.311207753579876,3391.486026763916,ok
boundary,pps/boundary/L128_z0.350_lam0.2219/real002.json,0.28518185323223233,9b617fad03ded5737e9f1bf1610ffeb2a50a0996,128,0.2219,0.35,2,0.2219,0.7781,128.0,128,0.21290714055064885,-8.287398837425176,4.313256818133212,0.24677125113270953,126.38384019097418,0.032819859757025734,1,1.1791873564812243,0.2821905772308743,5.682560339523027,1.5617044847287405,4.795286650761225,3252.168627500534,ok
boundary,pps/boundary/L128_z0.350_lam0.2219/real003.json,0.28518185323223233,9b617fad03ded5737e9f1bf1610ffeb2a50a0996,128,0.2219,0.35,3,0.2219,0.7781,128.0,128,0.21290714055064885,-8.241801238223147,4.157054868784687,0.30500236947992276,125.89605463329315,0.03305872696520722,1,1.4748747197102767,0.4064958507388592,6.707552455314361,2.4307420902393155,4.456434953666809,3546.360164165497,ok
boundary,pps/boundary/L128_z0.350_lam0.2219/real004.json,0.28518185323223233,9b617fad03ded5737e9f1bf1610ffeb2a50a0996,128,0.2219,0.35,4,0.2219,0.7781,128.0,128,0.21290714055064885,-8.3897840500428,4.5437986535100805,0.19829733016643541,125.91554753307757,0.033865883364427224,1,1.4628145313428496,0.2971251997031645,7.114076039213387,1.785621733090224,4.827286190107273,3871.0131573677063,ok
boundary,pps/boundary/L128_z0.350_lam0.2219/real005.json,0.28518185323223233,9b617fad03ded5737e9f1bf1610ffeb2a50a0996,128,0.2219,0.35,5,0.2219,0.7781,128.0,128,0.21290714055064885,-8.278947313536415,4.163181017545076,0.4456759630696734,125.73172301585144,0.03288086275738688,1,1.1756402485150113,0.2217884874797805,4.213182673199168,1.277648656046016,3.527155338841192,3251.7303228378296,ok
boundary,pps/boundary/L128_z0.350_lam0.2219/real006.json,0.28518185323223233,9b617fad03ded5737e9f1bf1610ffeb2a50a0996,128,0.2219,0.35,6,0.2219,0.7781,128.0,128,0.21290714055064885,-8.284840777333741,4.488731592106837,0.35525289294103884,125.57135620683268,0.03315386887895056,1,1.3824705000838908,0.24657432328556456,6.108024538660419,1.6007057485828118,4.362003133689447,3676.848259449005,ok
boundary,pps/boundary/L128_z0.350_lam0.2219/real007.json,0.28518185323223233,9b617fad03ded5737e9f1bf1610ffeb2a50a0996,128,0.2219,0.35,7,0.2219,0.7781,128.0,128,0.21290714055064885,-8.15131904158812,3.8029776642002657,0.22463121997818844,125.47508404815056,0.031500029290639,1,0.9214460851791484,0.21294203667341433,3.770257057682975,1.0990202473982256,4.037746018085199,3437.7892048358917,ok
boundary,pps/boundary/L128_z0.350_lam0.2219/real008.json,0.28518185323223233,9b617fad03ded5737e9f1bf1610ffeb2a50a0996,128,0.2219,0.35,8,0.2219,0.7781,128.0,128,0.21290714055064885,-8.475457097741296,4.553931714409943,0.17191440951731807,126.28469905372361,0.03381596744610994,1,1.2880171122474855,0.31529257209314054,5.760731769086945,1.753946035917811,4.4264873918326995,3743.652111053467,ok
boundary,pps/boundary/L128_z0.350_lam0.2219/real009.json,0.28518185323223233,9b617fad03ded5737e9f1bf1610ffeb2a50a0996,128,0.2219,0.35,9,0.2219,0.7781,128.0,128,0.21290714055064885,-8.238483839799102,4.239933885255831,0.22039047869643325,125.70656746245244,0.03273017863470286,1,1.2409214112094662,0.16377174534900038,4.886060588559207,0.8344809285069934,3.9307932186094874,3410.985353946686,ok
boundary,pps/boundary/L128_z0.350_lam0.2219/real010.json,0.28518185323223233,9b617fad03ded5737e9f1bf1610ffeb2a50a0996,128,0.2219,0.35,10,0.2219,0.7781,128.0,128,0.21290714055064885,-8.26550270944231,4.194535340562574,0.2502933953264514,125.76560825465621,0.032594953356027606,1,0.7602292017898775,0.1896677212544382,2.6651219648302646,0.9299558587280671,3.4390923419377017,3518.5659477710724,ok
boundary,pps/boundary/L128_z0.350_lam0.2219/real011.json,0.28518185323223233,9b617fad03ded5737e9f1bf1610ffeb2a50a0996,128,0.2219,0.35,11,0.2219,0.7781,128.0,128,0.21290714055064885,-8.108151181738428,3.832247462996002,0.5363988603373258,126.28745979023367,0.03228653993708051,1,1.3399355182349961,0.3158739559498306,6.2894608740756714,2.0010495829232555,4.597150925465597,3458.207198858261,ok
boundary,pps/boundary/L128_z0.350_lam0.2662/real000.json,0.362769146906514,9b617fad03ded5737e9f1bf1610ffeb2a50a0996,128,0.2662,0.35,0,0.2662,0.7338,128.0,128,0.17747593722084512,-9.232577316257068,3.1770650646144016,0.35057732543782605,125.38120676196299,0.03554189316092997,1,0.5553714488240793,0.16343218919571129,1.5506113577275908,0.6324592838375914,2.7365895076379285,3799.7099924087524,ok
boundary,pps/boundary/L128_z0.350_lam0.2662/real001.json,0.362769146906514,9b617fad03ded5737e9f1bf1610ffeb2a50a0996,128,0.2662,0.35,1,0.2662,0.7338,128.0,128,0.17747593722084512,-9.292995336762607,3.1305639918477604,0.38312159068098434,125.01784959128294,0.036346298382278396,1,0.3940450185828446,0.17871299277555283,1.0619863371226594,0.6728735254393217,2.5745794836529927,3883.7843317985535,ok
boundary,pps/boundary/L128_z0.350_lam0.2662/real002.json,0.362769146906514,9b617fad03ded5737e9f1bf1610ffeb2a50a0996,128,0.2662,0.35,2,0.2662,0.7338,128.0,128,0.17747593722084512,-9.406784329387023,3.54139920877466,0.4134294360945196,125.09026956764568,0.03754415696487349,1,0.9227324103561476,0.29687126764403665,3.0558699034930914,1.6394490334004306,3.1324355906134524,3958.392247915268,ok
boundary,pps/boundary/L128_z0.350_lam0.2662/real003.json,0.362769146906514,9b617fad03ded5737e9f1bf1610ffeb2a50a0996,128,0.2662,0.35,3,0.2662,0.7338,128.0,128,0.17747593722084512,-9.163759115196354,3.151658038017971,0.2725351127897338,125.58547380266162,0.03746422822318738,1,0.4038189229540606,0.1913926953008181,1.3236485867130003,0.7233130676923363,3.2282901450049555,3708.3116240501404,ok
boundary,pps/boundary/L128_z0.350_lam0.2662/real004.json,0.362769146906514,9b617fad03ded5737e9f1bf1610ffeb2a50a0996,128,0.2662,0.35,4,0.2662,0.7338,128.0,128,0.17747593722084512,-9.361774600160578,3.3615643392538415,0.32039072260474377,126.02811862146424,0.036805699264674,1,0.6389822589806833,0.1468369988259833,1.7272292365948427,0.7160119229235412,2.639864703980727,4026.345550060272,ok
boundary,pps/boundary/L128_z0.350_lam0.2662/real005.json,0.362769146906514,9b617fad03ded5737e9f1bf1610ffeb2a50a0996,128,0.2662,0.35,5,0.2662,0.7338,128.0,128,0.17747593722084512,-9.009112431396396,2.824758721731201,0.31902013116970684,124.84013388904278,0.0354709931916382,1,0.40654715980302797,0.17647390434267193,1.0082954716126258,0.6906551852183319,2.336222391096825,3827.2013478279114,ok
boundary,pps/boundary/L128_z0.350_lam0.2662/real006.json,0.362769146906514,9b617fad03ded5737e9f1bf1610ffeb2a50a0996,128,0.2662,0.35,6,0.2662,0.7338,128.0,128,0.17747593722084512,-9.311615127507642,3.0919407180702234,0.352866395146937,125.52953830255233,0.037254713357362725,1,0.40108666497161544,0.13178587487689494,1.1009778150249636,0.4978318054409836,2.6625934789257917,4025.4778125286102,ok
boundary,pps/boundary/L128_z0.350_lam0.2662/real007.json,0.362769146906514,9b617fad03ded5737e9f1bf1610ffeb2a50a0996,128,0.2662,0.35,7,0.2662,0.7338,128.0,128,0.17747593722084512,-9.350428475994134,3.3277241332733736,0.2093288686462744,125.84141050476089,0.036736273702679796,1,0.9615109879083739,0.18668424828632765,3.1935803786202737,1.017987112869933,3.276010245303794,4142.947056293488,ok
boundary,pps/boundary/L128_z0.350_lam0.2662/real008.json,0.362769146906514,9b617fad03ded5737e9f1bf1610ffeb2a50a0996,128,0.2662,0.35,8,0.2662,0.7338,128.0,128,0.17747593722084512,-9.26369690000859,3.4269482970241643,0.3392468190421934,125.32601172349348,0.036728304970933975,1,0.7517299708713961,0.2053883694657925,2.3184743166826234,0.9217252530441452,3.035823977505331,3899.598376274109,ok
boundary,pps/boundary/L128_z0.350_lam0.2662/real009.json,0.362769146906514,9b617fad03ded5737e9f1bf1610ffeb2a50a0996,128,0.2662,0.35,9,0.2662,0.7338,128.0,128,0.17747593722084512,-9.274669385238825,3.4159150841096055,0.30944121639161903,125.1354553656022,0.03590196859958952,1,1.1923963088598526,0.3136945996590103,4.273348775060502,1.5762508149877086,3.504560550961292,3709.7611286640167,ok
boundary,pps/boundary/L128_z0.350_lam0.2662/real010.json,0.362769146906514,9b617fad03ded5737e9f1bf1610ffeb2a50a0996,128,0.2662,0.35,10,0.2662,0.7338,128.0,128,0.17747593722084512,-9.113865259379553,2.882902218985733,0.29440681560951015,125.5275286545286,0.03582514407551435,1,0.798474983422387,0.21417262261231163,2.4900233759910124,0.9202142619234974,3.04859199381797,3784.335275888443,ok
boundary,pps/boundary/L128_z0.350_lam0.2662/real011.json,0.362769146906514,9b617fad03ded5737e9f1bf1610ffeb2a50a0996,128,0.2662,0.35,11,0.2662,0.7338,128.0,128,0.17747593722084512,-9.020263267901074,2.5878023686224245,0.21122240811030701,125.358904470356,0.03491459339326665,1,0.8603567265986012,0.1916478963709331,2.2467590638625334,0.7253118101605542,2.582806767711162,3941.485333919525,ok
boundary,pps/boundary/L128_z0.350_lam0.3106/real000.json,0.450536698578474,9b617fad03ded5737e9f1bf1610ffeb2a50a0996,128,0.3106,0.35,0,0.3106,0.6894,128.0,128,0.15210590627234055,-9.751025163896518,2.169494943126992,0.24814936843846463,124.98214900941946,0.03880215664870566,1,0.5976459995125956,0.19244543360069652,1.626322815209337,0.5715878175212273,2.720338236946741,4296.778474807739,ok
boundary,pps/boundary/L128_z0.350_lam0.3106/real001.json,0.450536698578474,9b617fad03ded5737e9f1bf1610ffeb2a50a0996,128,0.3106,0.35,1,0.3106,0.6894,128.0,128,0.15210590627234055,-9.902373390359434,2.4605713166448004,0.25826488302347317,125.47999083121772,0.03913306404857094,1,0.2697954713014251,0.2162499731029102,0.5663526884806407,0.5280711753253877,1.9816534794035654,4209.161699056625,ok
boundary,pps/boundary/L128_z0.350_lam0.3106/real002.json,0.450536698578474,9b617fad03ded5737e9f1bf1610ffeb2a50a0996,128,0.3106,0.35,2,0.3106,0.6894,128.0,128,0.15210590627234055,-9.700984096786469,2.2372210276152646,0.28032641489545196,125.39944045866113,0.037936209337731806,1,0.3008130229803305,0.15483198292595046,0.658784909589998,0.3905593354531593,2.2242003447728687,4330.429163694382,ok
boundary,pps/boundary/L128_z0.350_lam0.3106/real003.json,0.450536698578474,9b617fad03ded5737e9f1bf1610ffeb2a50a0996,128,0.3106,0.35,3,0.3106,0.6894,128.0,128,0.15210590627234055,-9.683385744277025,2.3427078324701385,0.25543331450150114,125.32054666268475,0.03793773268289643,1,0.1061378089073477,0.046699306741696145,0.249142295042093,0.13013882445958036,2.3145627178128447,4244.411030054092,ok
boundary,pps/boundary/L128_z0.350_lam0.3106/real004.json,0.450536698578474,9b617fad03ded5737e9f1bf1610ffeb2a50a0996,128,0.3106,0.35,4,0.3106,0.6894,128.0,128,0.15210590627234055,-9.859851732764188,2.422629526792178,0.24374602349453,125.82286778877737,0.03901003991856991,1,0.2673528411884233,0.17718409121630707,0.7169771666296423,0.5366004776632722,2.7028863338660845,4477.675555229187,ok
boundary,pps/boundary/L128_z0.350_lam0.3106/real005.json,0.450536698578474,9b617fad03ded5737e9f1bf1610ffeb2a50a0996,128,0.3106,0.35,5,0.3106,0.6894,128.0,128,0.15210590627234055,-9.770220186381664,2.4055756992972364,0.36492671085021083,124.91836436613079,0.03795100298969819,1,0.286739826328551,0.1013267957080837,0.6964357734632416,0.2542799151961335,2.4283090710141,4137.460598707199,ok
boundary,pps/boundary/L128_z0.350_lam0.3106/real006.json,0.450536698578474,9b617fad03ded5737e9f1bf1610ffeb2a50a0996,128,0.3106,0.35,6,0.3106,0.6894,128.0,128,0.15210590627234055,-9.771577484766842,2.1082839334314487,0.2299949632969575,125.27596886114476,0.038883972529275744,1,0.250833127982736,0.1380582773760807,0.4881773043908762,0.25809909580118146,2.039439639834854,4067.8969881534576,ok
boundary,pps/boundary/L128_z0.350_lam0.3106/real007.json,0.450536698578474,9b617fad03ded5737e9f1bf1610ffeb2a50a0996,128,0.3106,0.35,7,0.3106,0.6894,128.0,128,0.15210590627234055,-9.728908561620774,2.28146426363717,0.2582825921125756,124.9832565364972,0.037999340485629356,1,0.25571508878011684,0.14301348149504495,0.6772804548247991,0.43997310528611644,2.5820527662011847,3965.3084473609924,ok
boundary,pps/boundary/L128_z0.350_lam0.3106/real008.json,0.450536698578474,9b617fad03ded5737e9f1bf1610ffeb2a50a0996,128,0.3106,0.35,8,0.3106,0.6894,128.0,128,0.15210590627234055,-9.788942395876651,2.2918102216188436,0.2023380673543721,125.45429442572548,0.0382292195163258,1,0.5473655073745689,0.10549433061518529,1.1711294444895857,0.30558656499736847,2.132214829797417,4307.14658498764,ok
boundary,pps/boundary/L128_z0.350_lam0.3106/real009.json,0.450536698578474,9b617fad03ded5737e9f1bf1610ffeb2a50a0996,128,0.3106,0.35,9,0.3106,0.6894,128.0,128,0.15210590627234055,-9.849169249710519,2.353850242003247,0.24864833336374043,125.13805333777066,0.03863851977090701,1,0.43976805294121624,0.11691707691843015,0.9613541312112107,0.35302709263228993,2.156105647472894,4488.058478832245,ok
boundary,pps/boundary/L128_z0.350_lam0.3106/real010.json,0.450536698578474,9b617fad03ded5737e9f1bf1610ffeb2a50a0996,128,0.3106,0.35,10,0.3106,0.6894,128.0,128,0.15210590627234055,-10.040337829409674,2.6067239672739344,0.264879821034455,125.41379929367548,0.03978039634021744,1,0.47974881870940483,0.17954139260970425,1.2221548639543558,0.6331462454613228,2.487119390013241,4195.752734899521,ok
boundary,pps/boundary/L128_z0.350_lam0.3106/real011.json,0.450536698578474,9b617fad03ded5737e9f1bf1610ffeb2a50a0996,128,0.3106,0.35,11,0.3106,0.6894,128.0,128,0.15210590627234055,-9.754706819479518,2.483376283923494,0.24682330801135846,124.71621923502344,0.03791894444899543,1,0.23053395433674517,0.10461312281174066,0.5771537275167544,0.33558285370185714,2.415232938413305,4251.550201654434,ok
boundary,pps/boundary/L128_z0.350_lam0.3550/real000.json,0.5503875968992248,9b617fad03ded5737e9f1bf1610ffeb2a50a0996,128,0.355,0.35,0,0.355,0.645,128.0,128,0.13308195630475766,-10.080468359370656,1.8390251603030596,0.17136540055134727,125.12861849396126,0.03897178888953415,1,0.03730108717581597,0.03939564488493083,0.06768138208739138,0.0874944106681678,1.695593798657312,4357.985871076584,ok
boundary,pps/boundary/L128_z0.350_lam0.3550/real001.json,0.5503875968992248,9b617fad03ded5737e9f1bf1610ffeb2a50a0996,128,0.355,0.35,1,0.355,0.645,128.0,128,0.13308195630475766,-10.216203599327272,1.8682881309187913,0.15854091743202395,125.21756296637433,0.03978769487515457,1,0.1527517240431283,0.08274772135897086,0.27711012684769454,0.16885281428769267,1.7858604433290217,4398.711804389954,ok
boundary,pps/boundary/L128_z0.350_lam0.3550/real002.json,0.5503875968992248,9b617fad03ded5737e9f1bf1610ffeb2a50a0996,128,0.355,0.35,2,0.355,0.645,128.0,128,0.13308195630475766,-9.97240858622525,1.9074216296753648,0.1877010334258285,125.02651714635283,0.038733977860938996,1,0.1555404905327791,0.10002373866425407,0.27181329835704765,0.19116929384350184,1.7428752266075747,4419.829197645187,ok
boundary,pps/boundary/L128_z0.350_lam0.3550/real003.json,0.5503875968992248,9b617fad03ded5737e9f1bf1610ffeb2a50a0996,128,0.355,0.35,3,0.355,0.645,128.0,128,0.13308195630475766,-10.015557046404183,1.8875468528115615,0.19617007543659187,124.7441084048069,0.03935760964580277,1,0.07101827866613515,0.05088542018620215,0.15444269458940518,0.1214487718681014,2.050412178282226,4407.305128097534,ok
boundary,pps/boundary/L128_z0.350_lam0.3550/real004.json,0.5503875968992248,9b617fad03ded5737e9f1bf1610ffeb2a50a0996,128,0.355,0.35,4,0.355,0.645,128.0,128,0.13308195630475766,-9.997822025313411,1.903636720816962,0.23919946893875796,125.27286419214,0.038675613938078925,1,0.07126407243494434,0.03844423586084805,0.11514544463941558,0.06500811051468304,1.622672072575193,4273.061771154404,ok
boundary,pps/boundary/L128_z0.350_lam0.3550/real005.json,0.5503875968992248,9b617fad03ded5737e9f1bf1610ffeb2a50a0996,128,0.355,0.35,5,0.355,0.645,128.0,128,0.13308195630475766,-10.152819511157087,1.9883471519125577,0.16095172751527806,125.19970798253306,0.03971535401610715,1,0.22281505170370955,0.09531616228058284,0.472988595376246,0.24092746408109927,2.068870803905581,4754.854752063751,ok
boundary,pps/boundary/L128_z0.350_lam0.3550/real006.json,0.5503875968992248,9b617fad03ded5737e9f1bf1610ffeb2a50a0996,128,0.355,0.35,6,0.355,0.645,128.0,128,0.13308195630475766,-10.191650042502909,1.8952709929673186,0.19097080428234756,125.50905851569884,0.039753863087133856,1,0.059204857762724716,0.036613841751031884,0.10236246385759418,0.06882073709232599,1.681016553963752,4503.586685180664,ok
boundary,pps/boundary/L128_z0.350_lam0.3550/real007.json,0.5503875968992248,9b617fad03ded5737e9f1bf1610ffeb2a50a0996,128,0.355,0.35,7,0.355,0.645,128.0,128,0.13308195630475766,-9.926573002579369,2.0257015950649064,0.27087923839375483,124.29383665591247,0.0389725171292078,1,0.03731816139564547,0.04777069101071623,0.06754425682480569,0.07969487673245733,1.772285902691153,4432.051878929138,ok
boundary,pps/boundary/L128_z0.350_lam0.3550/real008.json,0.5503875968992248,9b617fad03ded5737e9f1bf1610ffeb2a50a0996,128,0.355,0.35,8,0.355,0.645,128.0,128,0.13308195630475766,-10.353044930478518,2.0638970824368523,0.24020282254092248,125.62150689668033,0.04036721672133558,1,0.07752309758467028,0.04158348324555844,0.17990739871261346,0.11150904331445437,2.2959249537472424,4549.840895414352,ok
boundary,pps/boundary/L128_z0.350_lam0.3550/real009.json,0.5503875968992248,9b617fad03ded5737e9f1bf1610ffeb2a50a0996,128,0.355,0.35,9,0.355,0.645,128.0,128,0.13308195630475766,-10.054523378185793,1.9013228501072637,0.24393942750994066,125.68511738390588,0.038935586579233857,1,0.08479118706016882,0.047074408913335766,0.15646000903343876,0.1000662992589204,1.7944248733603374,4420.038149356842,ok
boundary,pps/boundary/L128_z0.350_lam0.3550/real010.json,0.5503875968992248,9b617fad03ded5737e9f1bf1610ffeb2a50a0996,128,0.355,0.35,10,0.355,0.645,128.0,128,0.13308195630475766,-10.086893433617588,1.830933077410495,0.13566932234099557,124.88507724884008,0.0390280201233929,1,0.09626633633846936,0.06312747101299972,0.18314335714001906,0.14955903643075225,1.8012155715558618,4253.0769102573395,ok
boundary,pps/boundary/L128_z0.350_lam0.3550/real011.json,0.5503875968992248,9b617fad03ded5737e9f1bf1610ffeb2a50a0996,128,0.355,0.35,11,0.355,0.645,128.0,128,0.13308195630475766,-9.951892792292103,1.7702184447097602,0.13623672360470807,123.99476895501076,0.03861407687345405,1,0.06354227999593205,0.06796025221179111,0.13416796852403778,0.1709656891365661,1.9064812533964393,4639.802716016769,ok
boundary,pps/boundary/L128_z0.350_lam0.4141/real000.json,0.7067759003242875,9b617fad03ded5737e9f1bf1610ffeb2a50a0996,128,0.4141,0.35,0,0.4141,0.5859,128.0,128,0.11408861262542616,-9.846559486794423,1.571463684079455,0.08023927259347804,125.36080712180299,0.03806419973271076,1,0.013152437209572945,0.0229897631025268,0.02265653769802984,0.04554754390602687,1.5835069791304235,4754.509044647217,ok
boundary,pps/boundary/L128_z0.350_lam0.4141/real001.json,0.7067759003242875,9b617fad03ded5737e9f1bf1610ffeb2a50a0996,128,0.4141,0.35,1,0.4141,0.5859,128.0,128,0.11408861262542616,-9.963828454537829,1.6245222269866886,0.11855293826965195,124.55588389670972,0.03842858421971862,1,0.004756961450087605,0.0071967521148000166,0.00899690310738518,0.014746327026838929,1.8871929660551197,4723.1821808815,ok
boundary,pps/boundary/L128_z0.350_lam0.4141/real002.json,0.7067759003242875,9b617fad03ded5737e9f1bf1610ffeb2a50a0996,128,0.4141,0.35,2,0.4141,0.5859,128.0,128,0.11408861262542616,-9.732100734278458,1.557796426673065,0.0779310412236125,124.14962642925032,0.03712500351269556,1,0.00951170401541538,0.01840152147691887,0.01378490911562511,0.025345025286935025,1.5011081550441179,4456.551776170731,ok
boundary,pps/boundary/L128_z0.350_lam0.4141/real003.json,0.7067759003242875,9b617fad03ded5737e9f1bf1610ffeb2a50a0996,128,0.4141,0.35,3,0.4141,0.5859,128.0,128,0.11408861262542616,-9.781417372178836,1.5894490160927346,0.1079783429544978,125.70375950150077,0.037092657545187285,1,0.01017970155325899,0.01647763569704563,0.015154130295406555,0.02430759644678486,1.4797356898301495,4755.572365283966,ok
boundary,pps/boundary/L128_z0.350_lam0.4141/real004.json,0.7067759003242875,9b617fad03ded5737e9f1bf1610ffeb2a50a0996,128,0.4141,0.35,4,0.4141,0.5859,128.0,128,0.11408861262542616,-9.770352611382465,1.5512038385191984,0.08687023074042388,125.27688580239074,0.038103501492442786,1,0.0044142542605202055,0.007359898849043862,0.0065455221409600715,0.011283457683370857,1.4731369516407526,4344.075884580612,ok
boundary,pps/boundary/L128_z0.350_lam0.4141/real005.json,0.7067759003242875,9b617fad03ded5737e9f1bf1610ffeb2a50a0996,128,0.4141,0.35,5,0.4141,0.5859,128.0,128,0.11408861262542616,-9.976307804446224,1.5847014261470553,0.1272569027731354,125.53414460481167,0.03848647038395246,1,0.003017526635794524,0.004569796842051759,0.004727925817887969,0.007446042000396954,1.4822342514644131,4761.28234577179,ok
boundary,pps/boundary/L128_z0.350_lam0.4141/real006.json,0.7067759003242875,9b617fad03ded5737e9f1bf1610ffeb2a50a0996,128,0.4141,0.35,6,0.4141,0.5859,128.0,128,0.11408861262542616,-9.859590688028815,1.5634226703691396,0.07011832160115004,125.3665093739382,0.03822870885456466,1,0.003985494926554154,0.009887702224947925,0.006324165460416864,0.016020355938741553,1.5062457574715176,4518.858841657639,ok
boundary,pps/boundary/L128_z0.350_lam0.4141/real007.json,0.7067759003242875,9b617fad03ded5737e9f1bf1610ffeb2a50a0996,128,0.4141,0.35,7,0.4141,0.5859,128.0,128,0.11408861262542616,-10.244566131590258,1.6177336888002702,0.13399410402222742,125.06355361450245,0.03961665124126449,1,0.014106038505823782,0.0108465646909246,0.022929292305166257,0.020587913404091152,1.5570753092084328,4957.738277435303,ok
boundary,pps/boundary/L128_z0.350_lam0.4141/real008.json,0.7067759003242875,9b617fad03ded5737e9f1bf1610ffeb2a50a0996,128,0.4141,0.35,8,0.4141,0.5859,128.0,128,0.11408861262542616,-9.778789370729378,1.5502156224937516,0.06847806199973669,125.53296182772347,0.03758259805059671,1,0.024223782091352626,0.03434732532445844,0.043730130502706244,0.0730398711356823,1.6854797420175185,4905.9062440395355,ok
boundary,pps/boundary/L128_z0.350_lam0.4141/real009.json,0.7067759003242875,9b617fad03ded5737e9f1bf1610ffeb2a50a0996,128,0.4141,0.35,9,0.4141,0.5859,128.0,128,0.11408861262542616,-9.618923293869292,1.568822957531603,0.09275658003216797,124.65231587646676,0.036762528587529514,1,0.0014357618852925778,0.0018482686365922736,0.0021472006829982666,0.0027631758836466056,1.4609259249666795,4781.971754789352,ok
boundary,pps/boundary/L128_z0.350_lam0.4141/real010.json,0.7067759003242875,9b617fad03ded5737e9f1bf1610ffeb2a50a0996,128,0.4141,0.35,10,0.4141,0.5859,128.0,128,0.11408861262542616,-9.854998148681943,1.5479743260653003,0.08038180422986294,123.85285493793171,0.037696002964065084,1,0.0019495773616058625,0.0035058639168602653,0.003072603301546517,0.005498349885864267,1.5264306544599495,4903.792631626129,ok
boundary,pps/boundary/L128_z0.350_lam0.4141/real011.json,0.7067759003242875,9b617fad03ded5737e9f1bf1610ffeb2a50a0996,128,0.4141,0.35,11,0.4141,0.5859,128.0,128,0.11408861262542616,-9.866436143150086,1.598528724233605,0.11738968292522683,125.35701491948585,0.037610876987329706,1,0.06610554804034689,0.06787980704242853,0.09578376072136552,0.09983807900510222,1.4967180409867593,4676.6133685112,ok
boundary,pps/boundary/L128_z0.350_lam0.4733/real000.json,0.898614011771407,9b617fad03ded5737e9f1bf1610ffeb2a50a0996,128,0.4733,0.35,0,0.4733,0.5267,128.0,128,0.09981849670016686,-9.293081575624285,1.3891537009112804,0.03363930904330724,125.57266992438338,0.034905974677105184,1,0.00020860750358278266,0.0006339144004660083,0.0003239985944134818,0.0009531309176187482,1.4745643142914298,4550.281326055527,ok
boundary,pps/boundary/L128_z0.350_lam0.4733/real001.json,0.898614011771407,9b617fad03ded5737e9f1bf1610ffeb2a50a0996,128,0.4733,0.35,1,0.4733,0.5267,128.0,128,0.09981849670016686,-9.08434700714546,1.3854393883494749,0.038280488653436105,125.63857494116624,0.034625005226137075,1,7.886044385720103e-05,0.00016080999820347995,0.00012176378466282923,0.00031187499162471394,1.3669246694651098,4753.446804046631,ok
boundary,pps/boundary/L128_z0.350_lam0.4733/real002.json,0.898614011771407,9b617fad03ded5737e9f1bf1610ffeb2a50a0996,128,0.4733,0.35,2,0.4733,0.5267,128.0,128,0.09981849670016686,-9.110003900097997,1.3998041179163903,0.04709001766917509,124.95647658544856,0.03461894543093148,1,0.00010117820065957267,0.00027657518218364717,0.0001525860018356861,0.0004505348337756128,1.412616029811221,4508.753455162048,ok
boundary,pps/boundary/L128_z0.350_lam0.4733/real003.json,0.898614011771407,9b617fad03ded5737e9f1bf1610ffeb2a50a0996,128,0.4733,0.35,3,0.4733,0.5267,128.0,128,0.09981849670016686,-9.125785348565351,1.4098092398128104,0.06339689756479708,125.4900622337619,0.03442839767031867,1,0.00016400402834551922,0.0002603882674551592,0.00021904308673599885,0.0003354413257850638,1.356495701107376,4604.385175228119,ok
boundary,pps/boundary/L128_z0.350_lam0.4733/real004.json,0.898614011771407,9b617fad03ded5737e9f1bf1610ffeb2a50a0996,128,0.4733,0.35,4,0.4733,0.5267,128.0,128,0.09981849670016686,-9.139486961155226,1.3947208245632245,0.04381432383615814,124.97662669538572,0.034929727937501966,1,0.00024557521789597,0.0005204600877651974,0.00036182500889697525,0.0008200528932056258,1.419084162750908,4643.197313547134,ok
boundary,pps/boundary/L128_z0.350_lam0.4733/real005.json,0.898614011771407,9b617fad03ded5737e9f1bf1610ffeb2a50a0996,128,0.4733,0.35,5,0.4733,0.5267,128.0,128,0.09981849670016686,-9.093978297677994,1.3974046082291773,0.04021243347044617,125.02773949578847,0.035306185276999996,1,8.230182725675085e-05,0.00015204131695045333,0.00011556466616451784,0.00024099420389112638,1.3502274868118067,4919.480507612228,ok
boundary,pps/boundary/L128_z0.350_lam0.4733/real006.json,0.898614011771407,9b617fad03ded5737e9f1bf1610ffeb2a50a0996,128,0.4733,0.35,6,0.4733,0.5267,128.0,128,0.09981849670016686,-9.451365017403088,1.462922523634228,0.0906663720648508,125.93316454305165,0.03707210066181517,1,0.00013922069048838588,0.0006292027809099245,0.00022407655779596925,0.0009504433242667935,1.540544473861386,4938.0348534584045,ok
boundary,pps/boundary/L128_z0.350_lam0.4733/real007.json,0.898614011771407,9b617fad03ded5737e9f1bf1610ffeb2a50a0996,128,0.4733,0.35,7,0.4733,0.5267,128.0,128,0.09981849670016686,-9.110023973648007,1.406619618589654,0.043395544249661945,125.15750360189509,0.0348490615184419,1,0.0001240775643379169,0.00036583044523971775,0.00017182960055734986,0.0004891648785641045,1.453316505104488,4532.98198223114,ok
boundary,pps/boundary/L128_z0.350_lam0.4733/real008.json,0.898614011771407,9b617fad03ded5737e9f1bf1610ffeb2a50a0996,128,0.4733,0.35,8,0.4733,0.5267,128.0,128,0.09981849670016686,-9.54894508449627,1.5379877710663101,0.15524971772033827,126.07609822009373,0.03669271900678183,1,0.029094875278300913,0.03372662183007326,0.04280873776929307,0.05073398967939537,1.5193218219390736,4665.4585502147675,ok
boundary,pps/boundary/L128_z0.350_lam0.4733/real009.json,0.898614011771407,9b617fad03ded5737e9f1bf1610ffeb2a50a0996,128,0.4733,0.35,9,0.4733,0.5267,128.0,128,0.09981849670016686,-9.098130368887904,1.3900407577296872,0.04108465699909586,124.88969497122392,0.03464005720163937,1,0.0007063396493471284,0.0023241292811835303,0.001056255808728989,0.003640274872813787,1.3893512719031502,4501.799228668213,ok
boundary,pps/boundary/L128_z0.350_lam0.4733/real010.json,0.898614011771407,9b617fad03ded5737e9f1bf1610ffeb2a50a0996,128,0.4733,0.35,10,0.4733,0.5267,128.0,128,0.09981849670016686,-9.365750171308745,1.3986511311449097,0.0549651837787605,125.41856847459167,0.036733204176459255,1,0.00025562727558800166,0.0003756117094569712,0.0003486227504079319,0.0005409264178242759,1.3927427495996532,4850.340079784393,ok
boundary,pps/boundary/L128_z0.350_lam0.4733/real011.json,0.898614011771407,9b617fad03ded5737e9f1bf1610ffeb2a50a0996,128,0.4733,0.35,11,0.4733,0.5267,128.0,128,0.09981849670016686,-8.97665253973414,1.3776066334725374,0.033837789790384216,125.71050847029917,0.033789248992355705,1,0.00022808958375634784,0.0004578519390103135,0.0003136328919398705,0.0006159354628831927,1.3928600750839035,4314.561959981918,ok
boundary,pps/boundary/L64_z0.350_lam0.1775/real000.json,0.21580547112462004,9b617fad03ded5737e9f1bf1610ffeb2a50a0996,64,0.1775,0.35,0,0.1775,0.8225,64.0,128,0.5365526492287056,-3.5364256626594943,4.031313357133047,0.37584127119598765,124.16604984621945,0.026461962970811066,1,1.499804260114815,0.3851627363459498,6.143679662350506,2.130790211291618,4.030973073490246,134.02267956733704,ok
boundary,pps/boundary/L64_z0.350_lam0.1775/real001.json,0.21580547112462004,9b617fad03ded5737e9f1bf1610ffeb2a50a0996,64,0.1775,0.35,1,0.1775,0.8225,64.0,128,0.5365526492287056,-3.5163470269011774,3.952602459378487,0.3154094747949939,122.50446526312831,0.025625932133779974,1,1.3081422694613782,0.280178418059215,4.349152451202993,1.7977492390646095,3.235628356716645,133.75529408454895,ok
boundary,pps/boundary/L64_z0.350_lam0.1775/real002.json,0.21580547112462004,9b617fad03ded5737e9f1bf1610ffeb2a50a0996,64,0.1775,0.35,2,0.1775,0.8225,64.0,128,0.5365526492287056,-3.459367237805223,3.901231285631953,0.1752679281669104,124.34039319686244,0.025326587664038395,1,1.6037568004923535,0.47312021320276554,6.709721169734239,2.8784720646996234,4.034551349294132,134.1775894165039,ok
boundary,pps/boundary/L64_z0.350_lam0.1775/real003.json,0.21580547112462004,9b617fad03ded5737e9f1bf1610ffeb2a50a0996,64,0.1775,0.35,3,0.1775,0.8225,64.0,128,0.5365526492287056,-3.548352283241585,4.111627409083192,0.26336550128544167,124.48187371785443,0.027054995391501833,1,1.2097707342323707,0.34595429164390773,4.825109354302093,1.7541045147380685,3.93036813948357,136.36733436584473,ok
boundary,pps/boundary/L64_z0.350_lam0.1775/real004.json,0.21580547112462004,9b617fad03ded5737e9f1bf1610ffeb2a50a0996,64,0.1775,0.35,4,0.1775,0.8225,64.0,128,0.5365526492287056,-3.5440699749961198,4.131078957285594,0.1945470919821904,123.06967035991444,0.02651755842511188,1,1.2852134793547036,0.41092452275894037,4.926140711663182,2.3269990295947975,3.6641010560149683,140.96981525421143,ok
boundary,pps/boundary/L64_z0.350_lam0.1775/real005.json,0.21580547112462004,9b617fad03ded5737e9f1bf1610ffeb2a50a0996,64,0.1775,0.35,5,0.1775,0.8225,64.0,128,0.5365526492287056,-3.466536501442081,3.6905632531919648,0.28841057707150564,123.71888388329914,0.026076064736068345,1,1.16687302771214,0.3589202253403554,4.418936983442974,1.8668856714760282,3.696855206332344,134.49184584617615,ok
boundary,pps/boundary/L64_z0.350_lam0.1775/real006.json,0.21580547112462004,9b617fad03ded5737e9f1bf1610ffeb2a50a0996,64,0.1775,0.35,6,0.1775,0.8225,64.0,128,0.5365526492287056,-3.512812830300303,3.8914652726574372,0.19373746387473575,124.75147081798936,0.027106055917251577,1,1.352228538911544,0.37169786850174896,5.311458851526211,2.2684045214914077,3.7904053401490536,134.89646339416504,ok
boundary,pps/boundary/L64_z0.350_lam0.1775/real007.json,0.21580547112462004,9b617fad03ded5737e9f1bf1610ffeb2a50a0996,64,0.1775,0.35,7,0.1775,0.8225,64.0,128,0.5365526492287056,-3.4060528835617596,3.463036631461604,0.4526615612544519,123.78878196267503,0.02550529744521722,1,1.0278592818090537,0.41741143682482745,3.6702135843508024,2.0671476335002756,3.4032742357790675,132.3468415737152,ok
boundary,pps/boundary/L64_z0.350_lam0.1775/real008.json,0.21580547112462004,9b617fad03ded5737e9f1bf1610ffeb2a50a0996,64,0.1775,0.35,8,0.1775,0.8225,64.0,128,0.5365526492287056,-3.3828922733777635,3.558557899030958,0.30390491294911604,122.2851712020826,0.025107621182666805,1,0.9781391382995084,0.36706182228494966,3.0207486117176536,1.8217623912599286,2.8976879175205488,130.00876379013062,ok
boundary,pps/boundary/L64_z0.350_lam0.1775/real009.json,0.21580547112462004,9b617fad03ded5737e9f1bf1610ffeb2a50a0996,64,0.1775,0.35,9,0.1775,0.8225,64.0,128,0.5365526492287056,-3.573093611623498,4.2532424900658645,0.3043715816704063,123.6128869544823,0.026850153048164155,2,1.648188385034315,0.33375535074566126,6.68938482987237,1.87820246618199,4.023155146410337,138.8663830757141,ok
boundary,pps/boundary/L64_z0.350_lam0.1775/real010.json,0.21580547112462004,9b617fad03ded5737e9f1bf1610ffeb2a50a0996,64,0.1775,0.35,10,0.1775,0.8225,64.0,128,0.5365526492287056,-3.5951643781468317,4.293456230596816,0.3308951493750228,124.48650668042234,0.02733232920951251,2,1.6034133059569504,0.38916410840951243,7.082124001533023,2.18056825116244,4.363936117164124,136.18424916267395,ok
boundary,pps/boundary/L64_z0.350_lam0.1775/real011.json,0.21580547112462004,9b617fad03ded5737e9f1bf1610ffeb2a50a0996,64,0.1775,0.35,11,0.1775,0.8225,64.0,128,0.5365526492287056,-3.4967054887797,3.754637469897615,0.549423050077631,123.59533397758179,0.02648775130979351,1,1.1273419784232244,0.28311166806050325,3.7852066563177496,1.5862764489986332,3.2569732057767604,137.26566171646118,ok
boundary,pps/boundary/L64_z0.350_lam0.2219/real000.json,0.28518185323223233,9b617fad03ded5737e9f1bf1610ffeb2a50a0996,64,0.2219,0.35,0,0.2219,0.7781,64.0,128,0.4291937595227366,-4.216049967445614,3.3741647072478185,0.2107439923400204,122.91360257942976,0.031883725016794415,1,1.1822290806083293,0.34850827267961376,4.129861984632667,1.6521668268130474,3.422222618559754,169.07161211967468,ok
boundary,pps/boundary/L64_z0.350_lam0.2219/real001.json,0.28518185323223233,9b617fad03ded5737e9f1bf1610ffeb2a50a0996,64,0.2219,0.35,1,0.2219,0.7781,64.0,128,0.4291937595227366,-4.1529928574042,3.3541336357050864,0.16687969079702594,123.34837290910544,0.03139020029025637,1,1.0177971556220111,0.3622694567062388,3.3056128689683772,1.7093235712083348,3.1052721850202722,173.43644499778748,ok
boundary,pps/boundary/L64_z0.350_lam0.2219/real002.json,0.28518185323223233,9b617fad03ded5737e9f1bf1610ffeb2a50a0996,64,0.2219,0.35,2,0.2219,0.7781,64.0,128,0.4291937595227366,-4.160879522754641,3.3578843398265334,0.2629221451689818,123.12164131200933,0.03006338720200443,1,0.8577832226004616,0.2173297119505672,2.6725271933148447,1.1179309807800593,3.0355546930155626,166.6748366355896,ok
boundary,pps/boundary/L64_z0.350_lam0.2219/real003.json,0.28518185323223233,9b617fad03ded5737e9f1bf1610ffeb2a50a0996,64,0.2219,0.35,3,0.2219,0.7781,64.0,128,0.4291937595227366,-4.149040209296754,3.222118844618886,0.20601281582739353,123.44449269789348,0.030695717395970955,1,0.8993122852066618,0.4067628504696327,3.034821825527524,1.828270938860338,3.1921687584488456,165.5722999572754,ok
boundary,pps/boundary/L64_z0.350_lam0.2219/real004.json,0.28518185323223233,9b617fad03ded5737e9f1bf1610ffeb2a50a0996,64,0.2219,0.35,4,0.2219,0.7781,64.0,128,0.4291937595227366,-4.046267713675496,3.050267541736495,0.32416802726012206,123.35265203803714,0.03141956394449484,1,1.0453348315865891,0.2981597947014158,3.451261218823317,1.4834794715400872,3.2252555384053725,163.20247077941895,ok
boundary,pps/boundary/L64_z0.350_lam0.2219/real005.json,0.28518185323223233,9b617fad03ded5737e9f1bf1610ffeb2a50a0996,64,0.2219,0.35,5,0.2219,0.7781,64.0,128,0.4291937595227366,-4.220562273022592,3.5203280047847048,0.13217074906262302,122.43167989580755,0.03128199567473118,1,1.1939338659391643,0.2946371680980749,4.307443931260908,1.5110147725148604,3.543360620312686,169.47338271141052,ok
boundary,pps/boundary/L64_z0.350_lam0.2219/real006.json,0.28518185323223233,9b617fad03ded5737e9f1bf1610ffeb2a50a0996,64,0.2219,0.35,6,0.2219,0.7781,64.0,128,0.4291937595227366,-4.00445388107051,3.0485428946871096,0.2798762993872253,124.41214002203033,0.029356940976693398,1,0.8343050788773954,0.30473302790307216,2.3066915296490498,1.1937062941018344,2.6815127084756583,163.22317743301392,ok
boundary,pps/boundary/L64_z0.350_lam0.2219/real007.json,0.28518185323223233,9b617fad03ded5737e9f1bf1610ffeb2a50a0996,64,0.2219,0.35,7,0.2219,0.7781,64.0,128,0.4291937595227366,-4.182101716445404,3.4517173610579555,0.16478799477684744,124.16209696725738,0.030968311403445428,2,1.4484406107956374,0.500587797680871,5.673744035526976,2.5217806903685474,3.7837593635780564,172.4019811153412,ok
boundary,pps/boundary/L64_z0.350_lam0.2219/real008.json,0.28518185323223233,9b617fad03ded5737e9f1bf1610ffeb2a50a0996,64,0.2219,0.35,8,0.2219,0.7781,64.0,128,0.4291937595227366,-4.069775326642097,3.0502928801919977,0.11807346664131299,122.14514322802552,0.030735046215882647,2,1.0772741478042938,0.3618917953967173,3.458943007837496,1.898588054636518,3.0524905982843586,164.1369171142578,ok
boundary,pps/boundary/L64_z0.350_lam0.2219/real009.json,0.28518185323223233,9b617fad03ded5737e9f1bf1610ffeb2a50a0996,64,0.2219,0.35,9,0.2219,0.7781,64.0,128,0.4291937595227366,-4.06421508223503,3.010877760322837,0.20608414914463127,122.52314405672813,0.030621152151315275,1,0.8398427834336755,0.3538868197625106,2.5351828364569364,1.4198221307207224,2.8625164984275955,165.6410574913025,ok
boundary,pps/boundary/L64_z0.350_lam0.2219/real010.json,0.28518185323223233,9b617fad03ded5737e9f1bf1610ffeb2a50a0996,64,0.2219,0.35,10,0.2219,0.7781,64.0,128,0.4291937595227366,-4.165131138326912,3.198257156812749,0.4591842694310395,124.12222545852839,0.03129471034886513,1,0.8139182449301718,0.28488851290253375,2.3796521644458326,1.1482410482917047,2.8411629061865833,167.1065707206726,ok
boundary,pps/boundary/L64_z0.350_lam0.2219/real011.json,0.28518185323223233,9b617fad03ded5737e9f1bf1610ffeb2a50a0996,64,0.2219,0.35,11,0.2219,0.7781,64.0,128,0.4291937595227366,-4.031261753957999,2.9101149567534708,0.14563573460633122,122.9814424965676,0.029905739442072567,1,0.5700006828927937,0.30364757867567527,1.703316947986032,1.2887906209405364,2.798239673323815,164.25471901893616,ok
boundary,pps/boundary/L64_z0.350_lam0.2662/real000.json,0.362769146906514,9b617fad03ded5737e9f1bf1610ffeb2a50a0996,64,0.2662,0.35,0,0.2662,0.7338,64.0,128,0.35776895281027515,-4.523822546027779,2.385353069791205,0.19907167212713175,123.65953618101649,0.033699069974455854,1,0.6595600582665084,0.26785987345850554,1.9220641246002943,1.1328132896761307,2.759396338771333,185.9135274887085,ok
boundary,pps/boundary/L64_z0.350_lam0.2662/real001.json,0.362769146906514,9b617fad03ded5737e9f1bf1610ffeb2a50a0996,64,0.2662,0.35,1,0.2662,0.7338,64.0,128,0.35776895281027515,-4.545948830577285,2.4453829433732834,0.23448088924817176,122.60898398005101,0.03396783159724279,1,0.6657408152851525,0.24922637658247496,1.7528639045514118,0.7704162455218908,2.5546802429763185,181.1699652671814,ok
boundary,pps/boundary/L64_z0.350_lam0.2662/real002.json,0.362769146906514,9b617fad03ded5737e9f1bf1610ffeb2a50a0996,64,0.2662,0.35,2,0.2662,0.7338,64.0,128,0.35776895281027515,-4.57003784060912,2.4477257055342445,0.2225625780388511,123.03065099432504,0.034677205767704736,1,0.47031041494725623,0.20751693107976715,1.0586534528351415,0.5830137024433508,2.1779292136374577,184.38272738456726,ok
boundary,pps/boundary/L64_z0.350_lam0.2662/real003.json,0.362769146906514,9b617fad03ded5737e9f1bf1610ffeb2a50a0996,64,0.2662,0.35,3,0.2662,0.7338,64.0,128,0.35776895281027515,-4.5842791349979075,2.4223053378606862,0.19685933710280282,123.34697418439778,0.03480625437824782,1,0.5597074818676906,0.24371194041923389,1.3701362917978694,0.8291079355674489,2.3552827825584393,180.5563838481903,ok
boundary,pps/boundary/L64_z0.350_lam0.2662/real004.json,0.362769146906514,9b617fad03ded5737e9f1bf1610ffeb2a50a0996,64,0.2662,0.35,4,0.2662,0.7338,64.0,128,0.35776895281027515,-4.66446615697948,2.5929050208160893,0.2633725162352946,122.3985502877239,0.03420043677904017,1,0.661252252085542,0.27964546452606415,1.6754220167253069,0.9450484442472133,2.3935199683634742,184.76984333992004,ok
boundary,pps/boundary/L64_z0.350_lam0.2662/real005.json,0.362769146906514,9b617fad03ded5737e9f1bf1610ffeb2a50a0996,64,0.2662,0.35,5,0.2662,0.7338,64.0,128,0.35776895281027515,-4.7008486549541155,2.7760740540657167,0.13212103896043936,123.52518243557236,0.03582773993076991,1,1.0176722881364697,0.30943882235590947,2.9769070455167457,1.3254675383591983,2.843265800259001,194.44194769859314,ok
boundary,pps/boundary/L64_z0.350_lam0.2662/real006.json,0.362769146906514,9b617fad03ded5737e9f1bf1610ffeb2a50a0996,64,0.2662,0.35,6,0.2662,0.7338,64.0,128,0.35776895281027515,-4.661245148153374,2.7001375069563203,0.16733016748359186,123.83942024767325,0.036001550096775664,1,0.6928841543962574,0.22781906600468474,1.9017477583607905,0.7548807763899601,2.6959161643085623,186.9371621608734,ok
boundary,pps/boundary/L64_z0.350_lam0.2662/real007.json,0.362769146906514,9b617fad03ded5737e9f1bf1610ffeb2a50a0996,64,0.2662,0.35,7,0.2662,0.7338,64.0,128,0.35776895281027515,-4.627042998310954,2.603060708758359,0.2488478752283611,122.84752100343921,0.03460740297774626,1,0.5421582419453586,0.2758949726374451,1.262247221378201,0.8511360350666362,2.1824445552286313,185.36210179328918,ok
boundary,pps/boundary/L64_z0.350_lam0.2662/real008.json,0.362769146906514,9b617fad03ded5737e9f1bf1610ffeb2a50a0996,64,0.2662,0.35,8,0.2662,0.7338,64.0,128,0.35776895281027515,-4.565267723445502,2.440565516886612,0.1889681252036416,121.53942047232808,0.03368015372963279,1,0.7971681408012662,0.32870735836164017,2.233966841744046,1.1624694161987987,2.7270114184493766,183.81548833847046,ok
boundary,pps/boundary/L64_z0.350_lam0.2662/real009.json,0.362769146906514,9b617fad03ded5737e9f1bf1610ffeb2a50a0996,64,0.2662,0.35,9,0.2662,0.7338,64.0,128,0.35776895281027515,-4.650594292218483,2.576661595576187,0.262552303207749,123.54282813872227,0.034118422743068685,2,0.6718141086091028,0.28306541671317575,1.7519627992999565,0.989598534363948,2.4872726703613184,182.30518698692322,ok
boundary,pps/boundary/L64_z0.350_lam0.2662/real010.json,0.362769146906514,9b617fad03ded5737e9f1bf1610ffeb2a50a0996,64,0.2662,0.35,10,0.2662,0.7338,64.0,128,0.35776895281027515,-4.550438763207024,2.4850529116992095,0.25429635120364563,123.50571140795897,0.03326775981759758,1,0.5802902633756646,0.2228909927194007,1.4720782944566215,0.8024650444005866,2.4278470507372933,187.0346438884735,ok
boundary,pps/boundary/L64_z0.350_lam0.2662/real011.json,0.362769146906514,9b617fad03ded5737e9f1bf1610ffeb2a50a0996,64,0.2662,0.35,11,0.2662,0.7338,64.0,128,0.35776895281027515,-4.545602290837268,2.505066766142724,0.27880610838261854,122.58446717924498,0.033671966635258115,1,0.659196628851137,0.2155509845493868,1.659621492163729,0.790067261219119,2.4684020617633875,181.87663626670837,ok
boundary,pps/boundary/L64_z0.350_lam0.3106/real000.json,0.450536698578474,9b617fad03ded5737e9f1bf1610ffeb2a50a0996,64,0.3106,0.35,0,0.3106,0.6894,64.0,128,0.30662619200932145,-4.928396522925652,2.051424564207313,0.07672097782191532,123.8692390794431,0.03559510539629576,2,0.495666583297944,0.1882572035479397,1.0921486035697603,0.5366065045631726,2.1345929925794334,202.49597477912903,ok
boundary,pps/boundary/L64_z0.350_lam0.3106/real001.json,0.450536698578474,9b617fad03ded5737e9f1bf1610ffeb2a50a0996,64,0.3106,0.35,1,0.3106,0.6894,64.0,128,0.30662619200932145,-4.870293637875024,2.113074539105323,0.16613995579572527,123.22738273238213,0.03518535868634163,1,0.34866536236837703,0.17080462594026985,0.6890219954183566,0.40492866679084577,1.9135647079506992,202.63190913200378,ok
boundary,pps/boundary/L64_z0.350_lam0.3106/real002.json,0.450536698578474,9b617fad03ded5737e9f1bf1610ffeb2a50a0996,64,0.3106,0.35,2,0.3106,0.6894,64.0,128,0.30662619200932145,-4.824021603382816,1.917962908105336,0.13752810471560584,122.34305763603575,0.03528618207414132,1,0.28365334666573944,0.15390177154847084,0.5423105072416516,0.3367354262547864,1.851450000458433,193.1220314502716,ok
boundary,pps/boundary/L64_z0.350_lam0.3106/real003.json,0.450536698578474,9b617fad03ded5737e9f1bf1610ffeb2a50a0996,64,0.3106,0.35,3,0.3106,0.6894,64.0,128,0.30662619200932145,-4.88996722300123,2.075120452454808,0.09039737263599915,123.33386084269475,0.036474834180287824,1,0.4977303535778609,0.26978783525573324,1.118775438768698,0.7522335219755364,2.094321900703573,199.294118642807,ok
boundary,pps/boundary/L64_z0.350_lam0.3106/real004.json,0.450536698578474,9b617fad03ded5737e9f1bf1610ffeb2a50a0996,64,0.3106,0.35,4,0.3106,0.6894,64.0,128,0.30662619200932145,-4.882498958710837,2.0795199540027864,0.10527005913612857,121.86743029017812,0.03748425777362446,1,0.24805870777883535,0.11675602056330465,0.48727046151370995,0.2843090197424536,1.896432632808124,201.01210522651672,ok
boundary,pps/boundary/L64_z0.350_lam0.3106/real005.json,0.450536698578474,9b617fad03ded5737e9f1bf1610ffeb2a50a0996,64,0.3106,0.35,5,0.3106,0.6894,64.0,128,0.30662619200932145,-4.830372106202636,1.971552843520314,0.1631657407460522,122.82553205773334,0.03493971951225209,1,0.3166724215313646,0.17168615070516788,0.6573064524091455,0.5172894059485394,1.9375909624850518,200.46679496765137,ok
boundary,pps/boundary/L64_z0.350_lam0.3106/real006.json,0.450536698578474,9b617fad03ded5737e9f1bf1610ffeb2a50a0996,64,0.3106,0.35,6,0.3106,0.6894,64.0,128,0.30662619200932145,-4.910019094690515,2.038303190688262,0.05655280713081196,123.18205282421569,0.03562167632414423,1,0.41495030305176067,0.1614205848370482,0.8694819993062908,0.4302496204633477,2.0386831235651295,200.6092405319214,ok
boundary,pps/boundary/L64_z0.350_lam0.3106/real007.json,0.450536698578474,9b617fad03ded5737e9f1bf1610ffeb2a50a0996,64,0.3106,0.35,7,0.3106,0.6894,64.0,128,0.30662619200932145,-4.971538249703787,2.1688905601405777,0.14551273821890273,122.56869052184373,0.03645380343223253,1,0.38755165638529926,0.17892861935193924,0.787796137213815,0.45601070227505885,1.9631465261776788,201.44350504875183,ok
boundary,pps/boundary/L64_z0.350_lam0.3106/real008.json,0.450536698578474,9b617fad03ded5737e9f1bf1610ffeb2a50a0996,64,0.3106,0.35,8,0.3106,0.6894,64.0,128,0.30662619200932145,-4.865350555011422,2.046839427901102,0.07630086410701736,122.78868759822413,0.0364313268578823,2,0.35599060088299195,0.2471424141715926,0.8260659854318839,0.6517200341101986,2.1722816635067375,198.727294921875,ok
boundary,pps/boundary/L64_z0.350_lam0.3106/real009.json,0.450536698578474,9b617fad03ded5737e9f1bf1610ffeb2a50a0996,64,0.3106,0.35,9,0.3106,0.6894,64.0,128,0.30662619200932145,-4.819530391685288,1.94254875406099,0.12838117762221288,121.89636048538728,0.034750406158227505,1,0.2210913344553066,0.1485968493546417,0.4446176144806061,0.39763765772479714,1.8588334826909567,198.12395358085632,ok
boundary,pps/boundary/L64_z0.350_lam0.3106/real010.json,0.450536698578474,9b617fad03ded5737e9f1bf1610ffeb2a50a0996,64,0.3106,0.35,10,0.3106,0.6894,64.0,128,0.30662619200932145,-4.940461819217656,2.05406920640603,0.11386709988559253,122.48424897970183,0.03616557440953358,1,0.39586991505428637,0.22680399404007706,0.8558257405757581,0.5969476716655825,2.0600116221829703,206.18591380119324,ok
boundary,pps/boundary/L64_z0.350_lam0.3106/real011.json,0.450536698578474,9b617fad03ded5737e9f1bf1610ffeb2a50a0996,64,0.3106,0.35,11,0.3106,0.6894,64.0,128,0.30662619200932145,-4.872119083659268,2.015877965811049,0.172901522475525,122.03588330842163,0.035471676391189845,1,0.2258008150256226,0.1262065862476805,0.43420794697927206,0.3025481037133928,1.8434199687682882,207.00062370300293,ok
boundary,pps/boundary/L64_z0.350_lam0.3550/real000.json,0.5503875968992248,9b617fad03ded5737e9f1bf1610ffeb2a50a0996,64,0.355,0.35,0,0.355,0.645,64.0,128,0.2682763246143528,-4.982704533602021,1.8038075994223133,0.11279367168993414,123.23211238963451,0.03737939665816026,1,0.21668517909351875,0.14888355894490707,0.39494018775807127,0.29847193028055996,1.7519900519906093,219.59302186965942,ok
boundary,pps/boundary/L64_z0.350_lam0.3550/real001.json,0.5503875968992248,9b617fad03ded5737e9f1bf1610ffeb2a50a0996,64,0.355,0.35,1,0.355,0.645,64.0,128,0.2682763246143528,-5.014582827884954,1.7257963735011328,0.069125516275032,123.05001940871982,0.037030501499427416,1,0.15710064914307315,0.11045162848643382,0.25841737483863175,0.21852147642308833,1.5961726612082594,225.3538224697113,ok
boundary,pps/boundary/L64_z0.350_lam0.3550/real002.json,0.5503875968992248,9b617fad03ded5737e9f1bf1610ffeb2a50a0996,64,0.355,0.35,2,0.355,0.645,64.0,128,0.2682763246143528,-5.008200455741127,1.7489101897167763,0.046363384665942024,123.49481773302502,0.036281109495551404,1,0.22237133113716234,0.13836246340213382,0.4307179346029066,0.3153447666222011,1.841027114724933,206.0042622089386,ok
boundary,pps/boundary/L64_z0.350_lam0.3550/real003.json,0.5503875968992248,9b617fad03ded5737e9f1bf1610ffeb2a50a0996,64,0.355,0.35,3,0.355,0.645,64.0,128,0.2682763246143528,-4.946155403604855,1.6990187635148974,0.0704495819323568,123.00116750571135,0.035740110402594685,1,0.15627430387601227,0.12476342071221276,0.2973017876654098,0.2801734791088735,1.8182320727281516,209.78367853164673,ok
boundary,pps/boundary/L64_z0.350_lam0.3550/real004.json,0.5503875968992248,9b617fad03ded5737e9f1bf1610ffeb2a50a0996,64,0.355,0.35,4,0.355,0.645,64.0,128,0.2682763246143528,-5.031501874359253,1.7161095839858285,0.04369381746813094,121.56760055420904,0.03570949486998296,1,0.1523421200195216,0.10665116977630883,0.2930244974021581,0.23229995040984688,1.8016894180124678,214.92057299613953,ok
boundary,pps/boundary/L64_z0.350_lam0.3550/real005.json,0.5503875968992248,9b617fad03ded5737e9f1bf1610ffeb2a50a0996,64,0.355,0.35,5,0.355,0.645,64.0,128,0.2682763246143528,-5.032338521772406,1.7493781769458243,0.05783226079208834,122.63151591028358,0.037150794209137604,1,0.20010296238711792,0.15593037445581748,0.38790907704589966,0.37905739726934573,1.7819350870747566,212.19378018379211,ok
boundary,pps/boundary/L64_z0.350_lam0.3550/real006.json,0.5503875968992248,9b617fad03ded5737e9f1bf1610ffeb2a50a0996,64,0.355,0.35,6,0.355,0.645,64.0,128,0.2682763246143528,-5.047459030279284,1.7682571872787558,0.0679886471344375,122.08033883372657,0.03518786439484135,1,0.15619196915400652,0.17619640401438696,0.30782575005312146,0.4166325899955916,1.7950367926223665,221.11937308311462,ok
boundary,pps/boundary/L64_z0.350_lam0.3550/real007.json,0.5503875968992248,9b617fad03ded5737e9f1bf1610ffeb2a50a0996,64,0.355,0.35,7,0.355,0.645,64.0,128,0.2682763246143528,-5.074525595503372,1.7502901460214007,0.07260290637495775,121.75197212423281,0.03743381267705581,1,0.20872294247211406,0.13087022880305893,0.39086357068774763,0.30138176762128527,1.7886684340820742,211.39466452598572,ok
boundary,pps/boundary/L64_z0.350_lam0.3550/real008.json,0.5503875968992248,9b617fad03ded5737e9f1bf1610ffeb2a50a0996,64,0.355,0.35,8,0.355,0.645,64.0,128,0.2682763246143528,-4.979231078158812,1.7355153925575644,0.05938102841679859,123.1391589911301,0.03680880432092691,1,0.10980028136771877,0.08959148058238926,0.1916679762265393,0.18787396094020722,1.656441012818271,219.1408667564392,ok
boundary,pps/boundary/L64_z0.350_lam0.3550/real009.json,0.5503875968992248,9b617fad03ded5737e9f1bf1610ffeb2a50a0996,64,0.355,0.35,9,0.355,0.645,64.0,128,0.2682763246143528,-5.014223894793911,1.6871155506474258,0.06453939462232121,121.97103546303953,0.035941929679762986,1,0.24396702009003074,0.158174509947425,0.43389629681287056,0.3834528285236646,1.6958026807479292,223.4915246963501,ok
boundary,pps/boundary/L64_z0.350_lam0.3550/real010.json,0.5503875968992248,9b617fad03ded5737e9f1bf1610ffeb2a50a0996,64,0.355,0.35,10,0.355,0.645,64.0,128,0.2682763246143528,-5.061354344553888,1.7473162804741633,0.08052863193306238,123.0884980011391,0.03645795990694849,1,0.2774819889000183,0.1844611292921956,0.4972082753134939,0.37830303562937434,1.7443580302899973,216.4673945903778,ok
boundary,pps/boundary/L64_z0.350_lam0.3550/real011.json,0.5503875968992248,9b617fad03ded5737e9f1bf1610ffeb2a50a0996,64,0.355,0.35,11,0.355,0.645,64.0,128,0.2682763246143528,-4.995911640321755,1.7586767444273232,0.09665289348239546,121.55633968680792,0.03658834158130063,1,0.18825136359564418,0.12229587423798985,0.3403184609127829,0.2794835319714701,1.6932150121542724,214.6934666633606,ok
boundary,pps/boundary/L64_z0.350_lam0.4141/real000.json,0.7067759003242875,9b617fad03ded5737e9f1bf1610ffeb2a50a0996,64,0.4141,0.35,0,0.4141,0.5859,64.0,128,0.2299881556099861,-4.930922296400623,1.5184572199870792,0.03127277415723941,123.85911191581337,0.03617236859555349,1,0.056787166361238234,0.07431929563124416,0.08608962186426174,0.11961285057655693,1.476351016617413,220.22456336021423,ok
boundary,pps/boundary/L64_z0.350_lam0.4141/real001.json,0.7067759003242875,9b617fad03ded5737e9f1bf1610ffeb2a50a0996,64,0.4141,0.35,1,0.4141,0.5859,64.0,128,0.2299881556099861,-4.959855269058058,1.5118373176396238,0.03147913800922066,122.1723518263084,0.035358947146577106,1,0.05031447844113057,0.08046667221689939,0.07552220040188845,0.11719704587724018,1.4881088882168947,224.35638070106506,ok
boundary,pps/boundary/L64_z0.350_lam0.4141/real002.json,0.7067759003242875,9b617fad03ded5737e9f1bf1610ffeb2a50a0996,64,0.4141,0.35,2,0.4141,0.5859,64.0,128,0.2299881556099861,-5.058397826974024,1.5398902594217176,0.0508697514887795,122.36120182794384,0.03544345052035103,1,0.06276148789687708,0.07191401305214307,0.09684004556248055,0.11865888811457452,1.4875709843802492,222.42366552352905,ok
boundary,pps/boundary/L64_z0.350_lam0.4141/real003.json,0.7067759003242875,9b617fad03ded5737e9f1bf1610ffeb2a50a0996,64,0.4141,0.35,3,0.4141,0.5859,64.0,128,0.2299881556099861,-5.003424512497517,1.526851798434886,0.04299462538884574,121.69791728553312,0.03578655882864188,1,0.09715291278482485,0.10421580201227686,0.1578701023292482,0.17392679665259142,1.5557812488898577,226.95250415802002,ok
boundary,pps/boundary/L64_z0.350_lam0.4141/real004.json,0.7067759003242875,9b617fad03ded5737e9f1bf1610ffeb2a50a0996,64,0.4141,0.35,4,0.4141,0.5859,64.0,128,0.2299881556099861,-5.011860223554289,1.572354870570161,0.05277931968345102,121.61772917173056,0.037006569068132725,1,0.05682933704586598,0.06475044524572203,0.09078959704912207,0.11028961145040969,1.5196341551675157,225.04814839363098,ok
boundary,pps/boundary/L64_z0.350_lam0.4141/real005.json,0.7067759003242875,9b617fad03ded5737e9f1bf1610ffeb2a50a0996,64,0.4141,0.35,5,0.4141,0.5859,64.0,128,0.2299881556099861,-5.001298958375509,1.5220345495434497,0.03156058195965642,121.6138095459868,0.03529180321532211,1,0.04880356980656597,0.04785277766004809,0.07526789106341003,0.07936191019961018,1.4671036754862432,223.46461725234985,ok
boundary,pps/boundary/L64_z0.350_lam0.4141/real006.json,0.7067759003242875,9b617fad03ded5737e9f1bf1610ffeb2a50a0996,64,0.4141,0.35,6,0.4141,0.5859,64.0,128,0.2299881556099861,-4.978153634908049,1.517310661719859,0.03300019556649344,122.30393674282685,0.03472255691694005,1,0.04770313139815223,0.0577685276802195,0.07710049437425964,0.10328525507891959,1.507544512254575,220.31853890419006,ok
boundary,pps/boundary/L64_z0.350_lam0.4141/real007.json,0.7067759003242875,9b617fad03ded5737e9f1bf1610ffeb2a50a0996,64,0.4141,0.35,7,0.4141,0.5859,64.0,128,0.2299881556099861,-4.968183497903317,1.515574775540668,0.03350443564285044,122.92080049746909,0.03371591480686375,1,0.06852706834950006,0.06518440835995862,0.1151356550234785,0.13280527906108722,1.6148655829273726,217.9873173236847,ok
boundary,pps/boundary/L64_z0.350_lam0.4141/real008.json,0.7067759003242875,9b617fad03ded5737e9f1bf1610ffeb2a50a0996,64,0.4141,0.35,8,0.4141,0.5859,64.0,128,0.2299881556099861,-5.029696424279173,1.5334259303542006,0.030896508447859496,122.79258448113315,0.03725827710818723,1,0.12237379179577997,0.12516854865062674,0.1992094102813555,0.21151079940473128,1.578543171661341,218.00540161132812,ok
boundary,pps/boundary/L64_z0.350_lam0.4141/real009.json,0.7067759003242875,9b617fad03ded5737e9f1bf1610ffeb2a50a0996,64,0.4141,0.35,9,0.4141,0.5859,64.0,128,0.2299881556099861,-5.014555106039452,1.5375299070989692,0.029184331738617113,122.31702247876551,0.03558362365508589,1,0.04560203787281392,0.051655730899443336,0.07247996257117309,0.08828578961435876,1.511677668261469,225.205219745636,ok
boundary,pps/boundary/L64_z0.350_lam0.4141/real010.json,0.7067759003242875,9b617fad03ded5737e9f1bf1610ffeb2a50a0996,64,0.4141,0.35,10,0.4141,0.5859,64.0,128,0.2299881556099861,-5.055357202616272,1.530671890882604,0.03246564651895256,123.13068690730309,0.03477957130676649,1,0.060562453030553194,0.06423795358868395,0.09533189912671278,0.10409957921416618,1.5406946445781,220.21861147880554,ok
boundary,pps/boundary/L64_z0.350_lam0.4141/real011.json,0.7067759003242875,9b617fad03ded5737e9f1bf1610ffeb2a50a0996,64,0.4141,0.35,11,0.4141,0.5859,64.0,128,0.2299881556099861,-4.98691573652916,1.5272876139371714,0.03974077344563748,122.66224337499399,0.03616175352752484,1,0.03547566846021049,0.0443078285294556,0.054436499859145594,0.07224254594117369,1.4965979962256633,224.1837968826294,ok
boundary,pps/boundary/L64_z0.350_lam0.4733/real000.json,0.898614011771407,9b617fad03ded5737e9f1bf1610ffeb2a50a0996,64,0.4733,0.35,0,0.4733,0.5267,64.0,128,0.20122141398287605,-4.6418766180737165,1.3757411453541102,0.01927675746656408,122.66916693602863,0.03320522172497779,1,0.012040136782583285,0.023388426465536512,0.01734738981087705,0.03837116073130625,1.3767341035338825,218.68876028060913,ok
boundary,pps/boundary/L64_z0.350_lam0.4733/real001.json,0.898614011771407,9b617fad03ded5737e9f1bf1610ffeb2a50a0996,64,0.4733,0.35,1,0.4733,0.5267,64.0,128,0.20122141398287605,-4.809057839229723,1.4036437423369788,0.03703422596063476,122.17459479403975,0.033476896009271284,1,0.01260113071601336,0.02947879668501576,0.020304283073411887,0.054158492307572005,1.3894241458657062,229.61722207069397,ok
boundary,pps/boundary/L64_z0.350_lam0.4733/real002.json,0.898614011771407,9b617fad03ded5737e9f1bf1610ffeb2a50a0996,64,0.4733,0.35,2,0.4733,0.5267,64.0,128,0.20122141398287605,-4.659019793199988,1.3712358497500508,0.021674041762134943,122.83041152765709,0.03269596037614597,1,0.013437267895620705,0.02544222002015185,0.018432925090088228,0.033213481871630306,1.3833177922656616,227.25631833076477,ok
boundary,pps/boundary/L64_z0.350_lam0.4733/real003.json,0.898614011771407,9b617fad03ded5737e9f1bf1610ffeb2a50a0996,64,0.4733,0.35,3,0.4733,0.5267,64.0,128,0.20122141398287605,-4.684273238838732,1.3871996357719827,0.02443084773438495,122.6439616896681,0.03273452956388974,1,0.013240299496280427,0.018731322506341717,0.018750730003492477,0.027014601753636285,1.3753481966496008,223.4887022972107,ok
boundary,pps/boundary/L64_z0.350_lam0.4733/real004.json,0.898614011771407,9b617fad03ded5737e9f1bf1610ffeb2a50a0996,64,0.4733,0.35,4,0.4733,0.5267,64.0,128,0.20122141398287605,-4.616833454242861,1.3791381899550033,0.023638151353879432,123.73728049718224,0.0322733636763823,1,0.02275552431171645,0.05983416716773498,0.03367089225813592,0.0922517694224578,1.3808370346341792,219.5519871711731,ok
boundary,pps/boundary/L64_z0.350_lam0.4733/real005.json,0.898614011771407,9b617fad03ded5737e9f1bf1610ffeb2a50a0996,64,0.4733,0.35,5,0.4733,0.5267,64.0,128,0.20122141398287605,-4.690283885605987,1.382936821946727,0.017971242431865302,123.02879405470827,0.0326087947161135,1,0.008216074881579674,0.011024804193546905,0.011953131291143695,0.017125317419901732,1.3854307683472007,229.64889359474182,ok
boundary,pps/boundary/L64_z0.350_lam0.4733/real006.json,0.898614011771407,9b617fad03ded5737e9f1bf1610ffeb2a50a0996,64,0.4733,0.35,6,0.4733,0.5267,64.0,128,0.20122141398287605,-4.741478974817685,1.3788099123305375,0.021302029362701105,122.73462721824258,0.0331232629230926,1,0.01613776030251647,0.027272615468497078,0.025393226037360037,0.05080022315529377,1.4153344609172709,228.67764401435852,ok
boundary,pps/boundary/L64_z0.350_lam0.4733/real007.json,0.898614011771407,9b617fad03ded5737e9f1bf1610ffeb2a50a0996,64,0.4733,0.35,7,0.4733,0.5267,64.0,128,0.20122141398287605,-4.698459076870031,1.3875961735354125,0.03282896690100267,122.97699704026064,0.033053951181415624,1,0.00616805927264342,0.00803022948693984,0.008600381506985406,0.011673839120700863,1.3427122463456982,238.31896543502808,ok
boundary,pps/boundary/L64_z0.350_lam0.4733/real008.json,0.898614011771407,9b617fad03ded5737e9f1bf1610ffeb2a50a0996,64,0.4733,0.35,8,0.4733,0.5267,64.0,128,0.20122141398287605,-4.645121074291305,1.3956349601713278,0.02607929176233925,122.79986004523741,0.03285398928481121,1,0.014746138934465355,0.03650175399856372,0.022968205749451173,0.06219184689234486,1.44884319866981,218.86031460762024,ok
boundary,pps/boundary/L64_z0.350_lam0.4733/real009.json,0.898614011771407,9b617fad03ded5737e9f1bf1610ffeb2a50a0996,64,0.4733,0.35,9,0.4733,0.5267,64.0,128,0.20122141398287605,-4.7222252471975565,1.3865806255593436,0.02594174773660156,123.7867538322122,0.03413655376410244,1,0.01582145368923966,0.037596301193300465,0.02266782244542226,0.05505267707248006,1.3829592100362467,234.17532181739807,ok
boundary,pps/boundary/L64_z0.350_lam0.4733/real010.json,0.898614011771407,9b617fad03ded5737e9f1bf1610ffeb2a50a0996,64,0.4733,0.35,10,0.4733,0.5267,64.0,128,0.20122141398287605,-4.782906424147441,1.388692547195975,0.022780221217995788,123.00942960285859,0.033044286222209465,1,0.004026837290798691,0.005973812997037926,0.005629418714040266,0.008566858423472755,1.3618349098198568,239.35816264152527,ok
boundary,pps/boundary/L64_z0.350_lam0.4733/real011.json,0.898614011771407,9b617fad03ded5737e9f1bf1610ffeb2a50a0996,64,0.4733,0.35,11,0.4733,0.5267,64.0,128,0.20122141398287605,-4.709028975750878,1.3837457084484215,0.01910475917510762,122.33063659042067,0.0330725721050676,1,0.021198567819074053,0.028369255714493533,0.029979615343610877,0.04105244014551553,1.406245803518234,227.75075149536133,ok
boundary,pps/boundary/L80_z0.350_lam0.1775/real000.json,0.21580547112462004,9b617fad03ded5737e9f1bf1610ffeb2a50a0996,80,0.1775,0.35,0,0.1775,0.8225,80.0,128,0.4278837582456766,-4.302112419990876,4.127396685898925,0.29485248215030985,124.05788215460947,0.025774292615632494,1,1.4694581599501517,0.4035483585758736,6.3853889092345755,2.415242182560363,4.244025755670135,330.47004795074463,ok
boundary,pps/boundary/L80_z0.350_lam0.1775/real001.json,0.21580547112462004,9b617fad03ded5737e9f1bf1610ffeb2a50a0996,80,0.1775,0.35,1,0.1775,0.8225,80.0,128,0.4278837582456766,-4.453483620840325,4.7537601258494755,0.19931470304135662,123.37643998828487,0.027531640405556595,1,1.8124834103139942,0.4292298414776916,8.758798360078458,2.925574638309165,4.747524747503065,346.77455377578735,ok
boundary,pps/boundary/L80_z0.350_lam0.1775/real002.json,0.21580547112462004,9b617fad03ded5737e9f1bf1610ffeb2a50a0996,80,0.1775,0.35,2,0.1775,0.8225,80.0,128,0.4278837582456766,-4.461345121128593,4.830120948182136,0.2715116318436256,125.02336802692484,0.028268562811735044,1,1.9433070492069775,0.3308705555835989,9.636602008614904,2.418429089202542,4.912990480484082,336.26000022888184,ok
boundary,pps/boundary/L80_z0.350_lam0.1775/real003.json,0.21580547112462004,9b617fad03ded5737e9f1bf1610ffeb2a50a0996,80,0.1775,0.35,3,0.1775,0.8225,80.0,128,0.4278837582456766,-4.371480403904383,4.345536166341116,0.1879476449791926,124.59001515915743,0.02688885680548468,1,1.3785564494919944,0.36669234581746357,6.525459847293778,2.4329957874345776,4.658128737072682,332.8140904903412,ok
boundary,pps/boundary/L80_z0.350_lam0.1775/real004.json,0.21580547112462004,9b617fad03ded5737e9f1bf1610ffeb2a50a0996,80,0.1775,0.35,4,0.1775,0.8225,80.0,128,0.4278837582456766,-4.3290018499498855,4.15618463098681,0.41308139095413876,124.99472099386783,0.027007454000284085,1,1.397840240293051,0.4015631111679594,5.85248249666861,2.439900498422193,4.073780015127535,338.1835181713104,ok
boundary,pps/boundary/L80_z0.350_lam0.1775/real005.json,0.21580547112462004,9b617fad03ded5737e9f1bf1610ffeb2a50a0996,80,0.1775,0.35,5,0.1775,0.8225,80.0,128,0.4278837582456766,-4.350178794235092,4.2730810167512825,0.26536066088575894,123.86101151449343,0.026354434260876174,1,1.5842811953323013,0.4040448550228034,6.519785893992406,2.1450556818374653,4.073350143554551,353.28481936454773,ok
boundary,pps/boundary/L80_z0.350_lam0.1775/real006.json,0.21580547112462004,9b617fad03ded5737e9f1bf1610ffeb2a50a0996,80,0.1775,0.35,6,0.1775,0.8225,80.0,128,0.4278837582456766,-4.3461624354408706,4.205380720397578,0.33921908690776276,124.09843661792993,0.025972019701114853,1,1.2001507143791825,0.34098707220752666,4.606720265128319,1.7573945912125444,3.7464037151677347,349.4087219238281,ok
boundary,pps/boundary/L80_z0.350_lam0.1775/real007.json,0.21580547112462004,9b617fad03ded5737e9f1bf1610ffeb2a50a0996,80,0.1775,0.35,7,0.1775,0.8225,80.0,128,0.4278837582456766,-4.493066757733657,4.866693030957438,0.20722879517792822,124.4668631390639,0.028006217958064822,1,1.6507273713866835,0.3623415410412375,8.437902869930932,2.266935414346739,5.0714217707455544,344.3816993236542,ok
boundary,pps/boundary/L80_z0.350_lam0.1775/real008.json,0.21580547112462004,9b617fad03ded5737e9f1bf1610ffeb2a50a0996,80,0.1775,0.35,8,0.1775,0.8225,80.0,128,0.4278837582456766,-4.5084564367978315,4.76743689465933,0.29971262314388664,124.91811915913063,0.028038315722885235,2,1.4886551918872448,0.35690264689831785,7.15595478045247,2.2835314372553968,4.752035750008513,341.84327483177185,ok
boundary,pps/boundary/L80_z0.350_lam0.1775/real009.json,0.21580547112462004,9b617fad03ded5737e9f1bf1610ffeb2a50a0996,80,0.1775,0.35,9,0.1775,0.8225,80.0,128,0.4278837582456766,-4.344955022189116,4.240724545916727,0.3457726355293006,124.97960618532952,0.02681414482366733,1,1.459930102474436,0.31751916783263073,6.232636499993135,2.137651964520851,4.17392860527086,354.7020642757416,ok
boundary,pps/boundary/L80_z0.350_lam0.1775/real010.json,0.21580547112462004,9b617fad03ded5737e9f1bf1610ffeb2a50a0996,80,0.1775,0.35,10,0.1775,0.8225,80.0,128,0.4278837582456766,-4.327808803566126,4.247678437159413,0.4481572182933997,124.05011451205965,0.026661011278509113,1,1.3625868554561262,0.2557706079937111,5.264825278217865,1.5916006116166777,3.813274897984961,332.56844830513,ok
boundary,pps/boundary/L80_z0.350_lam0.1775/real011.json,0.21580547112462004,9b617fad03ded5737e9f1bf1610ffeb2a50a0996,80,0.1775,0.35,11,0.1775,0.8225,80.0,128,0.4278837582456766,-4.336825876390021,4.385118089715538,0.3483829295391482,125.05635356006704,0.026305239039018803,1,1.3425745420954651,0.3167844094069483,5.249066483030898,1.6451893704044622,3.858210290322741,325.03994154930115,ok
boundary,pps/boundary/L80_z0.350_lam0.2219/real000.json,0.28518185323223233,9b617fad03ded5737e9f1bf1610ffeb2a50a0996,80,0.2219,0.35,0,0.2219,0.7781,80.0,128,0.3422684411383849,-5.176058596891252,3.5534649956839606,0.3241269853696107,123.63474123876784,0.031639051169613644,1,0.9688984798522154,0.26374160348275316,3.330914627635215,1.3068435414657513,3.352262021505103,394.2017092704773,ok
boundary,pps/boundary/L80_z0.350_lam0.2219/real001.json,0.28518185323223233,9b617fad03ded5737e9f1bf1610ffeb2a50a0996,80,0.2219,0.35,1,0.2219,0.7781,80.0,128,0.3422684411383849,-5.112906083064172,3.2962103099306885,0.2949313665192765,124.4017407299627,0.03106956401756462,1,1.4085165084983418,0.2779382471960685,5.205486063940048,1.3991123349123598,3.6626261337586477,418.62886571884155,ok
boundary,pps/boundary/L80_z0.350_lam0.2219/real002.json,0.28518185323223233,9b617fad03ded5737e9f1bf1610ffeb2a50a0996,80,0.2219,0.35,2,0.2219,0.7781,80.0,128,0.3422684411383849,-5.199270469475457,3.5954572577066686,0.23837701270219783,124.94005641479913,0.03175901126172488,1,1.587407705496255,0.29917094018460444,6.263383998442981,1.5204610475506053,3.918365174536164,410.87618613243103,ok
boundary,pps/boundary/L80_z0.350_lam0.2219/real003.json,0.28518185323223233,9b617fad03ded5737e9f1bf1610ffeb2a50a0996,80,0.2219,0.35,3,0.2219,0.7781,80.0,128,0.3422684411383849,-5.144180506726469,3.5530886312226033,0.47937569625585075,124.04492053581366,0.031400405329882,1,1.14070383476855,0.3201955959160752,4.298669296814738,1.3950167038790537,3.7455314990748976,400.8671524524689,ok
boundary,pps/boundary/L80_z0.350_lam0.2219/real004.json,0.28518185323223233,9b617fad03ded5737e9f1bf1610ffeb2a50a0996,80,0.2219,0.35,4,0.2219,0.7781,80.0,128,0.3422684411383849,-5.084754540258591,3.162502348254655,0.19642478276981132,124.24018287799228,0.030529155421939177,1,0.7567355879616839,0.27871552047726245,2.3516626428671596,1.355674608629668,2.984023427410375,388.3208239078522,ok
boundary,pps/boundary/L80_z0.350_lam0.2219/real005.json,0.28518185323223233,9b617fad03ded5737e9f1bf1610ffeb2a50a0996,80,0.2219,0.35,5,0.2219,0.7781,80.0,128,0.3422684411383849,-5.1876082743491105,3.388504682602407,0.2727315108383667,124.72734808354262,0.03144222913903981,1,1.0453592142146002,0.27577499347761,4.2318266568363345,1.385937791353352,3.994036000856625,390.2771363258362,ok
boundary,pps/boundary/L80_z0.350_lam0.2219/real006.json,0.28518185323223233,9b617fad03ded5737e9f1bf1610ffeb2a50a0996,80,0.2219,0.35,6,0.2219,0.7781,80.0,128,0.3422684411383849,-5.180649021133201,3.5312315138412718,0.16502782324096787,123.65538008979833,0.03127276115290009,1,1.0245940345583753,0.24026397628481627,3.363609341220006,1.3504138763049112,3.202359916725581,417.6054060459137,ok
boundary,pps/boundary/L80_z0.350_lam0.2219/real007.json,0.28518185323223233,9b617fad03ded5737e9f1bf1610ffeb2a50a0996,80,0.2219,0.35,7,0.2219,0.7781,80.0,128,0.3422684411383849,-5.052164482684126,3.2462168536427685,0.18050632783144946,124.71957007087583,0.030685765201829033,1,0.82455086704157,0.2835270832890954,2.51976234030605,1.0670747148717408,3.007454884945883,399.9571604728699,ok
boundary,pps/boundary/L80_z0.350_lam0.2219/real008.json,0.28518185323223233,9b617fad03ded5737e9f1bf1610ffeb2a50a0996,80,0.2219,0.35,8,0.2219,0.7781,80.0,128,0.3422684411383849,-5.172153740199612,3.56536852565642,0.17739012581172053,124.81980413478698,0.03172848859714834,1,1.1030048524400513,0.28413652516997817,4.060540774542971,1.4686953706972927,3.5907526819567934,406.9538366794586,ok
boundary,pps/boundary/L80_z0.350_lam0.2219/real009.json,0.28518185323223233,9b617fad03ded5737e9f1bf1610ffeb2a50a0996,80,0.2219,0.35,9,0.2219,0.7781,80.0,128,0.3422684411383849,-5.16946545282827,3.7643441096303323,0.18479581824401944,125.2484503094088,0.0311926344826571,1,1.094680506781751,0.29182541797497863,4.336442693168223,1.5356684160035734,3.884075860396824,424.26439571380615,ok
boundary,pps/boundary/L80_z0.350_lam0.2219/real010.json,0.28518185323223233,9b617fad03ded5737e9f1bf1610ffeb2a50a0996,80,0.2219,0.35,10,0.2219,0.7781,80.0,128,0.3422684411383849,-5.158271965375649,3.240688827049232,0.17798232469707534,123.9496751083101,0.03027387881494468,1,1.1757493509044805,0.30457161598243304,4.225405609064701,1.5649985923355145,3.515110712210184,425.08077025413513,ok
boundary,pps/boundary/L80_z0.350_lam0.2219/real011.json,0.28518185323223233,9b617fad03ded5737e9f1bf1610ffeb2a50a0996,80,0.2219,0.35,11,0.2219,0.7781,80.0,128,0.3422684411383849,-5.099537163174099,3.424308186395098,0.4089072139265408,124.83732084363051,0.030800706387240227,1,1.2543660804723065,0.31875333912720405,4.745953332981409,1.6024010557507458,3.7281208800524306,425.10040807724,ok
boundary,pps/boundary/L80_z0.350_lam0.2662/real000.json,0.362769146906514,9b617fad03ded5737e9f1bf1610ffeb2a50a0996,80,0.2662,0.35,0,0.2662,0.7338,80.0,128,0.2853094180638903,-5.708711089423778,2.5800073287385206,0.13622770051603936,124.42566073494064,0.034335060259594,1,0.6414464267436748,0.25856080680383253,1.557959855504608,1.0113318787173915,2.32643288674189,440.6482756137848,ok
boundary,pps/boundary/L80_z0.350_lam0.2662/real001.json,0.362769146906514,9b617fad03ded5737e9f1bf1610ffeb2a50a0996,80,0.2662,0.35,1,0.2662,0.7338,80.0,128,0.2853094180638903,-5.818854768070088,2.924714229614716,0.28248048661876535,124.29504327794356,0.036291444915593336,1,0.6138972362839495,0.16698029851650656,1.5149910813058227,0.5476423493350082,2.437960034725757,463.78366923332214,ok
boundary,pps/boundary/L80_z0.350_lam0.2662/real002.json,0.362769146906514,9b617fad03ded5737e9f1bf1610ffeb2a50a0996,80,0.2662,0.35,2,0.2662,0.7338,80.0,128,0.2853094180638903,-5.804259100856536,2.929873341957353,0.32605261393422774,125.37482511378242,0.035438933628938324,1,0.7784220869749213,0.2786490449148487,2.434501879332064,1.0668276973723936,3.0514917476735475,475.0427269935608,ok
boundary,pps/boundary/L80_z0.350_lam0.2662/real003.json,0.362769146906514,9b617fad03ded5737e9f1bf1610ffeb2a50a0996,80,0.2662,0.35,3,0.2662,0.7338,80.0,128,0.2853094180638903,-5.7734901345365675,2.5211746431623445,0.17680551538594458,124.04047911966869,0.03421019070957299,1,0.5168698485777263,0.1544939828844566,1.2559036853908423,0.5284616596266517,2.376654905184102,463.1190183162689,ok
boundary,pps/boundary/L80_z0.350_lam0.2662/real004.json,0.362769146906514,9b617fad03ded5737e9f1bf1610ffeb2a50a0996,80,0.2662,0.35,4,0.2662,0.7338,80.0,128,0.2853094180638903,-5.775773722313485,2.668961365036882,0.18908814642333055,123.41487473320964,0.035518756596260144,1,0.6782582582056007,0.1881202070546048,1.9240337975378452,0.8035754357749284,2.7462951196747527,478.09246587753296,ok
boundary,pps/boundary/L80_z0.350_lam0.2662/real005.json,0.362769146906514,9b617fad03ded5737e9f1bf1610ffeb2a50a0996,80,0.2662,0.35,5,0.2662,0.7338,80.0,128,0.2853094180638903,-5.706351990573085,2.6743715398333325,0.32979905271584636,123.02379057728483,0.033577316114066204,1,0.5523601201675834,0.1876430195630167,1.4636825957330704,0.6899183670423538,2.5783901476542086,444.20720386505127,ok
boundary,pps/boundary/L80_z0.350_lam0.2662/real006.json,0.362769146906514,9b617fad03ded5737e9f1bf1610ffeb2a50a0996,80,0.2662,0.35,6,0.2662,0.7338,80.0,128,0.2853094180638903,-5.680669956786968,2.595641305160304,0.2483127570085776,123.06642074559393,0.03542512174432729,1,0.6651991340017442,0.21350268532472183,1.898595002858329,0.8731415638589002,2.7454978313990814,484.11446595191956,ok
boundary,pps/boundary/L80_z0.350_lam0.2662/real007.json,0.362769146906514,9b617fad03ded5737e9f1bf1610ffeb2a50a0996,80,0.2662,0.35,7,0.2662,0.7338,80.0,128,0.2853094180638903,-5.669836829768384,2.5788857166977706,0.26168558596232394,124.46758998232191,0.03519496165926914,1,0.6006043254348747,0.2555405858222958,1.5640054937247578,0.9161876343190437,2.482969726628463,487.35087966918945,ok
boundary,pps/boundary/L80_z0.350_lam0.2662/real008.json,0.362769146906514,9b617fad03ded5737e9f1bf1610ffeb2a50a0996,80,0.2662,0.35,8,0.2662,0.7338,80.0,128,0.2853094180638903,-5.604323588129615,2.393190182986449,0.17877139676616605,124.09933602444612,0.03441547290594722,1,0.4478401485025121,0.1888741234989675,1.1214194877720884,0.6908600091762097,2.3886074323035755,446.88894295692444,ok
boundary,pps/boundary/L80_z0.350_lam0.2662/real009.json,0.362769146906514,9b617fad03ded5737e9f1bf1610ffeb2a50a0996,80,0.2662,0.35,9,0.2662,0.7338,80.0,128,0.2853094180638903,-5.7326804293316265,2.625956616702414,0.2810952744419763,123.03046728579017,0.03509577584242059,1,0.3651321954562413,0.18177184431324434,0.8387613973482098,0.6280007443396302,2.1785096536943653,465.1752276420593,ok
boundary,pps/boundary/L80_z0.350_lam0.2662/real010.json,0.362769146906514,9b617fad03ded5737e9f1bf1610ffeb2a50a0996,80,0.2662,0.35,10,0.2662,0.7338,80.0,128,0.2853094180638903,-5.706529717434213,2.585893818969194,0.2524915506230471,125.24108062964157,0.035386057937616185,1,0.8287718904330055,0.3028987779762367,2.559432227138766,1.1419574248822355,3.0138608020470024,451.6345593929291,ok
boundary,pps/boundary/L80_z0.350_lam0.2662/real011.json,0.362769146906514,9b617fad03ded5737e9f1bf1610ffeb2a50a0996,80,0.2662,0.35,11,0.2662,0.7338,80.0,128,0.2853094180638903,-5.783529783178349,2.630623611811064,0.19617748091638512,124.063643597465,0.036090924169149725,1,0.7489801547238143,0.31811866167008784,1.9062182747374279,1.0801993244402306,2.408830841209583,478.47519397735596,ok
boundary,pps/boundary/L80_z0.350_lam0.3106/real000.json,0.450536698578474,9b617fad03ded5737e9f1bf1610ffeb2a50a0996,80,0.3106,0.35,0,0.3106,0.6894,80.0,128,0.24452468476692724,-6.027780100174015,2.0114128023871314,0.11280790122526359,123.18220348077188,0.03591147877760263,1,0.2596363094449721,0.1635730654797167,0.5903164953160591,0.4376376220365682,2.15571233495624,489.9693169593811,ok
boundary,pps/boundary/L80_z0.350_lam0.3106/real001.json,0.450536698578474,9b617fad03ded5737e9f1bf1610ffeb2a50a0996,80,0.3106,0.35,1,0.3106,0.6894,80.0,128,0.24452468476692724,-6.236095601721702,2.1980400266271367,0.2859852190684889,124.18103030045549,0.037692664683582754,1,0.41046813131673876,0.19231628276727783,0.9638462510688971,0.6547714219169072,2.1990196619083413,533.704528093338,ok
boundary,pps/boundary/L80_z0.350_lam0.3106/real002.json,0.450536698578474,9b617fad03ded5737e9f1bf1610ffeb2a50a0996,80,0.3106,0.35,2,0.3106,0.6894,80.0,128,0.24452468476692724,-6.087844215320425,2.0469793943374426,0.14430290035304977,124.25208929769595,0.0371972707550615,1,0.35784007680261454,0.14886792581459277,0.7089229177499207,0.39740830186301734,1.9369635096465485,508.82389068603516,ok
boundary,pps/boundary/L80_z0.350_lam0.3106/real003.json,0.450536698578474,9b617fad03ded5737e9f1bf1610ffeb2a50a0996,80,0.3106,0.35,3,0.3106,0.6894,80.0,128,0.24452468476692724,-5.9911179447557785,2.0505972589259875,0.19348910909707004,124.46934050084808,0.03617499527069814,1,0.3509122456416573,0.19871894274615892,0.7892816781758216,0.5277397134673908,2.113901492825584,501.5797920227051,ok
boundary,pps/boundary/L80_z0.350_lam0.3106/real004.json,0.450536698578474,9b617fad03ded5737e9f1bf1610ffeb2a50a0996,80,0.3106,0.35,4,0.3106,0.6894,80.0,128,0.24452468476692724,-6.156660227345001,2.158872023582562,0.1520133750761597,123.58583495037767,0.03639750297867004,1,0.3442054891908766,0.16949280783132706,0.7171569904752771,0.4635957498343059,1.9795719366021138,492.75446248054504,ok
boundary,pps/boundary/L80_z0.350_lam0.3106/real005.json,0.450536698578474,9b617fad03ded5737e9f1bf1610ffeb2a50a0996,80,0.3106,0.35,5,0.3106,0.6894,80.0,128,0.24452468476692724,-6.215303861776993,2.2093725188088147,0.18018169994973554,123.55083932413234,0.038438997238061615,1,0.4351015092273389,0.15158314574170145,0.9630327217864796,0.40860825317086136,2.1833279933125045,500.9648163318634,ok
boundary,pps/boundary/L80_z0.350_lam0.3106/real006.json,0.450536698578474,9b617fad03ded5737e9f1bf1610ffeb2a50a0996,80,0.3106,0.35,6,0.3106,0.6894,80.0,128,0.24452468476692724,-6.158027712114057,2.2440575303295236,0.08058403087795939,123.29497050029565,0.037710388825027884,1,0.35353838767477686,0.17245964081895906,0.8142367083486994,0.5330398299599826,2.187720735519274,490.1913425922394,ok
boundary,pps/boundary/L80_z0.350_lam0.3106/real007.json,0.450536698578474,9b617fad03ded5737e9f1bf1610ffeb2a50a0996,80,0.3106,0.35,7,0.3106,0.6894,80.0,128,0.24452468476692724,-6.0803622818957095,2.1007059181185515,0.12361584332292463,124.16657381724984,0.036349151203011694,1,0.4841810159114375,0.24191467073559342,1.202999162384479,0.7143880075652552,2.3623378184315262,504.0718972682953,ok
boundary,pps/boundary/L80_z0.350_lam0.3106/real008.json,0.450536698578474,9b617fad03ded5737e9f1bf1610ffeb2a50a0996,80,0.3106,0.35,8,0.3106,0.6894,80.0,128,0.24452468476692724,-6.123595612164281,2.147099737316934,0.22043017564944037,124.25061750531538,0.037841222331515684,1,0.3101542538738676,0.16751765407614094,0.7217000622851706,0.501793696595938,2.2397333341500807,509.4078118801117,ok
boundary,pps/boundary/L80_z0.350_lam0.3106/real009.json,0.450536698578474,9b617fad03ded5737e9f1bf1610ffeb2a50a0996,80,0.3106,0.35,9,0.3106,0.6894,80.0,128,0.24452468476692724,-6.012850708521812,2.0400132282194456,0.11441438719208565,124.7531712083767,0.03634336219379655,1,0.1829174447359018,0.11994065753021355,0.3663698868003894,0.30024321939765086,1.891886403242782,513.6389715671539,ok
boundary,pps/boundary/L80_z0.350_lam0.3106/real010.json,0.450536698578474,9b617fad03ded5737e9f1bf1610ffeb2a50a0996,80,0.3106,0.35,10,0.3106,0.6894,80.0,128,0.24452468476692724,-5.968342594103794,2.0498652872326373,0.2046479081601864,124.2311485675034,0.03618569177769097,1,0.20646704360853663,0.1481780386501307,0.4231294314095843,0.3882928380704534,1.9051555922664354,477.4766972064972,ok
boundary,pps/boundary/L80_z0.350_lam0.3106/real011.json,0.450536698578474,9b617fad03ded5737e9f1bf1610ffeb2a50a0996,80,0.3106,0.35,11,0.3106,0.6894,80.0,128,0.24452468476692724,-6.167162037414285,2.2992224145625237,0.27064302513039606,123.04720433034868,0.03714336680911963,1,0.3590351334364206,0.21275283823140728,0.8395535891277817,0.6386478384345081,2.158771150164214,499.27819299697876,ok
boundary,pps/boundary/L80_z0.350_lam0.3550/real000.json,0.5503875968992248,9b617fad03ded5737e9f1bf1610ffeb2a50a0996,80,0.355,0.35,0,0.355,0.645,80.0,128,0.2139418791228383,-6.317731951766001,1.8254981753965795,0.0921056717657858,123.40142059588364,0.03802480268250092,1,0.2686251481555804,0.18823262308579497,0.543667138491533,0.4613257987422671,1.8653068897673393,541.7385990619659,ok
boundary,pps/boundary/L80_z0.350_lam0.3550/real001.json,0.5503875968992248,9b617fad03ded5737e9f1bf1610ffeb2a50a0996,80,0.355,0.35,1,0.355,0.645,80.0,128,0.2139418791228383,-6.287666926209699,1.798047549683668,0.06969840798925796,123.80681338360462,0.03722179781865235,1,0.1698345053105414,0.12928190881212606,0.3069816911001957,0.27158080846635446,1.771783078194919,520.7641007900238,ok
boundary,pps/boundary/L80_z0.350_lam0.3550/real002.json,0.5503875968992248,9b617fad03ded5737e9f1bf1610ffeb2a50a0996,80,0.355,0.35,2,0.355,0.645,80.0,128,0.2139418791228383,-6.254858250216435,1.7582678627498332,0.06899852835938076,124.00128633795175,0.03754329209291072,1,0.12994076880755745,0.11304981539865322,0.2415119930121686,0.23154622903447786,1.7711610401081013,521.8839945793152,ok
boundary,pps/boundary/L80_z0.350_lam0.3550/real003.json,0.5503875968992248,9b617fad03ded5737e9f1bf1610ffeb2a50a0996,80,0.355,0.35,3,0.355,0.645,80.0,128,0.2139418791228383,-6.301531826531763,1.8133912526154612,0.08313415713148499,122.77498171168277,0.03828648112733353,1,0.20101212342378558,0.16123974001789101,0.4012237548567266,0.34710805859296234,1.9131563092837869,538.2072677612305,ok
boundary,pps/boundary/L80_z0.350_lam0.3550/real004.json,0.5503875968992248,9b617fad03ded5737e9f1bf1610ffeb2a50a0996,80,0.355,0.35,4,0.355,0.645,80.0,128,0.2139418791228383,-6.362653367201323,1.8624126568240504,0.122928355175468,123.58034068685978,0.03823822374862074,1,0.1432180004148215,0.15000618453108155,0.280080346624779,0.3374052406947509,1.8508547238478734,524.7789301872253,ok
boundary,pps/boundary/L80_z0.350_lam0.3550/real005.json,0.5503875968992248,9b617fad03ded5737e9f1bf1610ffeb2a50a0996,80,0.355,0.35,5,0.355,0.645,80.0,128,0.2139418791228383,-6.231131676619052,1.8107518651134793,0.09153602285087843,123.70884339757967,0.03773798227267173,1,0.15833670692192636,0.11961096576695675,0.3237182710004976,0.25043443257571146,2.025833336158888,553.8715455532074,ok
boundary,pps/boundary/L80_z0.350_lam0.3550/real006.json,0.5503875968992248,9b617fad03ded5737e9f1bf1610ffeb2a50a0996,80,0.355,0.35,6,0.355,0.645,80.0,128,0.2139418791228383,-6.20395844344589,1.7574603082238474,0.06299899611722898,123.48470086918341,0.03653808599798984,1,0.2008520279006124,0.13812210293403984,0.3485546509432643,0.2680892645509849,1.6847061847303284,522.7108027935028,ok
boundary,pps/boundary/L80_z0.350_lam0.3550/real007.json,0.5503875968992248,9b617fad03ded5737e9f1bf1610ffeb2a50a0996,80,0.355,0.35,7,0.355,0.645,80.0,128,0.2139418791228383,-6.238337469739262,1.8055868839581304,0.09073009127755886,124.24978680640058,0.03892301197397939,1,0.09834586122327918,0.05883742779431107,0.18138192731357416,0.1240199921133182,1.7870808877394193,555.5785579681396,ok
boundary,pps/boundary/L80_z0.350_lam0.3550/real008.json,0.5503875968992248,9b617fad03ded5737e9f1bf1610ffeb2a50a0996,80,0.355,0.35,8,0.355,0.645,80.0,128,0.2139418791228383,-6.209083916383724,1.7676838107059236,0.08790686377147708,123.07919453640937,0.03823434700694615,1,0.2125508187376955,0.10675242503063304,0.40241361997381797,0.2411827280850477,1.8233709799952496,552.7387256622314,ok
boundary,pps/boundary/L80_z0.350_lam0.3550/real009.json,0.5503875968992248,9b617fad03ded5737e9f1bf1610ffeb2a50a0996,80,0.355,0.35,9,0.355,0.645,80.0,128,0.2139418791228383,-6.2470033101616025,1.810625980835201,0.10309338707402202,123.66787410668333,0.03771547117386232,1,0.29637227799895843,0.14756094643299061,0.48533514286759033,0.29258613210255235,1.6202926135257816,526.4818029403687,ok
boundary,pps/boundary/L80_z0.350_lam0.3550/real010.json,0.5503875968992248,9b617fad03ded5737e9f1bf1610ffeb2a50a0996,80,0.355,0.35,10,0.355,0.645,80.0,128,0.2139418791228383,-6.369164810989656,1.8435957667307223,0.09968023192107658,122.79301771441773,0.03887144215982567,1,0.20162021362769914,0.09747433368742871,0.37061158018751295,0.1998348564250465,1.8255629651354466,523.3390657901764,ok
boundary,pps/boundary/L80_z0.350_lam0.3550/real011.json,0.5503875968992248,9b617fad03ded5737e9f1bf1610ffeb2a50a0996,80,0.355,0.35,11,0.355,0.645,80.0,128,0.2139418791228383,-6.215079070891294,1.7978750747429542,0.06709539559463877,122.57022490919033,0.038599820473470645,1,0.1423450476613915,0.10140240933722762,0.24661921376934165,0.18456769668579745,1.711218904517173,551.7531020641327,ok
boundary,pps/boundary/L80_z0.350_lam0.4141/real000.json,0.7067759003242875,9b617fad03ded5737e9f1bf1610ffeb2a50a0996,80,0.4141,0.35,0,0.4141,0.5859,80.0,128,0.1834082759927737,-6.215773660878332,1.5505076782610734,0.05860382282409842,123.77672001749427,0.03707266606448886,1,0.026147258308300354,0.03918152799264665,0.04136195308686033,0.0669032375856035,1.5358363817035499,549.231383562088,ok
boundary,pps/boundary/L80_z0.350_lam0.4141/real001.json,0.7067759003242875,9b617fad03ded5737e9f1bf1610ffeb2a50a0996,80,0.4141,0.35,1,0.4141,0.5859,80.0,128,0.1834082759927737,-6.072932571399628,1.5322920912162117,0.056236112090651,123.34575902986106,0.03630274570285545,1,0.035032968739422354,0.040091390225047346,0.055836677884178655,0.07403229837461114,1.4824311637246153,531.4780402183533,ok
boundary,pps/boundary/L80_z0.350_lam0.4141/real002.json,0.7067759003242875,9b617fad03ded5737e9f1bf1610ffeb2a50a0996,80,0.4141,0.35,2,0.4141,0.5859,80.0,128,0.1834082759927737,-6.1842285189734,1.5486220237605677,0.04504387496713984,121.38444694185948,0.037189908983471354,1,0.09109779163520026,0.11750015047734738,0.14612023401687046,0.1928541082586544,1.5545047204546458,573.5610115528107,ok
boundary,pps/boundary/L80_z0.350_lam0.4141/real003.json,0.7067759003242875,9b617fad03ded5737e9f1bf1610ffeb2a50a0996,80,0.4141,0.35,3,0.4141,0.5859,80.0,128,0.1834082759927737,-6.221488566882109,1.5443671896065476,0.05416468054662544,122.9566242513031,0.03640221031368511,1,0.026271788301820663,0.05597236383893527,0.039282866693373976,0.07925830551022495,1.5028014455342449,551.8863022327423,ok
boundary,pps/boundary/L80_z0.350_lam0.4141/real004.json,0.7067759003242875,9b617fad03ded5737e9f1bf1610ffeb2a50a0996,80,0.4141,0.35,4,0.4141,0.5859,80.0,128,0.1834082759927737,-6.074707672416978,1.537374774428245,0.040402673878367705,123.04817131015218,0.035497330297942255,1,0.03216598375109413,0.0456479863432506,0.053476656156229416,0.07948457703146945,1.615591815016938,532.7946348190308,ok
boundary,pps/boundary/L80_z0.350_lam0.4141/real005.json,0.7067759003242875,9b617fad03ded5737e9f1bf1610ffeb2a50a0996,80,0.4141,0.35,5,0.4141,0.5859,80.0,128,0.1834082759927737,-6.199833161643631,1.5172039827747617,0.046196335054269594,123.03438637804123,0.03590007938480772,1,0.03007102498093612,0.0394896709946852,0.05195371843412863,0.08242806786498433,1.5510961980854119,542.0498127937317,ok
boundary,pps/boundary/L80_z0.350_lam0.4141/real006.json,0.7067759003242875,9b617fad03ded5737e9f1bf1610ffeb2a50a0996,80,0.4141,0.35,6,0.4141,0.5859,80.0,128,0.1834082759927737,-6.279979080426215,1.538558489755064,0.03817457849148765,123.14352915715646,0.03594377338986175,1,0.024823493080132382,0.028833039498121403,0.04119114740370834,0.06306870471177616,1.5374197940722985,555.098952293396,ok
boundary,pps/boundary/L80_z0.350_lam0.4141/real007.json,0.7067759003242875,9b617fad03ded5737e9f1bf1610ffeb2a50a0996,80,0.4141,0.35,7,0.4141,0.5859,80.0,128,0.1834082759927737,-6.204735975294621,1.5161387123346657,0.0320050612412839,123.92129623269155,0.036235476193613045,1,0.024874367383019805,0.03626299446762645,0.03823042524415767,0.05839501051045763,1.4815240065444626,549.92325258255,ok
boundary,pps/boundary/L80_z0.350_lam0.4141/real008.json,0.7067759003242875,9b617fad03ded5737e9f1bf1610ffeb2a50a0996,80,0.4141,0.35,8,0.4141,0.5859,80.0,128,0.1834082759927737,-6.129777781221583,1.5377665833244043,0.034890179733059884,123.61342702163482,0.037080606019035164,1,0.031037157469718045,0.046511617522325736,0.04993863742493029,0.07543905302389996,1.5834811129319777,558.4832186698914,ok
boundary,pps/boundary/L80_z0.350_lam0.4141/real009.json,0.7067759003242875,9b617fad03ded5737e9f1bf1610ffeb2a50a0996,80,0.4141,0.35,9,0.4141,0.5859,80.0,128,0.1834082759927737,-6.226252344030991,1.5275699921024652,0.04462991250439136,123.72298300808589,0.03663763108958413,1,0.02406725789884274,0.02616968119730649,0.03618071077631421,0.043210385303512,1.4673897158128557,594.9713661670685,ok
boundary,pps/boundary/L80_z0.350_lam0.4141/real010.json,0.7067759003242875,9b617fad03ded5737e9f1bf1610ffeb2a50a0996,80,0.4141,0.35,10,0.4141,0.5859,80.0,128,0.1834082759927737,-6.2983057076652385,1.5520310037522833,0.07463046332766343,125.09026697185716,0.037158281595254944,1,0.05354512440087309,0.07310025017122555,0.08180075392170749,0.11343594355204124,1.549501995937554,587.2527179718018,ok
boundary,pps/boundary/L80_z0.350_lam0.4141/real011.json,0.7067759003242875,9b617fad03ded5737e9f1bf1610ffeb2a50a0996,80,0.4141,0.35,11,0.4141,0.5859,80.0,128,0.1834082759927737,-6.211503673649903,1.5207461565237403,0.04111264436693824,123.38034954716218,0.03597781789897041,1,0.009769712592631524,0.012952949342742052,0.014633805690964388,0.020287845126752843,1.4481484902774675,540.1904606819153,ok
boundary,pps/boundary/L80_z0.350_lam0.4733/real000.json,0.898614011771407,9b617fad03ded5737e9f1bf1610ffeb2a50a0996,80,0.4733,0.35,0,0.4733,0.5267,80.0,128,0.16046770988507836,-5.8325569749794015,1.3799105788805146,0.02273029197940135,124.42731474342517,0.03391041000276293,1,0.007428713715163706,0.027558186909536653,0.009923573428882611,0.03586534915251099,1.3879589770731502,550.6301116943359,ok
boundary,pps/boundary/L80_z0.350_lam0.4733/real001.json,0.898614011771407,9b617fad03ded5737e9f1bf1610ffeb2a50a0996,80,0.4733,0.35,1,0.4733,0.5267,80.0,128,0.16046770988507836,-5.977677521171563,1.5051950751575698,0.11379430734575392,123.83150104091592,0.034220476747240686,1,0.002466731748348482,0.0046098833067399645,0.003450111148175977,0.006411293487006022,1.3424574024955578,597.3835988044739,ok
boundary,pps/boundary/L80_z0.350_lam0.4733/real002.json,0.898614011771407,9b617fad03ded5737e9f1bf1610ffeb2a50a0996,80,0.4733,0.35,2,0.4733,0.5267,80.0,128,0.16046770988507836,-5.774026803564647,1.3751113145694502,0.029675132224348838,124.54600734633247,0.0331119438280726,1,0.002147641406721461,0.006748715534253482,0.002935722221562743,0.008906409101100287,1.395843384943337,530.8654527664185,ok
boundary,pps/boundary/L80_z0.350_lam0.4733/real003.json,0.898614011771407,9b617fad03ded5737e9f1bf1610ffeb2a50a0996,80,0.4733,0.35,3,0.4733,0.5267,80.0,128,0.16046770988507836,-5.744772364149808,1.3868116621536417,0.027430013738147144,123.28427692550152,0.03310593573331314,1,0.005672687380810618,0.014759799130698161,0.008203625297134028,0.022399607607675488,1.3858251512343809,535.9402053356171,ok
boundary,pps/boundary/L80_z0.350_lam0.4733/real004.json,0.898614011771407,9b617fad03ded5737e9f1bf1610ffeb2a50a0996,80,0.4733,0.35,4,0.4733,0.5267,80.0,128,0.16046770988507836,-5.7866150484160155,1.385942932703761,0.03935283742436384,124.33957864209485,0.03374419892356174,1,0.005759571527528115,0.011171265026267587,0.00840876737225725,0.016997346913928284,1.3633803539913618,567.8961324691772,ok
boundary,pps/boundary/L80_z0.350_lam0.4733/real005.json,0.898614011771407,9b617fad03ded5737e9f1bf1610ffeb2a50a0996,80,0.4733,0.35,5,0.4733,0.5267,80.0,128,0.16046770988507836,-5.7867169883717775,1.381332563698513,0.024521805099860974,123.3988676049349,0.0331637065758162,1,0.003412409742479982,0.008083241421401656,0.0052291520439314,0.012346464361972703,1.4005661144899217,551.0433013439178,ok
boundary,pps/boundary/L80_z0.350_lam0.4733/real006.json,0.898614011771407,9b617fad03ded5737e9f1bf1610ffeb2a50a0996,80,0.4733,0.35,6,0.4733,0.5267,80.0,128,0.16046770988507836,-5.871659532879753,1.419937101051979,0.07911885115335526,123.35056030804091,0.03427783446884121,1,0.003877696632119709,0.012000200564711927,0.005502749808902413,0.016174821449865567,1.4137468676784,548.5775020122528,ok
boundary,pps/boundary/L80_z0.350_lam0.4733/real007.json,0.898614011771407,9b617fad03ded5737e9f1bf1610ffeb2a50a0996,80,0.4733,0.35,7,0.4733,0.5267,80.0,128,0.16046770988507836,-5.802927482688853,1.375916589598405,0.02566560356613111,123.8571058420441,0.032071983589301634,1,0.0034402094754871007,0.00829444809249083,0.005015502334682422,0.013254255505806199,1.3711899647841628,552.4307627677917,ok
boundary,pps/boundary/L80_z0.350_lam0.4733/real008.json,0.898614011771407,9b617fad03ded5737e9f1bf1610ffeb2a50a0996,80,0.4733,0.35,8,0.4733,0.5267,80.0,128,0.16046770988507836,-5.787225840369354,1.3896194657012195,0.025230788192970408,123.46188466204364,0.033558866192915975,1,0.004808267827268214,0.007779183775603277,0.006556706011251356,0.010706517161827139,1.3683080022228227,539.559535741806,ok
boundary,pps/boundary/L80_z0.350_lam0.4733/real009.json,0.898614011771407,9b617fad03ded5737e9f1bf1610ffeb2a50a0996,80,0.4733,0.35,9,0.4733,0.5267,80.0,128,0.16046770988507836,-5.939479507749585,1.4304090442420117,0.09863196185037795,123.75220805906223,0.03463330792311934,1,0.004407782350294322,0.010557162262873203,0.006083666293850855,0.01432373314048845,1.3795492044316044,599.4967527389526,ok
boundary,pps/boundary/L80_z0.350_lam0.4733/real010.json,0.898614011771407,9b617fad03ded5737e9f1bf1610ffeb2a50a0996,80,0.4733,0.35,10,0.4733,0.5267,80.0,128,0.16046770988507836,-5.750844349579859,1.3878228604033302,0.028809456218858456,124.10612620990584,0.03347204141503934,1,0.0021406761215711275,0.0025578015561277755,0.0029556062032808765,0.0035446679637304575,1.3665446168110713,545.8461956977844,ok
boundary,pps/boundary/L80_z0.350_lam0.4733/real011.json,0.898614011771407,9b617fad03ded5737e9f1bf1610ffeb2a50a0996,80,0.4733,0.35,11,0.4733,0.5267,80.0,128,0.16046770988507836,-5.973180969091242,1.4141554026962826,0.058477488737907875,123.830439641104,0.034273841983536765,1,0.004549625993859881,0.007230290074472323,0.006798810802559637,0.012820600513827659,1.3803475197398227,550.8963961601257,ok
boundary,pps/boundary/L96_z0.350_lam0.1775/real000.json,0.21580547112462004,9b617fad03ded5737e9f1bf1610ffeb2a50a0996,96,0.1775,0.35,0,0.1775,0.8225,96.0,128,0.35581912527798365,-5.291557138047813,5.23802026070273,0.33905971030285353,124.7517592783773,0.02728964582791483,1,1.837478471759715,0.22102924160803725,9.179962930638794,1.5982355841647,4.977590584395287,721.4922337532043,ok
boundary,pps/boundary/L96_z0.350_lam0.1775/real001.json,0.21580547112462004,9b617fad03ded5737e9f1bf1610ffeb2a50a0996,96,0.1775,0.35,1,0.1775,0.8225,96.0,128,0.35581912527798365,-5.194755723827522,4.671871371011519,0.2110567476947613,125.87124315616589,0.02695557103491211,1,1.4493868538658727,0.2608742221522569,6.751338639803778,1.5254799673116217,4.638176186277608,716.7005426883698,ok
boundary,pps/boundary/L96_z0.350_lam0.1775/real002.json,0.21580547112462004,9b617fad03ded5737e9f1bf1610ffeb2a50a0996,96,0.1775,0.35,2,0.1775,0.8225,96.0,128,0.35581912527798365,-5.19341671464197,4.519993174480525,0.281903045356918,125.28932795978317,0.027140675428119806,1,1.5076080747909157,0.2387725717195843,6.4260024578693535,1.4606280783934662,4.25636153192404,782.6690027713776,ok
boundary,pps/boundary/L96_z0.350_lam0.1775/real003.json,0.21580547112462004,9b617fad03ded5737e9f1bf1610ffeb2a50a0996,96,0.1775,0.35,3,0.1775,0.8225,96.0,128,0.35581912527798365,-5.242357286344211,4.639130549875627,0.3774977325598029,125.64598364137574,0.027344943385147674,1,1.7228325968222102,0.3928509111703307,7.52918699488237,2.0978011676731,4.345933154985177,743.4250745773315,ok
boundary,pps/boundary/L96_z0.350_lam0.1775/real004.json,0.21580547112462004,9b617fad03ded5737e9f1bf1610ffeb2a50a0996,96,0.1775,0.35,4,0.1775,0.8225,96.0,128,0.35581912527798365,-5.189172716109014,4.4431335438360025,0.25211928708879,125.1017730606794,0.02658945781719565,1,1.5345228463421243,0.3651685273970305,7.617438367175077,2.258553401261696,4.914131069176736,709.9806334972382,ok
boundary,pps/boundary/L96_z0.350_lam0.1775/real005.json,0.21580547112462004,9b617fad03ded5737e9f1bf1610ffeb2a50a0996,96,0.1775,0.35,5,0.1775,0.8225,96.0,128,0.35581912527798365,-5.2766278503277855,4.668860292326103,0.5533168912687678,125.42580063165678,0.026909804525145308,1,1.7437346020325282,0.2561321237430371,8.971228310669694,1.9318833434473994,5.109742236863279,773.5683994293213,ok
boundary,pps/boundary/L96_z0.350_lam0.1775/real006.json,0.21580547112462004,9b617fad03ded5737e9f1bf1610ffeb2a50a0996,96,0.1775,0.35,6,0.1775,0.8225,96.0,128,0.35581912527798365,-5.262424198353435,4.902022092307346,0.4563304127435015,124.15686734551855,0.027445742906587304,1,1.607570863899938,0.32423212214914443,7.1407814188589835,2.1581689437497857,4.392967640824749,728.1362524032593,ok
boundary,pps/boundary/L96_z0.350_lam0.1775/real007.json,0.21580547112462004,9b617fad03ded5737e9f1bf1610ffeb2a50a0996,96,0.1775,0.35,7,0.1775,0.8225,96.0,128,0.35581912527798365,-5.212758770232961,4.3773335444516555,0.2668810170269217,125.32569150914955,0.02674578578938962,1,1.8679114853003183,0.31743536086842233,9.236651734397405,1.811407919716907,4.946376738232253,764.0591623783112,ok
boundary,pps/boundary/L96_z0.350_lam0.1775/real008.json,0.21580547112462004,9b617fad03ded5737e9f1bf1610ffeb2a50a0996,96,0.1775,0.35,8,0.1775,0.8225,96.0,128,0.35581912527798365,-5.321287537286885,4.832637312472973,0.24161753315692425,125.34705683776862,0.02714091959983136,1,1.2456996020748865,0.3161261290386385,5.765927062935052,2.0947409602755593,4.530040302643766,743.4449906349182,ok
boundary,pps/boundary/L96_z0.350_lam0.1775/real009.json,0.21580547112462004,9b617fad03ded5737e9f1bf1610ffeb2a50a0996,96,0.1775,0.35,9,0.1775,0.8225,96.0,128,0.35581912527798365,-5.283567390028144,4.749956043820426,0.4217795836117084,125.48662110054306,0.027193855001888142,1,1.2535156049426466,0.2133118337384491,5.8154714894505215,1.4343703256760783,4.596750362951946,778.7113928794861,ok
boundary,pps/boundary/L96_z0.350_lam0.1775/real010.json,0.21580547112462004,9b617fad03ded5737e9f1bf1610ffeb2a50a0996,96,0.1775,0.35,10,0.1775,0.8225,96.0,128,0.35581912527798365,-5.320518186268685,5.016205771596061,0.4153816428676111,124.52503408263588,0.027065054131568133,1,1.106606675583027,0.3127588340027663,4.934845537257078,1.9975977097919613,4.3450807259638085,714.11332654953,ok
boundary,pps/boundary/L96_z0.350_lam0.1775/real011.json,0.21580547112462004,9b617fad03ded5737e9f1bf1610ffeb2a50a0996,96,0.1775,0.35,11,0.1775,0.8225,96.0,128,0.35581912527798365,-5.321571114023791,5.1675409165904425,0.26314346669173755,125.31853997289365,0.027810359821080835,1,1.9220362089982406,0.302877512725347,9.52189168755006,2.0611082657066895,4.927791922799509,739.5237398147583,ok
boundary,pps/boundary/L96_z0.350_lam0.2219/real000.json,0.28518185323223233,9b617fad03ded5737e9f1bf1610ffeb2a50a0996,96,0.2219,0.35,0,0.2219,0.7781,96.0,128,0.28462322999928846,-6.163026526746061,3.6641835085467767,0.35570562743121753,124.25140273258442,0.03140927391234387,1,1.0657036525296548,0.3480188394227839,3.875168987771845,1.8808972558355024,3.493863086588954,906.9950091838837,ok
boundary,pps/boundary/L96_z0.350_lam0.2219/real001.json,0.28518185323223233,9b617fad03ded5737e9f1bf1610ffeb2a50a0996,96,0.2219,0.35,1,0.2219,0.7781,96.0,128,0.28462322999928846,-6.301441389394669,3.817885929060874,0.4872744472048462,124.26672034486921,0.032807341889265984,1,1.2120984096719347,0.27683408677126337,4.377293982177665,1.3256184062449758,3.583630719277505,934.7048647403717,ok
boundary,pps/boundary/L96_z0.350_lam0.2219/real002.json,0.28518185323223233,9b617fad03ded5737e9f1bf1610ffeb2a50a0996,96,0.2219,0.35,2,0.2219,0.7781,96.0,128,0.28462322999928846,-6.277836618397856,3.9032215635957472,0.18033254444902283,124.28491991348099,0.03266107019759621,1,0.9027678031905089,0.3528782282223489,3.783239915160153,1.8994126244365956,4.0480247627641255,873.6586830615997,ok
boundary,pps/boundary/L96_z0.350_lam0.2219/real003.json,0.28518185323223233,9b617fad03ded5737e9f1bf1610ffeb2a50a0996,96,0.2219,0.35,3,0.2219,0.7781,96.0,128,0.28462322999928846,-6.266956021865995,4.229833222081539,0.24375565508873984,125.7397043037128,0.03215622584891468,1,1.0921893154012565,0.28395280649362853,4.246441344637408,1.481877949226219,3.8337680339717792,879.329806804657,ok
boundary,pps/boundary/L96_z0.350_lam0.2219/real004.json,0.28518185323223233,9b617fad03ded5737e9f1bf1610ffeb2a50a0996,96,0.2219,0.35,4,0.2219,0.7781,96.0,128,0.28462322999928846,-6.135081877036992,3.526504404927352,0.3772290816506712,125.50483644986787,0.031814560870425466,1,1.2345456945992996,0.3851423876003881,4.8916674058387954,2.1510794993046995,3.8322277220780236,880.958456993103,ok
boundary,pps/boundary/L96_z0.350_lam0.2219/real005.json,0.28518185323223233,9b617fad03ded5737e9f1bf1610ffeb2a50a0996,96,0.2219,0.35,5,0.2219,0.7781,96.0,128,0.28462322999928846,-6.259697320739783,4.009985070854944,0.2272329446729496,124.92406245981108,0.03310644792680158,1,0.9297357478314278,0.26493204717106317,3.2975604624165724,1.362224655861297,3.463100610077767,934.6075382232666,ok
boundary,pps/boundary/L96_z0.350_lam0.2219/real006.json,0.28518185323223233,9b617fad03ded5737e9f1bf1610ffeb2a50a0996,96,0.2219,0.35,6,0.2219,0.7781,96.0,128,0.28462322999928846,-6.15678320688874,3.416268353337082,0.40977316197023755,125.21103630727639,0.03200533386305918,1,1.3890973045417077,0.4752232902469602,5.275356476118622,2.6892355467102314,3.622077125580429,872.7540895938873,ok
boundary,pps/boundary/L96_z0.350_lam0.2219/real007.json,0.28518185323223233,9b617fad03ded5737e9f1bf1610ffeb2a50a0996,96,0.2219,0.35,7,0.2219,0.7781,96.0,128,0.28462322999928846,-6.140855486413681,3.630089206814414,0.2753922614892073,124.48927630146034,0.030638402163804007,1,0.9890195116974638,0.22395109526473492,3.0932981288203596,1.187938967503068,3.052909246769914,917.3624174594879,ok
boundary,pps/boundary/L96_z0.350_lam0.2219/real008.json,0.28518185323223233,9b617fad03ded5737e9f1bf1610ffeb2a50a0996,96,0.2219,0.35,8,0.2219,0.7781,96.0,128,0.28462322999928846,-6.100707768958979,3.739336963507876,0.2378654883233827,125.00436229376459,0.032215006395817244,1,1.1243712882509258,0.254068536755019,4.435120017097647,1.262335402124144,3.9259921390643076,854.1937229633331,ok
boundary,pps/boundary/L96_z0.350_lam0.2219/real009.json,0.28518185323223233,9b617fad03ded5737e9f1bf1610ffeb2a50a0996,96,0.2219,0.35,9,0.2219,0.7781,96.0,128,0.28462322999928846,-6.209236974594702,3.756801137567237,0.29627739521995405,125.96499536988148,0.03171961238678548,1,1.013350319125042,0.27054413368687585,3.8166260073557847,1.3763008758725654,3.694752465390981,911.6519842147827,ok
boundary,pps/boundary/L96_z0.350_lam0.2219/real010.json,0.28518185323223233,9b617fad03ded5737e9f1bf1610ffeb2a50a0996,96,0.2219,0.35,10,0.2219,0.7781,96.0,128,0.28462322999928846,-6.1128820612005645,3.4873868745767416,0.41750492711634424,125.28718119073329,0.031835359708984046,1,1.1721769633103358,0.3422181923801474,4.33571555214016,1.7971821986748278,3.604726630293177,900.757955789566,ok
boundary,pps/boundary/L96_z0.350_lam0.2219/real011.json,0.28518185323223233,9b617fad03ded5737e9f1bf1610ffeb2a50a0996,96,0.2219,0.35,11,0.2219,0.7781,96.0,128,0.28462322999928846,-6.233140396261934,3.963072764186192,0.5004329628554518,124.79996329814193,0.032042968685678054,1,1.08706682477519,0.29228136643342656,3.8922486196444708,1.4975532158882914,3.487340190404659,870.6542735099792,ok
boundary,pps/boundary/L96_z0.350_lam0.2662/real000.json,0.362769146906514,9b617fad03ded5737e9f1bf1610ffeb2a50a0996,96,0.2662,0.35,0,0.2662,0.7338,96.0,128,0.23725730554786667,-6.884555231037829,2.9456546840249267,0.169033600427976,123.98893714023036,0.035968019372382934,1,0.4790643342763282,0.1851803007955192,1.3668113705016955,0.7183146198531082,2.760684456156716,998.9325165748596,ok
boundary,pps/boundary/L96_z0.350_lam0.2662/real001.json,0.362769146906514,9b617fad03ded5737e9f1bf1610ffeb2a50a0996,96,0.2662,0.35,1,0.2662,0.7338,96.0,128,0.23725730554786667,-6.841162589741441,2.639451137799566,0.5034630205438471,125.28199744997077,0.035333134245331424,1,0.49242033576779043,0.22834499500678787,1.2426330717610328,0.8594022283774162,2.376992657106295,1056.5532579421997,ok
boundary,pps/boundary/L96_z0.350_lam0.2662/real002.json,0.362769146906514,9b617fad03ded5737e9f1bf1610ffeb2a50a0996,96,0.2662,0.35,2,0.2662,0.7338,96.0,128,0.23725730554786667,-6.848748013678873,2.845141228351325,0.23118804226599962,125.26681702288269,0.03537736361099829,1,0.8165840516720602,0.23106274584875597,2.729235160918571,1.0660386273529772,3.2383070819266537,996.5749452114105,ok
boundary,pps/boundary/L96_z0.350_lam0.2662/real003.json,0.362769146906514,9b617fad03ded5737e9f1bf1610ffeb2a50a0996,96,0.2662,0.35,3,0.2662,0.7338,96.0,128,0.23725730554786667,-6.950256368906067,2.8672925618375333,0.32638570665304295,124.40875691776094,0.034950831344923876,1,0.3259650843748003,0.1511881069660394,0.849430429128158,0.5562057111818185,2.438098677830194,1000.640659570694,ok
boundary,pps/boundary/L96_z0.350_lam0.2662/real004.json,0.362769146906514,9b617fad03ded5737e9f1bf1610ffeb2a50a0996,96,0.2662,0.35,4,0.2662,0.7338,96.0,128,0.23725730554786667,-6.974553958391515,3.0606245537226315,0.37080216577977376,124.2182151125305,0.03665498584628373,1,0.9477142828334609,0.21058847407648626,3.068058867256698,0.969267572915403,3.1878534057736907,1023.2319059371948,ok
boundary,pps/boundary/L96_z0.350_lam0.2662/real005.json,0.362769146906514,9b617fad03ded5737e9f1bf1610ffeb2a50a0996,96,0.2662,0.35,5,0.2662,0.7338,96.0,128,0.23725730554786667,-6.902598224341176,2.6760095831024198,0.14103137416843434,123.99218031311685,0.03454566875291138,1,0.4328582492520727,0.15555308284040287,1.075843375640895,0.692710625107454,2.335416993069172,1079.224912405014,ok
boundary,pps/boundary/L96_z0.350_lam0.2662/real006.json,0.362769146906514,9b617fad03ded5737e9f1bf1610ffeb2a50a0996,96,0.2662,0.35,6,0.2662,0.7338,96.0,128,0.23725730554786667,-6.851572774564935,2.813018634820487,0.27847319007777965,124.2006183061419,0.035508729643259664,1,0.768114389101655,0.16544904235628263,2.0735907357201997,0.6659177397201342,2.6683417385452817,1031.1560299396515,ok
boundary,pps/boundary/L96_z0.350_lam0.2662/real007.json,0.362769146906514,9b617fad03ded5737e9f1bf1610ffeb2a50a0996,96,0.2662,0.35,7,0.2662,0.7338,96.0,128,0.23725730554786667,-6.991462882298136,3.013198278403759,0.13823101002176927,125.35131898340154,0.03647095926226025,1,0.524421053027817,0.16702389201981757,1.4952426047521257,0.7034501556833326,2.7753515131610094,1058.4974188804626,ok
boundary,pps/boundary/L96_z0.350_lam0.2662/real008.json,0.362769146906514,9b617fad03ded5737e9f1bf1610ffeb2a50a0996,96,0.2662,0.35,8,0.2662,0.7338,96.0,128,0.23725730554786667,-6.829708594121826,2.670125510303557,0.1992328707819044,123.39595900502377,0.03527360444024708,1,0.4452993470257685,0.1418632095214446,1.0714708261063897,0.45391655487142474,2.3571267800849616,1050.869059562683,ok
boundary,pps/boundary/L96_z0.350_lam0.2662/real009.json,0.362769146906514,9b617fad03ded5737e9f1bf1610ffeb2a50a0996,96,0.2662,0.35,9,0.2662,0.7338,96.0,128,0.23725730554786667,-7.00545596413039,3.130986899657357,0.21629568078775543,125.0042711613929,0.03625401273665261,1,0.8368914658384303,0.2245905309187633,2.6039422292194137,0.9374724588595496,3.0634819135542353,1016.9931375980377,ok
boundary,pps/boundary/L96_z0.350_lam0.2662/real010.json,0.362769146906514,9b617fad03ded5737e9f1bf1610ffeb2a50a0996,96,0.2662,0.35,10,0.2662,0.7338,96.0,128,0.23725730554786667,-6.973727476810754,3.100448061617999,0.3128428526093461,124.90292942134687,0.03559242521696709,1,0.7504586271151434,0.22268606078672104,1.9254139593861983,0.6463002677842122,2.5616505051841103,1010.9618647098541,ok
boundary,pps/boundary/L96_z0.350_lam0.2662/real011.json,0.362769146906514,9b617fad03ded5737e9f1bf1610ffeb2a50a0996,96,0.2662,0.35,11,0.2662,0.7338,96.0,128,0.23725730554786667,-6.877280787622001,2.7389738770860803,0.31362154341957427,124.79347094539115,0.03569425608265995,1,0.4958710894751641,0.16805985720935332,1.2144603770192046,0.5571360956216925,2.378437217661154,993.9054579734802,ok
boundary,pps/boundary/L96_z0.350_lam0.3106/real000.json,0.450536698578474,9b617fad03ded5737e9f1bf1610ffeb2a50a0996,96,0.3106,0.35,0,0.3106,0.6894,96.0,128,0.20334157996407634,-7.410047892930845,2.274433780381859,0.15609932032353385,124.46384711628065,0.03793626017294149,1,0.5433554869428452,0.23944975181439487,1.454935530034983,0.7922569274646091,2.5717204633924444,1165.3530356884003,ok
boundary,pps/boundary/L96_z0.350_lam0.3106/real001.json,0.450536698578474,9b617fad03ded5737e9f1bf1610ffeb2a50a0996,96,0.3106,0.35,1,0.3106,0.6894,96.0,128,0.20334157996407634,-7.2226887315300985,2.0634985112478015,0.17722292961317665,123.67771494716102,0.036806134741150104,1,0.1964470659555413,0.08157554095717715,0.4008728243785049,0.2162486915057485,1.9633024536222832,1083.855244398117,ok
boundary,pps/boundary/L96_z0.350_lam0.3106/real002.json,0.450536698578474,9b617fad03ded5737e9f1bf1610ffeb2a50a0996,96,0.3106,0.35,2,0.3106,0.6894,96.0,128,0.20334157996407634,-7.491452137538091,2.27987352141635,0.28800163966389464,124.80372563011295,0.03812654756289902,1,0.350288238717415,0.19267470631365308,0.7153482374692677,0.4476907517167973,1.9681490079509347,1132.5107429027557,ok
boundary,pps/boundary/L96_z0.350_lam0.3106/real003.json,0.450536698578474,9b617fad03ded5737e9f1bf1610ffeb2a50a0996,96,0.3106,0.35,3,0.3106,0.6894,96.0,128,0.20334157996407634,-7.240772758940522,2.193240419675204,0.14113290500469372,124.73623349970805,0.03821622423355958,1,0.3250580237456763,0.17738306636360873,0.7308564617331128,0.5221458348593458,2.1245648092173255,1086.359216928482,ok
boundary,pps/boundary/L96_z0.350_lam0.3106/real004.json,0.450536698578474,9b617fad03ded5737e9f1bf1610ffeb2a50a0996,96,0.3106,0.35,4,0.3106,0.6894,96.0,128,0.20334157996407634,-7.257404769961123,2.1031861063614037,0.15213454887937558,123.92412893427286,0.03689892829017142,1,0.3616408814465612,0.22278682703515357,0.8987599698448847,0.621585431023288,2.4023158102088455,1089.3238689899445,ok
boundary,pps/boundary/L96_z0.350_lam0.3106/real005.json,0.450536698578474,9b617fad03ded5737e9f1bf1610ffeb2a50a0996,96,0.3106,0.35,5,0.3106,0.6894,96.0,128,0.20334157996407634,-7.252351273919956,2.0636041198955613,0.18777313732936243,124.78997650340972,0.03667239520766389,1,0.24148514931879234,0.123536333636607,0.46921117107707006,0.32623118426097586,1.8391190606350758,1072.149866104126,ok
boundary,pps/boundary/L96_z0.350_lam0.3106/real006.json,0.450536698578474,9b617fad03ded5737e9f1bf1610ffeb2a50a0996,96,0.3106,0.35,6,0.3106,0.6894,96.0,128,0.20334157996407634,-7.333439902199374,2.1618758105103626,0.20625433789287534,124.28999962692033,0.038022652106463044,1,0.22761441788893644,0.12300897164932188,0.4545490314863765,0.3306883522029296,1.9102253375686589,1124.543804883957,ok
boundary,pps/boundary/L96_z0.350_lam0.3106/real007.json,0.450536698578474,9b617fad03ded5737e9f1bf1610ffeb2a50a0996,96,0.3106,0.35,7,0.3106,0.6894,96.0,128,0.20334157996407634,-7.459338480281377,2.3343932004139587,0.16396558531325878,124.99672343186776,0.038647756387440314,1,0.27104121260333325,0.10909164843371648,0.624195782000424,0.3179287544432369,2.2395173516934346,1085.674290895462,ok
boundary,pps/boundary/L96_z0.350_lam0.3106/real008.json,0.450536698578474,9b617fad03ded5737e9f1bf1610ffeb2a50a0996,96,0.3106,0.35,8,0.3106,0.6894,96.0,128,0.20334157996407634,-7.293548195667081,2.1609304222923362,0.1450784052163188,125.26380997185764,0.037695542546966866,1,0.566448265228983,0.2908672111964869,1.2580664523952367,0.7685020981481459,2.157145568867022,1050.9347858428955,ok
boundary,pps/boundary/L96_z0.350_lam0.3106/real009.json,0.450536698578474,9b617fad03ded5737e9f1bf1610ffeb2a50a0996,96,0.3106,0.35,9,0.3106,0.6894,96.0,128,0.20334157996407634,-7.219043085197103,2.0834413584845697,0.13338436932920558,124.16908159107301,0.037165982944310956,1,0.4038437970823434,0.21053194450388446,0.9023263261238288,0.5754262159162198,2.15359498060518,1054.4196555614471,ok
boundary,pps/boundary/L96_z0.350_lam0.3106/real010.json,0.450536698578474,9b617fad03ded5737e9f1bf1610ffeb2a50a0996,96,0.3106,0.35,10,0.3106,0.6894,96.0,128,0.20334157996407634,-7.454476910590015,2.303551727555021,0.11366466291755277,124.98167199962458,0.039219645793371234,1,0.4982424721628094,0.3078187916242578,1.2816079841616976,1.0128936601237808,2.3207521314116457,1132.9433228969574,ok
boundary,pps/boundary/L96_z0.350_lam0.3106/real011.json,0.450536698578474,9b617fad03ded5737e9f1bf1610ffeb2a50a0996,96,0.3106,0.35,11,0.3106,0.6894,96.0,128,0.20334157996407634,-7.361908014053469,2.281386731864249,0.28273532305129273,123.47674724498982,0.03748873660988429,1,0.14242807436664245,0.08875440872199192,0.28255363752966467,0.238221332818966,1.8776310867888535,1176.4945962429047,ok
boundary,pps/boundary/L96_z0.350_lam0.3550/real000.json,0.5503875968992248,9b617fad03ded5737e9f1bf1610ffeb2a50a0996,96,0.355,0.35,0,0.355,0.645,96.0,128,0.17790956263899182,-7.446769491377296,1.76832686147822,0.0798083475181729,123.40569115521062,0.037083449751301206,1,0.1304202808463031,0.12298311246218752,0.23989066562304,0.2960600656333571,1.7260588069057838,1127.0381081104279,ok
boundary,pps/boundary/L96_z0.350_lam0.3550/real001.json,0.5503875968992248,9b617fad03ded5737e9f1bf1610ffeb2a50a0996,96,0.355,0.35,1,0.355,0.645,96.0,128,0.17790956263899182,-7.490638890189097,1.7764689568443763,0.07318590154273168,124.02075563270851,0.03755763368258186,1,0.1154944170485415,0.10307980487793292,0.21167286121481965,0.286272232318266,1.6907016497318192,1185.528951883316,ok
boundary,pps/boundary/L96_z0.350_lam0.3550/real002.json,0.5503875968992248,9b617fad03ded5737e9f1bf1610ffeb2a50a0996,96,0.355,0.35,2,0.355,0.645,96.0,128,0.17790956263899182,-7.436200163041537,1.7219569387534004,0.08173961907030394,124.52480279662237,0.03731190163852388,1,0.0511675655558813,0.038015878232094125,0.0885827423251539,0.07842493836117738,1.6417835169748285,1194.77690076828,ok
boundary,pps/boundary/L96_z0.350_lam0.3550/real003.json,0.5503875968992248,9b617fad03ded5737e9f1bf1610ffeb2a50a0996,96,0.355,0.35,3,0.355,0.645,96.0,128,0.17790956263899182,-7.488776143175426,1.7998080317964007,0.11600598970452243,123.65985335316752,0.0375445936411414,1,0.06408626289054274,0.06408256239097761,0.12262677407013936,0.16080024688470973,1.6880350320790296,1160.9635970592499,ok
boundary,pps/boundary/L96_z0.350_lam0.3550/real004.json,0.5503875968992248,9b617fad03ded5737e9f1bf1610ffeb2a50a0996,96,0.355,0.35,4,0.355,0.645,96.0,128,0.17790956263899182,-7.56472526621572,1.7851998527329702,0.14215952605565627,124.79141596086323,0.03853889354587107,1,0.20144743293403022,0.19737506412984343,0.45103164352860714,0.471422868701064,2.180851210576242,1230.6637163162231,ok
boundary,pps/boundary/L96_z0.350_lam0.3550/real005.json,0.5503875968992248,9b617fad03ded5737e9f1bf1610ffeb2a50a0996,96,0.355,0.35,5,0.355,0.645,96.0,128,0.17790956263899182,-7.3928052162665905,1.7423187974296523,0.10163693140910057,124.80842205598994,0.03725589581267909,1,0.11202065518976392,0.09223153599040437,0.1914881863119099,0.1892429219394864,1.639416572236284,1157.6789121627808,ok
boundary,pps/boundary/L96_z0.350_lam0.3550/real006.json,0.5503875968992248,9b617fad03ded5737e9f1bf1610ffeb2a50a0996,96,0.355,0.35,6,0.355,0.645,96.0,128,0.17790956263899182,-7.509612372075466,1.798050833539939,0.1264963782986416,124.43341696462505,0.03748741132115071,1,0.09561887097964133,0.0540793877636357,0.17703106681755842,0.1133807725835374,1.823300148391863,1238.584110736847,ok
boundary,pps/boundary/L96_z0.350_lam0.3550/real007.json,0.5503875968992248,9b617fad03ded5737e9f1bf1610ffeb2a50a0996,96,0.355,0.35,7,0.355,0.645,96.0,128,0.17790956263899182,-7.581107222327205,1.8240511422097563,0.07919892631034091,123.57353379955626,0.038334258498062164,1,0.1857316176655502,0.10778964470751062,0.3956457517255525,0.2738755700414985,2.0237021105908335,1179.3774042129517,ok
boundary,pps/boundary/L96_z0.350_lam0.3550/real008.json,0.5503875968992248,9b617fad03ded5737e9f1bf1610ffeb2a50a0996,96,0.355,0.35,8,0.355,0.645,96.0,128,0.17790956263899182,-7.427119522562728,1.7477978749778464,0.09787582379066344,123.92637951045036,0.03719811078455717,1,0.042433089932105025,0.03976921644244841,0.07288454320167688,0.09361103137253306,1.5969988348935875,1147.767743587494,ok
boundary,pps/boundary/L96_z0.350_lam0.3550/real009.json,0.5503875968992248,9b617fad03ded5737e9f1bf1610ffeb2a50a0996,96,0.355,0.35,9,0.355,0.645,96.0,128,0.17790956263899182,-7.389949348074032,1.7604314243748962,0.08920372403693187,124.70261184628706,0.038130424013324504,1,0.2581236570738909,0.15213353326573836,0.4801073626527215,0.34472177869873083,1.772449949226755,1112.9408793449402,ok
boundary,pps/boundary/L96_z0.350_lam0.3550/real010.json,0.5503875968992248,9b617fad03ded5737e9f1bf1610ffeb2a50a0996,96,0.355,0.35,10,0.355,0.645,96.0,128,0.17790956263899182,-7.605897205618203,1.9912816616445743,0.1979112487663375,123.94574144929715,0.04034005914788649,1,0.12193838752524401,0.1213532445401969,0.2570432753232129,0.33278595347514456,1.8416686887483027,1150.8301281929016,ok
boundary,pps/boundary/L96_z0.350_lam0.3550/real011.json,0.5503875968992248,9b617fad03ded5737e9f1bf1610ffeb2a50a0996,96,0.355,0.35,11,0.355,0.645,96.0,128,0.17790956263899182,-7.573600628015206,1.8319404596763214,0.1386671563543869,124.36220399279364,0.03806004958201018,1,0.07651917939404346,0.0765070655013638,0.13375156606592414,0.13529697403962745,1.6958650136890343,1208.700617313385,ok
boundary,pps/boundary/L96_z0.350_lam0.4141/real000.json,0.7067759003242875,9b617fad03ded5737e9f1bf1610ffeb2a50a0996,96,0.4141,0.35,0,0.4141,0.5859,96.0,128,0.1525184610887276,-7.30010946899682,1.5234301186325072,0.05054105633732638,123.74892611965143,0.037257072069593104,1,0.015853900528926476,0.026318656664421295,0.023532144647076973,0.03663132571228821,1.5289998303277996,1198.5427367687225,ok
boundary,pps/boundary/L96_z0.350_lam0.4141/real001.json,0.7067759003242875,9b617fad03ded5737e9f1bf1610ffeb2a50a0996,96,0.4141,0.35,1,0.4141,0.5859,96.0,128,0.1525184610887276,-7.277246940634412,1.5146604949317128,0.04348794166876285,124.16435521748564,0.03638137183309249,1,0.010260144970293945,0.012640808703490297,0.016281142420058632,0.020842206262816743,1.516375695990689,1163.6118695735931,ok
boundary,pps/boundary/L96_z0.350_lam0.4141/real002.json,0.7067759003242875,9b617fad03ded5737e9f1bf1610ffeb2a50a0996,96,0.4141,0.35,2,0.4141,0.5859,96.0,128,0.1525184610887276,-7.290078118555546,1.541270518048236,0.052869753419773416,124.2348060054124,0.03704634675277815,1,0.01609706686434171,0.020486574804429773,0.02819654453187862,0.043238508288693925,1.6429817024833295,1214.655677318573,ok
boundary,pps/boundary/L96_z0.350_lam0.4141/real003.json,0.7067759003242875,9b617fad03ded5737e9f1bf1610ffeb2a50a0996,96,0.4141,0.35,3,0.4141,0.5859,96.0,128,0.1525184610887276,-7.382594600497203,1.5521354837228303,0.08028785402947565,124.4098499481485,0.03784238604753138,1,0.017096621463282252,0.020091573440759496,0.028697218573181534,0.03859263198245375,1.552752232450481,1226.717542886734,ok
boundary,pps/boundary/L96_z0.350_lam0.4141/real004.json,0.7067759003242875,9b617fad03ded5737e9f1bf1610ffeb2a50a0996,96,0.4141,0.35,4,0.4141,0.5859,96.0,128,0.1525184610887276,-7.532162279376929,1.5423369308615418,0.06381441648468071,124.50828856013553,0.03708337750623214,1,0.04582150435402583,0.07100389976071061,0.06705123727548565,0.10893984036747409,1.4529163096973239,1217.636631011963,ok
boundary,pps/boundary/L96_z0.350_lam0.4141/real005.json,0.7067759003242875,9b617fad03ded5737e9f1bf1610ffeb2a50a0996,96,0.4141,0.35,5,0.4141,0.5859,96.0,128,0.1525184610887276,-7.462933419855086,1.5737882071766187,0.08121603771670702,124.42444050056523,0.03800604036558007,1,0.024483990536895248,0.03380675946760101,0.03638071833036291,0.04894653670419606,1.4981361569219094,1243.2248742580414,ok
boundary,pps/boundary/L96_z0.350_lam0.4141/real006.json,0.7067759003242875,9b617fad03ded5737e9f1bf1610ffeb2a50a0996,96,0.4141,0.35,6,0.4141,0.5859,96.0,128,0.1525184610887276,-7.492537630221565,1.5254075632662965,0.04444299031496737,123.7172837348489,0.036663115883832476,1,0.008602183694625178,0.008853696034987276,0.014861821832013383,0.018145277833153655,1.5622675917803726,1217.0896453857422,ok
boundary,pps/boundary/L96_z0.350_lam0.4141/real007.json,0.7067759003242875,9b617fad03ded5737e9f1bf1610ffeb2a50a0996,96,0.4141,0.35,7,0.4141,0.5859,96.0,128,0.1525184610887276,-7.728133364562733,1.7099585617986517,0.10345124494384508,124.27577428626522,0.039033122045007,1,0.0789145929309864,0.08134214842529189,0.1238016928194347,0.13793195727195418,1.5400618252048157,1331.5076923370361,ok
boundary,pps/boundary/L96_z0.350_lam0.4141/real008.json,0.7067759003242875,9b617fad03ded5737e9f1bf1610ffeb2a50a0996,96,0.4141,0.35,8,0.4141,0.5859,96.0,128,0.1525184610887276,-7.263677849804097,1.5437679956950325,0.0596306487503006,124.11000914343717,0.03649121488178753,1,0.006928193443702029,0.016467885000349618,0.010167867906580069,0.023928801099123855,1.4334923008390341,1306.7613897323608,ok
boundary,pps/boundary/L96_z0.350_lam0.4141/real009.json,0.7067759003242875,9b617fad03ded5737e9f1bf1610ffeb2a50a0996,96,0.4141,0.35,9,0.4141,0.5859,96.0,128,0.1525184610887276,-7.611103627307816,1.6933953160349493,0.13307735033490783,125.1169723441747,0.03780309249530917,1,0.03570009258522558,0.049606016583967856,0.05842602711357608,0.08803128164235255,1.545023388779946,1282.3369336128235,ok
boundary,pps/boundary/L96_z0.350_lam0.4141/real010.json,0.7067759003242875,9b617fad03ded5737e9f1bf1610ffeb2a50a0996,96,0.4141,0.35,10,0.4141,0.5859,96.0,128,0.1525184610887276,-7.562295432119822,1.7741210491429604,0.1919711365590427,124.34238485526608,0.038222745382978075,1,0.005295668923985445,0.007533612572935094,0.008187644889398077,0.014142853878136182,1.476097899801594,1192.5912783145905,ok
boundary,pps/boundary/L96_z0.350_lam0.4141/real011.json,0.7067759003242875,9b617fad03ded5737e9f1bf1610ffeb2a50a0996,96,0.4141,0.35,11,0.4141,0.5859,96.0,128,0.1525184610887276,-7.455285460216064,1.5476580778419082,0.05302170355077382,124.29500531546361,0.036897708831699856,1,0.03904868573975052,0.09147485916704937,0.06345260872925018,0.15105920221521024,1.5255793714079529,1228.8958547115326,ok
boundary,pps/boundary/L96_z0.350_lam0.4733/real000.json,0.898614011771407,9b617fad03ded5737e9f1bf1610ffeb2a50a0996,96,0.4733,0.35,0,0.4733,0.5267,96.0,128,0.13344156927285464,-6.8401469559394705,1.3826874774414557,0.0360137358412338,124.4748633706943,0.03336358043342473,1,0.0007313374442545328,0.00136336036523682,0.0011363924946510544,0.00258739248958923,1.413403698431124,1229.013418674469,ok
boundary,pps/boundary/L96_z0.350_lam0.4733/real001.json,0.898614011771407,9b617fad03ded5737e9f1bf1610ffeb2a50a0996,96,0.4733,0.35,1,0.4733,0.5267,96.0,128,0.13344156927285464,-6.827662566374657,1.380103755151952,0.02543625278466659,124.92717494902902,0.033798949367289506,1,0.0007525327940209551,0.0017910653056047179,0.0010891452998599747,0.002947469858653924,1.3572775766936855,1206.2380270957947,ok
boundary,pps/boundary/L96_z0.350_lam0.4733/real002.json,0.898614011771407,9b617fad03ded5737e9f1bf1610ffeb2a50a0996,96,0.4733,0.35,2,0.4733,0.5267,96.0,128,0.13344156927285464,-6.888370435713429,1.3849925236407734,0.028232873526707707,124.02007992032948,0.03393821439104052,1,0.004167608361624643,0.009115061909068441,0.005924891402982262,0.012408379537845184,1.4383470952679982,1167.746190071106,ok
boundary,pps/boundary/L96_z0.350_lam0.4733/real003.json,0.898614011771407,9b617fad03ded5737e9f1bf1610ffeb2a50a0996,96,0.4733,0.35,3,0.4733,0.5267,96.0,128,0.13344156927285464,-6.864589700752776,1.3863480343676946,0.02910416469332827,124.47917875054884,0.033421281484372345,1,0.00042259604999636373,0.0007582470212667025,0.0006628321425149287,0.0015112576308049486,1.3596143360049076,1167.3785886764526,ok
boundary,pps/boundary/L96_z0.350_lam0.4733/real004.json,0.898614011771407,9b617fad03ded5737e9f1bf1610ffeb2a50a0996,96,0.4733,0.35,4,0.4733,0.5267,96.0,128,0.13344156927285464,-6.898585883399858,1.3843145311238623,0.030973576076317014,123.81741029075975,0.03362533079698082,1,0.0007926029834292286,0.0019518817161746293,0.0012178988860669145,0.003905930491183137,1.3881870820428277,1181.5119733810425,ok
boundary,pps/boundary/L96_z0.350_lam0.4733/real005.json,0.898614011771407,9b617fad03ded5737e9f1bf1610ffeb2a50a0996,96,0.4733,0.35,5,0.4733,0.5267,96.0,128,0.13344156927285464,-6.823196416207629,1.38263217964243,0.028522992813331684,124.72876446073963,0.034406344260251125,1,0.019626003129599605,0.056703564081966036,0.02790503300829071,0.07822008878593249,1.4199298306531027,1272.048413991928,ok
boundary,pps/boundary/L96_z0.350_lam0.4733/real006.json,0.898614011771407,9b617fad03ded5737e9f1bf1610ffeb2a50a0996,96,0.4733,0.35,6,0.4733,0.5267,96.0,128,0.13344156927285464,-6.862236538508906,1.388996053433609,0.03179274330339443,124.41131949703819,0.03374461611211157,1,0.004039816171903517,0.007183291054113259,0.005731111682792644,0.009806578176679572,1.4249566836707428,1190.0876152515411,ok
boundary,pps/boundary/L96_z0.350_lam0.4733/real007.json,0.898614011771407,9b617fad03ded5737e9f1bf1610ffeb2a50a0996,96,0.4733,0.35,7,0.4733,0.5267,96.0,128,0.13344156927285464,-7.008033703107013,1.3900222365410437,0.03276578400330702,124.38116380965474,0.034487901353029884,1,0.003197324556064595,0.006508490947088545,0.004295615794498372,0.008414526901722888,1.3513732840581623,1302.5135536193848,ok
boundary,pps/boundary/L96_z0.350_lam0.4733/real008.json,0.898614011771407,9b617fad03ded5737e9f1bf1610ffeb2a50a0996,96,0.4733,0.35,8,0.4733,0.5267,96.0,128,0.13344156927285464,-6.968116399592019,1.3911040773721781,0.03681382708453891,124.81428426391504,0.03461046796317512,1,0.005182373247973177,0.022625585175872733,0.00921082318717588,0.04887563936068762,1.420254932221678,1221.3264508247375,ok
boundary,pps/boundary/L96_z0.350_lam0.4733/real009.json,0.898614011771407,9b617fad03ded5737e9f1bf1610ffeb2a50a0996,96,0.4733,0.35,9,0.4733,0.5267,96.0,128,0.13344156927285464,-6.862825067530331,1.3789333391149206,0.02549128495597165,124.0230971561475,0.03407795258801881,1,0.002708391575640047,0.003297904305033458,0.004026918977482181,0.004788082847485241,1.4656619417422119,1217.916021823883,ok
boundary,pps/boundary/L96_z0.350_lam0.4733/real010.json,0.898614011771407,9b617fad03ded5737e9f1bf1610ffeb2a50a0996,96,0.4733,0.35,10,0.4733,0.5267,96.0,128,0.13344156927285464,-6.970020893095292,1.379304583525312,0.029167451960329157,123.83719420233564,0.0332211406797242,1,0.0030186951210888786,0.014782837589062127,0.004144507828621199,0.019081676923734713,1.3785644857154964,1189.217993736267,ok
boundary,pps/boundary/L96_z0.350_lam0.4733/real011.json,0.898614011771407,9b617fad03ded5737e9f1bf1610ffeb2a50a0996,96,0.4733,0.35,11,0.4733,0.5267,96.0,128,0.13344156927285464,-7.299328771435193,1.5785156489579852,0.08453327985893602,125.03078161407588,0.03673515836793583,1,0.00553671808099248,0.01862574983620428,0.00902207406908128,0.03899854665533717,1.3597610018482922,1340.6313230991364,ok
refine,pps/refine/L112_z0.350_lam0.2366/real000.json,0.3099292638197538,9b617fad03ded5737e9f1bf1610ffeb2a50a0996,112,0.2366,0.35,0,0.2366,0.7634,112.0,128,0.2284617669233054,-7.74143639221776,4.007638474835148,0.326048375685439,125.8349547118247,0.0349542696270467,1,1.3255213062790763,0.2129112113236186,5.83261383994026,1.3451203645588354,4.383091825454027,1968.4182662963867,ok
refine,pps/refine/L112_z0.350_lam0.2366/real001.json,0.3099292638197538,9b617fad03ded5737e9f1bf1610ffeb2a50a0996,112,0.2366,0.35,1,0.2366,0.7634,112.0,128,0.2284617669233054,-7.4371570396850055,3.2397879362615165,0.3501652058076018,125.64256213260062,0.033223415842412875,1,1.2739427354644426,0.26673813795446366,5.190562497712849,1.3736550863053847,4.0362724107044565,1808.7441084384918,ok
refine,pps/refine/L112_z0.350_lam0.2366/real002.json,0.3099292638197538,9b617fad03ded5737e9f1bf1610ffeb2a50a0996,112,0.2366,0.35,2,0.2366,0.7634,112.0,128,0.2284617669233054,-7.452483727395981,3.233836017478913,0.19812274659487694,125.50853578421734,0.03365579337937503,1,0.8039400673932925,0.5406800296426811,3.1225295006136333,2.7906071602358975,3.2998861318930235,1925.5533282756805,ok
refine,pps/refine/L112_z0.350_lam0.2366/real003.json,0.3099292638197538,9b617fad03ded5737e9f1bf1610ffeb2a50a0996,112,0.2366,0.35,3,0.2366,0.7634,112.0,128,0.2284617669233054,-7.612907439795727,3.7952436320613065,0.3468472119749241,125.08023453896982,0.03420431382953068,1,1.3985834635000294,0.32162672542351506,4.6302883529874315,1.4549695198832264,3.2883960426511782,1921.0546493530273,ok
refine,pps/refine/L112_z0.350_lam0.2366/real004.json,0.3099292638197538,9b617fad03ded5737e9f1bf1610ffeb2a50a0996,112,0.2366,0.35,4,0.2366,0.7634,112.0,128,0.2284617669233054,-7.679106888085838,4.090297455582465,0.220631404185771,125.92573849451136,0.03417256354481952,1,1.1359382616148397,0.3865447700376243,4.2307773881437,1.999137060093534,3.557373837722599,1966.458521604538,ok
refine,pps/refine/L112_z0.350_lam0.2366/real005.json,0.3099292638197538,9b617fad03ded5737e9f1bf1610ffeb2a50a0996,112,0.2366,0.35,5,0.2366,0.7634,112.0,128,0.2284617669233054,-7.532790339191796,3.3840037495610384,0.3635613550100404,125.21667686794594,0.03358408858890379,1,1.0674212773813252,0.29820300540837297,3.4232537355282604,1.2242888611303822,3.1566798025933753,1965.4374639987946,ok
refine,pps/refine/L112_z0.350_lam0.2366/real006.json,0.3099292638197538,9b617fad03ded5737e9f1bf1610ffeb2a50a0996,112,0.2366,0.35,6,0.2366,0.7634,112.0,128,0.2284617669233054,-7.538460931390758,3.6564992046331954,0.26701232147037474,125.74933349232,0.034040788363009104,1,1.020496714312031,0.16504142445397985,3.9969191911425823,0.9274777762056808,3.8901594546676446,1874.5096962451935,ok
refine,pps/refine/L112_z0.350_lam0.2366/real007.json,0.3099292638197538,9b617fad03ded5737e9f1bf1610ffeb2a50a0996,112,0.2366,0.35,7,0.2366,0.7634,112.0,128,0.2284617669233054,-7.312749570184769,3.061869560575187,0.4054545959027305,125.67755884387573,0.032542315520396034,1,0.9437810501509195,0.2419060560375095,3.5327529840134932,1.1617083957567196,3.691717165831043,1775.909487247467,ok
refine,pps/refine/L112_z0.350_lam0.2366/real008.json,0.3099292638197538,9b617fad03ded5737e9f1bf1610ffeb2a50a0996,112,0.2366,0.35,8,0.2366,0.7634,112.0,128,0.2284617669233054,-7.600743489765905,3.7681768759496825,0.3854156367214789,125.24743549098622,0.034057085903058455,1,1.335038948456674,0.3241406305694689,5.282430959651118,1.991129529656344,3.8602778442284267,1952.7909851074219,ok
refine,pps/refine/L112_z0.350_lam0.2366/real009.json,0.3099292638197538,9b617fad03ded5737e9f1bf1610ffeb2a50a0996,112,0.2366,0.35,9,0.2366,0.7634,112.0,128,0.2284617669233054,-7.579248760959755,3.6711760053938383,0.417041537787819,125.48716400040863,0.03395913025158585,1,1.1872835083002453,0.3084509891085238,4.887416015926621,1.67605990553201,4.050415740372664,1878.4704201221466,ok
refine,pps/refine/L112_z0.350_lam0.2366/real010.json,0.3099292638197538,9b617fad03ded5737e9f1bf1610ffeb2a50a0996,112,0.2366,0.35,10,0.2366,0.7634,112.0,128,0.2284617669233054,-7.471330127433028,3.3797225595432314,0.3419346328336104,125.66951947866667,0.033483004408598874,1,1.1213834888560967,0.31689166334461183,4.145701764874554,1.5415298965400295,3.6307796191570167,1860.0473456382751,ok
refine,pps/refine/L112_z0.350_lam0.2366/real011.json,0.3099292638197538,9b617fad03ded5737e9f1bf1610ffeb2a50a0996,112,0.2366,0.35,11,0.2366,0.7634,112.0,128,0.2284617669233054,-7.6117128090614665,3.589254732550239,0.2808122780555339,125.45194353778973,0.033777618904149515,1,1.1406170523138208,0.2713497992669671,4.507744229015679,1.3897458505702687,3.907237698158079,1958.1155066490173,ok
refine,pps/refine/L112_z0.350_lam0.2479/real000.json,0.32961042414572533,9b617fad03ded5737e9f1bf1610ffeb2a50a0996,112,0.2479,0.35,0,0.2479,0.7521,112.0,128,0.2180478178864625,-7.770857288633715,3.4561548385603826,0.2906073469001278,125.72432833139679,0.03599210177463758,1,1.0065182433245852,0.3150277654579348,3.739051700304502,1.7284761948268095,3.551488518459677,1861.8179841041565,ok
refine,pps/refine/L112_z0.350_lam0.2479/real001.json,0.32961042414572533,9b617fad03ded5737e9f1bf1610ffeb2a50a0996,112,0.2479,0.35,1,0.2479,0.7521,112.0,128,0.2180478178864625,-7.677758882448368,3.2750020450322106,0.3230101567791733,125.31974087583362,0.03518173768858191,1,1.0602395249299899,0.2399518458990332,3.8166045573649816,0.8294636994172248,3.633221859465836,1893.5118434429169,ok
refine,pps/refine/L112_z0.350_lam0.2479/real002.json,0.32961042414572533,9b617fad03ded5737e9f1bf1610ffeb2a50a0996,112,0.2479,0.35,2,0.2479,0.7521,112.0,128,0.2180478178864625,-7.696228826928538,3.354104788853455,0.21912295236287965,125.45106242183715,0.034237266729060974,1,1.0070065562277222,0.3914954691045006,3.336002585161842,1.7835551000574903,3.169591328362522,1927.600753545761,ok
refine,pps/refine/L112_z0.350_lam0.2479/real003.json,0.32961042414572533,9b617fad03ded5737e9f1bf1610ffeb2a50a0996,112,0.2479,0.35,3,0.2479,0.7521,112.0,128,0.2180478178864625,-7.813213149545876,3.526183716704432,0.24830955951910932,124.16307469570492,0.03515636263910987,1,0.6750982034412613,0.22839363051125997,2.0546180158969793,1.1016187332652607,2.8861378438519845,2010.1964366436005,ok
refine,pps/refine/L112_z0.350_lam0.2479/real004.json,0.32961042414572533,9b617fad03ded5737e9f1bf1610ffeb2a50a0996,112,0.2479,0.35,4,0.2479,0.7521,112.0,128,0.2180478178864625,-7.778787073418221,3.367276158247056,0.43690353274901766,125.62074237837739,0.03473813160980874,1,0.6766986079880224,0.23263215366826315,2.359183541911869,1.2831471394741336,3.2882791884086187,1970.9756288528442,ok
refine,pps/refine/L112_z0.350_lam0.2479/real005.json,0.32961042414572533,9b617fad03ded5737e9f1bf1610ffeb2a50a0996,112,0.2479,0.35,5,0.2479,0.7521,112.0,128,0.2180478178864625,-7.789667460282568,3.4421326114261874,0.25988299120841474,124.21965545873311,0.03557272058039872,1,1.3139218183928496,0.5009264355228317,5.331858369962021,2.371244609647793,3.9350934030810567,1892.4978229999542,ok
refine,pps/refine/L112_z0.350_lam0.2479/real006.json,0.32961042414572533,9b617fad03ded5737e9f1bf1610ffeb2a50a0996,112,0.2479,0.35,6,0.2479,0.7521,112.0,128,0.2180478178864625,-7.7765871008415255,3.2986623789594036,0.3030084324252096,124.66617221080548,0.03457958155274628,1,0.8030849194734222,0.2859154355275813,2.4667208478999525,0.927829484299873,3.070108536255809,1961.279412984848,ok
refine,pps/refine/L112_z0.350_lam0.2479/real007.json,0.32961042414572533,9b617fad03ded5737e9f1bf1610ffeb2a50a0996,112,0.2479,0.35,7,0.2479,0.7521,112.0,128,0.2180478178864625,-7.714436228075123,3.289279472561668,0.2243555238732088,125.35468194641267,0.0342709633432993,1,0.9730273008076258,0.35279675068928545,2.899984843074791,1.3391096826571576,2.8307100291669505,1973.4853384494781,ok
refine,pps/refine/L112_z0.350_lam0.2479/real008.json,0.32961042414572533,9b617fad03ded5737e9f1bf1610ffeb2a50a0996,112,0.2479,0.35,8,0.2479,0.7521,112.0,128,0.2180478178864625,-7.756056604130725,3.375352241426537,0.23664390792010614,125.28233429759887,0.03459319197515746,1,0.8630825239616119,0.4319816229365162,2.9921512039234717,1.9206139643802798,3.1585611340671513,1926.4017169475555,ok
refine,pps/refine/L112_z0.350_lam0.2479/real009.json,0.32961042414572533,9b617fad03ded5737e9f1bf1610ffeb2a50a0996,112,0.2479,0.35,9,0.2479,0.7521,112.0,128,0.2180478178864625,-7.841025209925799,3.4098401962563734,0.29811619174526316,125.24938396275228,0.035335766068869554,1,0.9944141640080459,0.24575909959373246,3.4792056242782685,1.2583153636027893,3.4282566770640415,1918.0518493652344,ok
refine,pps/refine/L112_z0.350_lam0.2479/real010.json,0.32961042414572533,9b617fad03ded5737e9f1bf1610ffeb2a50a0996,112,0.2479,0.35,10,0.2479,0.7521,112.0,128,0.2180478178864625,-7.713639311273639,3.0972277093018463,0.33770034341068617,125.68280097238656,0.03416224130268348,1,0.7305867072912092,0.4720816866347301,2.3367127965398966,1.8937374186064957,2.886738616895166,1906.5280680656433,ok
refine,pps/refine/L112_z0.350_lam0.2479/real011.json,0.32961042414572533,9b617fad03ded5737e9f1bf1610ffeb2a50a0996,112,0.2479,0.35,11,0.2479,0.7521,112.0,128,0.2180478178864625,-7.8062361861543454,3.3977851004379467,0.26461943649098546,125.43377681430931,0.03474819421235946,1,0.89142428589,0.22482183479954485,3.2535590619706807,1.150835987769099,3.60516353616086,1957.433551311493,ok
refine,pps/refine/L112_z0.350_lam0.2588/real000.json,0.34916351861845646,9b617fad03ded5737e9f1bf1610ffeb2a50a0996,112,0.2588,0.35,0,0.2588,0.7412000000000001,112.0,128,0.20886419649943608,-7.92958434014363,3.2104074342561266,0.5076920875426072,125.05972824651387,0.03552326263400086,1,1.1140087970462116,0.2537022553043299,3.3256868240825623,1.0225856548806973,2.9557921172020403,2007.9040477275848,ok
refine,pps/refine/L112_z0.350_lam0.2588/real001.json,0.34916351861845646,9b617fad03ded5737e9f1bf1610ffeb2a50a0996,112,0.2588,0.35,1,0.2588,0.7412000000000001,112.0,128,0.20886419649943608,-7.867349341210484,2.975965798668917,0.3347365033513985,125.3256217737275,0.03485028836781548,1,0.5871616167726883,0.2771036415607921,1.6239206539987008,1.0460673915873686,2.626188857231839,1965.9808971881866,ok
refine,pps/refine/L112_z0.350_lam0.2588/real002.json,0.34916351861845646,9b617fad03ded5737e9f1bf1610ffeb2a50a0996,112,0.2588,0.35,2,0.2588,0.7412000000000001,112.0,128,0.20886419649943608,-7.867938676618391,2.802767682971019,0.33690585634502074,125.05432248984067,0.03536703251783266,1,0.4168641906537849,0.11966238901996878,1.1120833385377473,0.5002979385696782,2.578113996979007,1968.7505192756653,ok
refine,pps/refine/L112_z0.350_lam0.2588/real003.json,0.34916351861845646,9b617fad03ded5737e9f1bf1610ffeb2a50a0996,112,0.2588,0.35,3,0.2588,0.7412000000000001,112.0,128,0.20886419649943608,-7.8760339474544265,3.0182654057935143,0.4203300299730767,124.81572580680285,0.03490441206042734,1,0.5165121492934337,0.1594096062108307,1.5261316538942007,0.6645629799115528,2.8938504648071923,2009.300929069519,ok
refine,pps/refine/L112_z0.350_lam0.2588/real004.json,0.34916351861845646,9b617fad03ded5737e9f1bf1610ffeb2a50a0996,112,0.2588,0.35,4,0.2588,0.7412000000000001,112.0,128,0.20886419649943608,-7.871258724860396,2.952884891063564,0.4744095202583292,125.27363711659326,0.035252631420177594,1,0.9497529028018941,0.21269301601790716,2.8784059503088506,0.8294739560295459,3.0203125297960263,1993.0173687934875,ok
refine,pps/refine/L112_z0.350_lam0.2588/real005.json,0.34916351861845646,9b617fad03ded5737e9f1bf1610ffeb2a50a0996,112,0.2588,0.35,5,0.2588,0.7412000000000001,112.0,128,0.20886419649943608,-7.883794460205819,2.975205995218913,0.2688900844549777,124.52633567919081,0.0353112393874672,1,0.46024724130055616,0.1643430533422212,1.257016082850894,0.5831765784196224,2.6534510503822126,2028.6503183841705,ok
refine,pps/refine/L112_z0.350_lam0.2588/real006.json,0.34916351861845646,9b617fad03ded5737e9f1bf1610ffeb2a50a0996,112,0.2588,0.35,6,0.2588,0.7412000000000001,112.0,128,0.20886419649943608,-7.863696577019445,3.143188477838191,0.4158232456423733,124.83496934684808,0.03469981785640678,1,0.6889629707493736,0.2665813309387608,2.2909489130602547,1.0821595180698902,3.202447112194128,1883.9645023345947,ok
refine,pps/refine/L112_z0.350_lam0.2588/real007.json,0.34916351861845646,9b617fad03ded5737e9f1bf1610ffeb2a50a0996,112,0.2588,0.35,7,0.2588,0.7412000000000001,112.0,128,0.20886419649943608,-7.96152507930543,3.0133663609405903,0.2816272746704324,125.328282417572,0.03583559376782809,1,0.44372895323442607,0.17391077729648963,1.2229338591723948,0.752818982380605,2.624330788019086,2046.328964471817,ok
refine,pps/refine/L112_z0.350_lam0.2588/real008.json,0.34916351861845646,9b617fad03ded5737e9f1bf1610ffeb2a50a0996,112,0.2588,0.35,8,0.2588,0.7412000000000001,112.0,128,0.20886419649943608,-7.779729512961034,2.7594600715974384,0.3866532828070339,125.30564434395315,0.03542410975685284,1,0.47406453245073504,0.16782765812714479,1.095984467575703,0.538868340990446,2.2349676923677917,1877.348098039627,ok
refine,pps/refine/L112_z0.350_lam0.2588/real009.json,0.34916351861845646,9b617fad03ded5737e9f1bf1610ffeb2a50a0996,112,0.2588,0.35,9,0.2588,0.7412000000000001,112.0,128,0.20886419649943608,-7.966802031776463,3.051807346504238,0.2727699575629953,125.19081504769763,0.03619007733817181,1,0.8163073629086834,0.1606086566915397,2.650345813568053,0.6869111752113569,3.247477709801168,1911.4813182353973,ok
refine,pps/refine/L112_z0.350_lam0.2588/real010.json,0.34916351861845646,9b617fad03ded5737e9f1bf1610ffeb2a50a0996,112,0.2588,0.35,10,0.2588,0.7412000000000001,112.0,128,0.20886419649943608,-8.057080841206915,3.071459676370257,0.28602115937606337,125.9507377540275,0.03589420734293041,1,0.8395639284643711,0.23915867413172068,2.9242707982172242,1.0670441366510262,3.4213636056674384,1928.010053396225,ok
refine,pps/refine/L112_z0.350_lam0.2588/real011.json,0.34916351861845646,9b617fad03ded5737e9f1bf1610ffeb2a50a0996,112,0.2588,0.35,11,0.2588,0.7412000000000001,112.0,128,0.20886419649943608,-7.912113466461828,2.925244843954816,0.4316847589961204,125.69213368621736,0.0347325559738412,1,0.762676146262669,0.2891823082168124,2.2926454266003087,1.1775154422872252,2.8714153227707357,1900.293110370636,ok
refine,pps/refine/L112_z0.350_lam0.2701/real000.json,0.3700506918755994,9b617fad03ded5737e9f1bf1610ffeb2a50a0996,112,0.2701,0.35,0,0.2701,0.7299,112.0,128,0.2001260794300409,-8.252151396550392,3.0232488734631127,0.22021118432182094,125.18746338036617,0.036749298958404036,1,0.7851341506427707,0.1719761176520774,2.584507068579064,0.808451920518884,3.2440219051333914,2151.2691888809204,ok
refine,pps/refine/L112_z0.350_lam0.2701/real001.json,0.3700506918755994,9b617fad03ded5737e9f1bf1610ffeb2a50a0996,112,0.2701,0.35,1,0.2701,0.7299,112.0,128,0.2001260794300409,-8.143606328869001,2.779147645389737,0.26564681499175863,125.35858923280604,0.03635812161221957,1,0.6532854264378986,0.17284583878031995,2.237616060492969,0.7752694133013065,3.368769330929573,2019.5607209205627,ok
refine,pps/refine/L112_z0.350_lam0.2701/real002.json,0.3700506918755994,9b617fad03ded5737e9f1bf1610ffeb2a50a0996,112,0.2701,0.35,2,0.2701,0.7299,112.0,128,0.2001260794300409,-8.105177480517462,2.9397188100659175,0.42741296344733176,125.29306386322655,0.03649789676394373,1,0.6283370206264576,0.20585449949114873,1.8850401999017588,0.6633248608242683,2.9970447913147025,2109.591755628586,ok
refine,pps/refine/L112_z0.350_lam0.2701/real003.json,0.3700506918755994,9b617fad03ded5737e9f1bf1610ffeb2a50a0996,112,0.2701,0.35,3,0.2701,0.7299,112.0,128,0.2001260794300409,-8.269151714647476,3.1716266991673554,0.22396307361553275,124.98916690432084,0.036605948073101226,1,1.08823596526088,0.36043590648285107,3.298545212396676,1.407593852482004,2.9631157500295195,2030.2455971240997,ok
refine,pps/refine/L112_z0.350_lam0.2701/real004.json,0.3700506918755994,9b617fad03ded5737e9f1bf1610ffeb2a50a0996,112,0.2701,0.35,4,0.2701,0.7299,112.0,128,0.2001260794300409,-8.242032442790457,3.02261434144001,0.22861433853690988,125.95255584285108,0.03667264011987046,1,0.7172283020714867,0.20519671715533866,2.1877057798584545,0.8015164305026945,3.0038205878027666,2023.0541331768036,ok
refine,pps/refine/L112_z0.350_lam0.2701/real005.json,0.3700506918755994,9b617fad03ded5737e9f1bf1610ffeb2a50a0996,112,0.2701,0.35,5,0.2701,0.7299,112.0,128,0.2001260794300409,-8.226280167688351,3.1391258105705004,0.2512507166754115,125.2029356177129,0.03652754442048951,1,0.8694267833577869,0.22490670670661056,2.7623152745995334,1.0284874766315055,3.115214603693768,1980.1546041965485,ok
refine,pps/refine/L112_z0.350_lam0.2701/real006.json,0.3700506918755994,9b617fad03ded5737e9f1bf1610ffeb2a50a0996,112,0.2701,0.35,6,0.2701,0.7299,112.0,128,0.2001260794300409,-8.120604789572356,2.8260016733285473,0.21311798340130153,125.33550726051676,0.036577612644090485,1,0.8480970298367069,0.26595698869179557,2.403405351363883,1.1362455576999477,2.7366300396201786,2025.6582906246185,ok
refine,pps/refine/L112_z0.350_lam0.2701/real007.json,0.3700506918755994,9b617fad03ded5737e9f1bf1610ffeb2a50a0996,112,0.2701,0.35,7,0.2701,0.7299,112.0,128,0.2001260794300409,-8.001019149074429,2.8542149785426894,0.2710096221756929,124.82713210336587,0.0347857195602609,1,0.7739985060253338,0.26960912161091416,2.4697422663481787,1.2364777396295104,3.04323107477047,2021.8657250404358,ok
refine,pps/refine/L112_z0.350_lam0.2701/real008.json,0.3700506918755994,9b617fad03ded5737e9f1bf1610ffeb2a50a0996,112,0.2701,0.35,8,0.2701,0.7299,112.0,128,0.2001260794300409,-8.2430839170879,2.907172269229318,0.2988224267098312,125.2249854630551,0.03696543911173715,1,0.9642195537782441,0.21972473732780562,3.0427877037064186,1.0057118423464628,3.1312385551376636,2094.113582134247,ok
refine,pps/refine/L112_z0.350_lam0.2701/real009.json,0.3700506918755994,9b617fad03ded5737e9f1bf1610ffeb2a50a0996,112,0.2701,0.35,9,0.2701,0.7299,112.0,128,0.2001260794300409,-8.151097285772325,2.8863652616999254,0.3482611270966253,125.05565921523619,0.036330026753047265,1,1.0151258594032226,0.2869138664616968,3.287550381356276,1.1577196650994663,3.172940419562554,2004.3098652362823,ok
refine,pps/refine/L112_z0.350_lam0.2701/real010.json,0.3700506918755994,9b617fad03ded5737e9f1bf1610ffeb2a50a0996,112,0.2701,0.35,10,0.2701,0.7299,112.0,128,0.2001260794300409,-7.955176863078967,2.612772433061457,0.400651335033004,125.08657641085695,0.034802130113994224,1,0.39045635736186796,0.22696615295916556,1.0351366121409313,0.7636038591770764,2.5142665015306562,2036.7436554431915,ok
refine,pps/refine/L112_z0.350_lam0.2701/real011.json,0.3700506918755994,9b617fad03ded5737e9f1bf1610ffeb2a50a0996,112,0.2701,0.35,11,0.2701,0.7299,112.0,128,0.2001260794300409,-8.0621291047839,2.958406510731376,0.32274843866726743,125.31573032379976,0.036004171872838546,1,0.5462995257927687,0.20532608584757592,1.8464718429182594,0.8622128566236101,3.277731088174045,2068.7388412952423,ok
refine,pps/refine/L112_z0.350_lam0.2810/real000.json,0.3908205841446454,9b617fad03ded5737e9f1bf1610ffeb2a50a0996,112,0.281,0.35,0,0.281,0.719,112.0,128,0.1923631816870251,-8.29497970414984,2.5763593614718023,0.20749494594861598,125.64637796415055,0.03735407418617508,1,0.4697488354286495,0.16714552145143308,1.3736399757608018,0.5520655049961456,2.888807558649932,2030.119209766388,ok
refine,pps/refine/L112_z0.350_lam0.2810/real001.json,0.3908205841446454,9b617fad03ded5737e9f1bf1610ffeb2a50a0996,112,0.281,0.35,1,0.281,0.719,112.0,128,0.1923631816870251,-8.243274494940694,2.9004416917471043,0.273085438332291,125.5663382195091,0.0369328958821669,1,0.6349707395051782,0.20355251630270815,1.9256011266116446,0.871188764988138,2.928641969060353,1992.7138452529907,ok
refine,pps/refine/L112_z0.350_lam0.2810/real002.json,0.3908205841446454,9b617fad03ded5737e9f1bf1610ffeb2a50a0996,112,0.281,0.35,2,0.281,0.719,112.0,128,0.1923631816870251,-8.283344801166674,2.866624132721918,0.2845804615290153,125.3389405215975,0.03715613311738474,1,0.24474385248108485,0.12029912635860861,0.568837972424012,0.37815711834466403,2.2595010251682988,2024.7244877815247,ok
refine,pps/refine/L112_z0.350_lam0.2810/real003.json,0.3908205841446454,9b617fad03ded5737e9f1bf1610ffeb2a50a0996,112,0.281,0.35,3,0.281,0.719,112.0,128,0.1923631816870251,-8.378957366532052,3.00164627160629,0.48755266308129397,123.88728496221009,0.03803296323835413,1,0.5574561215264219,0.1442830841503931,1.744418234104782,0.598699321132879,3.086260464935818,2027.5570323467255,ok
refine,pps/refine/L112_z0.350_lam0.2810/real004.json,0.3908205841446454,9b617fad03ded5737e9f1bf1610ffeb2a50a0996,112,0.281,0.35,4,0.281,0.719,112.0,128,0.1923631816870251,-8.263390656193103,2.635791449678995,0.3228486262231125,125.91280556831282,0.037066972656109407,1,0.6128200023829453,0.260950266683199,1.9766950873715692,1.0799638657986395,3.0895775131346257,2042.4414911270142,ok
refine,pps/refine/L112_z0.350_lam0.2810/real005.json,0.3908205841446454,9b617fad03ded5737e9f1bf1610ffeb2a50a0996,112,0.281,0.35,5,0.281,0.719,112.0,128,0.1923631816870251,-8.303882291756347,2.9106523294976805,0.18721188354748466,125.51418292689098,0.0369516245479094,1,0.4733930287053675,0.22415647466592487,1.447573112009759,0.8864460580144741,2.902937277478782,2098.0432596206665,ok
refine,pps/refine/L112_z0.350_lam0.2810/real006.json,0.3908205841446454,9b617fad03ded5737e9f1bf1610ffeb2a50a0996,112,0.281,0.35,6,0.281,0.719,112.0,128,0.1923631816870251,-8.117328226361561,2.3116169820191397,0.2334845954933601,125.49549714753783,0.035887753973646984,1,0.29981015611391854,0.13171702312807165,0.7034456094652417,0.3860916536000024,2.274505957855673,2120.0321111679077,ok
refine,pps/refine/L112_z0.350_lam0.2810/real007.json,0.3908205841446454,9b617fad03ded5737e9f1bf1610ffeb2a50a0996,112,0.281,0.35,7,0.281,0.719,112.0,128,0.1923631816870251,-8.200371072029643,2.7003776138165674,0.35832031334411174,124.96068191597084,0.03703184752179374,1,0.5493541444809593,0.24144839065171927,1.6339906190522162,0.8755475840169559,2.859249548560031,2036.5257787704468,ok
refine,pps/refine/L112_z0.350_lam0.2810/real008.json,0.3908205841446454,9b617fad03ded5737e9f1bf1610ffeb2a50a0996,112,0.281,0.35,8,0.281,0.719,112.0,128,0.1923631816870251,-8.367731236372068,2.534424457821654,0.336900846066233,125.85065274899922,0.0374169307512313,1,0.7184793247632374,0.21714596284732746,2.002113568817058,0.7866872970810431,2.707521621757624,2187.4415924549103,ok
refine,pps/refine/L112_z0.350_lam0.2810/real009.json,0.3908205841446454,9b617fad03ded5737e9f1bf1610ffeb2a50a0996,112,0.281,0.35,9,0.281,0.719,112.0,128,0.1923631816870251,-8.162429380712474,2.3761213719751835,0.2111349657175882,124.57391384469985,0.036113207734944794,1,0.4122847032265329,0.17614276227636605,1.2257613934997633,0.6782535925035607,2.83874690138253,2080.3142652511597,ok
refine,pps/refine/L112_z0.350_lam0.2810/real010.json,0.3908205841446454,9b617fad03ded5737e9f1bf1610ffeb2a50a0996,112,0.281,0.35,10,0.281,0.719,112.0,128,0.1923631816870251,-8.276200700972364,2.707314258600488,0.32558970358568573,125.37146502845854,0.03648998105741469,1,0.7898560974105496,0.3174309976470605,2.443332200849049,1.1627934052811844,2.994736650044234,2050.2800121307373,ok
refine,pps/refine/L112_z0.350_lam0.2810/real011.json,0.3908205841446454,9b617fad03ded5737e9f1bf1610ffeb2a50a0996,112,0.281,0.35,11,0.281,0.719,112.0,128,0.1923631816870251,-8.438617528532836,2.870858427147497,0.2167445196748979,124.43667216062221,0.03764586765070788,1,0.5705371450372927,0.20280232270495985,1.4249910929499632,0.6574243677685873,2.4528294544697475,2092.675951242447,ok
refine,pps/refine/L112_z0.350_lam0.2923/real000.json,0.4130281192595733,9b617fad03ded5737e9f1bf1610ffeb2a50a0996,112,0.2923,0.35,0,0.2923,0.7077,112.0,128,0.18492663035940488,-8.413850246508167,2.4484458384428973,0.2234444837679139,125.21670880012634,0.03806676941039634,1,0.49871662479091255,0.1886932873836157,1.312573752043494,0.730244452168266,2.476884015334024,2122.7110316753387,ok
refine,pps/refine/L112_z0.350_lam0.2923/real001.json,0.4130281192595733,9b617fad03ded5737e9f1bf1610ffeb2a50a0996,112,0.2923,0.35,1,0.2923,0.7077,112.0,128,0.18492663035940488,-8.60477245916257,2.763294696835677,0.28471827281719864,125.52733350397716,0.03829245154220121,1,0.6030968082765217,0.1666979955040886,1.4876608207039097,0.46617717657902086,2.47004053524305,2190.4870607852936,ok
refine,pps/refine/L112_z0.350_lam0.2923/real002.json,0.4130281192595733,9b617fad03ded5737e9f1bf1610ffeb2a50a0996,112,0.2923,0.35,2,0.2923,0.7077,112.0,128,0.18492663035940488,-8.387299789375032,2.4182410779384,0.2823091753684152,124.84998939601908,0.036988955475582404,1,0.31213011264380663,0.19598778825345747,0.839178324848198,0.7476919837940545,2.4140134065157195,2192.7209601402283,ok
refine,pps/refine/L112_z0.350_lam0.2923/real003.json,0.4130281192595733,9b617fad03ded5737e9f1bf1610ffeb2a50a0996,112,0.2923,0.35,3,0.2923,0.7077,112.0,128,0.18492663035940488,-8.370587237153556,2.530779881258727,0.3542453014672215,124.5863627334513,0.03689473887800264,1,0.38669397568582076,0.1400522729871371,0.8749396975846104,0.3683694642835092,2.264347379804982,2050.4129502773285,ok
refine,pps/refine/L112_z0.350_lam0.2923/real004.json,0.4130281192595733,9b617fad03ded5737e9f1bf1610ffeb2a50a0996,112,0.2923,0.35,4,0.2923,0.7077,112.0,128,0.18492663035940488,-8.404127261312174,2.665750003643989,0.1827061161335455,124.92106108215621,0.03738387562336369,1,0.3781304549238344,0.1888447155010737,1.1537233108232252,0.689006218095101,2.9857479247795817,2111.3591673374176,ok
refine,pps/refine/L112_z0.350_lam0.2923/real005.json,0.4130281192595733,9b617fad03ded5737e9f1bf1610ffeb2a50a0996,112,0.2923,0.35,5,0.2923,0.7077,112.0,128,0.18492663035940488,-8.402206910045047,2.6666445701429056,0.2795944788259477,125.4922609650204,0.036933118169742374,1,0.35791009616843517,0.13467794310988948,0.8448273624136114,0.4205037566846802,2.29389483492894,2169.8828160762787,ok
refine,pps/refine/L112_z0.350_lam0.2923/real006.json,0.4130281192595733,9b617fad03ded5737e9f1bf1610ffeb2a50a0996,112,0.2923,0.35,6,0.2923,0.7077,112.0,128,0.18492663035940488,-8.353557690742486,2.5817387000868854,0.27912848884993924,124.94456583375975,0.036918525595091574,1,0.31287632264379617,0.1313494762275977,0.685792297334371,0.3207656964325272,2.2051866969482417,2104.0439088344574,ok
refine,pps/refine/L112_z0.350_lam0.2923/real007.json,0.4130281192595733,9b617fad03ded5737e9f1bf1610ffeb2a50a0996,112,0.2923,0.35,7,0.2923,0.7077,112.0,128,0.18492663035940488,-8.620930321682161,2.8231435184188256,0.2869700901483622,125.60400543264102,0.03835715196645351,1,0.7799722648955084,0.21177138814085783,2.554013947972469,0.9432865660241049,3.221343645993697,2106.214645385742,ok
refine,pps/refine/L112_z0.350_lam0.2923/real008.json,0.4130281192595733,9b617fad03ded5737e9f1bf1610ffeb2a50a0996,112,0.2923,0.35,8,0.2923,0.7077,112.0,128,0.18492663035940488,-8.432322966193093,2.538267333521066,0.2602830591458168,124.39506711510948,0.03781215180330248,1,0.5674872148056194,0.17820353664361804,1.431009307352798,0.628405109505344,2.458351280816479,2061.8628215789795,ok
refine,pps/refine/L112_z0.350_lam0.2923/real009.json,0.4130281192595733,9b617fad03ded5737e9f1bf1610ffeb2a50a0996,112,0.2923,0.35,9,0.2923,0.7077,112.0,128,0.18492663035940488,-8.446523866434317,2.4898082981187257,0.28985921715382396,125.36402905691251,0.037911441986658696,1,1.010083162857775,0.4685488909581511,3.2324261025780197,1.8934447224908786,3.057813230767361,2101.249266386032,ok
refine,pps/refine/L112_z0.350_lam0.2923/real010.json,0.4130281192595733,9b617fad03ded5737e9f1bf1610ffeb2a50a0996,112,0.2923,0.35,10,0.2923,0.7077,112.0,128,0.18492663035940488,-8.395834410876494,2.604321716436427,0.3124744733777413,125.2628868273126,0.03777884014235299,1,0.29007331617218834,0.14993194281603495,0.6396346896189907,0.4372995532869906,2.094917434505033,2095.1923208236694,ok
refine,pps/refine/L112_z0.350_lam0.2923/real011.json,0.4130281192595733,9b617fad03ded5737e9f1bf1610ffeb2a50a0996,112,0.2923,0.35,11,0.2923,0.7077,112.0,128,0.18492663035940488,-8.448009383377267,2.560960183961798,0.22909483546533868,124.96602912314039,0.037784956293409964,1,0.6048191004774415,0.23310229900260654,1.8507950793310335,0.8914026416055972,2.9867339412686875,2190.942463874817,ok
refine,pps/refine/L112_z0.350_lam0.3032/real000.json,0.43513203214695756,9b617fad03ded5737e9f1bf1610ffeb2a50a0996,112,0.3032,0.35,0,0.3032,0.6968,112.0,128,0.1782785423946374,-8.357347523636188,2.2158561901929463,0.21181310735129805,125.01714336982546,0.03809635687194729,1,0.3743385403931471,0.1649942652467295,0.8644904768039221,0.5094788279116182,2.2438233906327048,2170.830931186676,ok
refine,pps/refine/L112_z0.350_lam0.3032/real001.json,0.43513203214695756,9b617fad03ded5737e9f1bf1610ffeb2a50a0996,112,0.3032,0.35,1,0.3032,0.6968,112.0,128,0.1782785423946374,-8.581759216268413,2.498470960148385,0.2910586762923296,125.13750627542512,0.038824456792071194,1,0.2675587659238634,0.14915859000553777,0.617289928739582,0.3745564490894211,2.2628453252519822,2184.730610370636,ok
refine,pps/refine/L112_z0.350_lam0.3032/real002.json,0.43513203214695756,9b617fad03ded5737e9f1bf1610ffeb2a50a0996,112,0.3032,0.35,2,0.3032,0.6968,112.0,128,0.1782785423946374,-8.43913450430841,2.580320782930188,0.2151109424344946,123.66151828820331,0.03790374516516866,1,0.15921071534771342,0.11086879846095009,0.3198765996492351,0.28509735061926955,1.866349905105937,2203.2537319660187,ok
refine,pps/refine/L112_z0.350_lam0.3032/real003.json,0.43513203214695756,9b617fad03ded5737e9f1bf1610ffeb2a50a0996,112,0.3032,0.35,3,0.3032,0.6968,112.0,128,0.1782785423946374,-8.575448660848416,2.4323910905603143,0.3134176816886054,125.08550843916889,0.03763404974453803,1,0.23116878493844129,0.08612352383020448,0.5779100405947064,0.2874705234635235,2.4213845918087613,2154.6530504226685,ok
refine,pps/refine/L112_z0.350_lam0.3032/real004.json,0.43513203214695756,9b617fad03ded5737e9f1bf1610ffeb2a50a0996,112,0.3032,0.35,4,0.3032,0.6968,112.0,128,0.1782785423946374,-8.490787545131242,2.3507896729026543,0.23952370554456323,125.06229960500737,0.03815698793994592,1,0.24377911490312137,0.17672207887066474,0.5669836117223175,0.5313481437734271,2.102716815586071,2122.4767758846283,ok
refine,pps/refine/L112_z0.350_lam0.3032/real005.json,0.43513203214695756,9b617fad03ded5737e9f1bf1610ffeb2a50a0996,112,0.3032,0.35,5,0.3032,0.6968,112.0,128,0.1782785423946374,-8.467807384111557,2.1828882677083175,0.17312166660958003,125.5301138940621,0.03786824424846625,1,0.44502159615882275,0.18216321840522887,1.0404024684266837,0.5763617178784706,2.243553706608736,2208.4203777313232,ok
refine,pps/refine/L112_z0.350_lam0.3032/real006.json,0.43513203214695756,9b617fad03ded5737e9f1bf1610ffeb2a50a0996,112,0.3032,0.35,6,0.3032,0.6968,112.0,128,0.1782785423946374,-8.531754888018062,2.5279579511641126,0.3410044237025914,125.40816588755804,0.03835942056527089,1,0.36792537996202446,0.22225563549696495,1.0191279749019073,0.7347793702038901,2.5733831032887853,2154.460503578186,ok
refine,pps/refine/L112_z0.350_lam0.3032/real007.json,0.43513203214695756,9b617fad03ded5737e9f1bf1610ffeb2a50a0996,112,0.3032,0.35,7,0.3032,0.6968,112.0,128,0.1782785423946374,-8.552916427114457,2.3868246805967033,0.25762556166860845,124.38118294590453,0.038280471143183815,1,0.39590307466958385,0.20887005462961508,0.848806170055649,0.6366948191913536,2.0086078698861574,2198.1063001155853,ok
refine,pps/refine/L112_z0.350_lam0.3032/real008.json,0.43513203214695756,9b617fad03ded5737e9f1bf1610ffeb2a50a0996,112,0.3032,0.35,8,0.3032,0.6968,112.0,128,0.1782785423946374,-8.544887241818419,2.2727854764466504,0.2976966577045702,125.29354233389263,0.037928496518239575,1,0.5724182324633511,0.13767527177131916,1.381183670294792,0.4612078441435206,2.3865980591201046,2123.621345281601,ok
refine,pps/refine/L112_z0.350_lam0.3032/real009.json,0.43513203214695756,9b617fad03ded5737e9f1bf1610ffeb2a50a0996,112,0.3032,0.35,9,0.3032,0.6968,112.0,128,0.1782785423946374,-8.421365434280386,2.351295489241755,0.25137417680469193,125.41650213372255,0.037049829979616325,1,0.4216473205356498,0.1686309528001828,1.0654482928958446,0.5888291222421028,2.410692868458276,2177.4479246139526,ok
refine,pps/refine/L112_z0.350_lam0.3032/real010.json,0.43513203214695756,9b617fad03ded5737e9f1bf1610ffeb2a50a0996,112,0.3032,0.35,10,0.3032,0.6968,112.0,128,0.1782785423946374,-8.518677194941779,2.4432833330015646,0.2981152279007688,124.80558578876354,0.03805791620350644,1,0.22791776978662057,0.15085517474297763,0.5424950140705287,0.4557697096098276,2.1247666812775288,2082.0170245170593,ok
refine,pps/refine/L112_z0.350_lam0.3032/real011.json,0.43513203214695756,9b617fad03ded5737e9f1bf1610ffeb2a50a0996,112,0.3032,0.35,11,0.3032,0.6968,112.0,128,0.1782785423946374,-8.60092364628083,2.5194599881667656,0.2785695868060392,125.3681401054689,0.037798486877831994,1,0.2517008454736315,0.09811502932095935,0.5402067802982071,0.2673062591386547,2.096020676117906,2095.1024215221405,ok
refine,pps/refine/L112_z0.350_lam0.3144/real000.json,0.45857642940490084,9b617fad03ded5737e9f1bf1610ffeb2a50a0996,112,0.3144,0.35,0,0.3144,0.6856,112.0,128,0.17192765284368336,-8.658512510183606,2.1807690270094544,0.23956230197885534,125.0316768639971,0.038027026481734526,1,0.14678883109091762,0.07441054150267112,0.30048818851430803,0.21234837037842005,1.9409094989563047,2129.6166677474976,ok
refine,pps/refine/L112_z0.350_lam0.3144/real001.json,0.45857642940490084,9b617fad03ded5737e9f1bf1610ffeb2a50a0996,112,0.3144,0.35,1,0.3144,0.6856,112.0,128,0.17192765284368336,-8.597786744740121,2.094026826114971,0.20939538678377126,125.03322610447071,0.038464987666539545,1,0.1070131313611686,0.06951994162240421,0.22018945115414917,0.2087023038176841,1.9049436389155667,2224.8819165229797,ok
refine,pps/refine/L112_z0.350_lam0.3144/real002.json,0.45857642940490084,9b617fad03ded5737e9f1bf1610ffeb2a50a0996,112,0.3144,0.35,2,0.3144,0.6856,112.0,128,0.17192765284368336,-8.66429223746507,2.142911876983045,0.1873026569141023,124.69648808466135,0.037808966463326564,1,0.28513865448462783,0.20461673843545652,0.5330767049775403,0.3934035700284349,1.8473320002323068,2261.5453345775604,ok
refine,pps/refine/L112_z0.350_lam0.3144/real003.json,0.45857642940490084,9b617fad03ded5737e9f1bf1610ffeb2a50a0996,112,0.3144,0.35,3,0.3144,0.6856,112.0,128,0.17192765284368336,-8.518493047413541,2.1528612906065296,0.14122056018439305,124.75893010252972,0.037312194282051896,1,0.3486419110360526,0.16915010255881527,0.7208903000017309,0.386721958768698,2.0238455280622567,2331.163756132126,ok
refine,pps/refine/L112_z0.350_lam0.3144/real004.json,0.45857642940490084,9b617fad03ded5737e9f1bf1610ffeb2a50a0996,112,0.3144,0.35,4,0.3144,0.6856,112.0,128,0.17192765284368336,-8.50639518616212,2.2266732644698055,0.31813119414828417,124.95129679548,0.037854666605925985,1,0.5963682076060921,0.2080244386487899,1.7345732807300331,0.8413082668933431,2.8121781370012604,2222.1112112998962,ok
refine,pps/refine/L112_z0.350_lam0.3144/real005.json,0.45857642940490084,9b617fad03ded5737e9f1bf1610ffeb2a50a0996,112,0.3144,0.35,5,0.3144,0.6856,112.0,128,0.17192765284368336,-8.444041537016707,2.2695670058194426,0.22701077836977443,124.96696442054224,0.03767350920779487,1,0.27510986725370157,0.1585563526325834,0.6226702688618313,0.3868225723136964,2.2022084408416855,2164.3703804016113,ok
refine,pps/refine/L112_z0.350_lam0.3144/real006.json,0.45857642940490084,9b617fad03ded5737e9f1bf1610ffeb2a50a0996,112,0.3144,0.35,6,0.3144,0.6856,112.0,128,0.17192765284368336,-8.642905889508272,2.123557451860517,0.25198294944768523,124.98366881628185,0.03802086656819953,1,0.5670020976598357,0.17897204689556417,1.39728461003497,0.5620251995589944,2.4169365599658583,2264.0343720912933,ok
refine,pps/refine/L112_z0.350_lam0.3144/real007.json,0.45857642940490084,9b617fad03ded5737e9f1bf1610ffeb2a50a0996,112,0.3144,0.35,7,0.3144,0.6856,112.0,128,0.17192765284368336,-8.732434649205613,2.330396051431344,0.16690157261810382,124.89540034385978,0.039379030478821894,1,0.7558367663612826,0.3455638789062922,1.9698528251801044,1.0337035516802786,2.556642439646021,2282.1834857463837,ok
refine,pps/refine/L112_z0.350_lam0.3144/real008.json,0.45857642940490084,9b617fad03ded5737e9f1bf1610ffeb2a50a0996,112,0.3144,0.35,8,0.3144,0.6856,112.0,128,0.17192765284368336,-8.648355166511115,2.5259608038353103,0.2278437911730173,124.34689518679305,0.03884105450053106,1,0.1495414429174819,0.12641174393232263,0.3807420732657862,0.3564206424341873,2.4503929089792513,2314.600379705429,ok
refine,pps/refine/L112_z0.350_lam0.3144/real009.json,0.45857642940490084,9b617fad03ded5737e9f1bf1610ffeb2a50a0996,112,0.3144,0.35,9,0.3144,0.6856,112.0,128,0.17192765284368336,-8.597717040463078,2.2377178704306724,0.28706399622991735,124.0514003186325,0.037563825642104254,1,0.20476872691717607,0.09410912945867274,0.42756308519120273,0.24383525580462473,2.036135525988588,2212.039609670639,ok
refine,pps/refine/L112_z0.350_lam0.3144/real010.json,0.45857642940490084,9b617fad03ded5737e9f1bf1610ffeb2a50a0996,112,0.3144,0.35,10,0.3144,0.6856,112.0,128,0.17192765284368336,-8.659414909428426,2.1863096090859178,0.26063934994125265,124.38737728292332,0.03826858413939999,1,0.4367638273702847,0.21735100417802736,1.1931735747087397,0.6313744243414245,2.668438112107139,2238.7970650196075,ok
refine,pps/refine/L112_z0.350_lam0.3144/real011.json,0.45857642940490084,9b617fad03ded5737e9f1bf1610ffeb2a50a0996,112,0.3144,0.35,11,0.3144,0.6856,112.0,128,0.17192765284368336,-8.6755543956791,2.291520386892097,0.15438595060008015,124.74214616896566,0.03858149063988026,1,0.21964034985283615,0.11296416074517561,0.5221309063569591,0.3657474691198024,2.2990583206161483,2151.4093301296234,ok
refine,pps/refine/L112_z0.350_lam0.3254/real000.json,0.4823599169878447,9b617fad03ded5737e9f1bf1610ffeb2a50a0996,112,0.3254,0.35,0,0.3254,0.6746,112.0,128,0.1661157162079104,-8.613933731748391,2.0919634265687588,0.24312425212304406,125.96736795881722,0.037295383155455136,1,0.42943615669808344,0.18016097282539367,1.0810179112734721,0.49827222046765607,2.4919890218908005,2286.6460676193237,ok
refine,pps/refine/L112_z0.350_lam0.3254/real001.json,0.4823599169878447,9b617fad03ded5737e9f1bf1610ffeb2a50a0996,112,0.3254,0.35,1,0.3254,0.6746,112.0,128,0.1661157162079104,-8.53431632566544,2.0240533528460656,0.18743986107222851,124.28990957133043,0.03739640121815539,1,0.15137437165788659,0.11984927235223819,0.2971004679315101,0.2747204933637,1.873818629754536,2293.0666739940643,ok
refine,pps/refine/L112_z0.350_lam0.3254/real002.json,0.4823599169878447,9b617fad03ded5737e9f1bf1610ffeb2a50a0996,112,0.3254,0.35,2,0.3254,0.6746,112.0,128,0.1661157162079104,-8.818654022338317,2.1380285118230633,0.23680853754941691,124.93718171618099,0.039360904007736355,1,0.1920531405491352,0.10425274866501869,0.43183017445466665,0.28056198690323014,2.175063937488582,2251.058671951294,ok
refine,pps/refine/L112_z0.350_lam0.3254/real003.json,0.4823599169878447,9b617fad03ded5737e9f1bf1610ffeb2a50a0996,112,0.3254,0.35,3,0.3254,0.6746,112.0,128,0.1661157162079104,-8.661360242399017,2.0761720460823554,0.1929831096560262,124.6398289692389,0.03812110338281385,1,0.3718721872535704,0.12631380093966016,0.8507823483991668,0.3977023829220815,2.2239182657852545,2182.5598509311676,ok
refine,pps/refine/L112_z0.350_lam0.3254/real004.json,0.4823599169878447,9b617fad03ded5737e9f1bf1610ffeb2a50a0996,112,0.3254,0.35,4,0.3254,0.6746,112.0,128,0.1661157162079104,-8.668468595197576,2.0474019596757462,0.255854027753177,124.84289057123378,0.03899977275028137,1,0.174352433977331,0.10384381433560602,0.38804538697207147,0.26308833121712005,2.1908558800970885,2294.1392138004303,ok
refine,pps/refine/L112_z0.350_lam0.3254/real005.json,0.4823599169878447,9b617fad03ded5737e9f1bf1610ffeb2a50a0996,112,0.3254,0.35,5,0.3254,0.6746,112.0,128,0.1661157162079104,-8.753262659755276,2.3997052948287125,0.3465033991325158,124.93964851646332,0.03883762323111683,1,0.09857773410022519,0.060710464705854304,0.1959379942156887,0.13241032970696912,1.9870365409905788,2249.4956130981445,ok
refine,pps/refine/L112_z0.350_lam0.3254/real006.json,0.4823599169878447,9b617fad03ded5737e9f1bf1610ffeb2a50a0996,112,0.3254,0.35,6,0.3254,0.6746,112.0,128,0.1661157162079104,-8.838623613889961,2.3280758726271564,0.17694548310670832,124.91949848311569,0.03937832229856492,1,0.34009658939980975,0.14973020172252857,0.9467139116399352,0.5212852245325009,2.678926870228274,2333.4382903575897,ok
refine,pps/refine/L112_z0.350_lam0.3254/real007.json,0.4823599169878447,9b617fad03ded5737e9f1bf1610ffeb2a50a0996,112,0.3254,0.35,7,0.3254,0.6746,112.0,128,0.1661157162079104,-8.750729857703876,2.295562183641364,0.2888553376164619,124.46831202279475,0.03862314341119368,1,0.18354509670266794,0.12784826251598222,0.41764268515666464,0.3469620286270986,2.0976021134175156,2253.603729724884,ok
refine,pps/refine/L112_z0.350_lam0.3254/real008.json,0.4823599169878447,9b617fad03ded5737e9f1bf1610ffeb2a50a0996,112,0.3254,0.35,8,0.3254,0.6746,112.0,128,0.1661157162079104,-8.70701138106157,2.2233521314390567,0.2130789736913836,124.7154747745514,0.039427319513107004,1,0.14913019880824543,0.10404290961642432,0.319180204011947,0.2797758295594136,1.9760811110024825,2265.905909538269,ok
refine,pps/refine/L112_z0.350_lam0.3254/real009.json,0.4823599169878447,9b617fad03ded5737e9f1bf1610ffeb2a50a0996,112,0.3254,0.35,9,0.3254,0.6746,112.0,128,0.1661157162079104,-8.677583779957683,2.1910077725299386,0.27059354673252856,125.98609390267124,0.039074075271768795,1,0.19216665095802546,0.16530983885292694,0.495174127372896,0.5130721334097812,2.3928142913549175,2292.977719783783,ok
refine,pps/refine/L112_z0.350_lam0.3254/real010.json,0.4823599169878447,9b617fad03ded5737e9f1bf1610ffeb2a50a0996,112,0.3254,0.35,10,0.3254,0.6746,112.0,128,0.1661157162079104,-8.76408489351341,2.2538728976465934,0.24454781893401728,124.81495459984306,0.0384911120745089,1,0.1081947529388024,0.07273172719048814,0.2019710349123458,0.17262754116068482,1.7547182992754489,2331.7423169612885,ok
refine,pps/refine/L112_z0.350_lam0.3254/real011.json,0.4823599169878447,9b617fad03ded5737e9f1bf1610ffeb2a50a0996,112,0.3254,0.35,11,0.3254,0.6746,112.0,128,0.1661157162079104,-8.709290713068755,2.1055596982655302,0.23675437215068387,124.98147636523733,0.03899145476201458,1,0.07813116521104273,0.03862270132511835,0.1568710228097709,0.09832155222005845,1.9223246013839956,2247.2988102436066,ok
refine,pps/refine/L112_z0.350_lam0.3366/real000.json,0.5073861923424782,9b617fad03ded5737e9f1bf1610ffeb2a50a0996,112,0.3366,0.35,0,0.3366,0.6634,112.0,128,0.16058839588251353,-8.561409491097995,1.858399150076521,0.13405405028306958,124.19186202115047,0.037475030854595616,1,0.08754461570399873,0.06178488767739049,0.16195110900130671,0.1751168360551388,1.7452412973426004,2221.7509775161743,ok
refine,pps/refine/L112_z0.350_lam0.3366/real001.json,0.5073861923424782,9b617fad03ded5737e9f1bf1610ffeb2a50a0996,112,0.3366,0.35,1,0.3366,0.6634,112.0,128,0.16058839588251353,-8.851695854030512,1.9807351494429335,0.16061023317188444,123.67651114719483,0.039420303308855605,1,0.17674858705290486,0.12612301410178556,0.3529490508056701,0.2551343661417843,2.0372833095508747,2308.857041835785,ok
refine,pps/refine/L112_z0.350_lam0.3366/real002.json,0.5073861923424782,9b617fad03ded5737e9f1bf1610ffeb2a50a0996,112,0.3366,0.35,2,0.3366,0.6634,112.0,128,0.16058839588251353,-8.652900842589322,1.9102384903133889,0.1516282150542385,125.14556314521198,0.03753136523723149,1,0.2610414976779088,0.09840876522180042,0.5151550120973933,0.2860478711508512,1.9097725711073756,2208.14200091362,ok
refine,pps/refine/L112_z0.350_lam0.3366/real003.json,0.5073861923424782,9b617fad03ded5737e9f1bf1610ffeb2a50a0996,112,0.3366,0.35,3,0.3366,0.6634,112.0,128,0.16058839588251353,-8.737064725597316,2.007801157040709,0.16077140247607336,124.94636701050892,0.03902704655537949,1,0.0814926123978571,0.05919196977950462,0.17338741476146888,0.14308002487616114,2.0665421305591583,2289.2649433612823,ok
refine,pps/refine/L112_z0.350_lam0.3366/real004.json,0.5073861923424782,9b617fad03ded5737e9f1bf1610ffeb2a50a0996,112,0.3366,0.35,4,0.3366,0.6634,112.0,128,0.16058839588251353,-8.695958585341943,1.9835840722390017,0.17357483479211366,124.8687097290324,0.038871610081412294,1,0.05925640455563442,0.05013908912647854,0.11338876704922028,0.10515437661267336,1.8084834270171677,2314.3538999557495,ok
refine,pps/refine/L112_z0.350_lam0.3366/real005.json,0.5073861923424782,9b617fad03ded5737e9f1bf1610ffeb2a50a0996,112,0.3366,0.35,5,0.3366,0.6634,112.0,128,0.16058839588251353,-8.827778562021775,1.988291450382159,0.14554350605469218,125.00926811322604,0.039231120812505356,1,0.1725037773124319,0.07626554008296198,0.38857128037997735,0.20968788821501877,2.1794094850281214,2375.6216015815735,ok
refine,pps/refine/L112_z0.350_lam0.3366/real006.json,0.5073861923424782,9b617fad03ded5737e9f1bf1610ffeb2a50a0996,112,0.3366,0.35,6,0.3366,0.6634,112.0,128,0.16058839588251353,-8.693534736159082,2.0261702913411455,0.18433468150961255,125.1833318066893,0.038982457487203935,1,0.06775332180052787,0.061138379783633436,0.14712030128689482,0.17064954573024183,2.0610796784515086,2233.0460197925568,ok
refine,pps/refine/L112_z0.350_lam0.3366/real007.json,0.5073861923424782,9b617fad03ded5737e9f1bf1610ffeb2a50a0996,112,0.3366,0.35,7,0.3366,0.6634,112.0,128,0.16058839588251353,-8.836895325561716,2.123080963378299,0.2630120424345311,124.78848515853967,0.0391146276973666,1,0.22419433943516942,0.10092476973243565,0.5096706372725042,0.25819410145733146,2.2400624074796194,2370.8524079322815,ok
refine,pps/refine/L112_z0.350_lam0.3366/real008.json,0.5073861923424782,9b617fad03ded5737e9f1bf1610ffeb2a50a0996,112,0.3366,0.35,8,0.3366,0.6634,112.0,128,0.16058839588251353,-8.72998241189194,2.0509580243241126,0.17051803562706352,125.08551291779084,0.03886988196020471,1,0.3220615911984014,0.1457950718379764,0.5639128853581199,0.31327441760296254,1.7205511157377842,2326.327740430832,ok
refine,pps/refine/L112_z0.350_lam0.3366/real009.json,0.5073861923424782,9b617fad03ded5737e9f1bf1610ffeb2a50a0996,112,0.3366,0.35,9,0.3366,0.6634,112.0,128,0.16058839588251353,-8.624310939405635,2.085134290335973,0.21829738753957031,125.02780868396006,0.03810198851324624,1,0.07119469533191189,0.038708176933825486,0.13054820397096298,0.08412294964147944,1.7960615672500153,2253.431797981262,ok
refine,pps/refine/L112_z0.350_lam0.3366/real010.json,0.5073861923424782,9b617fad03ded5737e9f1bf1610ffeb2a50a0996,112,0.3366,0.35,10,0.3366,0.6634,112.0,128,0.16058839588251353,-8.752141132968445,2.0072842818079737,0.2215569100382137,125.20917903561609,0.03779815231388981,1,0.04783936488568328,0.039276172138175545,0.10127331540361509,0.1202941404129061,1.9216568137953574,2205.04389667511,ok
refine,pps/refine/L112_z0.350_lam0.3366/real011.json,0.5073861923424782,9b617fad03ded5737e9f1bf1610ffeb2a50a0996,112,0.3366,0.35,11,0.3366,0.6634,112.0,128,0.16058839588251353,-8.68926280654932,2.072143340361112,0.13122771685376639,124.96747052475989,0.039461593139482554,1,0.2157181401338223,0.0924970579923168,0.4881796168497373,0.2336227689627516,2.2441402818152842,2311.2604682445526,ok
refine,pps/refine/L112_z0.350_lam0.3476/real000.json,0.5328019619865114,9b617fad03ded5737e9f1bf1610ffeb2a50a0996,112,0.3476,0.35,0,0.3476,0.6524,112.0,128,0.15550648462040864,-8.85072470789734,1.861796098873073,0.12723979339260189,124.27089434314121,0.03872318438944585,1,0.08635046650832523,0.04311306164916233,0.16309813710999252,0.10475054137671058,1.845459363619722,2342.403273820877,ok
refine,pps/refine/L112_z0.350_lam0.3476/real001.json,0.5328019619865114,9b617fad03ded5737e9f1bf1610ffeb2a50a0996,112,0.3476,0.35,1,0.3476,0.6524,112.0,128,0.15550648462040864,-8.853710305332449,1.994281069157699,0.28150673286953515,124.80636829870572,0.039830646695912984,1,0.2782870551986979,0.22123405952458733,0.7402020717794892,0.6728047227541792,2.50130894751047,2391.979781627655,ok
refine,pps/refine/L112_z0.350_lam0.3476/real002.json,0.5328019619865114,9b617fad03ded5737e9f1bf1610ffeb2a50a0996,112,0.3476,0.35,2,0.3476,0.6524,112.0,128,0.15550648462040864,-8.694211140643894,1.854157059295522,0.12452922672056944,124.21169770724717,0.03836130250080229,1,0.033754003595999844,0.052777231659478625,0.06660773291202952,0.1300300993962052,1.7245684335988223,2263.3171639442444,ok
refine,pps/refine/L112_z0.350_lam0.3476/real003.json,0.5328019619865114,9b617fad03ded5737e9f1bf1610ffeb2a50a0996,112,0.3476,0.35,3,0.3476,0.6524,112.0,128,0.15550648462040864,-8.70946407644286,1.8175586988492745,0.15065372543611796,124.92308517986008,0.038736320832680964,1,0.12764417897557076,0.09303753002244372,0.26163242469482434,0.2759886265633143,1.915467451931522,2359.6244852542877,ok
refine,pps/refine/L112_z0.350_lam0.3476/real004.json,0.5328019619865114,9b617fad03ded5737e9f1bf1610ffeb2a50a0996,112,0.3476,0.35,4,0.3476,0.6524,112.0,128,0.15550648462040864,-8.827711747659032,1.8712697746509441,0.16471659322950988,124.85759194369798,0.03895739506695889,1,0.3726112109288541,0.18179473163771886,0.78320257056434,0.39013887828489463,2.1077357982537746,2324.786587715149,ok
refine,pps/refine/L112_z0.350_lam0.3476/real005.json,0.5328019619865114,9b617fad03ded5737e9f1bf1610ffeb2a50a0996,112,0.3476,0.35,5,0.3476,0.6524,112.0,128,0.15550648462040864,-8.8683869675804,1.9277195925515718,0.15154571568708683,124.86831799404037,0.039720788610792014,1,0.11608294771386948,0.07787259696838926,0.2389034062017317,0.21361036759663554,1.894599689480125,2417.532594203949,ok
refine,pps/refine/L112_z0.350_lam0.3476/real006.json,0.5328019619865114,9b617fad03ded5737e9f1bf1610ffeb2a50a0996,112,0.3476,0.35,6,0.3476,0.6524,112.0,128,0.15550648462040864,-8.780385525968041,1.8724791269128582,0.1618041502532633,125.40044950374492,0.03871910906125579,1,0.27580196710327554,0.1858491838176278,0.5759748786549027,0.4233993978837081,1.9769344276129606,2288.3442754745483,ok
refine,pps/refine/L112_z0.350_lam0.3476/real007.json,0.5328019619865114,9b617fad03ded5737e9f1bf1610ffeb2a50a0996,112,0.3476,0.35,7,0.3476,0.6524,112.0,128,0.15550648462040864,-8.723965452368912,1.9027496553327887,0.14557572706791674,124.75318396852992,0.03868465080515399,1,0.05348838387121987,0.05359530191897617,0.10591432476992377,0.10845286085318308,1.9345699153533638,2359.844605922699,ok
refine,pps/refine/L112_z0.350_lam0.3476/real008.json,0.5328019619865114,9b617fad03ded5737e9f1bf1610ffeb2a50a0996,112,0.3476,0.35,8,0.3476,0.6524,112.0,128,0.15550648462040864,-8.836436188039558,2.0509214316078537,0.23090107864244547,124.92792435197364,0.03977243304541729,1,0.12057590380724055,0.07008735588780692,0.2561254880926361,0.16981549018907383,2.059307730431101,2271.3964743614197,ok
refine,pps/refine/L112_z0.350_lam0.3476/real009.json,0.5328019619865114,9b617fad03ded5737e9f1bf1610ffeb2a50a0996,112,0.3476,0.35,9,0.3476,0.6524,112.0,128,0.15550648462040864,-8.69078298433505,1.9653502730315802,0.19515832202003883,125.11270151373729,0.03787211781566234,1,0.09306027935690761,0.07208896092214172,0.1684818784350966,0.1549439498660829,1.730862523531203,2253.03426527977,ok
refine,pps/refine/L112_z0.350_lam0.3476/real010.json,0.5328019619865114,9b617fad03ded5737e9f1bf1610ffeb2a50a0996,112,0.3476,0.35,10,0.3476,0.6524,112.0,128,0.15550648462040864,-8.805652895436301,1.950195254638875,0.17895136453947516,125.57894565455088,0.039337625102453574,1,0.14011615405704766,0.09273434440676415,0.2797166312547189,0.244721091700512,1.8538667502152677,2238.843505382538,ok
refine,pps/refine/L112_z0.350_lam0.3476/real011.json,0.5328019619865114,9b617fad03ded5737e9f1bf1610ffeb2a50a0996,112,0.3476,0.35,11,0.3476,0.6524,112.0,128,0.15550648462040864,-8.709708129479656,1.9731368499367936,0.27261786356420153,125.69670411242541,0.038508282210893405,1,0.2037323218501374,0.12072491311672882,0.4333804202882078,0.3108313953461811,2.057736480275734,2312.1289348602295,ok
refine,pps/refine/L112_z0.350_lam0.3588/real000.json,0.5595757953836556,9b617fad03ded5737e9f1bf1610ffeb2a50a0996,112,0.3588,0.35,0,0.3588,0.6412,112.0,128,0.15065232456536806,-8.769561051344443,1.7701036208870473,0.09692373052141964,125.54721804392513,0.03856301749511154,1,0.07123937473289257,0.05871527646458912,0.13860142108506152,0.1289935714917114,1.8389859487996905,2298.8858058452606,ok
refine,pps/refine/L112_z0.350_lam0.3588/real001.json,0.5595757953836556,9b617fad03ded5737e9f1bf1610ffeb2a50a0996,112,0.3588,0.35,1,0.3588,0.6412,112.0,128,0.15065232456536806,-8.793430771451721,1.8001961555146837,0.12297398984614588,124.97036909329299,0.03919502588017277,1,0.030522403827995415,0.03682497852404713,0.05395208246877184,0.07319317504268838,1.645504301703631,2254.3951210975647,ok
refine,pps/refine/L112_z0.350_lam0.3588/real002.json,0.5595757953836556,9b617fad03ded5737e9f1bf1610ffeb2a50a0996,112,0.3588,0.35,2,0.3588,0.6412,112.0,128,0.15065232456536806,-8.758542840395883,1.8024885537724198,0.14060030573755491,125.00330692721334,0.0384610578695081,1,0.06768296369636533,0.052546001481618865,0.12054128258253662,0.09774611025172923,1.7581843765943699,2221.248553276062,ok
refine,pps/refine/L112_z0.350_lam0.3588/real003.json,0.5595757953836556,9b617fad03ded5737e9f1bf1610ffeb2a50a0996,112,0.3588,0.35,3,0.3588,0.6412,112.0,128,0.15065232456536806,-8.921163201669126,1.8124540441566193,0.10812960566979912,125.15644215264473,0.03969414692407775,1,0.05146011779135909,0.02850026826200203,0.08791553368707979,0.06272497769033623,1.6506455964216173,2354.7432763576508,ok
refine,pps/refine/L112_z0.350_lam0.3588/real004.json,0.5595757953836556,9b617fad03ded5737e9f1bf1610ffeb2a50a0996,112,0.3588,0.35,4,0.3588,0.6412,112.0,128,0.15065232456536806,-8.723502338765671,1.82585798814736,0.20774204845002914,125.3712404731931,0.03830526275205446,1,0.05378255729330059,0.0787867507057566,0.11094871890472371,0.18575920930903517,1.721152025719057,2396.946747779846,ok
refine,pps/refine/L112_z0.350_lam0.3588/real005.json,0.5595757953836556,9b617fad03ded5737e9f1bf1610ffeb2a50a0996,112,0.3588,0.35,5,0.3588,0.6412,112.0,128,0.15065232456536806,-8.765243973521011,1.8841745477460752,0.18153606249422852,125.41506021322613,0.038574636102895556,1,0.08390140121754458,0.05314627179051989,0.16708712021901317,0.1208863532912432,1.8979907654285915,2274.8299639225006,ok
refine,pps/refine/L112_z0.350_lam0.3588/real006.json,0.5595757953836556,9b617fad03ded5737e9f1bf1610ffeb2a50a0996,112,0.3588,0.35,6,0.3588,0.6412,112.0,128,0.15065232456536806,-8.859311331772174,1.862027605143604,0.11716790268548727,124.20379897026291,0.03954249140907505,1,0.04997477845817487,0.058487425398691506,0.08675421354164488,0.11867334400302629,1.6210356427248116,2344.087448835373,ok
refine,pps/refine/L112_z0.350_lam0.3588/real007.json,0.5595757953836556,9b617fad03ded5737e9f1bf1610ffeb2a50a0996,112,0.3588,0.35,7,0.3588,0.6412,112.0,128,0.15065232456536806,-8.660801195694662,1.788717589727641,0.1537531961133519,125.21751244581036,0.03764878755610656,1,0.12627594048034513,0.09222690112896677,0.24538859833090218,0.1716133058964993,1.9715418031088248,2299.2456724643707,ok
refine,pps/refine/L112_z0.350_lam0.3588/real008.json,0.5595757953836556,9b617fad03ded5737e9f1bf1610ffeb2a50a0996,112,0.3588,0.35,8,0.3588,0.6412,112.0,128,0.15065232456536806,-8.835385993893734,1.9494824856418216,0.1729200581877242,124.71686587149405,0.03896233582897424,1,0.17639724466677972,0.14894131385098872,0.34684716320654607,0.35220533598673476,1.769287892339762,2348.3974103927612,ok
refine,pps/refine/L112_z0.350_lam0.3588/real009.json,0.5595757953836556,9b617fad03ded5737e9f1bf1610ffeb2a50a0996,112,0.3588,0.35,9,0.3588,0.6412,112.0,128,0.15065232456536806,-8.7701840748856,1.779552268045814,0.11404160709565314,124.00090394648855,0.03841871451698507,1,0.1393912391809738,0.11760353227597403,0.24042044804537802,0.21617968241594482,1.7063177729141978,2356.394170999527,ok
refine,pps/refine/L112_z0.350_lam0.3588/real010.json,0.5595757953836556,9b617fad03ded5737e9f1bf1610ffeb2a50a0996,112,0.3588,0.35,10,0.3588,0.6412,112.0,128,0.15065232456536806,-8.824056117604876,1.8252269967838506,0.14839648105235478,125.19917311733893,0.03860851314476184,1,0.5174881686908224,0.21124268895185605,0.9345012772049864,0.4500409081380081,1.8026579865818833,2305.0169422626495,ok
refine,pps/refine/L112_z0.350_lam0.3588/real011.json,0.5595757953836556,9b617fad03ded5737e9f1bf1610ffeb2a50a0996,112,0.3588,0.35,11,0.3588,0.6412,112.0,128,0.15065232456536806,-8.700515152665512,1.7663787219039824,0.10916799825407161,125.50370190797265,0.038167190782713266,1,0.05874977012560578,0.0584971765288708,0.11306694003223407,0.11492260044340144,1.9173145641153864,2301.0504443645477,ok
refine,pps/refine/L112_z0.350_lam0.3698/real000.json,0.586797841954935,9b617fad03ded5737e9f1bf1610ffeb2a50a0996,112,0.3698,0.35,0,0.3698,0.6302,112.0,128,0.14617104936196337,-8.642783387880835,1.7222739785290133,0.1474694676490172,124.93809876241215,0.03814850157932046,1,0.0209768828255239,0.015101990881951903,0.03460935653434293,0.02514066617872385,1.6335550494011046,2300.5422139167786,ok
refine,pps/refine/L112_z0.350_lam0.3698/real001.json,0.586797841954935,9b617fad03ded5737e9f1bf1610ffeb2a50a0996,112,0.3698,0.35,1,0.3698,0.6302,112.0,128,0.14617104936196337,-8.959756320648506,1.8954945659643758,0.3400850669935982,124.84974264683024,0.03948572405369825,1,0.07306081584708077,0.0785016709123376,0.12145203724475045,0.14273846945329663,1.6927677597350592,2287.5470581054688,ok
refine,pps/refine/L112_z0.350_lam0.3698/real002.json,0.586797841954935,9b617fad03ded5737e9f1bf1610ffeb2a50a0996,112,0.3698,0.35,2,0.3698,0.6302,112.0,128,0.14617104936196337,-8.828978260995687,1.7674983580316526,0.09229362436056185,124.47499350744467,0.03895567184600975,1,0.10689123666508032,0.10748892371477253,0.20229694013049693,0.2154938870247548,1.7893434709636042,2424.048763990402,ok
refine,pps/refine/L112_z0.350_lam0.3698/real003.json,0.586797841954935,9b617fad03ded5737e9f1bf1610ffeb2a50a0996,112,0.3698,0.35,3,0.3698,0.6302,112.0,128,0.14617104936196337,-8.753159115124971,1.761840160048424,0.13385895774878895,124.86377640439716,0.03791345695160492,1,0.16952348684351481,0.06362979041222447,0.2874752165508507,0.13403241665293572,1.6653310159752015,2391.7227642536163,ok
refine,pps/refine/L112_z0.350_lam0.3698/real004.json,0.586797841954935,9b617fad03ded5737e9f1bf1610ffeb2a50a0996,112,0.3698,0.35,4,0.3698,0.6302,112.0,128,0.14617104936196337,-8.809647546266214,1.705786484644932,0.1066789363612638,125.17695084703091,0.03822890349447119,1,0.08141207278849491,0.06197519435308774,0.13315108869040682,0.09919014537419658,1.6656179992816584,2236.585881471634,ok
refine,pps/refine/L112_z0.350_lam0.3698/real005.json,0.586797841954935,9b617fad03ded5737e9f1bf1610ffeb2a50a0996,112,0.3698,0.35,5,0.3698,0.6302,112.0,128,0.14617104936196337,-8.893430972868567,1.8763185859448628,0.16489673510796685,124.9716668331454,0.03933487774262969,1,0.16410187012595018,0.10151915165066425,0.3365125020427665,0.2085212876230359,2.1404187481858514,2257.32444190979,ok
refine,pps/refine/L112_z0.350_lam0.3698/real006.json,0.586797841954935,9b617fad03ded5737e9f1bf1610ffeb2a50a0996,112,0.3698,0.35,6,0.3698,0.6302,112.0,128,0.14617104936196337,-8.767630047167469,1.8712418811190763,0.23805072806650768,124.75243504078361,0.03800126389350531,1,0.07050059483909418,0.08108727900488465,0.12477879205433044,0.16473226364120563,1.670453690248944,2361.457037448883,ok
refine,pps/refine/L112_z0.350_lam0.3698/real007.json,0.586797841954935,9b617fad03ded5737e9f1bf1610ffeb2a50a0996,112,0.3698,0.35,7,0.3698,0.6302,112.0,128,0.14617104936196337,-8.714530151975113,1.7040245433406216,0.12656982099436015,125.2061516130963,0.03763418419269658,1,0.1695117805857858,0.09949220842786152,0.29799441642088836,0.20066658064926884,1.7089950176156277,2237.204145669937,ok
refine,pps/refine/L112_z0.350_lam0.3698/real008.json,0.586797841954935,9b617fad03ded5737e9f1bf1610ffeb2a50a0996,112,0.3698,0.35,8,0.3698,0.6302,112.0,128,0.14617104936196337,-8.813274818926512,1.781160176227318,0.1483946586127155,125.4166358247376,0.03806219836689538,1,0.04824678768300409,0.06154028271241078,0.09650484877106372,0.13498002994637004,1.8500310336112413,2348.5519654750824,ok
refine,pps/refine/L112_z0.350_lam0.3698/real009.json,0.586797841954935,9b617fad03ded5737e9f1bf1610ffeb2a50a0996,112,0.3698,0.35,9,0.3698,0.6302,112.0,128,0.14617104936196337,-8.800089345692568,1.7708788147824022,0.07473999450593996,123.60841914218379,0.039203951707615675,1,0.17382350683138498,0.11033932129801317,0.3258842468155107,0.2547248727414949,1.7665333306304007,2368.429458141327,ok
refine,pps/refine/L112_z0.350_lam0.3698/real010.json,0.586797841954935,9b617fad03ded5737e9f1bf1610ffeb2a50a0996,112,0.3698,0.35,10,0.3698,0.6302,112.0,128,0.14617104936196337,-8.744272661181073,1.6915707275637,0.07333985728228204,124.54005067546622,0.038818076122685966,1,0.019329682874625276,0.01963570365804869,0.03664739085366239,0.03997525822213184,1.7599301572508148,2319.41787981987,ok
refine,pps/refine/L112_z0.350_lam0.3698/real011.json,0.586797841954935,9b617fad03ded5737e9f1bf1610ffeb2a50a0996,112,0.3698,0.35,11,0.3698,0.6302,112.0,128,0.14617104936196337,-8.824690391028465,1.7960681978017559,0.12386098827737568,124.75354453260898,0.038767761452257354,1,0.0700688403526166,0.04014955759758396,0.15028606263296884,0.10243656995263105,2.0597100860510817,2273.6018273830414,ok
refine,pps/refine/L128_z0.350_lam0.2366/real000.json,0.3099292638197538,9b617fad03ded5737e9f1bf1610ffeb2a50a0996,128,0.2366,0.35,0,0.2366,0.7634,128.0,128,0.19967918211407004,-8.649558607581934,3.9369110174848108,0.44277495232177716,125.899399083211,0.034295277295443384,1,0.9770900073082611,0.25128570317661086,4.067727080601642,1.3859041361979698,4.11032154137933,3129.0917117595673,ok
refine,pps/refine/L128_z0.350_lam0.2366/real001.json,0.3099292638197538,9b617fad03ded5737e9f1bf1610ffeb2a50a0996,128,0.2366,0.35,1,0.2366,0.7634,128.0,128,0.19967918211407004,-8.543906122943557,3.550041694638127,0.4992915925189338,125.94412644229983,0.03365903472021105,1,0.9651165454492152,0.2167297208650206,3.2436545721982113,1.1268975594573243,3.3061667067906884,3165.7211377620697,ok
refine,pps/refine/L128_z0.350_lam0.2366/real002.json,0.3099292638197538,9b617fad03ded5737e9f1bf1610ffeb2a50a0996,128,0.2366,0.35,2,0.2366,0.7634,128.0,128,0.19967918211407004,-8.485243918238309,3.6977476207085807,0.2609722767572763,124.67405309606913,0.03364668328695457,1,0.9628514194397597,0.18349982160452033,3.3958998943875267,1.0174080884781878,3.4756708384235235,3068.9506602287292,ok
refine,pps/refine/L128_z0.350_lam0.2366/real003.json,0.3099292638197538,9b617fad03ded5737e9f1bf1610ffeb2a50a0996,128,0.2366,0.35,3,0.2366,0.7634,128.0,128,0.19967918211407004,-8.62032966929578,3.8345061806349943,0.3035742268718668,125.99898229951135,0.03418299834574669,1,1.5330452932928038,0.281158623676236,6.498878943524799,1.3175545439081215,4.243771944157109,3105.535308599472,ok
refine,pps/refine/L128_z0.350_lam0.2366/real004.json,0.3099292638197538,9b617fad03ded5737e9f1bf1610ffeb2a50a0996,128,0.2366,0.35,4,0.2366,0.7634,128.0,128,0.19967918211407004,-8.65221021248817,4.193948778196862,0.34908579123625966,126.10104487555127,0.034381620822830875,1,1.2117428322672508,0.20819565202833792,4.663338410812034,1.1197009833445486,3.8202072665774574,3209.9420173168182,ok
refine,pps/refine/L128_z0.350_lam0.2366/real005.json,0.3099292638197538,9b617fad03ded5737e9f1bf1610ffeb2a50a0996,128,0.2366,0.35,5,0.2366,0.7634,128.0,128,0.19967918211407004,-8.708046609548294,4.101620116191545,0.2804158725868408,126.12733188640685,0.03426681528338249,1,1.2407802188424721,0.256527038361063,5.120676949107411,1.6054698715736864,4.053996203584677,3107.3078730106354,ok
refine,pps/refine/L128_z0.350_lam0.2366/real006.json,0.3099292638197538,9b617fad03ded5737e9f1bf1610ffeb2a50a0996,128,0.2366,0.35,6,0.2366,0.7634,128.0,128,0.19967918211407004,-8.698071582481685,4.09512783339433,0.31331804587814605,126.0468998663441,0.03510838256924541,1,1.3640001810633722,0.3757287612280308,5.838424979401042,1.9812911207925237,4.222105401950386,3205.7426187992096,ok
refine,pps/refine/L128_z0.350_lam0.2366/real007.json,0.3099292638197538,9b617fad03ded5737e9f1bf1610ffeb2a50a0996,128,0.2366,0.35,7,0.2366,0.7634,128.0,128,0.19967918211407004,-8.618861831035655,3.8523788239445147,0.40365620885083425,126.0516182038335,0.03434662100276841,1,1.133773180268225,0.23936579629506555,4.927011645562587,1.2546304332248182,4.313172379774434,3253.2118666172028,ok
refine,pps/refine/L128_z0.350_lam0.2366/real008.json,0.3099292638197538,9b617fad03ded5737e9f1bf1610ffeb2a50a0996,128,0.2366,0.35,8,0.2366,0.7634,128.0,128,0.19967918211407004,-8.696567904148548,4.144677645022255,0.36971717455835595,125.9695825794026,0.03417025599664153,1,1.4234734490310461,0.3186996794387354,6.362879123374557,1.7762099949019823,4.433744416036436,3215.4918670654297,ok
refine,pps/refine/L128_z0.350_lam0.2366/real009.json,0.3099292638197538,9b617fad03ded5737e9f1bf1610ffeb2a50a0996,128,0.2366,0.35,9,0.2366,0.7634,128.0,128,0.19967918211407004,-8.601976274024807,3.660046775000167,0.5228190892889886,124.95842452555878,0.03403533003438436,1,0.940486004905823,0.2296106909752739,3.508626512390695,1.1251045699769586,3.6743119939305764,3116.867474079132,ok
refine,pps/refine/L128_z0.350_lam0.2366/real010.json,0.3099292638197538,9b617fad03ded5737e9f1bf1610ffeb2a50a0996,128,0.2366,0.35,10,0.2366,0.7634,128.0,128,0.19967918211407004,-8.721596221307324,4.08169532910787,0.2996959768254435,126.58008092370578,0.034157708518666105,1,1.2455167073772688,0.29931264586373846,5.374204554352742,1.8795263532248785,4.238658309637174,3171.417017221451,ok
refine,pps/refine/L128_z0.350_lam0.2366/real011.json,0.3099292638197538,9b617fad03ded5737e9f1bf1610ffeb2a50a0996,128,0.2366,0.35,11,0.2366,0.7634,128.0,128,0.19967918211407004,-8.726820083512813,4.30363818082155,0.31990688947340407,125.78356075894617,0.03490925781972862,1,1.2922390935195023,0.25823327925709644,6.3162558804814175,1.8712249753800032,4.8121665318786455,3173.770269870758,ok
refine,pps/refine/L128_z0.350_lam0.2479/real000.json,0.32961042414572533,9b617fad03ded5737e9f1bf1610ffeb2a50a0996,128,0.2479,0.35,0,0.2479,0.7521,128.0,128,0.19057722665667196,-8.87560405809299,3.5229109253256845,0.21794715521968872,125.91133585098427,0.03499728161784242,1,1.1027568503223446,0.2734386569621531,3.9537254367751036,1.3102844227998376,3.531380459773327,3281.866284608841,ok
refine,pps/refine/L128_z0.350_lam0.2479/real001.json,0.32961042414572533,9b617fad03ded5737e9f1bf1610ffeb2a50a0996,128,0.2479,0.35,1,0.2479,0.7521,128.0,128,0.19057722665667196,-8.868340562655193,3.6188868382307615,0.3293833214557179,125.47549782162777,0.035084857057545375,1,0.6476252471184356,0.24173890825670377,2.328819121304077,1.2786016430028342,3.429335685047215,3272.3819749355316,ok
refine,pps/refine/L128_z0.350_lam0.2479/real002.json,0.32961042414572533,9b617fad03ded5737e9f1bf1610ffeb2a50a0996,128,0.2479,0.35,2,0.2479,0.7521,128.0,128,0.19057722665667196,-8.873173289295655,3.330190263681376,0.36864800739440196,125.29414808158,0.03428933988271307,1,1.0429690560578155,0.22197112421142273,3.7419041230332386,1.0357337073976542,3.5650312095991916,3358.0043139457703,ok
refine,pps/refine/L128_z0.350_lam0.2479/real003.json,0.32961042414572533,9b617fad03ded5737e9f1bf1610ffeb2a50a0996,128,0.2479,0.35,3,0.2479,0.7521,128.0,128,0.19057722665667196,-8.868674518205092,3.4048139759976435,0.43121676059495395,126.1896536725319,0.03501341680353209,1,0.6612961626631997,0.13678537845971886,1.5187889191608968,0.5653665289112507,2.263831088244549,3221.133405685425,ok
refine,pps/refine/L128_z0.350_lam0.2479/real004.json,0.32961042414572533,9b617fad03ded5737e9f1bf1610ffeb2a50a0996,128,0.2479,0.35,4,0.2479,0.7521,128.0,128,0.19057722665667196,-8.893989615129033,3.381737874245951,0.33691813809078536,125.64884252873485,0.03498132503555967,1,0.7559324781938288,0.22469214977850221,2.2449987687808464,0.907242300255381,2.883986567313105,3332.766625404358,ok
refine,pps/refine/L128_z0.350_lam0.2479/real005.json,0.32961042414572533,9b617fad03ded5737e9f1bf1610ffeb2a50a0996,128,0.2479,0.35,5,0.2479,0.7521,128.0,128,0.19057722665667196,-8.986794361587153,3.7279261391143623,0.20417872219367847,125.36838463086116,0.03535231563993824,1,1.0135734684203395,0.2227366209213599,4.1226923153269635,1.1791587545067899,4.013318221454837,3294.2656757831573,ok
refine,pps/refine/L128_z0.350_lam0.2479/real006.json,0.32961042414572533,9b617fad03ded5737e9f1bf1610ffeb2a50a0996,128,0.2479,0.35,6,0.2479,0.7521,128.0,128,0.19057722665667196,-8.829007167106953,3.314046489322183,0.4770922962874078,125.88772517288687,0.03459735282228096,1,0.634510686291693,0.16637398075846055,1.898448955330625,0.7460483222074765,2.9137891339195807,3326.8359940052032,ok
refine,pps/refine/L128_z0.350_lam0.2479/real007.json,0.32961042414572533,9b617fad03ded5737e9f1bf1610ffeb2a50a0996,128,0.2479,0.35,7,0.2479,0.7521,128.0,128,0.19057722665667196,-8.979530693335377,3.9360419334049697,0.15763706352471007,125.77984456281419,0.03586245892144701,1,0.9705875203248081,0.333911710842922,4.156225745794408,1.656421833951854,4.187059593307685,3272.0778262615204,ok
refine,pps/refine/L128_z0.350_lam0.2479/real008.json,0.32961042414572533,9b617fad03ded5737e9f1bf1610ffeb2a50a0996,128,0.2479,0.35,8,0.2479,0.7521,128.0,128,0.19057722665667196,-8.979209520936596,3.650588105000797,0.2548687877535391,125.69123836799368,0.035368284399952765,1,0.8752181563946945,0.2037465285295977,2.789620666306737,0.9672887114675275,3.1191427068948423,3315.5256762504578,ok
refine,pps/refine/L128_z0.350_lam0.2479/real009.json,0.32961042414572533,9b617fad03ded5737e9f1bf1610ffeb2a50a0996,128,0.2479,0.35,9,0.2479,0.7521,128.0,128,0.19057722665667196,-8.96198852442982,3.7628396482945656,0.2793428006929805,126.20486037397086,0.035391927983896516,1,1.3091771954816784,0.3575125860901725,5.420186744871234,1.773904782613895,4.065675192222323,3303.236849308014,ok
refine,pps/refine/L128_z0.350_lam0.2479/real010.json,0.32961042414572533,9b617fad03ded5737e9f1bf1610ffeb2a50a0996,128,0.2479,0.35,10,0.2479,0.7521,128.0,128,0.19057722665667196,-8.976459077802115,3.6171624856912397,0.36758337793182155,125.85808558561352,0.034904615049587556,1,0.729916700123773,0.26711597703885137,2.623320147526301,1.4284954490810473,3.404241489078978,3285.038021802902,ok
refine,pps/refine/L128_z0.350_lam0.2479/real011.json,0.32961042414572533,9b617fad03ded5737e9f1bf1610ffeb2a50a0996,128,0.2479,0.35,11,0.2479,0.7521,128.0,128,0.19057722665667196,-8.995490226259536,3.8398447827565927,0.3947618210950778,125.74860713629357,0.03612940425552227,1,1.173115069548031,0.24527875475816363,4.632506895756022,1.2635847414734886,3.919355666385716,3322.059213399887,ok
refine,pps/refine/L128_z0.350_lam0.2588/real000.json,0.34916351861845646,9b617fad03ded5737e9f1bf1610ffeb2a50a0996,128,0.2588,0.35,0,0.2588,0.7412000000000001,128.0,128,0.18255059694045203,-9.266736343933763,3.7101278323068243,0.23712171467127258,126.16655228278505,0.03672151766013531,1,1.2490802979116669,0.2277912189650805,5.08186306912628,1.5468073973685403,3.9996964850873478,3415.757849931717,ok
refine,pps/refine/L128_z0.350_lam0.2588/real001.json,0.34916351861845646,9b617fad03ded5737e9f1bf1610ffeb2a50a0996,128,0.2588,0.35,1,0.2588,0.7412000000000001,128.0,128,0.18255059694045203,-9.12626401628499,3.3935576665528626,0.2997344880697936,126.13576984454055,0.035765826429017315,1,0.6885848488487241,0.26914067233928074,2.297887515121298,1.24390856338371,3.1780149403921842,3278.8848843574524,ok
refine,pps/refine/L128_z0.350_lam0.2588/real002.json,0.34916351861845646,9b617fad03ded5737e9f1bf1610ffeb2a50a0996,128,0.2588,0.35,2,0.2588,0.7412000000000001,128.0,128,0.18255059694045203,-8.970587630951623,2.932214435097702,0.31620734497549163,125.6919782528243,0.03453087918847211,1,0.6589289551959185,0.2013863906870592,1.8252389264802615,0.7818048949045766,2.682582702130218,3313.046361684799,ok
refine,pps/refine/L128_z0.350_lam0.2588/real003.json,0.34916351861845646,9b617fad03ded5737e9f1bf1610ffeb2a50a0996,128,0.2588,0.35,3,0.2588,0.7412000000000001,128.0,128,0.18255059694045203,-9.121907213088374,3.508922094454092,0.48455124397369514,125.980949870693,0.03611137025426151,1,0.43696206655012326,0.1647131592850792,1.1802716497017447,0.5409025461844041,2.665257977664452,3296.3854200839996,ok
refine,pps/refine/L128_z0.350_lam0.2588/real004.json,0.34916351861845646,9b617fad03ded5737e9f1bf1610ffeb2a50a0996,128,0.2588,0.35,4,0.2588,0.7412000000000001,128.0,128,0.18255059694045203,-9.134932270846035,3.425307152536942,0.4621779219848826,125.40459574766783,0.0365925956982898,1,0.6674130466807778,0.30331319207374774,1.8447391127449522,1.2516687063548466,2.5808711359336867,3386.7478606700897,ok
refine,pps/refine/L128_z0.350_lam0.2588/real005.json,0.34916351861845646,9b617fad03ded5737e9f1bf1610ffeb2a50a0996,128,0.2588,0.35,5,0.2588,0.7412000000000001,128.0,128,0.18255059694045203,-9.08700162390407,3.5674003693653,0.47168100536127555,125.9204998225731,0.03586378080168764,1,0.7394050419645803,0.1650464457162341,2.198518177591423,0.7742080205773302,2.922687993821809,3288.577893972397,ok
refine,pps/refine/L128_z0.350_lam0.2588/real006.json,0.34916351861845646,9b617fad03ded5737e9f1bf1610ffeb2a50a0996,128,0.2588,0.35,6,0.2588,0.7412000000000001,128.0,128,0.18255059694045203,-9.082150478801102,3.4004724807461724,0.47827353200870415,124.79640132093968,0.03528096038206236,1,0.6906006054688584,0.1881200756742562,2.1662385547610747,0.7905753011280469,3.0700662067433724,3348.2021667957306,ok
refine,pps/refine/L128_z0.350_lam0.2588/real007.json,0.34916351861845646,9b617fad03ded5737e9f1bf1610ffeb2a50a0996,128,0.2588,0.35,7,0.2588,0.7412000000000001,128.0,128,0.18255059694045203,-9.148176250263198,3.2692467961391216,0.21583422297859797,126.05053702439828,0.03596227275582768,1,0.45434532168048836,0.13262006565488288,1.5044291184217726,0.5225580070048723,3.287274921303131,3388.48269367218,ok
refine,pps/refine/L128_z0.350_lam0.2588/real008.json,0.34916351861845646,9b617fad03ded5737e9f1bf1610ffeb2a50a0996,128,0.2588,0.35,8,0.2588,0.7412000000000001,128.0,128,0.18255059694045203,-9.133957626640607,3.2509680173427222,0.2516647923594784,124.66096752385012,0.03612447504148532,1,0.46299838548723565,0.13980049289432295,1.1691845845329751,0.5787469029393326,2.42600865252271,3318.4238312244415,ok
refine,pps/refine/L128_z0.350_lam0.2588/real009.json,0.34916351861845646,9b617fad03ded5737e9f1bf1610ffeb2a50a0996,128,0.2588,0.35,9,0.2588,0.7412000000000001,128.0,128,0.18255059694045203,-9.0857351532459,3.176356049010929,0.513036547639288,126.25430421951269,0.03641622731014969,1,0.792732810627613,0.17413962359673765,3.0516364740382924,0.853552268814879,3.8171315090509,3278.096969127655,ok
refine,pps/refine/L128_z0.350_lam0.2588/real010.json,0.34916351861845646,9b617fad03ded5737e9f1bf1610ffeb2a50a0996,128,0.2588,0.35,10,0.2588,0.7412000000000001,128.0,128,0.18255059694045203,-9.105480590507558,3.478590544321698,0.4692561502041746,125.31819818857673,0.03612249857793774,1,1.1781739205703359,0.24493498262828006,4.494457455071654,0.9315975539768852,3.859298909046501,3346.7271609306335,ok
refine,pps/refine/L128_z0.350_lam0.2588/real011.json,0.34916351861845646,9b617fad03ded5737e9f1bf1610ffeb2a50a0996,128,0.2588,0.35,11,0.2588,0.7412000000000001,128.0,128,0.18255059694045203,-9.009734906813247,3.2448254151046423,0.2792908453224375,126.12998790232032,0.035939673725278364,1,0.9577987606019281,0.42740367062487583,3.953837291630354,2.2363505952990925,3.883698491599346,3314.1640129089355,ok
refine,pps/refine/L128_z0.350_lam0.2701/real000.json,0.3700506918755994,9b617fad03ded5737e9f1bf1610ffeb2a50a0996,128,0.2701,0.35,0,0.2701,0.7299,128.0,128,0.17491334501365782,-9.490055709284208,3.3255488682681063,0.38569762552128023,126.11789242454003,0.03758996049633288,1,0.7948580067761387,0.23562603137590693,2.698278897566294,1.0273680416051225,3.330658998611584,3480.197711467743,ok
refine,pps/refine/L128_z0.350_lam0.2701/real001.json,0.3700506918755994,9b617fad03ded5737e9f1bf1610ffeb2a50a0996,128,0.2701,0.35,1,0.2701,0.7299,128.0,128,0.17491334501365782,-9.276027896487614,3.1398700657103396,0.42444780765406037,125.02202960942843,0.037173957178910644,1,0.5410228563011253,0.19645828418956526,1.4818360282256955,0.8414821477229502,2.6402467795292304,3414.4424197673798,ok
refine,pps/refine/L128_z0.350_lam0.2701/real002.json,0.3700506918755994,9b617fad03ded5737e9f1bf1610ffeb2a50a0996,128,0.2701,0.35,2,0.2701,0.7299,128.0,128,0.17491334501365782,-9.404818759936662,3.266273817318288,0.48540793586758235,124.93705137136264,0.03743711348564368,1,0.9883788938568803,0.21045607234801816,2.9870164507799193,0.9615623541288171,2.968658998998836,3438.92755818367,ok
refine,pps/refine/L128_z0.350_lam0.2701/real003.json,0.3700506918755994,9b617fad03ded5737e9f1bf1610ffeb2a50a0996,128,0.2701,0.35,3,0.2701,0.7299,128.0,128,0.17491334501365782,-9.226506135072075,3.1085993849160447,0.22121688375771165,125.23396818257007,0.03654199492347365,1,0.5131137898883368,0.16747266503742606,1.4944579214137146,0.6327374125917027,2.852139889973645,3371.489239692688,ok
refine,pps/refine/L128_z0.350_lam0.2701/real004.json,0.3700506918755994,9b617fad03ded5737e9f1bf1610ffeb2a50a0996,128,0.2701,0.35,4,0.2701,0.7299,128.0,128,0.17491334501365782,-9.308333242630075,2.9331289853884357,0.3362422355754037,126.00086323856624,0.03608108874358908,1,0.6479812981181297,0.1561842185608488,2.1350524118593515,0.6822904074028237,3.248894523847887,3375.8333642482758,ok
refine,pps/refine/L128_z0.350_lam0.2701/real005.json,0.3700506918755994,9b617fad03ded5737e9f1bf1610ffeb2a50a0996,128,0.2701,0.35,5,0.2701,0.7299,128.0,128,0.17491334501365782,-9.1739938133378,2.798975522737109,0.276481707782653,125.71329755345714,0.03590272622824403,1,0.5328968643940404,0.13769995326753762,1.455956880200503,0.5947129706454982,2.651026520361908,3471.013042449951,ok
refine,pps/refine/L128_z0.350_lam0.2701/real006.json,0.3700506918755994,9b617fad03ded5737e9f1bf1610ffeb2a50a0996,128,0.2701,0.35,6,0.2701,0.7299,128.0,128,0.17491334501365782,-9.22108803123804,2.964914929669918,0.28393266795071503,125.43708984174648,0.036881989852671264,1,0.33309339309650676,0.09534390575029572,0.9551352568230964,0.3412744546879291,2.831660285100897,3437.0976309776306,ok
refine,pps/refine/L128_z0.350_lam0.2701/real007.json,0.3700506918755994,9b617fad03ded5737e9f1bf1610ffeb2a50a0996,128,0.2701,0.35,7,0.2701,0.7299,128.0,128,0.17491334501365782,-9.339948974358972,3.124676946100101,0.34060933129593135,125.72000748442514,0.036549828467631,1,0.22318354941434976,0.09957648060752515,0.5899258037794042,0.34338572723988464,2.5587427330502575,3436.3016080856323,ok
refine,pps/refine/L128_z0.350_lam0.2701/real008.json,0.3700506918755994,9b617fad03ded5737e9f1bf1610ffeb2a50a0996,128,0.2701,0.35,8,0.2701,0.7299,128.0,128,0.17491334501365782,-9.327149384539979,3.1217417146269812,0.32996417669834166,125.3308307928975,0.03713155093080645,1,0.5458725512426337,0.2812082998076683,1.668314763655104,1.1135856588407584,2.8564082362243366,3511.0560410022736,ok
refine,pps/refine/L128_z0.350_lam0.2701/real009.json,0.3700506918755994,9b617fad03ded5737e9f1bf1610ffeb2a50a0996,128,0.2701,0.35,9,0.2701,0.7299,128.0,128,0.17491334501365782,-9.324537113767656,3.072005722387218,0.380061667674464,125.3717623564671,0.03726682699776122,1,0.4576280063784502,0.16299547661055375,1.4160376401595212,0.5953366248879725,3.0186034523666563,3397.2443153858185,ok
refine,pps/refine/L128_z0.350_lam0.2701/real010.json,0.3700506918755994,9b617fad03ded5737e9f1bf1610ffeb2a50a0996,128,0.2701,0.35,10,0.2701,0.7299,128.0,128,0.17491334501365782,-9.396571315475185,3.0737446825559824,0.2441265992100844,125.44307039719764,0.036999574223248614,1,0.9354709253308809,0.2832094906136519,2.8544474772533706,1.2054042826514608,2.9856733782165397,3389.1699483394623,ok
refine,pps/refine/L128_z0.350_lam0.2701/real011.json,0.3700506918755994,9b617fad03ded5737e9f1bf1610ffeb2a50a0996,128,0.2701,0.35,11,0.2701,0.7299,128.0,128,0.17491334501365782,-9.280992219440437,3.09656687343426,0.33601173148109753,125.51816136239388,0.036906658767766054,1,0.6124122832408883,0.2087807241152933,1.746112792785225,0.7133751362313915,2.7952259902178396,3429.7861456871033,ok
refine,pps/refine/L128_z0.350_lam0.2810/real000.json,0.3908205841446454,9b617fad03ded5737e9f1bf1610ffeb2a50a0996,128,0.281,0.35,0,0.281,0.719,128.0,128,0.1681284501359038,-9.507330264022098,3.0712223081004955,0.3342565482038611,125.61377428952753,0.03802327433822171,1,0.5319810663850684,0.12651400256766723,1.6428773768132205,0.5202295846644653,3.041008653050799,3469.301193714142,ok
refine,pps/refine/L128_z0.350_lam0.2810/real001.json,0.3908205841446454,9b617fad03ded5737e9f1bf1610ffeb2a50a0996,128,0.281,0.35,1,0.281,0.719,128.0,128,0.1681284501359038,-9.438514725107062,2.6648564596787403,0.40776997926818465,125.41681127411981,0.03805414995759929,1,0.3885297764794645,0.14688134695623417,1.0084525859887683,0.652804698195668,2.439893862492373,3509.9715836048126,ok
refine,pps/refine/L128_z0.350_lam0.2810/real002.json,0.3908205841446454,9b617fad03ded5737e9f1bf1610ffeb2a50a0996,128,0.281,0.35,2,0.281,0.719,128.0,128,0.1681284501359038,-9.379444197872361,2.7737528788561394,0.36870745442718184,125.37008935348915,0.036532963625009324,1,0.575787277486026,0.16230979301206852,1.6142711374137182,0.5871639519640444,2.7610972796706093,3389.484226465225,ok
refine,pps/refine/L128_z0.350_lam0.2810/real003.json,0.3908205841446454,9b617fad03ded5737e9f1bf1610ffeb2a50a0996,128,0.281,0.35,3,0.281,0.719,128.0,128,0.1681284501359038,-9.580189768421787,2.963432356465582,0.402012585604214,125.50410222245804,0.03748017559142768,1,0.4210647909753425,0.14230598182048587,1.2349709507621953,0.5617848981454976,2.853455721211062,3534.317932844162,ok
refine,pps/refine/L128_z0.350_lam0.2810/real004.json,0.3908205841446454,9b617fad03ded5737e9f1bf1610ffeb2a50a0996,128,0.281,0.35,4,0.281,0.719,128.0,128,0.1681284501359038,-9.446010175386453,2.6848305241181984,0.3854770616685649,125.60302078800161,0.03710541227446862,1,0.7067143914659457,0.23147163625902176,2.3462263854117773,0.9395906379704646,3.2488336870871115,3488.7492864131927,ok
refine,pps/refine/L128_z0.350_lam0.2810/real005.json,0.3908205841446454,9b617fad03ded5737e9f1bf1610ffeb2a50a0996,128,0.281,0.35,5,0.281,0.719,128.0,128,0.1681284501359038,-9.609996527937989,2.7311033266215365,0.3569085065851701,125.83704812859152,0.037493111124892356,1,0.7679573932676417,0.21710058668280233,2.4590825088288355,0.9539929703331667,3.1460855078953234,3465.4466733932495,ok
refine,pps/refine/L128_z0.350_lam0.2810/real006.json,0.3908205841446454,9b617fad03ded5737e9f1bf1610ffeb2a50a0996,128,0.281,0.35,6,0.281,0.719,128.0,128,0.1681284501359038,-9.515183040639485,2.9043888384031136,0.3045617461444375,125.34562272760616,0.03704806312146242,1,0.37824092766823747,0.1607767478177703,0.9469462032533269,0.5246077265341207,2.443907401556302,3488.346127510071,ok
refine,pps/refine/L128_z0.350_lam0.2810/real007.json,0.3908205841446454,9b617fad03ded5737e9f1bf1610ffeb2a50a0996,128,0.281,0.35,7,0.281,0.719,128.0,128,0.1681284501359038,-9.538291557098832,2.876339040186258,0.23320437210122616,125.74088480566311,0.03790419021880823,1,0.6684628450234988,0.1914823969253928,1.878117495821812,0.8478559962565521,2.7498114682191575,3449.4046800136566,ok
refine,pps/refine/L128_z0.350_lam0.2810/real008.json,0.3908205841446454,9b617fad03ded5737e9f1bf1610ffeb2a50a0996,128,0.281,0.35,8,0.281,0.719,128.0,128,0.1681284501359038,-9.559736379058156,2.72829845842557,0.3787605281635586,125.50859691398058,0.038096907936333205,1,0.5167368093879279,0.15940968092520622,1.4132817695845732,0.5942126312518545,2.65044463253764,3551.925318479538,ok
refine,pps/refine/L128_z0.350_lam0.2810/real009.json,0.3908205841446454,9b617fad03ded5737e9f1bf1610ffeb2a50a0996,128,0.281,0.35,9,0.281,0.719,128.0,128,0.1681284501359038,-9.386156145930464,2.648506096467168,0.2840510919054512,125.88464659824125,0.03713919275145704,1,0.33507399963315415,0.1005391249005743,0.8242758873442165,0.36934925661313994,2.372137056628957,3479.403608083725,ok
refine,pps/refine/L128_z0.350_lam0.2810/real010.json,0.3908205841446454,9b617fad03ded5737e9f1bf1610ffeb2a50a0996,128,0.281,0.35,10,0.281,0.719,128.0,128,0.1681284501359038,-9.233428209583911,2.561204591899017,0.2387381956109577,125.56955561278342,0.0363097168962059,1,0.6415371646335394,0.27217467235946335,1.9289742178180875,1.08058443410077,2.9095361252754945,3467.142838716507,ok
refine,pps/refine/L128_z0.350_lam0.2810/real011.json,0.3908205841446454,9b617fad03ded5737e9f1bf1610ffeb2a50a0996,128,0.281,0.35,11,0.281,0.719,128.0,128,0.1681284501359038,-9.504881060182662,2.767366825856452,0.3386201810822825,124.77569508830761,0.037591680181074,1,0.7210606848410781,0.2142413413268662,2.285880389405907,0.9146601232402124,3.1144112816717318,3529.745614528656,ok
refine,pps/refine/L128_z0.350_lam0.2923/real000.json,0.4130281192595733,9b617fad03ded5737e9f1bf1610ffeb2a50a0996,128,0.2923,0.35,0,0.2923,0.7077,128.0,128,0.16162878716451923,-9.690776843174234,2.8475848569003595,0.18370854171059564,125.86235279626796,0.03818235934262387,1,0.4065816134202973,0.1885451218554948,1.1676841493436063,0.6555623001307379,2.802581649482132,3566.6231598854065,ok
refine,pps/refine/L128_z0.350_lam0.2923/real001.json,0.4130281192595733,9b617fad03ded5737e9f1bf1610ffeb2a50a0996,128,0.2923,0.35,1,0.2923,0.7077,128.0,128,0.16162878716451923,-9.62007448204727,2.6735687842919633,0.23503486788540368,125.26836681947468,0.03808689162399898,1,0.49143439995309934,0.12335492341011009,1.2440064027984543,0.4517328633057328,2.4921962052334603,3625.498121738434,ok
refine,pps/refine/L128_z0.350_lam0.2923/real002.json,0.4130281192595733,9b617fad03ded5737e9f1bf1610ffeb2a50a0996,128,0.2923,0.35,2,0.2923,0.7077,128.0,128,0.16162878716451923,-9.728361433105754,2.5656880696085342,0.409208527548233,124.89184234851658,0.03850781379346763,1,0.6048225484032448,0.21332699182594592,1.5148401501762607,0.802196192122297,2.404339739432352,3609.708752155304,ok
refine,pps/refine/L128_z0.350_lam0.2923/real003.json,0.4130281192595733,9b617fad03ded5737e9f1bf1610ffeb2a50a0996,128,0.2923,0.35,3,0.2923,0.7077,128.0,128,0.16162878716451923,-9.605278869279726,2.427914566041483,0.23834195733691949,125.31240437325724,0.03805925700982449,1,0.4490853337963124,0.107751214425896,0.9562314825460995,0.3442330452901443,2.1095765447495456,3576.615562438965,ok
refine,pps/refine/L128_z0.350_lam0.2923/real004.json,0.4130281192595733,9b617fad03ded5737e9f1bf1610ffeb2a50a0996,128,0.2923,0.35,4,0.2923,0.7077,128.0,128,0.16162878716451923,-9.706029478775237,2.816759080644606,0.2546192732126488,126.05802807328602,0.03868585547019357,1,0.5615438126182877,0.16010969072196368,1.86491953780545,0.6191433329841666,3.341048878295723,3617.1790840625763,ok
refine,pps/refine/L128_z0.350_lam0.2923/real005.json,0.4130281192595733,9b617fad03ded5737e9f1bf1610ffeb2a50a0996,128,0.2923,0.35,5,0.2923,0.7077,128.0,128,0.16162878716451923,-9.509073597652582,2.235433057943621,0.17180208357534524,125.0659424042506,0.0366485029649829,1,0.31601612197706475,0.12709998590048105,0.7811447815585753,0.3938730067829821,2.4115295656837263,3564.552685022354,ok
refine,pps/refine/L128_z0.350_lam0.2923/real006.json,0.4130281192595733,9b617fad03ded5737e9f1bf1610ffeb2a50a0996,128,0.2923,0.35,6,0.2923,0.7077,128.0,128,0.16162878716451923,-9.679311759528765,2.4749349505306584,0.22726167410700965,124.72403081184396,0.038008548731366804,1,0.1352490046357686,0.04694476925572633,0.2807064494402335,0.13475882511968765,2.002664404479908,3658.506694316864,ok
refine,pps/refine/L128_z0.350_lam0.2923/real007.json,0.4130281192595733,9b617fad03ded5737e9f1bf1610ffeb2a50a0996,128,0.2923,0.35,7,0.2923,0.7077,128.0,128,0.16162878716451923,-9.610508319813317,2.9046185278655527,0.24110183062568039,125.4355197887976,0.03768596040348024,1,0.5183619045039317,0.19386664634024853,1.4971611432424723,0.6801478471920872,2.8438712166292683,3587.978132009506,ok
refine,pps/refine/L128_z0.350_lam0.2923/real008.json,0.4130281192595733,9b617fad03ded5737e9f1bf1610ffeb2a50a0996,128,0.2923,0.35,8,0.2923,0.7077,128.0,128,0.16162878716451923,-9.515428079144721,2.468072072557559,0.3212805383457119,124.94422177573259,0.03773731527685568,1,0.6562302615446042,0.18411487037060606,1.860398003512227,0.5896929967149424,2.830875085984563,3497.312005519867,ok
refine,pps/refine/L128_z0.350_lam0.2923/real009.json,0.4130281192595733,9b617fad03ded5737e9f1bf1610ffeb2a50a0996,128,0.2923,0.35,9,0.2923,0.7077,128.0,128,0.16162878716451923,-9.647354401039022,2.5681410974037195,0.2358770561962536,125.3131111599003,0.037826111769891105,1,0.45466082703738653,0.14952910354170473,1.1356105556556817,0.592032670262957,2.4034426287407156,3512.3271346092224,ok
refine,pps/refine/L128_z0.350_lam0.2923/real010.json,0.4130281192595733,9b617fad03ded5737e9f1bf1610ffeb2a50a0996,128,0.2923,0.35,10,0.2923,0.7077,128.0,128,0.16162878716451923,-9.567763231756194,2.5224152346486464,0.22621993284238798,125.32845948764131,0.03802920983399852,1,0.4108980521537229,0.20027562749458772,1.0498658244777301,0.7610500876196941,2.3385284640738515,3559.999296426773,ok
refine,pps/refine/L128_z0.350_lam0.2923/real011.json,0.4130281192595733,9b617fad03ded5737e9f1bf1610ffeb2a50a0996,128,0.2923,0.35,11,0.2923,0.7077,128.0,128,0.16162878716451923,-9.746916581947934,2.8723084039207927,0.249219101188158,125.80093476910395,0.038927435422408195,1,0.6259688065416674,0.1707446993969232,1.8528164432846772,0.6797007791929607,2.9116438551199,3517.0512166023254,ok
refine,pps/refine/L128_z0.350_lam0.3032/real000.json,0.43513203214695756,9b617fad03ded5737e9f1bf1610ffeb2a50a0996,128,0.3032,0.35,0,0.3032,0.6968,128.0,128,0.15581825358901374,-9.708830117046995,2.339315413119612,0.30339517127912635,125.2484356134829,0.038351674096717574,1,0.26825999282898283,0.12235847687084092,0.5675258191581318,0.2926238424115845,2.076931449982279,3618.6689479351044,ok
refine,pps/refine/L128_z0.350_lam0.3032/real001.json,0.43513203214695756,9b617fad03ded5737e9f1bf1610ffeb2a50a0996,128,0.3032,0.35,1,0.3032,0.6968,128.0,128,0.15581825358901374,-9.771464207241626,2.311560771186063,0.1544387774188976,125.2744547181904,0.038088505204347166,1,0.5789487755601985,0.16056058164768147,1.279994540405439,0.6125549228413318,2.1335721213394025,3634.3744761943817,ok
refine,pps/refine/L128_z0.350_lam0.3032/real002.json,0.43513203214695756,9b617fad03ded5737e9f1bf1610ffeb2a50a0996,128,0.3032,0.35,2,0.3032,0.6968,128.0,128,0.15581825358901374,-9.730935985390433,2.4874149397195158,0.19913310197474343,125.66553035515176,0.03763947632314574,1,0.30029865483936047,0.17077362059779422,0.775253790802005,0.5475184517159953,2.446137433714239,3664.8068237304688,ok
refine,pps/refine/L128_z0.350_lam0.3032/real003.json,0.43513203214695756,9b617fad03ded5737e9f1bf1610ffeb2a50a0996,128,0.3032,0.35,3,0.3032,0.6968,128.0,128,0.15581825358901374,-9.883107223830539,2.6257782627401687,0.42724592978610504,126.01476111924988,0.038322558493758124,1,0.5050085760662821,0.14076295836751548,1.5965204167077454,0.5946625186287309,3.1308879195106627,3626.395998239517,ok
refine,pps/refine/L128_z0.350_lam0.3032/real004.json,0.43513203214695756,9b617fad03ded5737e9f1bf1610ffeb2a50a0996,128,0.3032,0.35,4,0.3032,0.6968,128.0,128,0.15581825358901374,-9.89789212546857,2.6422599589241837,0.3122061899513891,125.27912477465328,0.03955701622320524,1,0.3145550787645095,0.14626815936323437,0.708861962043095,0.41675048535243614,2.1802962207567274,3697.8091979026794,ok
refine,pps/refine/L128_z0.350_lam0.3032/real005.json,0.43513203214695756,9b617fad03ded5737e9f1bf1610ffeb2a50a0996,128,0.3032,0.35,5,0.3032,0.6968,128.0,128,0.15581825358901374,-9.887305281156014,2.841874149107918,0.3160067958819748,124.92888058418187,0.03840299182047088,1,0.3201022348673877,0.14585701519661873,0.8819911123186099,0.4649275931564914,2.692413210073921,3596.983102083206,ok
refine,pps/refine/L128_z0.350_lam0.3032/real006.json,0.43513203214695756,9b617fad03ded5737e9f1bf1610ffeb2a50a0996,128,0.3032,0.35,6,0.3032,0.6968,128.0,128,0.15581825358901374,-9.811622109820531,2.393472769192095,0.30867030704335857,125.55757556093285,0.03832189689418026,1,0.41406068759333164,0.1170418397428977,0.966310995322839,0.38219025809681234,2.283917637165086,3614.589372396469,ok
refine,pps/refine/L128_z0.350_lam0.3032/real007.json,0.43513203214695756,9b617fad03ded5737e9f1bf1610ffeb2a50a0996,128,0.3032,0.35,7,0.3032,0.6968,128.0,128,0.15581825358901374,-9.860785869714633,2.6840176975063312,0.3149790966368083,125.51952172459805,0.0388968192417867,1,1.361684945120281,0.4879433191395967,4.363906311973501,1.8355704507712745,3.1233290547107977,3639.7801280021667,ok
refine,pps/refine/L128_z0.350_lam0.3032/real008.json,0.43513203214695756,9b617fad03ded5737e9f1bf1610ffeb2a50a0996,128,0.3032,0.35,8,0.3032,0.6968,128.0,128,0.15581825358901374,-9.55578658371811,2.289508034255388,0.2513474879787919,125.47544027209881,0.037750039725221035,1,0.09245469470096618,0.0811556344510489,0.23622105262753768,0.21966049394775702,2.420449854821303,3545.7682836055756,ok
refine,pps/refine/L128_z0.350_lam0.3032/real009.json,0.43513203214695756,9b617fad03ded5737e9f1bf1610ffeb2a50a0996,128,0.3032,0.35,9,0.3032,0.6968,128.0,128,0.15581825358901374,-9.712429252884707,2.4464903048486337,0.27157479728941447,125.9170219020885,0.038351642032369494,1,0.22985847570626333,0.11386661247716444,0.6102163293329969,0.3655706334519094,2.525152202284808,3642.935753583908,ok
refine,pps/refine/L128_z0.350_lam0.3032/real010.json,0.43513203214695756,9b617fad03ded5737e9f1bf1610ffeb2a50a0996,128,0.3032,0.35,10,0.3032,0.6968,128.0,128,0.15581825358901374,-9.685758397746888,2.425824215084705,0.19731659797774043,125.82490891838759,0.03811234929411636,1,0.2890887586797114,0.12882062887727383,0.6753797749463487,0.4253694526061874,2.249489614487711,3536.5310230255127,ok
refine,pps/refine/L128_z0.350_lam0.3032/real011.json,0.43513203214695756,9b617fad03ded5737e9f1bf1610ffeb2a50a0996,128,0.3032,0.35,11,0.3032,0.6968,128.0,128,0.15581825358901374,-9.861769202870724,2.58269337722202,0.25312960491722347,125.61796851684565,0.038748913578697246,1,0.1734106249669359,0.06899412383763043,0.39329107623588544,0.19853723543895863,2.2000361773069423,3609.756808280945,ok
refine,pps/refine/L128_z0.350_lam0.3144/real000.json,0.45857642940490084,9b617fad03ded5737e9f1bf1610ffeb2a50a0996,128,0.3144,0.35,0,0.3144,0.6856,128.0,128,0.1502674761074713,-9.96352308294567,2.2889206707767995,0.3209482030795406,124.94569991985513,0.03928692159389747,1,0.7543054101889994,0.24519618732415266,1.7767518126559847,0.722879892177652,2.29882400122798,3720.358973503113,ok
refine,pps/refine/L128_z0.350_lam0.3144/real001.json,0.45857642940490084,9b617fad03ded5737e9f1bf1610ffeb2a50a0996,128,0.3144,0.35,1,0.3144,0.6856,128.0,128,0.1502674761074713,-9.812251157691906,2.4287183125919705,0.32396324774221646,125.47591274283515,0.03803897802476097,1,0.11805289848701415,0.07812868038024415,0.23114234615890533,0.1627049924092704,1.9129712504540564,3761.2923250198364,ok
refine,pps/refine/L128_z0.350_lam0.3144/real002.json,0.45857642940490084,9b617fad03ded5737e9f1bf1610ffeb2a50a0996,128,0.3144,0.35,2,0.3144,0.6856,128.0,128,0.1502674761074713,-9.78698937174669,2.1237024608221606,0.21095661056027817,124.95417035673766,0.03904455405444133,1,0.14314161112806864,0.1123535339210391,0.2805703982826471,0.2746790303244596,1.8034295221040018,3669.7021610736847,ok
refine,pps/refine/L128_z0.350_lam0.3144/real003.json,0.45857642940490084,9b617fad03ded5737e9f1bf1610ffeb2a50a0996,128,0.3144,0.35,3,0.3144,0.6856,128.0,128,0.1502674761074713,-9.837193187518274,2.3339565217054856,0.36875752010090523,125.10071518146849,0.03887322496306019,1,0.17965923672774492,0.08268314808782053,0.36170799189025804,0.22890469285378862,1.965331463594549,3679.3139967918396,ok
refine,pps/refine/L128_z0.350_lam0.3144/real004.json,0.45857642940490084,9b617fad03ded5737e9f1bf1610ffeb2a50a0996,128,0.3144,0.35,4,0.3144,0.6856,128.0,128,0.1502674761074713,-9.857293910007538,2.2592491512168302,0.21814917862151378,125.8020717172765,0.039137071667660964,1,0.12563260374608673,0.09177750162479169,0.24740670423764805,0.17371775408358828,1.987209297174988,3748.21604013443,ok
refine,pps/refine/L128_z0.350_lam0.3144/real005.json,0.45857642940490084,9b617fad03ded5737e9f1bf1610ffeb2a50a0996,128,0.3144,0.35,5,0.3144,0.6856,128.0,128,0.1502674761074713,-9.971361572905138,2.3666822547081603,0.39752707855468233,125.28222306460898,0.03921054435704789,1,0.5277598886306929,0.14092220630160476,1.5478045090518786,0.5282716111114046,2.881660207111745,3737.980568885803,ok
refine,pps/refine/L128_z0.350_lam0.3144/real006.json,0.45857642940490084,9b617fad03ded5737e9f1bf1610ffeb2a50a0996,128,0.3144,0.35,6,0.3144,0.6856,128.0,128,0.1502674761074713,-9.783020987853607,2.2985943015316157,0.22262832580243283,125.46311574665472,0.03870703002598112,1,0.3616094481913124,0.19133246758144237,0.8557752261207952,0.5491710836552611,2.2516447664602888,3693.916518688202,ok
refine,pps/refine/L128_z0.350_lam0.3144/real007.json,0.45857642940490084,9b617fad03ded5737e9f1bf1610ffeb2a50a0996,128,0.3144,0.35,7,0.3144,0.6856,128.0,128,0.1502674761074713,-9.98888412347284,2.367961963205831,0.17049954667122447,125.23414061471814,0.03995286641884777,1,0.16078204311357316,0.06784851630759324,0.40762898118620355,0.1868567372312656,2.5021213165395113,3733.786447763443,ok
refine,pps/refine/L128_z0.350_lam0.3144/real008.json,0.45857642940490084,9b617fad03ded5737e9f1bf1610ffeb2a50a0996,128,0.3144,0.35,8,0.3144,0.6856,128.0,128,0.1502674761074713,-9.91518777161988,2.255917876913137,0.24000134435150078,124.9388567439702,0.03819327778428011,1,0.23861435087265492,0.09794766658069137,0.5606450730840905,0.2884109912038932,2.3162934863317726,3746.6861107349396,ok
refine,pps/refine/L128_z0.350_lam0.3144/real009.json,0.45857642940490084,9b617fad03ded5737e9f1bf1610ffeb2a50a0996,128,0.3144,0.35,9,0.3144,0.6856,128.0,128,0.1502674761074713,-9.882359229927662,2.3663151861980483,0.2439216666609412,125.97042878025117,0.03886100601687215,1,0.4412983923729671,0.20604910428593545,1.1139090922091328,0.7287071608338463,2.373010023500905,3685.5705041885376,ok
refine,pps/refine/L128_z0.350_lam0.3144/real010.json,0.45857642940490084,9b617fad03ded5737e9f1bf1610ffeb2a50a0996,128,0.3144,0.35,10,0.3144,0.6856,128.0,128,0.1502674761074713,-9.713220346910237,2.2869285553545025,0.3068357580175859,124.93753446967047,0.03857437509003977,1,0.22644397977594216,0.09996449373016972,0.48485648514016966,0.3209861437385757,2.0295080947148394,3719.158313512802,ok
refine,pps/refine/L128_z0.350_lam0.3144/real011.json,0.45857642940490084,9b617fad03ded5737e9f1bf1610ffeb2a50a0996,128,0.3144,0.35,11,0.3144,0.6856,128.0,128,0.1502674761074713,-9.768342260380168,2.2534278004933976,0.19601372485156748,125.70593000459498,0.03778450903353269,1,0.22433367474880408,0.11931037944816303,0.5663100838214908,0.3457057940294727,2.52423945655003,3646.846421957016,ok
refine,pps/refine/L128_z0.350_lam0.3254/real000.json,0.4823599169878447,9b617fad03ded5737e9f1bf1610ffeb2a50a0996,128,0.3254,0.35,0,0.3254,0.6746,128.0,128,0.14518775196124453,-9.852885909598239,2.1978531958891665,0.27728112376222913,125.85677461783976,0.038561472705360846,1,0.2436155344540939,0.10865332099270476,0.49302380123363554,0.3620704036745466,1.9145009951749603,3741.1290650367737,ok
refine,pps/refine/L128_z0.350_lam0.3254/real001.json,0.4823599169878447,9b617fad03ded5737e9f1bf1610ffeb2a50a0996,128,0.3254,0.35,1,0.3254,0.6746,128.0,128,0.14518775196124453,-9.994887012756719,2.0965759294436412,0.1706580060763622,124.75282111473811,0.03881680026457002,1,0.4822480911077185,0.17423954814965192,0.8840847356107909,0.3664292891365665,1.8344672024033635,3835.4425671100616,ok
refine,pps/refine/L128_z0.350_lam0.3254/real002.json,0.4823599169878447,9b617fad03ded5737e9f1bf1610ffeb2a50a0996,128,0.3254,0.35,2,0.3254,0.6746,128.0,128,0.14518775196124453,-9.783790270548433,1.9892605113254673,0.12766010751564638,125.21699099935789,0.03797729206213932,1,0.28484944924519373,0.1574065212758557,0.6449007280867576,0.4170663182337212,2.115210448745854,3674.601557970047,ok
refine,pps/refine/L128_z0.350_lam0.3254/real003.json,0.4823599169878447,9b617fad03ded5737e9f1bf1610ffeb2a50a0996,128,0.3254,0.35,3,0.3254,0.6746,128.0,128,0.14518775196124453,-9.909604240590763,2.2105097614279066,0.30009107389384454,125.04626750826623,0.03880576659082772,1,0.3135386594338207,0.19246226280956005,0.6550187271373031,0.46843695945101943,2.00411651528493,3751.6204454898834,ok
refine,pps/refine/L128_z0.350_lam0.3254/real004.json,0.4823599169878447,9b617fad03ded5737e9f1bf1610ffeb2a50a0996,128,0.3254,0.35,4,0.3254,0.6746,128.0,128,0.14518775196124453,-9.84589962229654,2.0947270714454285,0.24600142194587143,125.76347786905086,0.03858348279528599,1,0.33965179062358847,0.14793323529009236,0.7165359547964947,0.42534527854601123,2.07151202906275,3669.7132391929626,ok
refine,pps/refine/L128_z0.350_lam0.3254/real005.json,0.4823599169878447,9b617fad03ded5737e9f1bf1610ffeb2a50a0996,128,0.3254,0.35,5,0.3254,0.6746,128.0,128,0.14518775196124453,-10.009555982718979,2.1900600405565442,0.22398797999972414,125.19859348591841,0.03929474394490367,1,0.06678386567750191,0.06623884840895497,0.13932505629891045,0.16252747757706948,1.913843123991503,3786.614857673645,ok
refine,pps/refine/L128_z0.350_lam0.3254/real006.json,0.4823599169878447,9b617fad03ded5737e9f1bf1610ffeb2a50a0996,128,0.3254,0.35,6,0.3254,0.6746,128.0,128,0.14518775196124453,-9.979208346594906,2.324793847639736,0.21011122587887282,126.09854491819902,0.03931210868358815,1,0.9954134831826236,0.3280542183264573,2.6136462206780395,0.9879169105768786,2.597973855677368,3795.7392892837524,ok
refine,pps/refine/L128_z0.350_lam0.3254/real007.json,0.4823599169878447,9b617fad03ded5737e9f1bf1610ffeb2a50a0996,128,0.3254,0.35,7,0.3254,0.6746,128.0,128,0.14518775196124453,-9.814931904199176,2.090573230656812,0.1918061937401277,125.75110048488665,0.037652120552468776,1,0.09947955619818047,0.04664971439926871,0.1966434573878523,0.10377237698193914,1.9679596698959916,3658.3814017772675,ok
refine,pps/refine/L128_z0.350_lam0.3254/real008.json,0.4823599169878447,9b617fad03ded5737e9f1bf1610ffeb2a50a0996,128,0.3254,0.35,8,0.3254,0.6746,128.0,128,0.14518775196124453,-10.054712171933982,2.222261216087827,0.22359290363754886,125.3447085097665,0.03937384453570237,1,0.5835785232082589,0.19417764273640348,1.4323325116519334,0.5703420282914247,2.4152933780126915,3838.52471780777,ok
refine,pps/refine/L128_z0.350_lam0.3254/real009.json,0.4823599169878447,9b617fad03ded5737e9f1bf1610ffeb2a50a0996,128,0.3254,0.35,9,0.3254,0.6746,128.0,128,0.14518775196124453,-9.960898200430968,2.170146938525672,0.22020901549769353,125.2031232295343,0.03902008059180777,1,0.1937536166667474,0.07991982370873847,0.3736594409382692,0.17636989812920167,1.916819034539981,3675.0787391662598,ok
refine,pps/refine/L128_z0.350_lam0.3254/real010.json,0.4823599169878447,9b617fad03ded5737e9f1bf1610ffeb2a50a0996,128,0.3254,0.35,10,0.3254,0.6746,128.0,128,0.14518775196124453,-10.065113234769006,2.4285250818420736,0.17618464346846932,125.49913106829872,0.04013054895432381,1,0.20519489820114148,0.15910161675155965,0.4472842059357178,0.33484353980979037,2.2154150188603574,3847.5613882541656,ok
refine,pps/refine/L128_z0.350_lam0.3254/real011.json,0.4823599169878447,9b617fad03ded5737e9f1bf1610ffeb2a50a0996,128,0.3254,0.35,11,0.3254,0.6746,128.0,128,0.14518775196124453,-10.049413278368233,2.113082042840033,0.22171710656620056,125.49118392720412,0.039443012973829975,1,0.16545744792285833,0.09623735074871463,0.3469861023472257,0.2427054080002907,1.9995839932678572,3894.4635787010193,ok
refine,pps/refine/L128_z0.350_lam0.3366/real000.json,0.5073861923424782,9b617fad03ded5737e9f1bf1610ffeb2a50a0996,128,0.3366,0.35,0,0.3366,0.6634,128.0,128,0.14035678695243306,-10.027071381610975,1.9807249392096813,0.15063789829717034,124.26735367011122,0.0392008398930265,1,0.04325452747956854,0.050665539839003036,0.08967675905590704,0.14480306426720652,1.7988496653854569,3842.8379004001617,ok
refine,pps/refine/L128_z0.350_lam0.3366/real001.json,0.5073861923424782,9b617fad03ded5737e9f1bf1610ffeb2a50a0996,128,0.3366,0.35,1,0.3366,0.6634,128.0,128,0.14035678695243306,-10.089395019837427,2.1646805546941454,0.16990869575791678,124.93062175645728,0.03950870913734565,1,0.17202860256645086,0.12128235172063107,0.364658401063729,0.3033747103180212,1.9693341883008224,3851.602213859558,ok
refine,pps/refine/L128_z0.350_lam0.3366/real002.json,0.5073861923424782,9b617fad03ded5737e9f1bf1610ffeb2a50a0996,128,0.3366,0.35,2,0.3366,0.6634,128.0,128,0.14035678695243306,-10.091750385002905,2.1367244254228095,0.2185661474572678,125.85855405281445,0.04008595053698906,1,0.30519265833847053,0.18419102638600077,0.6779144265844588,0.3938502314004976,2.295112491331604,3856.2763681411743,ok
refine,pps/refine/L128_z0.350_lam0.3366/real003.json,0.5073861923424782,9b617fad03ded5737e9f1bf1610ffeb2a50a0996,128,0.3366,0.35,3,0.3366,0.6634,128.0,128,0.14035678695243306,-10.121087559640365,2.04513927393496,0.25518393441601206,124.6069493594453,0.03875304444370891,1,0.060623090795831176,0.03813497453039262,0.10281858992152551,0.07203129945877805,1.656640847449793,3863.2556636333466,ok
refine,pps/refine/L128_z0.350_lam0.3366/real004.json,0.5073861923424782,9b617fad03ded5737e9f1bf1610ffeb2a50a0996,128,0.3366,0.35,4,0.3366,0.6634,128.0,128,0.14035678695243306,-9.905414256964066,1.9954893603490376,0.1883645417567825,124.96131490341976,0.03772424180427139,1,0.1545557748584631,0.10283172555381849,0.3431857142683419,0.25772117910772147,2.1327054816105893,3796.035923242569,ok
refine,pps/refine/L128_z0.350_lam0.3366/real005.json,0.5073861923424782,9b617fad03ded5737e9f1bf1610ffeb2a50a0996,128,0.3366,0.35,5,0.3366,0.6634,128.0,128,0.14035678695243306,-10.096465055296454,2.152966088527438,0.17326228207498584,125.18309083962961,0.03960708403528338,1,0.07746554934729855,0.05866721266264488,0.19382754091890947,0.1706720849123586,2.5035130096874934,3838.1423783302307,ok
refine,pps/refine/L128_z0.350_lam0.3366/real006.json,0.5073861923424782,9b617fad03ded5737e9f1bf1610ffeb2a50a0996,128,0.3366,0.35,6,0.3366,0.6634,128.0,128,0.14035678695243306,-10.189764670513048,2.1369713863012616,0.26228992867867784,125.18112265847472,0.040105864988746874,1,0.19603498108892323,0.12254419724765278,0.3938360982419745,0.30016607786458643,1.902164744855256,3918.8984122276306,ok
refine,pps/refine/L128_z0.350_lam0.3366/real007.json,0.5073861923424782,9b617fad03ded5737e9f1bf1610ffeb2a50a0996,128,0.3366,0.35,7,0.3366,0.6634,128.0,128,0.14035678695243306,-10.272615984855888,2.159074745383126,0.20482618838049932,125.45366179666476,0.04022187949070121,1,0.19025754816876342,0.12971746714647295,0.5143099042909294,0.41704534185202313,2.48059086447748,3894.5548238754272,ok
refine,pps/refine/L128_z0.350_lam0.3366/real008.json,0.5073861923424782,9b617fad03ded5737e9f1bf1610ffeb2a50a0996,128,0.3366,0.35,8,0.3366,0.6634,128.0,128,0.14035678695243306,-10.0488826799215,1.9594506338906448,0.1454716005597699,124.15787554264143,0.038634201209837314,1,0.1620846009858913,0.08212160821012691,0.3175186389187131,0.1877160902720852,1.9219956722190532,3814.886561155319,ok
refine,pps/refine/L128_z0.350_lam0.3366/real009.json,0.5073861923424782,9b617fad03ded5737e9f1bf1610ffeb2a50a0996,128,0.3366,0.35,9,0.3366,0.6634,128.0,128,0.14035678695243306,-10.023762078687383,2.008794696016053,0.13200912661950226,124.82457269820071,0.03925157149990528,1,0.05879654248013934,0.059678803484968936,0.11625075921715325,0.11256766435349205,1.943096456977248,3827.990877389908,ok
refine,pps/refine/L128_z0.350_lam0.3366/real010.json,0.5073861923424782,9b617fad03ded5737e9f1bf1610ffeb2a50a0996,128,0.3366,0.35,10,0.3366,0.6634,128.0,128,0.14035678695243306,-10.009393762030534,1.9719416858094714,0.22991006363986807,125.86039849757194,0.039285554682421564,1,0.030486720759050664,0.01691237011738761,0.06433083712327703,0.046194772488521246,2.009271842788401,3883.290087223053,ok
refine,pps/refine/L128_z0.350_lam0.3366/real011.json,0.5073861923424782,9b617fad03ded5737e9f1bf1610ffeb2a50a0996,128,0.3366,0.35,11,0.3366,0.6634,128.0,128,0.14035678695243306,-9.841078107010269,2.069072138262677,0.22892338726528288,124.76665551999767,0.0380483948802724,1,0.12371574497692844,0.05630922072548146,0.2339918323067345,0.13360799065259008,1.8152383629286009,3728.4161183834076,ok
refine,pps/refine/L128_z0.350_lam0.3476/real000.json,0.5328019619865114,9b617fad03ded5737e9f1bf1610ffeb2a50a0996,128,0.3476,0.35,0,0.3476,0.6524,128.0,128,0.1359151164792548,-9.98169705248208,1.8361875607539617,0.1267338978461735,124.85406304708569,0.03877838236192511,1,0.08783820891099614,0.05568371592666183,0.196800984137936,0.15459279884286914,2.0799308094773856,3847.9972846508026,ok
refine,pps/refine/L128_z0.350_lam0.3476/real001.json,0.5328019619865114,9b617fad03ded5737e9f1bf1610ffeb2a50a0996,128,0.3476,0.35,1,0.3476,0.6524,128.0,128,0.1359151164792548,-10.05322377923438,1.9087169339008783,0.22299287314261523,125.72497984541876,0.038769108142703415,1,0.010316649712763429,0.006591251152473285,0.018370489385046932,0.014015382944532417,1.6914659292808887,3793.482541322708,ok
refine,pps/refine/L128_z0.350_lam0.3476/real002.json,0.5328019619865114,9b617fad03ded5737e9f1bf1610ffeb2a50a0996,128,0.3476,0.35,2,0.3476,0.6524,128.0,128,0.1359151164792548,-10.085211391518106,1.8965027838197448,0.14483984537659877,125.52557539510876,0.039655277899172336,1,0.04847571498924089,0.0767251514721125,0.10463776160706212,0.21484454807116193,1.7481752372096666,3837.576026201248,ok
refine,pps/refine/L128_z0.350_lam0.3476/real003.json,0.5328019619865114,9b617fad03ded5737e9f1bf1610ffeb2a50a0996,128,0.3476,0.35,3,0.3476,0.6524,128.0,128,0.1359151164792548,-10.133516593599433,2.203174290173174,0.1813701133120575,125.08034571279272,0.03986474092916613,1,0.07333532337444405,0.04090099780248711,0.14788672495152033,0.10721755619114318,1.9019399204224894,3893.586136817932,ok
refine,pps/refine/L128_z0.350_lam0.3476/real004.json,0.5328019619865114,9b617fad03ded5737e9f1bf1610ffeb2a50a0996,128,0.3476,0.35,4,0.3476,0.6524,128.0,128,0.1359151164792548,-10.315130260207408,1.9938565102113004,0.19730350486232426,125.0587575764698,0.039882999489402514,1,0.1305514009739607,0.06930218162850707,0.25870517304018115,0.16584557975746883,1.922995447134829,3937.083102941513,ok
refine,pps/refine/L128_z0.350_lam0.3476/real005.json,0.5328019619865114,9b617fad03ded5737e9f1bf1610ffeb2a50a0996,128,0.3476,0.35,5,0.3476,0.6524,128.0,128,0.1359151164792548,-9.927113726040938,1.854468895863095,0.16758708808254505,125.35743801482501,0.03880640169449886,1,0.041939174186537795,0.02723980983296875,0.10788546603097919,0.08286101031899343,2.4652475073870797,3777.6877863407135,ok
refine,pps/refine/L128_z0.350_lam0.3476/real006.json,0.5328019619865114,9b617fad03ded5737e9f1bf1610ffeb2a50a0996,128,0.3476,0.35,6,0.3476,0.6524,128.0,128,0.1359151164792548,-9.921365627349017,1.9480947579674712,0.18627297570900053,125.47696235337249,0.03878636322385235,1,0.4880510991601053,0.1644861464368496,0.8430987442541942,0.2984560475151151,1.7427431785442202,3848.6667227745056,ok
refine,pps/refine/L128_z0.350_lam0.3476/real007.json,0.5328019619865114,9b617fad03ded5737e9f1bf1610ffeb2a50a0996,128,0.3476,0.35,7,0.3476,0.6524,128.0,128,0.1359151164792548,-9.90188485303749,1.9007910140772266,0.18109743168466144,125.28214181540453,0.0383053236471342,1,0.04092459748466343,0.02342670157149245,0.07158073099511053,0.04308501779311926,1.733053932754291,3790.100206375122,ok
refine,pps/refine/L128_z0.350_lam0.3476/real008.json,0.5328019619865114,9b617fad03ded5737e9f1bf1610ffeb2a50a0996,128,0.3476,0.35,8,0.3476,0.6524,128.0,128,0.1359151164792548,-10.116265067959384,2.0513186978741653,0.24370893129653598,125.323932182828,0.03987502797815053,1,0.14321864630891068,0.08489461978476463,0.2937721565716381,0.22257711131978922,1.9390763639004098,3834.3896560668945,ok
refine,pps/refine/L128_z0.350_lam0.3476/real009.json,0.5328019619865114,9b617fad03ded5737e9f1bf1610ffeb2a50a0996,128,0.3476,0.35,9,0.3476,0.6524,128.0,128,0.1359151164792548,-10.140475483098731,2.0586243927305974,0.23778486429089588,125.9106244126985,0.04008762470393693,1,0.3008874728295317,0.2662345896587423,0.7614196621660361,0.7603140345661965,2.238883295143857,3863.31809926033,ok
refine,pps/refine/L128_z0.350_lam0.3476/real010.json,0.5328019619865114,9b617fad03ded5737e9f1bf1610ffeb2a50a0996,128,0.3476,0.35,10,0.3476,0.6524,128.0,128,0.1359151164792548,-9.802451298288362,1.8310994124841944,0.19030468331846254,125.46258074220209,0.03805436480554262,1,0.14048657393677919,0.07578343542622583,0.2433349298652519,0.17845804218115024,1.6666305162506105,3780.112394809723,ok
refine,pps/refine/L128_z0.350_lam0.3476/real011.json,0.5328019619865114,9b617fad03ded5737e9f1bf1610ffeb2a50a0996,128,0.3476,0.35,11,0.3476,0.6524,128.0,128,0.1359151164792548,-10.065728134815657,1.949848060753479,0.21813926644948634,124.02690017838312,0.038766878125234286,1,0.0691321756503053,0.04488072731774424,0.12899237178237086,0.09152450006663114,1.833662358126141,3812.8092770576477,ok
refine,pps/refine/L128_z0.350_lam0.3588/real000.json,0.5595757953836556,9b617fad03ded5737e9f1bf1610ffeb2a50a0996,128,0.3588,0.35,0,0.3588,0.6412,128.0,128,0.1316725041476839,-10.153551596163702,1.9393959179960851,0.18713046153019014,124.76376834187013,0.039169029878661915,1,0.03823237694781281,0.025175306625164342,0.0672705497556883,0.052517271012990425,1.686948615567646,3904.351162672043,ok
refine,pps/refine/L128_z0.350_lam0.3588/real001.json,0.5595757953836556,9b617fad03ded5737e9f1bf1610ffeb2a50a0996,128,0.3588,0.35,1,0.3588,0.6412,128.0,128,0.1316725041476839,-9.966552323819549,1.8573902948251486,0.16333173600161577,124.51178665230272,0.03889741915926896,1,0.035134233510938175,0.03066441180149841,0.07442605636712638,0.0764319591278243,1.9761542713128106,3834.701054096222,ok
refine,pps/refine/L128_z0.350_lam0.3588/real002.json,0.5595757953836556,9b617fad03ded5737e9f1bf1610ffeb2a50a0996,128,0.3588,0.35,2,0.3588,0.6412,128.0,128,0.1316725041476839,-10.125724282651712,1.869343810971719,0.15807371401877476,125.95573477828891,0.03905423845474367,1,0.06684059914926893,0.05544929884627082,0.11703772693897313,0.09739506276761994,1.7341634078298467,3886.8486902713776,ok
refine,pps/refine/L128_z0.350_lam0.3588/real003.json,0.5595757953836556,9b617fad03ded5737e9f1bf1610ffeb2a50a0996,128,0.3588,0.35,3,0.3588,0.6412,128.0,128,0.1316725041476839,-9.991571145152953,1.804892789350455,0.16051975925934803,125.07619168299831,0.03798326824229523,1,0.038364869379550234,0.036075461410584875,0.07005178589823478,0.09440760350292533,1.6790114778534684,3869.000928878784,ok
refine,pps/refine/L128_z0.350_lam0.3588/real004.json,0.5595757953836556,9b617fad03ded5737e9f1bf1610ffeb2a50a0996,128,0.3588,0.35,4,0.3588,0.6412,128.0,128,0.1316725041476839,-10.118498971674928,1.8755826106695992,0.16390512239644242,125.67138668844733,0.04016832405741798,1,0.14916621868211039,0.10352764567337781,0.2855391042788853,0.23573377208756757,1.824093877522005,3913.7156336307526,ok
refine,pps/refine/L128_z0.350_lam0.3588/real005.json,0.5595757953836556,9b617fad03ded5737e9f1bf1610ffeb2a50a0996,128,0.3588,0.35,5,0.3588,0.6412,128.0,128,0.1316725041476839,-10.116328790372695,1.8712216758399118,0.19337808946070417,125.06554144733292,0.03962760341289567,1,0.18802180904659477,0.1707475834336273,0.42788139462522085,0.45875636075955606,1.965779618222275,3875.861596107483,ok
refine,pps/refine/L128_z0.350_lam0.3588/real006.json,0.5595757953836556,9b617fad03ded5737e9f1bf1610ffeb2a50a0996,128,0.3588,0.35,6,0.3588,0.6412,128.0,128,0.1316725041476839,-10.011033720696895,1.896227669269793,0.20366995253464737,124.76607262854928,0.039465769129198844,1,0.14690783658817502,0.10118018112277526,0.31594878966170686,0.25627693493041426,2.0970374107217378,3855.643534898758,ok
refine,pps/refine/L128_z0.350_lam0.3588/real007.json,0.5595757953836556,9b617fad03ded5737e9f1bf1610ffeb2a50a0996,128,0.3588,0.35,7,0.3588,0.6412,128.0,128,0.1316725041476839,-10.127527663744802,1.8506495421643927,0.16155266939765936,124.57340962478885,0.039968566843263505,1,0.05696600577322883,0.05401412056897423,0.1114317850206393,0.14043666222262832,1.7394066201667706,3896.7911143302917,ok
refine,pps/refine/L128_z0.350_lam0.3588/real008.json,0.5595757953836556,9b617fad03ded5737e9f1bf1610ffeb2a50a0996,128,0.3588,0.35,8,0.3588,0.6412,128.0,128,0.1316725041476839,-10.303123845148573,1.938934160800175,0.16235865546496797,125.30448173236864,0.04046039043722823,1,0.05900690812197128,0.04978957120797154,0.10502300821820443,0.1069825857556137,1.6887918548063825,3929.1879630088806,ok
refine,pps/refine/L128_z0.350_lam0.3588/real009.json,0.5595757953836556,9b617fad03ded5737e9f1bf1610ffeb2a50a0996,128,0.3588,0.35,9,0.3588,0.6412,128.0,128,0.1316725041476839,-10.010806371395558,1.8800319591105554,0.14459297824213654,124.49031821003538,0.03952926505069599,1,0.2056515178921287,0.11845551328181865,0.3742551728392561,0.2501097973125919,1.782028938418843,3852.6547405719757,ok
refine,pps/refine/L128_z0.350_lam0.3588/real010.json,0.5595757953836556,9b617fad03ded5737e9f1bf1610ffeb2a50a0996,128,0.3588,0.35,10,0.3588,0.6412,128.0,128,0.1316725041476839,-10.168835259902039,1.8381727479660481,0.1445049207898333,125.83157648863012,0.039005359524021455,1,0.048006349235087814,0.03888571528792961,0.09321811534088918,0.08434259509649501,1.853847266549127,3916.500194311142,ok
refine,pps/refine/L128_z0.350_lam0.3588/real011.json,0.5595757953836556,9b617fad03ded5737e9f1bf1610ffeb2a50a0996,128,0.3588,0.35,11,0.3588,0.6412,128.0,128,0.1316725041476839,-9.991803484336357,1.8556046059189146,0.14848931704665877,125.35027789477039,0.03863056018470586,1,0.05019067087654316,0.04435298407099745,0.09617685189069283,0.10244636275340425,1.8244722185013054,3896.150830745697,ok
refine,pps/refine/L128_z0.350_lam0.3698/real000.json,0.586797841954935,9b617fad03ded5737e9f1bf1610ffeb2a50a0996,128,0.3698,0.35,0,0.3698,0.6302,128.0,128,0.12775579904864515,-10.107746673553882,1.8568252916734926,0.14759119510090077,125.75185007645545,0.03979552805937746,1,0.07755174218009003,0.06583879720545346,0.1877054942599341,0.16551516964307117,2.348361384101947,3938.7129158973694,ok
refine,pps/refine/L128_z0.350_lam0.3698/real001.json,0.586797841954935,9b617fad03ded5737e9f1bf1610ffeb2a50a0996,128,0.3698,0.35,1,0.3698,0.6302,128.0,128,0.12775579904864515,-10.092476751534209,1.943239063745075,0.16305238492765492,124.44766536833068,0.03915020273299534,1,0.03756122212728783,0.03257724293714581,0.07701384730405157,0.07466567138863836,1.8938725864002528,4035.3280346393585,ok
refine,pps/refine/L128_z0.350_lam0.3698/real002.json,0.586797841954935,9b617fad03ded5737e9f1bf1610ffeb2a50a0996,128,0.3698,0.35,2,0.3698,0.6302,128.0,128,0.12775579904864515,-10.14798106140635,1.804367603311055,0.14359011221686627,125.3784319677372,0.03918970728207806,1,0.04791553714515337,0.040500920422243236,0.0810706896094738,0.06973841144039317,1.704941762545171,3932.010827064514,ok
refine,pps/refine/L128_z0.350_lam0.3698/real003.json,0.586797841954935,9b617fad03ded5737e9f1bf1610ffeb2a50a0996,128,0.3698,0.35,3,0.3698,0.6302,128.0,128,0.12775579904864515,-9.998790704760312,1.6965328137727873,0.10187214668669806,125.03593424782643,0.0390852104994205,1,0.059761475133737176,0.07294575207659364,0.11628129471460243,0.1859864938819764,1.7008186115547788,3910.2518298625946,ok
refine,pps/refine/L128_z0.350_lam0.3698/real004.json,0.586797841954935,9b617fad03ded5737e9f1bf1610ffeb2a50a0996,128,0.3698,0.35,4,0.3698,0.6302,128.0,128,0.12775579904864515,-9.953661293151079,1.8429221142954049,0.20260307913949477,125.12367068121766,0.03960268815062412,1,0.01820075234677519,0.016126577130438906,0.03356439109754919,0.034699817298993255,1.7876539286252793,3867.285672187805,ok
refine,pps/refine/L128_z0.350_lam0.3698/real005.json,0.586797841954935,9b617fad03ded5737e9f1bf1610ffeb2a50a0996,128,0.3698,0.35,5,0.3698,0.6302,128.0,128,0.12775579904864515,-10.137669705569019,1.8058167538880114,0.14997678290524993,125.43338024678022,0.040335136500535496,1,0.18236782234758456,0.18460431025064708,0.40219014566061995,0.4539138526059648,2.053620797355637,3924.1363763809204,ok
refine,pps/refine/L128_z0.350_lam0.3698/real006.json,0.586797841954935,9b617fad03ded5737e9f1bf1610ffeb2a50a0996,128,0.3698,0.35,6,0.3698,0.6302,128.0,128,0.12775579904864515,-10.019508735367772,1.7423808240364729,0.15347844056928578,124.92936443801356,0.03967547403822183,1,0.2874818327090417,0.15305771264150647,0.6310677559268008,0.38707561222448844,2.1280998697761895,3837.2043318748474,ok
refine,pps/refine/L128_z0.350_lam0.3698/real007.json,0.586797841954935,9b617fad03ded5737e9f1bf1610ffeb2a50a0996,128,0.3698,0.35,7,0.3698,0.6302,128.0,128,0.12775579904864515,-10.114283783801774,1.8123208309297703,0.13474730559325868,125.29858196373871,0.03865658869499678,1,0.018756118549481476,0.018981089056138312,0.03158838187803893,0.036688678604895865,1.5844704256916355,3882.7991335392,ok
refine,pps/refine/L128_z0.350_lam0.3698/real008.json,0.586797841954935,9b617fad03ded5737e9f1bf1610ffeb2a50a0996,128,0.3698,0.35,8,0.3698,0.6302,128.0,128,0.12775579904864515,-10.075277766937775,1.7297522417762436,0.11245735977610984,126.02151295760935,0.03873454500162101,1,0.03495255369557316,0.01602488645174736,0.0675856289092786,0.03824848353244866,1.8632223258736103,3871.4823343753815,ok
refine,pps/refine/L128_z0.350_lam0.3698/real009.json,0.586797841954935,9b617fad03ded5737e9f1bf1610ffeb2a50a0996,128,0.3698,0.35,9,0.3698,0.6302,128.0,128,0.12775579904864515,-10.112035620715021,1.8081633752784367,0.11203674364432469,124.54758613320453,0.03942854730846236,1,0.02589161538704216,0.049247228960436464,0.044604747758173524,0.0799768825287527,1.6474068508043613,3891.5551228523254,ok
refine,pps/refine/L128_z0.350_lam0.3698/real010.json,0.586797841954935,9b617fad03ded5737e9f1bf1610ffeb2a50a0996,128,0.3698,0.35,10,0.3698,0.6302,128.0,128,0.12775579904864515,-9.937966684738806,1.7321235295550126,0.13790595566382635,124.97363935406348,0.03783744702450635,1,0.09693809541503864,0.11328256802278928,0.16685003678530883,0.17996247092464812,1.7507812011450483,3938.7892141342163,ok
refine,pps/refine/L128_z0.350_lam0.3698/real011.json,0.586797841954935,9b617fad03ded5737e9f1bf1610ffeb2a50a0996,128,0.3698,0.35,11,0.3698,0.6302,128.0,128,0.12775579904864515,-10.068946888457432,1.7679849691340652,0.14012736450255853,125.28083809434766,0.03914181530694427,1,0.04443568359602995,0.051063354832060745,0.08520191378216949,0.0933080878227617,1.864026979205089,3899.132824897766,ok
refine,pps/refine/L64_z0.350_lam0.2366/real000.json,0.3099292638197538,9b617fad03ded5737e9f1bf1610ffeb2a50a0996,64,0.2366,0.35,0,0.2366,0.7634,64.0,128,0.40252787505534754,-4.31343561582207,3.0301879820138358,0.19842621777141076,123.81300369161669,0.03226689535106909,1,1.0952781828550298,0.3293580935126305,3.560009996358705,1.379798364032918,3.185422183975519,174.6536204814911,ok
refine,pps/refine/L64_z0.350_lam0.2366/real001.json,0.3099292638197538,9b617fad03ded5737e9f1bf1610ffeb2a50a0996,64,0.2366,0.35,1,0.2366,0.7634,64.0,128,0.40252787505534754,-4.43212271138338,3.292032840987209,0.3606304089799881,124.31414136912326,0.033470969043195756,1,0.7837232208990876,0.2606432508975114,2.2540140106790725,1.0839720439267169,2.7492007626718724,184.50884318351746,ok
refine,pps/refine/L64_z0.350_lam0.2366/real002.json,0.3099292638197538,9b617fad03ded5737e9f1bf1610ffeb2a50a0996,64,0.2366,0.35,2,0.2366,0.7634,64.0,128,0.40252787505534754,-4.21702896707071,2.873449308974172,0.2184550926593814,122.29581690963775,0.030994738388767682,1,0.8581871724645693,0.3275771159851007,2.2401376140156852,1.3077146890766862,2.5113703522849935,184.72454977035522,ok
refine,pps/refine/L64_z0.350_lam0.2366/real003.json,0.3099292638197538,9b617fad03ded5737e9f1bf1610ffeb2a50a0996,64,0.2366,0.35,3,0.2366,0.7634,64.0,128,0.40252787505534754,-4.265546904050674,2.73489699805724,0.24230073057736634,123.79574447759097,0.03299278623470336,1,0.7340954173790513,0.2916531974100235,2.083029986881552,1.2029463816203345,2.6672665424127455,183.88368582725525,ok
refine,pps/refine/L64_z0.350_lam0.2366/real004.json,0.3099292638197538,9b617fad03ded5737e9f1bf1610ffeb2a50a0996,64,0.2366,0.35,4,0.2366,0.7634,64.0,128,0.40252787505534754,-4.332093338730894,3.027537647868387,0.25143244376060225,122.84701877053509,0.032250146813083004,1,0.7666483109670303,0.27531135098200976,2.070312531474543,1.0840537279864797,2.6136458917783028,176.80650639533997,ok
refine,pps/refine/L64_z0.350_lam0.2366/real005.json,0.3099292638197538,9b617fad03ded5737e9f1bf1610ffeb2a50a0996,64,0.2366,0.35,5,0.2366,0.7634,64.0,128,0.40252787505534754,-4.407531373559067,3.2587220246878714,0.1310068012039703,124.51052991977312,0.03439231387496131,3,1.0677710594225296,0.3152502336589466,3.5039219473645757,1.5030887190422342,3.1825989986433387,189.11238312721252,ok
refine,pps/refine/L64_z0.350_lam0.2366/real006.json,0.3099292638197538,9b617fad03ded5737e9f1bf1610ffeb2a50a0996,64,0.2366,0.35,6,0.2366,0.7634,64.0,128,0.40252787505534754,-4.400490118472646,3.249291092351824,0.1706353223156738,123.56240605399059,0.03281061247211263,1,0.8854794561120705,0.32734125651399604,2.73525347019837,1.3697012993781914,2.9654525475998215,187.33668041229248,ok
refine,pps/refine/L64_z0.350_lam0.2366/real007.json,0.3099292638197538,9b617fad03ded5737e9f1bf1610ffeb2a50a0996,64,0.2366,0.35,7,0.2366,0.7634,64.0,128,0.40252787505534754,-4.306708818590839,2.9901830870777855,0.19383278466311044,122.53261889768704,0.032168719511425116,1,1.025512972460712,0.31343385932256723,3.2644958032723705,1.2683817116911262,3.1475864810790695,169.43385362625122,ok
refine,pps/refine/L64_z0.350_lam0.2366/real008.json,0.3099292638197538,9b617fad03ded5737e9f1bf1610ffeb2a50a0996,64,0.2366,0.35,8,0.2366,0.7634,64.0,128,0.40252787505534754,-4.303145832264411,2.915372718802706,0.18352893299869377,122.14408309568383,0.03351749766414349,1,0.9543451075474635,0.3463418461706911,2.894624216776135,1.3427169722932988,2.8938233273724503,181.7938289642334,ok
refine,pps/refine/L64_z0.350_lam0.2366/real009.json,0.3099292638197538,9b617fad03ded5737e9f1bf1610ffeb2a50a0996,64,0.2366,0.35,9,0.2366,0.7634,64.0,128,0.40252787505534754,-4.231260616556024,2.8108902398942077,0.38996918875026754,124.00076308986448,0.030721457935080052,1,0.6502796175819641,0.2532006015201278,1.641368401709515,0.9064762428193143,2.412681653441587,175.73039770126343,ok
refine,pps/refine/L64_z0.350_lam0.2366/real010.json,0.3099292638197538,9b617fad03ded5737e9f1bf1610ffeb2a50a0996,64,0.2366,0.35,10,0.2366,0.7634,64.0,128,0.40252787505534754,-4.2205971983999655,2.7103385045227393,0.15774146631902158,123.66778624500766,0.03110844665944765,1,0.8729990404944634,0.2687132205377721,2.704316001587429,1.071318386225282,3.0352994220253846,178.37299585342407,ok
refine,pps/refine/L64_z0.350_lam0.2366/real011.json,0.3099292638197538,9b617fad03ded5737e9f1bf1610ffeb2a50a0996,64,0.2366,0.35,11,0.2366,0.7634,64.0,128,0.40252787505534754,-4.335507635535205,3.1364909998658415,0.3270215214053752,123.91847988893745,0.033187130205845,1,1.1616104131764575,0.3649077108807763,4.088218147292908,1.652266046317839,3.4217740796352567,183.79749011993408,ok
refine,pps/refine/L64_z0.350_lam0.2479/real000.json,0.32961042414572533,9b617fad03ded5737e9f1bf1610ffeb2a50a0996,64,0.2479,0.35,0,0.2479,0.7521,64.0,128,0.38417948865710055,-4.443595431868199,2.8291951059415967,0.19301688046340734,122.64755555296901,0.03277116915936343,1,0.7198042905393073,0.20014954153468795,1.8868908363841412,0.85665157460065,2.5396284587191182,191.1329300403595,ok
refine,pps/refine/L64_z0.350_lam0.2479/real001.json,0.32961042414572533,9b617fad03ded5737e9f1bf1610ffeb2a50a0996,64,0.2479,0.35,1,0.2479,0.7521,64.0,128,0.38417948865710055,-4.418907763498057,2.761058622926905,0.16353912053968198,121.88957046109057,0.03276912516216053,1,1.0181576543110353,0.3619439559149365,3.2883275511139396,1.4726307348538186,3.156379478021365,184.82722282409668,ok
refine,pps/refine/L64_z0.350_lam0.2479/real002.json,0.32961042414572533,9b617fad03ded5737e9f1bf1610ffeb2a50a0996,64,0.2479,0.35,2,0.2479,0.7521,64.0,128,0.38417948865710055,-4.497316005220316,3.021883121193466,0.18509745721435253,122.75718227540875,0.034026030646590835,1,0.8951111862865823,0.3307310437157643,2.5820737928619035,1.4685021813247392,2.7008312883912895,199.02190566062927,ok
refine,pps/refine/L64_z0.350_lam0.2479/real003.json,0.32961042414572533,9b617fad03ded5737e9f1bf1610ffeb2a50a0996,64,0.2479,0.35,3,0.2479,0.7521,64.0,128,0.38417948865710055,-4.524083187894832,3.1550928647388634,0.13104536579334097,122.30040167203889,0.03430100172750731,2,1.0473094818767286,0.25867626644156383,3.3077589510064023,1.188894183210732,3.0984571555163765,207.79626560211182,ok
refine,pps/refine/L64_z0.350_lam0.2479/real004.json,0.32961042414572533,9b617fad03ded5737e9f1bf1610ffeb2a50a0996,64,0.2479,0.35,4,0.2479,0.7521,64.0,128,0.38417948865710055,-4.433288724398153,3.025303352741159,0.19394533035166506,123.10625923982747,0.034511653144943526,1,0.7950500477080595,0.22435363278909579,2.3978573217383037,1.0201818695606633,2.925484573789509,178.68864846229553,ok
refine,pps/refine/L64_z0.350_lam0.2479/real005.json,0.32961042414572533,9b617fad03ded5737e9f1bf1610ffeb2a50a0996,64,0.2479,0.35,5,0.2479,0.7521,64.0,128,0.38417948865710055,-4.41786605123804,2.799277256098787,0.20419938562377252,124.11230154820257,0.03257754625097014,1,0.8160511453801315,0.28057799336837813,2.442982954469189,1.1055358833860172,2.8671068380158404,188.7016522884369,ok
refine,pps/refine/L64_z0.350_lam0.2479/real006.json,0.32961042414572533,9b617fad03ded5737e9f1bf1610ffeb2a50a0996,64,0.2479,0.35,6,0.2479,0.7521,64.0,128,0.38417948865710055,-4.456723087814832,2.7521484634488202,0.2043421519171387,122.75084271610874,0.032265945707596146,1,0.5145478471459826,0.28198713778011153,1.3397615152765088,1.0333729168551884,2.379461625726211,185.47979164123535,ok
refine,pps/refine/L64_z0.350_lam0.2479/real007.json,0.32961042414572533,9b617fad03ded5737e9f1bf1610ffeb2a50a0996,64,0.2479,0.35,7,0.2479,0.7521,64.0,128,0.38417948865710055,-4.437507570065591,2.9634891295780315,0.1697986622691606,123.50664485815953,0.033384015183803815,1,0.7985268374384654,0.3398427791814361,2.258044717505122,1.3207939471918486,2.675344339878631,181.052827835083,ok
refine,pps/refine/L64_z0.350_lam0.2479/real008.json,0.32961042414572533,9b617fad03ded5737e9f1bf1610ffeb2a50a0996,64,0.2479,0.35,8,0.2479,0.7521,64.0,128,0.38417948865710055,-4.372246269469235,2.6533878879284836,0.23391112229359495,123.69800415373071,0.03274567671487259,1,0.5946579004783298,0.2534363756224035,1.4715141053228136,1.019758290191235,2.33418008125248,180.6429123878479,ok
refine,pps/refine/L64_z0.350_lam0.2479/real009.json,0.32961042414572533,9b617fad03ded5737e9f1bf1610ffeb2a50a0996,64,0.2479,0.35,9,0.2479,0.7521,64.0,128,0.38417948865710055,-4.3705852188660765,2.618633007947728,0.22495744795855652,122.33671475201739,0.0331755419270242,1,0.9318027506188239,0.2897541850993059,2.716208066027292,1.2211390415564365,2.822146947478207,184.43441724777222,ok
refine,pps/refine/L64_z0.350_lam0.2479/real010.json,0.32961042414572533,9b617fad03ded5737e9f1bf1610ffeb2a50a0996,64,0.2479,0.35,10,0.2479,0.7521,64.0,128,0.38417948865710055,-4.410243728012861,2.7635342284275217,0.2499254015682418,124.85224684856587,0.03186890076679399,1,0.8476408896694714,0.349192210327398,2.293266573967028,1.0841969167165322,2.656891751200335,180.04272747039795,ok
refine,pps/refine/L64_z0.350_lam0.2479/real011.json,0.32961042414572533,9b617fad03ded5737e9f1bf1610ffeb2a50a0996,64,0.2479,0.35,11,0.2479,0.7521,64.0,128,0.38417948865710055,-4.43412081139102,2.7646112280840907,0.12068530286750521,123.96581831480184,0.03296622567502555,1,0.7344477973283933,0.27690154103889114,2.15632006470502,1.1045299225945897,2.820706242725458,180.52765440940857,ok
refine,pps/refine/L64_z0.350_lam0.2588/real000.json,0.34916351861845646,9b617fad03ded5737e9f1bf1610ffeb2a50a0996,64,0.2588,0.35,0,0.2588,0.7412000000000001,64.0,128,0.36799882240376836,-4.647169491679605,2.853840235162302,0.09340034822060342,122.95149087439454,0.034184775128868916,2,1.049982143972373,0.4113074539982203,3.215135945022922,1.5471914252235965,2.96722989407657,193.1626696586609,ok
refine,pps/refine/L64_z0.350_lam0.2588/real001.json,0.34916351861845646,9b617fad03ded5737e9f1bf1610ffeb2a50a0996,64,0.2588,0.35,1,0.2588,0.7412000000000001,64.0,128,0.36799882240376836,-4.545100473665932,2.656457774496956,0.19506129395316418,123.42422788464786,0.033236167949348285,1,0.6989162180844283,0.22232745665060955,1.935080039710976,0.8741624074431992,2.680342335340624,181.3116159439087,ok
refine,pps/refine/L64_z0.350_lam0.2588/real002.json,0.34916351861845646,9b617fad03ded5737e9f1bf1610ffeb2a50a0996,64,0.2588,0.35,2,0.2588,0.7412000000000001,64.0,128,0.36799882240376836,-4.440883327768909,2.5106030251368523,0.23278782610478185,123.57803971288328,0.03319748652183721,1,0.9348415593060553,0.2960595482203621,2.8339651122018665,1.2641154292871537,2.9254211332879025,189.65319323539734,ok
refine,pps/refine/L64_z0.350_lam0.2588/real003.json,0.34916351861845646,9b617fad03ded5737e9f1bf1610ffeb2a50a0996,64,0.2588,0.35,3,0.2588,0.7412000000000001,64.0,128,0.36799882240376836,-4.593305808391494,2.8187318683708873,0.1272001699090951,122.96891194485767,0.03435207363917769,1,1.102368405890931,0.36043166405563426,3.226507928149559,1.3535709381956778,2.866012334975121,206.08087158203125,ok
refine,pps/refine/L64_z0.350_lam0.2588/real004.json,0.34916351861845646,9b617fad03ded5737e9f1bf1610ffeb2a50a0996,64,0.2588,0.35,4,0.2588,0.7412000000000001,64.0,128,0.36799882240376836,-4.600270494407657,2.8889156864140246,0.11086442878470136,123.72705921676642,0.03504765383307559,2,0.954261296971582,0.27775354778628925,2.849345028375615,1.1831915883923951,2.9094935408473517,191.44938278198242,ok
refine,pps/refine/L64_z0.350_lam0.2588/real005.json,0.34916351861845646,9b617fad03ded5737e9f1bf1610ffeb2a50a0996,64,0.2588,0.35,5,0.2588,0.7412000000000001,64.0,128,0.36799882240376836,-4.541965845255392,2.7848068183659294,0.2550525538201508,122.48238462226242,0.0334393306621845,1,0.6193534806234571,0.27622981344460906,1.656374549503211,1.156799218018243,2.471663294751581,182.65039110183716,ok
refine,pps/refine/L64_z0.350_lam0.2588/real006.json,0.34916351861845646,9b617fad03ded5737e9f1bf1610ffeb2a50a0996,64,0.2588,0.35,6,0.2588,0.7412000000000001,64.0,128,0.36799882240376836,-4.555517564368105,2.6800290184487805,0.21257569408348725,121.73967291995139,0.03341997093526657,1,0.7227341574722066,0.27265504818234826,1.7714096047320336,0.9677692671906519,2.3556729288224156,192.73341846466064,ok
refine,pps/refine/L64_z0.350_lam0.2588/real007.json,0.34916351861845646,9b617fad03ded5737e9f1bf1610ffeb2a50a0996,64,0.2588,0.35,7,0.2588,0.7412000000000001,64.0,128,0.36799882240376836,-4.610246338461879,2.752899300208471,0.09480206115358983,124.27242915314397,0.03438238755136093,1,0.9597607449913695,0.34825456802343147,2.8210053410892812,1.2662602548380326,2.8277129323523704,195.34510278701782,ok
refine,pps/refine/L64_z0.350_lam0.2588/real008.json,0.34916351861845646,9b617fad03ded5737e9f1bf1610ffeb2a50a0996,64,0.2588,0.35,8,0.2588,0.7412000000000001,64.0,128,0.36799882240376836,-4.500289728663432,2.494307187494734,0.22472877442207204,121.6187582592097,0.03357908177840647,1,0.5576020142862447,0.24548970684837917,1.4144445990456962,0.8199960130425575,2.414437603029819,195.3478343486786,ok
refine,pps/refine/L64_z0.350_lam0.2588/real009.json,0.34916351861845646,9b617fad03ded5737e9f1bf1610ffeb2a50a0996,64,0.2588,0.35,9,0.2588,0.7412000000000001,64.0,128,0.36799882240376836,-4.514373472324317,2.588589182731383,0.15727361511680985,124.00016942487434,0.03310153571103854,1,0.8179080066140826,0.37054446325701057,2.298366053679988,1.4407498879014626,2.670062139607486,183.4454801082611,ok
refine,pps/refine/L64_z0.350_lam0.2588/real010.json,0.34916351861845646,9b617fad03ded5737e9f1bf1610ffeb2a50a0996,64,0.2588,0.35,10,0.2588,0.7412000000000001,64.0,128,0.36799882240376836,-4.591347395700793,2.686111110817398,0.3478504670882261,121.52429479928041,0.034650257218225726,1,0.6520914462803009,0.3005865430928119,1.7865110392546444,1.074926041299548,2.5966695397380177,191.73252391815186,ok
refine,pps/refine/L64_z0.350_lam0.2588/real011.json,0.34916351861845646,9b617fad03ded5737e9f1bf1610ffeb2a50a0996,64,0.2588,0.35,11,0.2588,0.7412000000000001,64.0,128,0.36799882240376836,-4.554912678413981,2.728028264377621,0.20610330875294183,123.25110297164576,0.03395617709674962,1,0.6260303361433739,0.2391251128681716,1.533748084682089,0.9636167366479941,2.3331925786778003,185.73844528198242,ok
refine,pps/refine/L64_z0.350_lam0.2701/real000.json,0.3700506918755994,9b617fad03ded5737e9f1bf1610ffeb2a50a0996,64,0.2701,0.35,0,0.2701,0.7299,64.0,128,0.3526030923291197,-4.667642940760645,2.48691818400781,0.26335264099499167,121.3818097223141,0.03533767175201494,1,0.5896634583937722,0.23826252593137154,1.5482583397822007,0.9195895853125643,2.4795165283379195,198.78431487083435,ok
refine,pps/refine/L64_z0.350_lam0.2701/real001.json,0.3700506918755994,9b617fad03ded5737e9f1bf1610ffeb2a50a0996,64,0.2701,0.35,1,0.2701,0.7299,64.0,128,0.3526030923291197,-4.633333155985542,2.5409769686793044,0.17156166934950712,123.86990312863642,0.035224754803404645,1,0.4875198358411443,0.25628822942198787,1.2173216240756104,0.8074912955501665,2.3524340983064818,201.47133564949036,ok
refine,pps/refine/L64_z0.350_lam0.2701/real002.json,0.3700506918755994,9b617fad03ded5737e9f1bf1610ffeb2a50a0996,64,0.2701,0.35,2,0.2701,0.7299,64.0,128,0.3526030923291197,-4.658542655163618,2.490415982386173,0.23973674309457652,123.09314738227393,0.03536728154341721,1,0.656388846890043,0.23265635144096505,1.4903578155221575,0.7410541191696449,2.1941283145220076,188.2540261745453,ok
refine,pps/refine/L64_z0.350_lam0.2701/real003.json,0.3700506918755994,9b617fad03ded5737e9f1bf1610ffeb2a50a0996,64,0.2701,0.35,3,0.2701,0.7299,64.0,128,0.3526030923291197,-4.618926110444681,2.370042900136104,0.19618649395917725,123.06453684432246,0.033861107440596075,1,0.7494624526191696,0.2632934210745702,1.8649216709319139,0.9364860360076429,2.3950605451680924,186.21850562095642,ok
refine,pps/refine/L64_z0.350_lam0.2701/real004.json,0.3700506918755994,9b617fad03ded5737e9f1bf1610ffeb2a50a0996,64,0.2701,0.35,4,0.2701,0.7299,64.0,128,0.3526030923291197,-4.664263519780443,2.553427517696914,0.13346248238271546,124.31755695695222,0.03472146035710728,1,0.7441946190029722,0.2592491689595479,2.077383919207451,0.9716370496834316,2.690347078811199,190.61689519882202,ok
refine,pps/refine/L64_z0.350_lam0.2701/real005.json,0.3700506918755994,9b617fad03ded5737e9f1bf1610ffeb2a50a0996,64,0.2701,0.35,5,0.2701,0.7299,64.0,128,0.3526030923291197,-4.545550965740536,2.252259992254597,0.20724499934956614,122.19937143521263,0.032070217103888896,1,0.5618642066790525,0.20001024135738057,1.2447784312537231,0.5891802534153984,2.14829177376033,189.96303272247314,ok
refine,pps/refine/L64_z0.350_lam0.2701/real006.json,0.3700506918755994,9b617fad03ded5737e9f1bf1610ffeb2a50a0996,64,0.2701,0.35,6,0.2701,0.7299,64.0,128,0.3526030923291197,-4.5042365694555,2.3514672207431744,0.19189361656669693,123.48458133734697,0.03329710286702799,1,0.645514059426284,0.2628096323266735,1.7513585182248352,0.9288274199041748,2.601865417106694,184.85687398910522,ok
refine,pps/refine/L64_z0.350_lam0.2701/real007.json,0.3700506918755994,9b617fad03ded5737e9f1bf1610ffeb2a50a0996,64,0.2701,0.35,7,0.2701,0.7299,64.0,128,0.3526030923291197,-4.568569179444836,2.4121903092263715,0.13562915515415758,122.35567719661866,0.033183818406625896,1,0.6048614082748582,0.21831641209549954,1.5161101645760935,0.8067584684441739,2.3919050712600782,191.5781102180481,ok
refine,pps/refine/L64_z0.350_lam0.2701/real008.json,0.3700506918755994,9b617fad03ded5737e9f1bf1610ffeb2a50a0996,64,0.2701,0.35,8,0.2701,0.7299,64.0,128,0.3526030923291197,-4.677760269006141,2.5233179729172197,0.23144682001658923,123.19987694987684,0.03464180121203965,2,0.5927342935513835,0.28148176877571196,1.4976257539451785,0.9885582960351993,2.3656157291256106,198.18343305587769,ok
refine,pps/refine/L64_z0.350_lam0.2701/real009.json,0.3700506918755994,9b617fad03ded5737e9f1bf1610ffeb2a50a0996,64,0.2701,0.35,9,0.2701,0.7299,64.0,128,0.3526030923291197,-4.655250732016875,2.538215159962481,0.19095242923912742,122.98695032200419,0.034463712573135165,1,0.5948368331672037,0.2595083560351478,1.4339341533121754,0.8716216374188644,2.2902209424327182,186.84865260124207,ok
refine,pps/refine/L64_z0.350_lam0.2701/real010.json,0.3700506918755994,9b617fad03ded5737e9f1bf1610ffeb2a50a0996,64,0.2701,0.35,10,0.2701,0.7299,64.0,128,0.3526030923291197,-4.718653457217602,2.663116823422782,0.15908024077126082,122.05728321061218,0.035829261031071,1,0.7311752605616539,0.24094800284034373,1.9005860524199072,0.8973930471440283,2.5173124187943605,203.05662059783936,ok
refine,pps/refine/L64_z0.350_lam0.2701/real011.json,0.3700506918755994,9b617fad03ded5737e9f1bf1610ffeb2a50a0996,64,0.2701,0.35,11,0.2701,0.7299,64.0,128,0.3526030923291197,-4.562549951662825,2.303432798422267,0.11510029959934517,122.11707946372191,0.03356261954298217,1,0.5362366472196276,0.2560308221708795,1.2910372122896128,0.9046468295618549,2.2025394280694828,195.0452263355255,ok
refine,pps/refine/L64_z0.350_lam0.2810/real000.json,0.3908205841446454,9b617fad03ded5737e9f1bf1610ffeb2a50a0996,64,0.281,0.35,0,0.281,0.719,64.0,128,0.33892560582952036,-4.7295538033826965,2.41332905988736,0.20253542198886118,123.5480055455442,0.03549379786429765,1,0.5478440005817984,0.30022488500522576,1.3576527841305885,0.9475555496015116,2.309476423442044,193.98177218437195,ok
refine,pps/refine/L64_z0.350_lam0.2810/real001.json,0.3908205841446454,9b617fad03ded5737e9f1bf1610ffeb2a50a0996,64,0.281,0.35,1,0.281,0.719,64.0,128,0.33892560582952036,-4.633823787178458,2.235295038189481,0.1458238835262304,122.52785924416065,0.0349005568029576,1,0.43848175442937576,0.18545313431972696,0.9961257108676896,0.5925032501034807,2.169285377221775,198.69449877738953,ok
refine,pps/refine/L64_z0.350_lam0.2810/real002.json,0.3908205841446454,9b617fad03ded5737e9f1bf1610ffeb2a50a0996,64,0.281,0.35,2,0.281,0.719,64.0,128,0.33892560582952036,-4.69889907075944,2.3044948648156396,0.1151753740805915,121.48589432164292,0.03507310930094739,1,0.49612165250760054,0.1928148172299848,1.1953278292326808,0.6542474508238093,2.3165191007286285,192.92109441757202,ok
refine,pps/refine/L64_z0.350_lam0.2810/real003.json,0.3908205841446454,9b617fad03ded5737e9f1bf1610ffeb2a50a0996,64,0.281,0.35,3,0.281,0.719,64.0,128,0.33892560582952036,-4.72064163077929,2.305226205204181,0.24859778193156362,123.8939835924752,0.03430805313471127,1,0.4972542551788364,0.2174199104334671,1.1202165113059466,0.6544604491206865,2.144660544787696,199.63095617294312,ok
refine,pps/refine/L64_z0.350_lam0.2810/real004.json,0.3908205841446454,9b617fad03ded5737e9f1bf1610ffeb2a50a0996,64,0.281,0.35,4,0.281,0.719,64.0,128,0.33892560582952036,-4.644726037041471,2.2515664393962944,0.10835826794210336,121.26904216192223,0.034894768532429295,1,0.5321222721373153,0.23400744994841347,1.2902291148422236,0.7833482195622701,2.316173640270266,187.99197936058044,ok
refine,pps/refine/L64_z0.350_lam0.2810/real005.json,0.3908205841446454,9b617fad03ded5737e9f1bf1610ffeb2a50a0996,64,0.281,0.35,5,0.281,0.719,64.0,128,0.33892560582952036,-4.778221637107838,2.516240609074201,0.13562083728309687,124.01300737469549,0.0364080668867886,1,0.6373577447130585,0.2635070099028597,1.683651010911539,0.9134135056484567,2.5446117698957043,195.93643832206726,ok
refine,pps/refine/L64_z0.350_lam0.2810/real006.json,0.3908205841446454,9b617fad03ded5737e9f1bf1610ffeb2a50a0996,64,0.281,0.35,6,0.281,0.719,64.0,128,0.33892560582952036,-4.700831014045674,2.225293113849758,0.06098428444772525,122.5896327147962,0.03399864892392564,1,0.5434615570360966,0.2164741015974821,1.323657624523129,0.740923473940558,2.3300811272304838,209.7175736427307,ok
refine,pps/refine/L64_z0.350_lam0.2810/real007.json,0.3908205841446454,9b617fad03ded5737e9f1bf1610ffeb2a50a0996,64,0.281,0.35,7,0.281,0.719,64.0,128,0.33892560582952036,-4.633829886484195,2.339004176660863,0.1362348272457106,123.58249831340555,0.03470750762747307,1,0.4305466138122298,0.15347544955828823,1.0015181902823382,0.4963901350715527,2.257616867873894,199.0094187259674,ok
refine,pps/refine/L64_z0.350_lam0.2810/real008.json,0.3908205841446454,9b617fad03ded5737e9f1bf1610ffeb2a50a0996,64,0.281,0.35,8,0.281,0.719,64.0,128,0.33892560582952036,-4.599965389101587,2.151576667357614,0.1730748511171494,123.12807714845383,0.034314666302383674,1,0.40421298089768787,0.19171468416139892,0.9271787031976478,0.6057041140747671,2.1795327519757466,193.99851202964783,ok
refine,pps/refine/L64_z0.350_lam0.2810/real009.json,0.3908205841446454,9b617fad03ded5737e9f1bf1610ffeb2a50a0996,64,0.281,0.35,9,0.281,0.719,64.0,128,0.33892560582952036,-4.8305814664127755,2.649012940998876,0.20812776529877497,123.76839718184296,0.03718744007278729,1,0.6217959052176816,0.23092353692082662,1.6009077965549354,0.8291693472695373,2.5027497391682374,206.3367371559143,ok
refine,pps/refine/L64_z0.350_lam0.2810/real010.json,0.3908205841446454,9b617fad03ded5737e9f1bf1610ffeb2a50a0996,64,0.281,0.35,10,0.281,0.719,64.0,128,0.33892560582952036,-4.671010313244899,2.2754671379716944,0.20425741403748204,123.26100020056303,0.034872484945291604,1,0.6618612577351249,0.33364694743379053,1.5629315381827253,1.0536473026923285,2.203437831966159,196.84020376205444,ok
refine,pps/refine/L64_z0.350_lam0.2810/real011.json,0.3908205841446454,9b617fad03ded5737e9f1bf1610ffeb2a50a0996,64,0.281,0.35,11,0.281,0.719,64.0,128,0.33892560582952036,-4.616590296182904,2.239362836491853,0.17447557930712215,121.88260166121343,0.0340401789726248,1,0.46841683024406744,0.2509961541087701,1.0569295848735387,0.7342825959864414,2.139230269619534,193.54110670089722,ok
refine,pps/refine/L64_z0.350_lam0.2923/real000.json,0.4130281192595733,9b617fad03ded5737e9f1bf1610ffeb2a50a0996,64,0.2923,0.35,0,0.2923,0.7077,64.0,128,0.3258231106332372,-4.7957421409757,2.1489072845244364,0.17805215148210332,122.33457804649461,0.03550146197368087,2,0.5433062576633889,0.2344046029728758,1.2668388560505397,0.7603572175145179,2.2657919772352035,201.2715311050415,ok
refine,pps/refine/L64_z0.350_lam0.2923/real001.json,0.4130281192595733,9b617fad03ded5737e9f1bf1610ffeb2a50a0996,64,0.2923,0.35,1,0.2923,0.7077,64.0,128,0.3258231106332372,-4.752171075425687,2.110838065169419,0.11019084931846292,123.84615648421571,0.035685701077556836,1,0.6347167392619193,0.2761727374308455,1.5670598529980726,0.8910295205978824,2.3657011637486756,210.033301115036,ok
refine,pps/refine/L64_z0.350_lam0.2923/real002.json,0.4130281192595733,9b617fad03ded5737e9f1bf1610ffeb2a50a0996,64,0.2923,0.35,2,0.2923,0.7077,64.0,128,0.3258231106332372,-4.801402967765501,2.2444843296460273,0.20513581047061788,123.20567372249857,0.036080032485298535,1,0.4941177601015227,0.19604269038057,1.0971754561371656,0.5474891168453381,2.1576861080755316,208.17574167251587,ok
refine,pps/refine/L64_z0.350_lam0.2923/real003.json,0.4130281192595733,9b617fad03ded5737e9f1bf1610ffeb2a50a0996,64,0.2923,0.35,3,0.2923,0.7077,64.0,128,0.3258231106332372,-4.773857328972015,2.1961962660118206,0.12568755753974772,123.78611127078447,0.035342255084241415,1,0.4916736336528864,0.18659454268362738,1.1561049505917496,0.5909850474549538,2.2575748735552468,205.66988372802734,ok
refine,pps/refine/L64_z0.350_lam0.2923/real004.json,0.4130281192595733,9b617fad03ded5737e9f1bf1610ffeb2a50a0996,64,0.2923,0.35,4,0.2923,0.7077,64.0,128,0.3258231106332372,-4.796019657698451,2.1763579506140016,0.20169739039568954,122.38099139782517,0.03492156271153698,1,0.32832778284174535,0.24023354385154838,0.7268314314314662,0.6811283460077115,2.016175054676572,206.8209352493286,ok
refine,pps/refine/L64_z0.350_lam0.2923/real005.json,0.4130281192595733,9b617fad03ded5737e9f1bf1610ffeb2a50a0996,64,0.2923,0.35,5,0.2923,0.7077,64.0,128,0.3258231106332372,-4.756143435827609,2.1675590145463817,0.10728536784150608,122.48548393897707,0.03528232795313866,1,0.6584095689700062,0.24487399592674303,1.5777604733864838,0.7551550153103723,2.336171278526733,195.0944287776947,ok
refine,pps/refine/L64_z0.350_lam0.2923/real006.json,0.4130281192595733,9b617fad03ded5737e9f1bf1610ffeb2a50a0996,64,0.2923,0.35,6,0.2923,0.7077,64.0,128,0.3258231106332372,-4.964988393082622,2.6075308116054425,0.12122810869633852,123.32138060358604,0.03798559111886825,1,0.88545966735489,0.2747994611830029,2.2588294997218945,0.9085811484322758,2.5265623848236602,203.68332195281982,ok
refine,pps/refine/L64_z0.350_lam0.2923/real007.json,0.4130281192595733,9b617fad03ded5737e9f1bf1610ffeb2a50a0996,64,0.2923,0.35,7,0.2923,0.7077,64.0,128,0.3258231106332372,-4.800214240342953,2.2635306058427793,0.18163531775432196,122.73990344673861,0.03648277138727275,1,0.5029744369928534,0.3090621294973198,1.2300400825857307,0.9369852677878333,2.216336954903954,200.07187509536743,ok
refine,pps/refine/L64_z0.350_lam0.2923/real008.json,0.4130281192595733,9b617fad03ded5737e9f1bf1610ffeb2a50a0996,64,0.2923,0.35,8,0.2923,0.7077,64.0,128,0.3258231106332372,-4.930529759123246,2.4576845834126386,0.1468530621719471,123.04669142392034,0.03686612598306277,1,0.7259716504958825,0.2523960794036678,1.9592373899097226,0.7736973872930636,2.670349306950395,203.54374384880066,ok
refine,pps/refine/L64_z0.350_lam0.2923/real009.json,0.4130281192595733,9b617fad03ded5737e9f1bf1610ffeb2a50a0996,64,0.2923,0.35,9,0.2923,0.7077,64.0,128,0.3258231106332372,-4.705242060710029,2.1174448723501116,0.10985230463105107,122.92844416528098,0.03556820758343206,1,0.41906561540100473,0.2360247515797668,0.9738339886645778,0.697028188747265,2.1474015291839725,205.41394877433777,ok
refine,pps/refine/L64_z0.350_lam0.2923/real010.json,0.4130281192595733,9b617fad03ded5737e9f1bf1610ffeb2a50a0996,64,0.2923,0.35,10,0.2923,0.7077,64.0,128,0.3258231106332372,-4.786990765249006,2.0821524916415415,0.1379017546774791,124.34154645055182,0.03602056398838594,1,0.40981386282338866,0.24810409034382508,0.9704145216978213,0.7763474243895628,2.179674965505093,197.8781840801239,ok
refine,pps/refine/L64_z0.350_lam0.2923/real011.json,0.4130281192595733,9b617fad03ded5737e9f1bf1610ffeb2a50a0996,64,0.2923,0.35,11,0.2923,0.7077,64.0,128,0.3258231106332372,-4.809473932400333,2.1696130254496473,0.17633615521050866,123.25605617865801,0.03589959224232928,1,0.5806374744111933,0.2021031049764479,1.4531520524514419,0.6579244977207956,2.4396901379292393,205.00990891456604,ok
refine,pps/refine/L64_z0.350_lam0.3032/real000.json,0.43513203214695756,9b617fad03ded5737e9f1bf1610ffeb2a50a0996,64,0.3032,0.35,0,0.3032,0.6968,64.0,128,0.31410981279055156,-4.918536755268275,2.0371865835029124,0.10203083921301964,123.49941191322603,0.03639222365917712,1,0.6010965930572016,0.2122013829485178,1.3572490359035432,0.7335251013400287,2.162323784950325,203.81532549858093,ok
refine,pps/refine/L64_z0.350_lam0.3032/real001.json,0.43513203214695756,9b617fad03ded5737e9f1bf1610ffeb2a50a0996,64,0.3032,0.35,1,0.3032,0.6968,64.0,128,0.31410981279055156,-4.853800360447228,2.0265871770740858,0.0962210270565442,122.6933725885387,0.035711890413461754,1,0.4327307179185937,0.20035399301200915,0.9948392481470422,0.6603260846538319,2.1685795214351398,200.65872240066528,ok
refine,pps/refine/L64_z0.350_lam0.3032/real002.json,0.43513203214695756,9b617fad03ded5737e9f1bf1610ffeb2a50a0996,64,0.3032,0.35,2,0.3032,0.6968,64.0,128,0.31410981279055156,-4.824221176580751,2.151636243702927,0.19837258277444736,122.9432644720419,0.03641710963696982,1,0.44706893660961916,0.18073749787158339,1.0210995526732314,0.5544813445976589,2.185787690977948,210.49150395393372,ok
refine,pps/refine/L64_z0.350_lam0.3032/real003.json,0.43513203214695756,9b617fad03ded5737e9f1bf1610ffeb2a50a0996,64,0.3032,0.35,3,0.3032,0.6968,64.0,128,0.31410981279055156,-4.837282955308982,2.0566275821622257,0.0764947073935343,123.3940640756821,0.03633406249464171,1,0.3920544731792833,0.2188918177004813,0.9346363818081209,0.6481272716509707,2.25242541716265,216.53854322433472,ok
refine,pps/refine/L64_z0.350_lam0.3032/real004.json,0.43513203214695756,9b617fad03ded5737e9f1bf1610ffeb2a50a0996,64,0.3032,0.35,4,0.3032,0.6968,64.0,128,0.31410981279055156,-4.859992383000205,2.151326964117895,0.1429689800571538,124.27864796019644,0.03603220415494978,1,0.4425434870656572,0.1982726496202366,0.943001409507056,0.5607735968270035,2.0513452994332915,221.17760109901428,ok
refine,pps/refine/L64_z0.350_lam0.3032/real005.json,0.43513203214695756,9b617fad03ded5737e9f1bf1610ffeb2a50a0996,64,0.3032,0.35,5,0.3032,0.6968,64.0,128,0.31410981279055156,-4.891268244001339,2.1422434100202365,0.12005992512917785,121.67467305880915,0.03612199332419422,1,0.5015959026758314,0.3113952824184804,1.2059121046794914,0.8949550630490848,2.2771956195018794,220.59983205795288,ok
refine,pps/refine/L64_z0.350_lam0.3032/real006.json,0.43513203214695756,9b617fad03ded5737e9f1bf1610ffeb2a50a0996,64,0.3032,0.35,6,0.3032,0.6968,64.0,128,0.31410981279055156,-4.875822954628216,2.1728961479483275,0.13889641529746552,122.28221517579635,0.036197761490192173,1,0.46287555032723476,0.2687130419596959,1.0638112963075663,0.8826019402382993,2.118654261829155,209.10618019104004,ok
refine,pps/refine/L64_z0.350_lam0.3032/real007.json,0.43513203214695756,9b617fad03ded5737e9f1bf1610ffeb2a50a0996,64,0.3032,0.35,7,0.3032,0.6968,64.0,128,0.31410981279055156,-4.764044375795759,2.013438067135942,0.13569168116579003,121.9372043445768,0.03436023878930305,1,0.3441017482843608,0.1925141951678905,0.6806924275466764,0.47452245482336,1.8894713146480622,198.15496158599854,ok
refine,pps/refine/L64_z0.350_lam0.3032/real008.json,0.43513203214695756,9b617fad03ded5737e9f1bf1610ffeb2a50a0996,64,0.3032,0.35,8,0.3032,0.6968,64.0,128,0.31410981279055156,-4.864052877318375,2.1892005215677677,0.15369702114489642,121.98817328114609,0.03652290221121419,1,0.34795944338313334,0.24965139320376004,0.8128005097665404,0.7154089759754008,2.081052830110824,205.53921627998352,ok
refine,pps/refine/L64_z0.350_lam0.3032/real009.json,0.43513203214695756,9b617fad03ded5737e9f1bf1610ffeb2a50a0996,64,0.3032,0.35,9,0.3032,0.6968,64.0,128,0.31410981279055156,-4.904611564581183,2.151582240404808,0.09658318224446172,123.75444997933054,0.03513541159928545,1,0.4790849054694789,0.22861763076582217,1.0811202326616927,0.7153237402352352,2.1151040514663584,209.25816893577576,ok
refine,pps/refine/L64_z0.350_lam0.3032/real010.json,0.43513203214695756,9b617fad03ded5737e9f1bf1610ffeb2a50a0996,64,0.3032,0.35,10,0.3032,0.6968,64.0,128,0.31410981279055156,-4.780431374537863,1.9686758451778932,0.13791183919278965,122.97152357460782,0.036924934458416936,1,0.44671627830796834,0.2601953855791328,0.9634257783449733,0.6834692499940977,2.0413125348459853,215.33469462394714,ok
refine,pps/refine/L64_z0.350_lam0.3032/real011.json,0.43513203214695756,9b617fad03ded5737e9f1bf1610ffeb2a50a0996,64,0.3032,0.35,11,0.3032,0.6968,64.0,128,0.31410981279055156,-4.846454002168752,2.0985523851335643,0.15528154264110816,123.30962734133001,0.03486372646667109,1,0.3787185770673,0.1641589916876526,0.8359210036899958,0.43894250015640446,2.1556937455565275,201.47488975524902,ok
refine,pps/refine/L64_z0.350_lam0.3144/real000.json,0.45857642940490084,9b617fad03ded5737e9f1bf1610ffeb2a50a0996,64,0.3144,0.35,0,0.3144,0.6856,64.0,128,0.30292015024839447,-4.93423253937866,1.9426448868937853,0.08821800846892888,123.21863615747839,0.036097763437042164,1,0.2975330989166304,0.13209028516597393,0.5778514965170916,0.3272665276146716,1.8642156344459258,208.38063192367554,ok
refine,pps/refine/L64_z0.350_lam0.3144/real001.json,0.45857642940490084,9b617fad03ded5737e9f1bf1610ffeb2a50a0996,64,0.3144,0.35,1,0.3144,0.6856,64.0,128,0.30292015024839447,-4.994279738942042,2.115315027483254,0.15729489379058678,121.73020727500919,0.03760406492039955,1,0.2653033127147591,0.19505404404255436,0.5627105851364552,0.5504674250355326,1.9368010563930405,220.46184134483337,ok
refine,pps/refine/L64_z0.350_lam0.3144/real002.json,0.45857642940490084,9b617fad03ded5737e9f1bf1610ffeb2a50a0996,64,0.3144,0.35,2,0.3144,0.6856,64.0,128,0.30292015024839447,-4.956025218930949,2.0561181405944287,0.06845106459254664,121.96847310731783,0.03673372132390712,1,0.3711198440079695,0.16213640751435382,0.7606120744902325,0.4911593014371179,1.9472462011930147,214.02220821380615,ok
refine,pps/refine/L64_z0.350_lam0.3144/real003.json,0.45857642940490084,9b617fad03ded5737e9f1bf1610ffeb2a50a0996,64,0.3144,0.35,3,0.3144,0.6856,64.0,128,0.30292015024839447,-4.928484378776605,1.9942908607143783,0.11223756129356588,123.46110734474722,0.03577160524237613,1,0.3237026855410039,0.15701403698115282,0.6509558634662971,0.41177879624649666,1.9290206738312636,216.07281303405762,ok
refine,pps/refine/L64_z0.350_lam0.3144/real004.json,0.45857642940490084,9b617fad03ded5737e9f1bf1610ffeb2a50a0996,64,0.3144,0.35,4,0.3144,0.6856,64.0,128,0.30292015024839447,-4.797619951913302,1.929384646303213,0.0940137622907789,122.9422684673845,0.03528861619464483,1,0.2541012930962057,0.14649722200090984,0.516541678362695,0.3405029715267451,1.9634151596374683,202.39550733566284,ok
refine,pps/refine/L64_z0.350_lam0.3144/real005.json,0.45857642940490084,9b617fad03ded5737e9f1bf1610ffeb2a50a0996,64,0.3144,0.35,5,0.3144,0.6856,64.0,128,0.30292015024839447,-4.880939648597588,2.0580598351745896,0.10237583427699135,123.04991957602034,0.037299292777251275,1,0.31698293574701697,0.15348121990238545,0.6453349118970982,0.4028460876782971,1.9394444944757525,206.5553503036499,ok
refine,pps/refine/L64_z0.350_lam0.3144/real006.json,0.45857642940490084,9b617fad03ded5737e9f1bf1610ffeb2a50a0996,64,0.3144,0.35,6,0.3144,0.6856,64.0,128,0.30292015024839447,-4.880155527365958,1.9395451625399267,0.117181631919717,121.37573573354584,0.03591170245515289,1,0.33013436257184176,0.16661925609033312,0.6802732049395777,0.4164865152285431,1.996542200886139,203.18261790275574,ok
refine,pps/refine/L64_z0.350_lam0.3144/real007.json,0.45857642940490084,9b617fad03ded5737e9f1bf1610ffeb2a50a0996,64,0.3144,0.35,7,0.3144,0.6856,64.0,128,0.30292015024839447,-4.9169227947830265,2.1124092276754087,0.11133749497498287,122.65141350787803,0.036956839719099605,1,0.5237702607696502,0.24357647160167037,1.2297671777505075,0.7762888139427006,2.213150105960114,204.54139375686646,ok
refine,pps/refine/L64_z0.350_lam0.3144/real008.json,0.45857642940490084,9b617fad03ded5737e9f1bf1610ffeb2a50a0996,64,0.3144,0.35,8,0.3144,0.6856,64.0,128,0.30292015024839447,-4.83411913592054,2.02628880215803,0.15295065538457975,123.01420185318358,0.03761786687719617,1,0.36558555456754155,0.21725573818307067,0.7853790425613452,0.6364946628085172,1.9569457282620069,208.3282904624939,ok
refine,pps/refine/L64_z0.350_lam0.3144/real009.json,0.45857642940490084,9b617fad03ded5737e9f1bf1610ffeb2a50a0996,64,0.3144,0.35,9,0.3144,0.6856,64.0,128,0.30292015024839447,-4.847214778928077,1.921399387875098,0.08886269171032724,122.83174879173,0.035955676481154844,1,0.2922845348025896,0.17948334009182437,0.6290854971339066,0.4598742736168806,2.0395144757182004,209.14944314956665,ok
refine,pps/refine/L64_z0.350_lam0.3144/real010.json,0.45857642940490084,9b617fad03ded5737e9f1bf1610ffeb2a50a0996,64,0.3144,0.35,10,0.3144,0.6856,64.0,128,0.30292015024839447,-4.882574728409708,2.028473299486412,0.12215675826574322,123.61225364680982,0.03674597080177845,1,0.3547849148413069,0.2103621616338275,0.7537057943703485,0.5675132218747556,1.9750395190445589,212.0251488685608,ok
refine,pps/refine/L64_z0.350_lam0.3144/real011.json,0.45857642940490084,9b617fad03ded5737e9f1bf1610ffeb2a50a0996,64,0.3144,0.35,11,0.3144,0.6856,64.0,128,0.30292015024839447,-4.917015354768319,2.0218543773820783,0.0639190512753423,122.22646569929442,0.03570269612539147,1,0.39074044071250663,0.1668277655400918,0.801304893564284,0.36693885873409354,2.0489315200661964,208.28524708747864,ok
refine,pps/refine/L64_z0.350_lam0.3254/real000.json,0.4823599169878447,9b617fad03ded5737e9f1bf1610ffeb2a50a0996,64,0.3254,0.35,0,0.3254,0.6746,64.0,128,0.29268007141393737,-4.847996287784484,1.8571205481212087,0.08349197156298623,122.35584852610567,0.03563129606980301,1,0.18956014577484828,0.14305617029356277,0.37010265568206924,0.3237658453845076,1.8232545463024685,217.94473457336426,ok
refine,pps/refine/L64_z0.350_lam0.3254/real001.json,0.4823599169878447,9b617fad03ded5737e9f1bf1610ffeb2a50a0996,64,0.3254,0.35,1,0.3254,0.6746,64.0,128,0.29268007141393737,-5.127301110664587,2.173084939714607,0.15501642479253305,122.8452403494007,0.037796523540145587,1,0.35101550244352897,0.2766396948001261,0.7739407031850353,0.7626541752220819,1.962422649742897,220.4404993057251,ok
refine,pps/refine/L64_z0.350_lam0.3254/real002.json,0.4823599169878447,9b617fad03ded5737e9f1bf1610ffeb2a50a0996,64,0.3254,0.35,2,0.3254,0.6746,64.0,128,0.29268007141393737,-4.9686920225657465,1.930355875263319,0.1006008981542493,121.95155162517969,0.03693769847510843,1,0.35178233676143666,0.20101698440620586,0.7837773522190679,0.5804557212066157,2.1158311619031576,227.86243176460266,ok
refine,pps/refine/L64_z0.350_lam0.3254/real003.json,0.4823599169878447,9b617fad03ded5737e9f1bf1610ffeb2a50a0996,64,0.3254,0.35,3,0.3254,0.6746,64.0,128,0.29268007141393737,-5.021975442187727,1.9474888723378916,0.12980602013409925,122.43944266217278,0.036307712562132846,1,0.22291183089521477,0.17328807957311837,0.4823686835905079,0.5217352934114391,1.9462802271538728,217.18948411941528,ok
refine,pps/refine/L64_z0.350_lam0.3254/real004.json,0.4823599169878447,9b617fad03ded5737e9f1bf1610ffeb2a50a0996,64,0.3254,0.35,4,0.3254,0.6746,64.0,128,0.29268007141393737,-4.978324027036403,1.8871659243808614,0.12499816966000048,122.85263016024078,0.03617954490115506,1,0.24025840444140897,0.1384120897393217,0.4799527896912895,0.32616249241620116,1.9083177671315255,223.81408190727234,ok
refine,pps/refine/L64_z0.350_lam0.3254/real005.json,0.4823599169878447,9b617fad03ded5737e9f1bf1610ffeb2a50a0996,64,0.3254,0.35,5,0.3254,0.6746,64.0,128,0.29268007141393737,-4.908030206402254,1.8639597983705658,0.07818531844222426,121.7760663767409,0.036754951712780634,1,0.3183351847045601,0.1750651201513282,0.6269693012621109,0.4521137225582451,1.8542893659147506,224.67389178276062,ok
refine,pps/refine/L64_z0.350_lam0.3254/real006.json,0.4823599169878447,9b617fad03ded5737e9f1bf1610ffeb2a50a0996,64,0.3254,0.35,6,0.3254,0.6746,64.0,128,0.29268007141393737,-5.034369815794861,2.0432876950479946,0.16401329937503326,123.20950069934253,0.036438474111783144,1,0.2561043110459943,0.1831125510259364,0.5353482290351304,0.5059127275163233,1.9058079988877914,227.0022258758545,ok
refine,pps/refine/L64_z0.350_lam0.3254/real007.json,0.4823599169878447,9b617fad03ded5737e9f1bf1610ffeb2a50a0996,64,0.3254,0.35,7,0.3254,0.6746,64.0,128,0.29268007141393737,-4.971882528930189,1.8891094366850218,0.1025067174713017,123.44187898328246,0.0369157029508426,1,0.25144654355977747,0.1676113183659,0.5010375820693372,0.4190824422508262,1.87229039339806,227.84964442253113,ok
refine,pps/refine/L64_z0.350_lam0.3254/real008.json,0.4823599169878447,9b617fad03ded5737e9f1bf1610ffeb2a50a0996,64,0.3254,0.35,8,0.3254,0.6746,64.0,128,0.29268007141393737,-5.004985512254798,1.8629369893829442,0.11193160733877873,121.98256867896058,0.03635576604712392,1,0.27277923220694,0.14042298854301416,0.485233176852494,0.33467921450181487,1.69551064165609,228.8166162967682,ok
refine,pps/refine/L64_z0.350_lam0.3254/real009.json,0.4823599169878447,9b617fad03ded5737e9f1bf1610ffeb2a50a0996,64,0.3254,0.35,9,0.3254,0.6746,64.0,128,0.29268007141393737,-4.976878323097,1.9830400866026083,0.10554280554455578,122.53906277987728,0.03613204461023687,1,0.39572575882369043,0.2514419192583991,0.8270442777280353,0.7035794057870385,1.9554715261850295,218.14069747924805,ok
refine,pps/refine/L64_z0.350_lam0.3254/real010.json,0.4823599169878447,9b617fad03ded5737e9f1bf1610ffeb2a50a0996,64,0.3254,0.35,10,0.3254,0.6746,64.0,128,0.29268007141393737,-5.087782436393824,1.9989329304808465,0.11373856917065861,122.23591672716947,0.038211272626457085,1,0.2568167395668767,0.173804970024484,0.5009226765949127,0.39488035768269564,1.8652576555424725,231.6600284576416,ok
refine,pps/refine/L64_z0.350_lam0.3254/real011.json,0.4823599169878447,9b617fad03ded5737e9f1bf1610ffeb2a50a0996,64,0.3254,0.35,11,0.3254,0.6746,64.0,128,0.29268007141393737,-4.978893019523986,1.934051328543261,0.11807440796185936,121.37340584957144,0.036814594241978776,1,0.28626491593851683,0.13426865985883682,0.5851320424068429,0.3678000357979555,1.955378709806867,212.42239832878113,ok
refine,pps/refine/L64_z0.350_lam0.3366/real000.json,0.5073861923424782,9b617fad03ded5737e9f1bf1610ffeb2a50a0996,64,0.3366,0.35,0,0.3366,0.6634,64.0,128,0.2829414594120476,-5.1815855643419635,2.068936161570569,0.11570862578696603,123.25888777453947,0.03919757095785459,1,0.3331475776737746,0.1780587460386214,0.656498165178752,0.41328064868324105,1.8877366323430331,220.1417396068573,ok
refine,pps/refine/L64_z0.350_lam0.3366/real001.json,0.5073861923424782,9b617fad03ded5737e9f1bf1610ffeb2a50a0996,64,0.3366,0.35,1,0.3366,0.6634,64.0,128,0.2829414594120476,-5.081733415353272,1.9048054416089342,0.17339629786157307,122.31281905857634,0.03540030885091543,1,0.29379940389178993,0.20581011873925656,0.5928409960526873,0.5156576565907602,1.879930146770287,221.4392900466919,ok
refine,pps/refine/L64_z0.350_lam0.3366/real002.json,0.5073861923424782,9b617fad03ded5737e9f1bf1610ffeb2a50a0996,64,0.3366,0.35,2,0.3366,0.6634,64.0,128,0.2829414594120476,-5.034119164495948,1.8563066547502316,0.09143003994878066,123.50772587745922,0.03741521307856585,1,0.30189181808276294,0.15256148073915593,0.5926228279895165,0.400114123133212,1.8577843477655116,214.80214142799377,ok
refine,pps/refine/L64_z0.350_lam0.3366/real003.json,0.5073861923424782,9b617fad03ded5737e9f1bf1610ffeb2a50a0996,64,0.3366,0.35,3,0.3366,0.6634,64.0,128,0.2829414594120476,-4.967934019613414,1.8550861437956188,0.08830381778987825,122.65109030998241,0.03807984479434343,1,0.2831227266813115,0.16425297278486833,0.6229912447826533,0.44969840671528144,2.083882336900979,212.42837691307068,ok
refine,pps/refine/L64_z0.350_lam0.3366/real004.json,0.5073861923424782,9b617fad03ded5737e9f1bf1610ffeb2a50a0996,64,0.3366,0.35,4,0.3366,0.6634,64.0,128,0.2829414594120476,-5.048934221738037,1.854813832979533,0.08204161325996068,122.30185804124471,0.037262170974529225,1,0.24034102651832068,0.1688216573150734,0.46138141948898714,0.37354048108529275,1.8179878688884878,219.73562383651733,ok
refine,pps/refine/L64_z0.350_lam0.3366/real005.json,0.5073861923424782,9b617fad03ded5737e9f1bf1610ffeb2a50a0996,64,0.3366,0.35,5,0.3366,0.6634,64.0,128,0.2829414594120476,-4.9576535534078685,1.8405887484352357,0.0666305530914057,122.3959992528323,0.03679709005507562,1,0.3724567315526672,0.25057603112512333,0.8113700756984836,0.6548773290838341,2.042600896468901,223.4192578792572,ok
refine,pps/refine/L64_z0.350_lam0.3366/real006.json,0.5073861923424782,9b617fad03ded5737e9f1bf1610ffeb2a50a0996,64,0.3366,0.35,6,0.3366,0.6634,64.0,128,0.2829414594120476,-4.982257748490686,1.8377763679926353,0.1415805108607206,122.9038327875824,0.03543380828699173,1,0.18937129516904155,0.13512627387029938,0.33437353074900966,0.2772715768627646,1.697145694109689,217.23508954048157,ok
refine,pps/refine/L64_z0.350_lam0.3366/real007.json,0.5073861923424782,9b617fad03ded5737e9f1bf1610ffeb2a50a0996,64,0.3366,0.35,7,0.3366,0.6634,64.0,128,0.2829414594120476,-4.9454615705059854,1.8278657082477539,0.06922020369172652,123.57327330846637,0.03627805771696313,1,0.3401609052583453,0.18164435066795812,0.667734135811948,0.4077800967375617,1.908550112077956,210.70683789253235,ok
refine,pps/refine/L64_z0.350_lam0.3366/real008.json,0.5073861923424782,9b617fad03ded5737e9f1bf1610ffeb2a50a0996,64,0.3366,0.35,8,0.3366,0.6634,64.0,128,0.2829414594120476,-4.956526017956681,1.856343016027622,0.08270438584285035,122.70212210963982,0.03669358347574469,1,0.23219554729125821,0.16770443913309535,0.4906494000826283,0.4513717949383003,1.9299112926881334,208.73191928863525,ok
refine,pps/refine/L64_z0.350_lam0.3366/real009.json,0.5073861923424782,9b617fad03ded5737e9f1bf1610ffeb2a50a0996,64,0.3366,0.35,9,0.3366,0.6634,64.0,128,0.2829414594120476,-5.038207219249144,1.8834987274644737,0.12072459972777634,123.25706194143264,0.036832524104715055,1,0.2058651366096666,0.15732165701945564,0.4218475696034821,0.3725130446248779,1.9231757680935764,228.7733187675476,ok
refine,pps/refine/L64_z0.350_lam0.3366/real010.json,0.5073861923424782,9b617fad03ded5737e9f1bf1610ffeb2a50a0996,64,0.3366,0.35,10,0.3366,0.6634,64.0,128,0.2829414594120476,-5.009153457542939,1.8039242759743028,0.06928896042168621,122.0338163056433,0.03723068641795187,1,0.176359231222514,0.14029161753607108,0.33050605665663807,0.35129314921340105,1.707103249496559,213.62819933891296,ok
refine,pps/refine/L64_z0.350_lam0.3366/real011.json,0.5073861923424782,9b617fad03ded5737e9f1bf1610ffeb2a50a0996,64,0.3366,0.35,11,0.3366,0.6634,64.0,128,0.2829414594120476,-4.942199194000659,1.838936344629971,0.06111572233390128,122.6487914315593,0.03506126683827429,1,0.3082876563512783,0.19648487879016407,0.6195040743814986,0.525932301654346,1.8439971273347826,210.97132086753845,ok
refine,pps/refine/L64_z0.350_lam0.3476/real000.json,0.5328019619865114,9b617fad03ded5737e9f1bf1610ffeb2a50a0996,64,0.3476,0.35,0,0.3476,0.6524,64.0,128,0.27398761575976766,-5.0060538036056945,1.7423882509826845,0.04212434074735788,122.15527097353305,0.03589404148528501,1,0.1489374239649196,0.13800349251259494,0.27522441371383527,0.2833303764173497,1.7186641606752395,210.5021104812622,ok
refine,pps/refine/L64_z0.350_lam0.3476/real001.json,0.5328019619865114,9b617fad03ded5737e9f1bf1610ffeb2a50a0996,64,0.3476,0.35,1,0.3476,0.6524,64.0,128,0.27398761575976766,-4.9795843226848655,1.8463210226646916,0.0449700949736035,123.76994493580817,0.036901296827179485,1,0.22444028018519968,0.15934672267463346,0.44291723208280276,0.36235866140939255,1.8564845821326044,223.5438516139984,ok
refine,pps/refine/L64_z0.350_lam0.3476/real002.json,0.5328019619865114,9b617fad03ded5737e9f1bf1610ffeb2a50a0996,64,0.3476,0.35,2,0.3476,0.6524,64.0,128,0.27398761575976766,-4.985646744713701,1.7681556059088726,0.08230639196479626,122.23822126735112,0.03697511427058663,1,0.27521976606288645,0.16249790496198785,0.5685061533476758,0.39798406110490653,1.9465215984797308,212.1186957359314,ok
refine,pps/refine/L64_z0.350_lam0.3476/real003.json,0.5328019619865114,9b617fad03ded5737e9f1bf1610ffeb2a50a0996,64,0.3476,0.35,3,0.3476,0.6524,64.0,128,0.27398761575976766,-5.077313307926937,1.7850327860718822,0.06552441933892683,122.09018100876266,0.037044383811598025,1,0.2780508947760269,0.16438150029706142,0.5473904095344949,0.35887083750594606,1.9226378099943817,215.34094667434692,ok
refine,pps/refine/L64_z0.350_lam0.3476/real004.json,0.5328019619865114,9b617fad03ded5737e9f1bf1610ffeb2a50a0996,64,0.3476,0.35,4,0.3476,0.6524,64.0,128,0.27398761575976766,-5.03033921423937,1.7982779881422781,0.1071089350166415,121.87607774480232,0.035674526986065935,1,0.16007903173588497,0.12727237669888553,0.2894604278473045,0.27670157778797533,1.698003469105062,214.18074774742126,ok
refine,pps/refine/L64_z0.350_lam0.3476/real005.json,0.5328019619865114,9b617fad03ded5737e9f1bf1610ffeb2a50a0996,64,0.3476,0.35,5,0.3476,0.6524,64.0,128,0.27398761575976766,-5.085930494420166,1.809855299509924,0.13181433446499546,122.60074363175072,0.037776334592567344,1,0.16411161004488461,0.10818692687188354,0.30569208744264736,0.2529492563150421,1.741482657128204,214.9510533809662,ok
refine,pps/refine/L64_z0.350_lam0.3476/real006.json,0.5328019619865114,9b617fad03ded5737e9f1bf1610ffeb2a50a0996,64,0.3476,0.35,6,0.3476,0.6524,64.0,128,0.27398761575976766,-5.013091529198631,1.8248576122941087,0.11721809774373541,121.44523488488464,0.03659086921428345,1,0.27841533542078134,0.17579616071774773,0.5559138987382363,0.4450192525482381,1.8687767353501257,221.29007172584534,ok
refine,pps/refine/L64_z0.350_lam0.3476/real007.json,0.5328019619865114,9b617fad03ded5737e9f1bf1610ffeb2a50a0996,64,0.3476,0.35,7,0.3476,0.6524,64.0,128,0.27398761575976766,-5.1373582718139685,1.8339412412150025,0.13253106528673075,120.44812000203257,0.036741071889102285,1,0.13468997308713604,0.09868755785127821,0.24682829228157113,0.2073310700371128,1.7334135761777612,215.51131200790405,ok
refine,pps/refine/L64_z0.350_lam0.3476/real008.json,0.5328019619865114,9b617fad03ded5737e9f1bf1610ffeb2a50a0996,64,0.3476,0.35,8,0.3476,0.6524,64.0,128,0.27398761575976766,-5.130572484137766,1.8524294068314207,0.09381656032292551,122.64407318941747,0.03797695529393016,1,0.2548655109510526,0.16947749325351524,0.45503264438144475,0.35890337256624927,1.7172342544840662,222.4728729724884,ok
refine,pps/refine/L64_z0.350_lam0.3476/real009.json,0.5328019619865114,9b617fad03ded5737e9f1bf1610ffeb2a50a0996,64,0.3476,0.35,9,0.3476,0.6524,64.0,128,0.27398761575976766,-5.014065619528729,1.7795950235020457,0.05815388321706333,123.04082681882444,0.03702370449586291,1,0.23081211187335454,0.15698495675570576,0.49150602556481937,0.41369467784134706,1.9581666533293578,220.22897744178772,ok
refine,pps/refine/L64_z0.350_lam0.3476/real010.json,0.5328019619865114,9b617fad03ded5737e9f1bf1610ffeb2a50a0996,64,0.3476,0.35,10,0.3476,0.6524,64.0,128,0.27398761575976766,-5.074008583531704,1.7974919966454985,0.0732946711520717,121.68107522390343,0.03702442347577334,1,0.26817548524463486,0.13330828067671197,0.5014932061291646,0.3322522835140896,1.7846037946902977,223.83507132530212,ok
refine,pps/refine/L64_z0.350_lam0.3476/real011.json,0.5328019619865114,9b617fad03ded5737e9f1bf1610ffeb2a50a0996,64,0.3476,0.35,11,0.3476,0.6524,64.0,128,0.27398761575976766,-4.994038636675014,1.7511998185774784,0.12581901332993137,121.6693565593634,0.03618342334507644,1,0.16274914532207876,0.11537455338774667,0.303681905973744,0.24360111423889125,1.8048194333291439,224.4857680797577,ok
refine,pps/refine/L64_z0.350_lam0.3588/real000.json,0.5595757953836556,9b617fad03ded5737e9f1bf1610ffeb2a50a0996,64,0.3588,0.35,0,0.3588,0.6412,64.0,128,0.2654350480437437,-5.078768881864356,1.7511112605082293,0.0670867509973877,122.081299817491,0.03713777125452299,1,0.13870689475997744,0.13526050331226055,0.24016884915999795,0.2764389602127809,1.6165834850663354,240.12272787094116,ok
refine,pps/refine/L64_z0.350_lam0.3588/real001.json,0.5595757953836556,9b617fad03ded5737e9f1bf1610ffeb2a50a0996,64,0.3588,0.35,1,0.3588,0.6412,64.0,128,0.2654350480437437,-5.031027536455567,1.7156994902959333,0.04565198875419447,123.15832997183436,0.036460788904419526,1,0.2529507392849184,0.17657560391820365,0.4508204424718744,0.3562561737493147,1.7551706428596467,224.7254867553711,ok
refine,pps/refine/L64_z0.350_lam0.3588/real002.json,0.5595757953836556,9b617fad03ded5737e9f1bf1610ffeb2a50a0996,64,0.3588,0.35,2,0.3588,0.6412,64.0,128,0.2654350480437437,-4.985741374138997,1.7141603152884852,0.05522061603633836,122.89168347862882,0.03739121105780453,1,0.10507662353407471,0.09849252976535094,0.18323231777156646,0.2018382565441022,1.625054735934479,232.74763870239258,ok
refine,pps/refine/L64_z0.350_lam0.3588/real003.json,0.5595757953836556,9b617fad03ded5737e9f1bf1610ffeb2a50a0996,64,0.3588,0.35,3,0.3588,0.6412,64.0,128,0.2654350480437437,-5.080364385498841,1.7931566500007488,0.09643608355689198,122.50073918474625,0.03786640165012855,1,0.11688059327053842,0.11878988986500995,0.2186209743152499,0.2594165300322438,1.6797786842525875,223.6097710132599,ok
refine,pps/refine/L64_z0.350_lam0.3588/real004.json,0.5595757953836556,9b617fad03ded5737e9f1bf1610ffeb2a50a0996,64,0.3588,0.35,4,0.3588,0.6412,64.0,128,0.2654350480437437,-4.996209837602129,1.693914795696908,0.053296258769468495,123.17589054891343,0.03600312775139267,1,0.23796770937388764,0.16305806157109679,0.4362010952142617,0.33740128993764595,1.7842206602124622,230.2574484348297,ok
refine,pps/refine/L64_z0.350_lam0.3588/real005.json,0.5595757953836556,9b617fad03ded5737e9f1bf1610ffeb2a50a0996,64,0.3588,0.35,5,0.3588,0.6412,64.0,128,0.2654350480437437,-5.1179708442037555,1.7578283377733992,0.061149179810306695,123.78228259381973,0.03809518599146105,1,0.2961514801430661,0.18149551649770118,0.589672245554555,0.43762387975479694,1.9062533537902806,235.47104382514954,ok
refine,pps/refine/L64_z0.350_lam0.3588/real006.json,0.5595757953836556,9b617fad03ded5737e9f1bf1610ffeb2a50a0996,64,0.3588,0.35,6,0.3588,0.6412,64.0,128,0.2654350480437437,-5.115295891689718,1.7351303270755378,0.07006248611929863,122.35411021615731,0.03674037039272053,1,0.24595848131601258,0.15000694224980501,0.4480311877716838,0.3182433756100722,1.7679360523244885,239.28664135932922,ok
refine,pps/refine/L64_z0.350_lam0.3588/real007.json,0.5595757953836556,9b617fad03ded5737e9f1bf1610ffeb2a50a0996,64,0.3588,0.35,7,0.3588,0.6412,64.0,128,0.2654350480437437,-5.099258825182913,1.7419642598801812,0.11543122660909952,122.63651627431473,0.0361019132446888,1,0.18680373554090435,0.14377909988401813,0.3381959432380644,0.2986737978922316,1.7209228742120724,234.50001978874207,ok
refine,pps/refine/L64_z0.350_lam0.3588/real008.json,0.5595757953836556,9b617fad03ded5737e9f1bf1610ffeb2a50a0996,64,0.3588,0.35,8,0.3588,0.6412,64.0,128,0.2654350480437437,-5.108603006388204,1.7175626965515927,0.07274708114690376,122.9319649579777,0.03657776905274798,1,0.18565309426874016,0.16945461360360609,0.3463075813703632,0.3974371208310306,1.7292606971775277,231.44705271720886,ok
refine,pps/refine/L64_z0.350_lam0.3588/real009.json,0.5595757953836556,9b617fad03ded5737e9f1bf1610ffeb2a50a0996,64,0.3588,0.35,9,0.3588,0.6412,64.0,128,0.2654350480437437,-5.0402168448605345,1.7856719451657659,0.08865360794592976,121.33604074548184,0.037680733730176934,1,0.15739589406127946,0.12851257534908447,0.2837257240702933,0.258515174098533,1.7015564284326539,227.03960466384888,ok
refine,pps/refine/L64_z0.350_lam0.3588/real010.json,0.5595757953836556,9b617fad03ded5737e9f1bf1610ffeb2a50a0996,64,0.3588,0.35,10,0.3588,0.6412,64.0,128,0.2654350480437437,-5.11979652883778,1.7853561002296363,0.12209384845025137,123.56681498428605,0.03810355084735803,1,0.16236992090345748,0.10181851844640584,0.2810520852133678,0.19099296507451075,1.6898261318834122,232.26115250587463,ok
refine,pps/refine/L64_z0.350_lam0.3588/real011.json,0.5595757953836556,9b617fad03ded5737e9f1bf1610ffeb2a50a0996,64,0.3588,0.35,11,0.3588,0.6412,64.0,128,0.2654350480437437,-5.096616428571968,1.8188668829986774,0.09141818988759925,121.32758609452983,0.037114122397669765,1,0.1702133720316619,0.15137477171936697,0.3110366352657731,0.29569102574390027,1.7424027526737342,230.3467252254486,ok
refine,pps/refine/L64_z0.350_lam0.3698/real000.json,0.586797841954935,9b617fad03ded5737e9f1bf1610ffeb2a50a0996,64,0.3698,0.35,0,0.3698,0.6302,64.0,128,0.2575394679234593,-5.173400148177969,1.7274152376989043,0.0652858055963818,121.35506229701974,0.03848884550017046,1,0.17768200853209093,0.11970213045937067,0.29911047515537015,0.22168528005585658,1.6262223382957954,232.66394782066345,ok
refine,pps/refine/L64_z0.350_lam0.3698/real001.json,0.586797841954935,9b617fad03ded5737e9f1bf1610ffeb2a50a0996,64,0.3698,0.35,1,0.3698,0.6302,64.0,128,0.2575394679234593,-5.05417448536793,1.7024636848452335,0.03424720106209335,122.53542804643789,0.036973189751507915,1,0.16114477191689908,0.12253285325449058,0.2751757720165988,0.22237987343692903,1.6607965294682523,216.4717559814453,ok
refine,pps/refine/L64_z0.350_lam0.3698/real002.json,0.586797841954935,9b617fad03ded5737e9f1bf1610ffeb2a50a0996,64,0.3698,0.35,2,0.3698,0.6302,64.0,128,0.2575394679234593,-5.085059548660552,1.6794825498461508,0.05739784933732976,121.77136919824625,0.03636519336174917,1,0.12645659327756378,0.10887383453042422,0.2265894643321774,0.24047830898844724,1.6632321299060855,239.1256182193756,ok
refine,pps/refine/L64_z0.350_lam0.3698/real003.json,0.586797841954935,9b617fad03ded5737e9f1bf1610ffeb2a50a0996,64,0.3698,0.35,3,0.3698,0.6302,64.0,128,0.2575394679234593,-5.0438680370622615,1.6941416711083015,0.05827882045794099,122.86208629299085,0.036756276745044045,1,0.15657028974786846,0.14272640579772608,0.2915041353427976,0.3243609242979452,1.743279560249957,225.63866877555847,ok
refine,pps/refine/L64_z0.350_lam0.3698/real004.json,0.586797841954935,9b617fad03ded5737e9f1bf1610ffeb2a50a0996,64,0.3698,0.35,4,0.3698,0.6302,64.0,128,0.2575394679234593,-5.132095604215084,1.7554136135941947,0.10105619197089627,122.95999014336584,0.03684555813907288,1,0.2044750600434681,0.18797626575035806,0.37774871044179836,0.4091130847837984,1.686627168601346,233.21123266220093,ok
refine,pps/refine/L64_z0.350_lam0.3698/real005.json,0.586797841954935,9b617fad03ded5737e9f1bf1610ffeb2a50a0996,64,0.3698,0.35,5,0.3698,0.6302,64.0,128,0.2575394679234593,-4.978866592009693,1.6676591592755616,0.049652668532892665,121.95488753815147,0.03679601920411331,1,0.13735763199698242,0.1354962702880013,0.2447222680699394,0.2571397613039997,1.675593617938108,219.406672000885,ok
refine,pps/refine/L64_z0.350_lam0.3698/real006.json,0.586797841954935,9b617fad03ded5737e9f1bf1610ffeb2a50a0996,64,0.3698,0.35,6,0.3698,0.6302,64.0,128,0.2575394679234593,-5.035438569832159,1.6627680122341428,0.030317883672540513,122.99413825007247,0.03516651381903837,1,0.1398823810146876,0.14741196417263025,0.23608820716889958,0.2810823583506001,1.6151203613807128,220.3313512802124,ok
refine,pps/refine/L64_z0.350_lam0.3698/real007.json,0.586797841954935,9b617fad03ded5737e9f1bf1610ffeb2a50a0996,64,0.3698,0.35,7,0.3698,0.6302,64.0,128,0.2575394679234593,-5.079691533607792,1.6731918036381663,0.04845900980297577,123.55808048266826,0.03719087782340582,1,0.09749617100687177,0.09577786407099763,0.1773224688414779,0.20672829756173516,1.6734744360340184,230.47100925445557,ok
refine,pps/refine/L64_z0.350_lam0.3698/real008.json,0.586797841954935,9b617fad03ded5737e9f1bf1610ffeb2a50a0996,64,0.3698,0.35,8,0.3698,0.6302,64.0,128,0.2575394679234593,-5.120931324032232,1.6907160177972516,0.049424281128464004,122.35589689126226,0.037027751456143974,1,0.14767069544001063,0.10450904509550597,0.25370045246185974,0.20469658088598242,1.6557737467530078,221.20279598236084,ok
refine,pps/refine/L64_z0.350_lam0.3698/real009.json,0.586797841954935,9b617fad03ded5737e9f1bf1610ffeb2a50a0996,64,0.3698,0.35,9,0.3698,0.6302,64.0,128,0.2575394679234593,-5.094658604833208,1.7213707050270153,0.07851889441549838,123.73122295263128,0.037335282079925,1,0.14282765276304416,0.11791282847360489,0.24961896023972935,0.2561018675146625,1.6551498037804615,220.36929655075073,ok
refine,pps/refine/L64_z0.350_lam0.3698/real010.json,0.586797841954935,9b617fad03ded5737e9f1bf1610ffeb2a50a0996,64,0.3698,0.35,10,0.3698,0.6302,64.0,128,0.2575394679234593,-5.046827402558096,1.6526768756632206,0.039520990941226415,123.0291805321158,0.036006882828835025,1,0.10948297846297524,0.0966653811136254,0.18472751968990592,0.18215085021055624,1.5912422327222409,234.80291295051575,ok
refine,pps/refine/L64_z0.350_lam0.3698/real011.json,0.586797841954935,9b617fad03ded5737e9f1bf1610ffeb2a50a0996,64,0.3698,0.35,11,0.3698,0.6302,64.0,128,0.2575394679234593,-5.123070949070197,1.6973055636091896,0.0453379376346105,122.3664001445309,0.036238118465495336,1,0.1976798000026614,0.15432254698719156,0.3548139937690183,0.3299096973799581,1.6707364087531895,228.8145945072174,ok
refine,pps/refine/L80_z0.350_lam0.2366/real000.json,0.3099292638197538,9b617fad03ded5737e9f1bf1610ffeb2a50a0996,80,0.2366,0.35,0,0.2366,0.7634,80.0,128,0.3210032421327455,-5.353153248340987,3.1849520687375663,0.4348541156959366,123.91759513582848,0.032114307976763366,1,0.6110209651744383,0.2529039549117704,1.7245737382433968,1.0724298126417504,2.6806683293382436,444.08859968185425,ok
refine,pps/refine/L80_z0.350_lam0.2366/real001.json,0.3099292638197538,9b617fad03ded5737e9f1bf1610ffeb2a50a0996,80,0.2366,0.35,1,0.2366,0.7634,80.0,128,0.3210032421327455,-5.316784081050705,2.86622235472267,0.30278978500613224,124.09662916121289,0.03219047821346182,1,0.8091987708877562,0.26436735645515935,2.554048982135477,1.1775392680352528,3.0762968426416855,426.2388560771942,ok
refine,pps/refine/L80_z0.350_lam0.2366/real002.json,0.3099292638197538,9b617fad03ded5737e9f1bf1610ffeb2a50a0996,80,0.2366,0.35,2,0.2366,0.7634,80.0,128,0.3210032421327455,-5.26034932253563,3.02801196052529,0.4140896912663506,123.89496763009102,0.031641634506314104,1,0.4989054966578682,0.16201904204627898,1.2790915072495763,0.6261011097726049,2.480920227926185,459.4694471359253,ok
refine,pps/refine/L80_z0.350_lam0.2366/real003.json,0.3099292638197538,9b617fad03ded5737e9f1bf1610ffeb2a50a0996,80,0.2366,0.35,3,0.2366,0.7634,80.0,128,0.3210032421327455,-5.238100846107628,2.910064756232816,0.13644478380680805,124.63510761314946,0.03126764592748939,1,0.6471694118133753,0.19856234107059248,1.793478322904845,0.8060720376265152,2.6801464824428822,421.4255254268646,ok
refine,pps/refine/L80_z0.350_lam0.2366/real004.json,0.3099292638197538,9b617fad03ded5737e9f1bf1610ffeb2a50a0996,80,0.2366,0.35,4,0.2366,0.7634,80.0,128,0.3210032421327455,-5.372059739074773,3.279932343144847,0.32045867888094,124.29968366110992,0.033199537833160014,1,1.0360730381032512,0.2764489367614909,3.2896038678487107,1.2228802889978279,3.12201851308,457.9004168510437,ok
refine,pps/refine/L80_z0.350_lam0.2366/real005.json,0.3099292638197538,9b617fad03ded5737e9f1bf1610ffeb2a50a0996,80,0.2366,0.35,5,0.2366,0.7634,80.0,128,0.3210032421327455,-5.493207531864649,3.345722556954723,0.1605232860238561,124.41411765589878,0.03373765121898487,1,0.9732145287982702,0.33162991515602014,3.395181931846077,1.5605366372690241,3.3617598070369104,453.1539890766144,ok
refine,pps/refine/L80_z0.350_lam0.2366/real006.json,0.3099292638197538,9b617fad03ded5737e9f1bf1610ffeb2a50a0996,80,0.2366,0.35,6,0.2366,0.7634,80.0,128,0.3210032421327455,-5.373836363607184,3.0313925650875735,0.2789261019359509,124.6570360778359,0.03316822367192771,1,0.6817972304917896,0.3262598364710907,2.0631685102655117,1.4054944740863475,2.7647372861760804,436.89400482177734,ok
refine,pps/refine/L80_z0.350_lam0.2366/real007.json,0.3099292638197538,9b617fad03ded5737e9f1bf1610ffeb2a50a0996,80,0.2366,0.35,7,0.2366,0.7634,80.0,128,0.3210032421327455,-5.357932303729223,3.1045679468483076,0.25939948991906475,124.64360111282878,0.032673109304451234,1,0.687686725000769,0.25016194118292145,2.2076976725594997,1.1897512010018636,3.0677127416403174,456.36525082588196,ok
refine,pps/refine/L80_z0.350_lam0.2366/real008.json,0.3099292638197538,9b617fad03ded5737e9f1bf1610ffeb2a50a0996,80,0.2366,0.35,8,0.2366,0.7634,80.0,128,0.3210032421327455,-5.340439850507516,3.241669182261994,0.31093069671558465,123.61173338078166,0.03263141706473589,1,0.9911945076261358,0.29193333991788184,3.129453166987442,1.4069548563333591,3.0438560288089005,456.18323707580566,ok
refine,pps/refine/L80_z0.350_lam0.2366/real009.json,0.3099292638197538,9b617fad03ded5737e9f1bf1610ffeb2a50a0996,80,0.2366,0.35,9,0.2366,0.7634,80.0,128,0.3210032421327455,-5.391710713196287,3.1823955567280597,0.3046250311817293,124.30006738176465,0.032824919674797164,1,0.6334804765725033,0.2230019105977911,1.7909559801326722,0.9979808958244842,2.6922713315225106,456.90544605255127,ok
refine,pps/refine/L80_z0.350_lam0.2366/real010.json,0.3099292638197538,9b617fad03ded5737e9f1bf1610ffeb2a50a0996,80,0.2366,0.35,10,0.2366,0.7634,80.0,128,0.3210032421327455,-5.42137752519702,3.1618085562850284,0.3071084814500813,124.18455845320754,0.032555985457434274,1,1.1719979601641073,0.2780515549387359,4.351713003647024,1.4553043354191404,3.6385678806141057,447.5593972206116,ok
refine,pps/refine/L80_z0.350_lam0.2366/real011.json,0.3099292638197538,9b617fad03ded5737e9f1bf1610ffeb2a50a0996,80,0.2366,0.35,11,0.2366,0.7634,80.0,128,0.3210032421327455,-5.424431270384282,3.4945440353637056,0.36357486944632356,124.02492047945034,0.0332794408879224,1,0.8905379441292389,0.315722895937691,2.449028567970038,1.4196183900348704,2.604430084273176,442.8871531486511,ok
refine,pps/refine/L80_z0.350_lam0.2479/real000.json,0.32961042414572533,9b617fad03ded5737e9f1bf1610ffeb2a50a0996,80,0.2479,0.35,0,0.2479,0.7521,80.0,128,0.3063709846252828,-5.632769773869784,3.081455223778058,0.2393522416661626,124.13921387830966,0.033878683226058026,1,0.48926107689472753,0.2428161020157227,1.2002540303429772,0.9057339333503299,2.265449289263631,453.2853305339813,ok
refine,pps/refine/L80_z0.350_lam0.2479/real001.json,0.32961042414572533,9b617fad03ded5737e9f1bf1610ffeb2a50a0996,80,0.2479,0.35,1,0.2479,0.7521,80.0,128,0.3063709846252828,-5.5858034944731765,3.0588952876395985,0.24048752776426577,124.64262668096006,0.03443716866488137,1,1.1032650887975874,0.3369452974564511,3.517977335121788,1.4155862979036233,3.0869991959513468,465.8166444301605,ok
refine,pps/refine/L80_z0.350_lam0.2479/real002.json,0.32961042414572533,9b617fad03ded5737e9f1bf1610ffeb2a50a0996,80,0.2479,0.35,2,0.2479,0.7521,80.0,128,0.3063709846252828,-5.550918143929127,2.842006704623124,0.13575942528958787,123.38915954780722,0.03388323094678347,1,0.5738895816497893,0.251269108185691,1.7428509715820573,1.119155846213165,2.829537592714092,461.2082533836365,ok
refine,pps/refine/L80_z0.350_lam0.2479/real003.json,0.32961042414572533,9b617fad03ded5737e9f1bf1610ffeb2a50a0996,80,0.2479,0.35,3,0.2479,0.7521,80.0,128,0.3063709846252828,-5.537811069889367,2.9387607873206703,0.2718488364405972,124.41946852171097,0.0325638216982044,1,0.7952166974952283,0.28933381056426954,2.3014828754111676,1.3588333691446666,2.720180296642095,438.97291588783264,ok
refine,pps/refine/L80_z0.350_lam0.2479/real004.json,0.32961042414572533,9b617fad03ded5737e9f1bf1610ffeb2a50a0996,80,0.2479,0.35,4,0.2479,0.7521,80.0,128,0.3063709846252828,-5.464049076169966,3.1114590888544496,0.19125185136900852,123.54869838469206,0.03382685602783024,1,0.841384987048867,0.1860124781517575,2.4872059441789216,0.9126844579891831,2.8831653961119557,466.135751247406,ok
refine,pps/refine/L80_z0.350_lam0.2479/real005.json,0.32961042414572533,9b617fad03ded5737e9f1bf1610ffeb2a50a0996,80,0.2479,0.35,5,0.2479,0.7521,80.0,128,0.3063709846252828,-5.596948739275232,3.140886107273258,0.22289365721292295,124.41631441507266,0.034979292664932875,1,1.340080017435327,0.3181363408733915,4.723207084708324,1.673688166833563,3.452504608018716,441.7856364250183,ok
refine,pps/refine/L80_z0.350_lam0.2479/real006.json,0.32961042414572533,9b617fad03ded5737e9f1bf1610ffeb2a50a0996,80,0.2479,0.35,6,0.2479,0.7521,80.0,128,0.3063709846252828,-5.498699751618075,2.745678196836119,0.2795533561714249,124.27830472482086,0.03376248591814863,1,0.7863597760567743,0.2794467214841098,2.2023691341453975,1.066342115422932,2.72377632719558,463.2553195953369,ok
refine,pps/refine/L80_z0.350_lam0.2479/real007.json,0.32961042414572533,9b617fad03ded5737e9f1bf1610ffeb2a50a0996,80,0.2479,0.35,7,0.2479,0.7521,80.0,128,0.3063709846252828,-5.527424564454471,2.881961855225399,0.3871067462266067,123.71288474210938,0.03316016166200711,1,0.8531345703262494,0.2537232913145445,2.1632062485934958,0.8216167480322782,2.495216518487653,442.044278383255,ok
refine,pps/refine/L80_z0.350_lam0.2479/real008.json,0.32961042414572533,9b617fad03ded5737e9f1bf1610ffeb2a50a0996,80,0.2479,0.35,8,0.2479,0.7521,80.0,128,0.3063709846252828,-5.476273625958682,2.978030183698974,0.1230498554700031,124.74990166363207,0.033711120176058644,1,0.8202264997596924,0.29193784807728923,2.4898349861902913,1.3051668785671273,2.884948534156317,448.7427067756653,ok
refine,pps/refine/L80_z0.350_lam0.2479/real009.json,0.32961042414572533,9b617fad03ded5737e9f1bf1610ffeb2a50a0996,80,0.2479,0.35,9,0.2479,0.7521,80.0,128,0.3063709846252828,-5.63433995503067,3.058184051776236,0.24869274976746206,123.87371964152844,0.03531657669741604,1,0.7526992933700056,0.21393099865945742,2.2997577604297508,0.8490174657290378,3.0087821354777216,473.0797016620636,ok
refine,pps/refine/L80_z0.350_lam0.2479/real010.json,0.32961042414572533,9b617fad03ded5737e9f1bf1610ffeb2a50a0996,80,0.2479,0.35,10,0.2479,0.7521,80.0,128,0.3063709846252828,-5.434148992426335,2.8410063276241697,0.3101153854904771,123.30703193636123,0.03318627105188269,1,0.7442819973897539,0.20849113321179252,2.2027138207091084,0.8190063540579428,2.9079574738391196,470.48491191864014,ok
refine,pps/refine/L80_z0.350_lam0.2479/real011.json,0.32961042414572533,9b617fad03ded5737e9f1bf1610ffeb2a50a0996,80,0.2479,0.35,11,0.2479,0.7521,80.0,128,0.3063709846252828,-5.502730480170987,2.940477605929752,0.3274358281008762,123.93325111492113,0.03329828092194082,1,0.4232543095301523,0.18885715198746358,1.0948112247793165,0.6619144820575936,2.47270207296241,480.103360414505,ok
refine,pps/refine/L80_z0.350_lam0.2588/real000.json,0.34916351861845646,9b617fad03ded5737e9f1bf1610ffeb2a50a0996,80,0.2588,0.35,0,0.2588,0.7412000000000001,80.0,128,0.2934674153346507,-5.633013688559408,2.6475753759744842,0.25850256044720876,122.66832975007031,0.034284253951547106,1,0.6943142285114232,0.24566474803806793,1.8015203764412586,0.8593682430051204,2.487232526626821,457.40449619293213,ok
refine,pps/refine/L80_z0.350_lam0.2588/real001.json,0.34916351861845646,9b617fad03ded5737e9f1bf1610ffeb2a50a0996,80,0.2588,0.35,1,0.2588,0.7412000000000001,80.0,128,0.2934674153346507,-5.530115267286565,2.578468058694204,0.2891470206685274,124.5985902550252,0.03365949779048658,1,0.6331555087714021,0.24298201040590192,1.8664454837195505,0.8754387282070983,2.93453645313862,480.0296838283539,ok
refine,pps/refine/L80_z0.350_lam0.2588/real002.json,0.34916351861845646,9b617fad03ded5737e9f1bf1610ffeb2a50a0996,80,0.2588,0.35,2,0.2588,0.7412000000000001,80.0,128,0.2934674153346507,-5.63454930846251,2.918541935928327,0.13860444722856546,123.40994776600178,0.03419206877580063,1,0.7131596036481955,0.2659646504032384,2.221204092395106,1.0960412929697931,3.0272135629201005,476.0397355556488,ok
refine,pps/refine/L80_z0.350_lam0.2588/real003.json,0.34916351861845646,9b617fad03ded5737e9f1bf1610ffeb2a50a0996,80,0.2588,0.35,3,0.2588,0.7412000000000001,80.0,128,0.2934674153346507,-5.714874623422111,2.9653957021569948,0.2876385376448809,123.10255284294382,0.03449235259532097,1,0.6863109571997634,0.24490400046204186,1.8668743060443282,0.9682806834209471,2.5981991123122796,487.1353106498718,ok
refine,pps/refine/L80_z0.350_lam0.2588/real004.json,0.34916351861845646,9b617fad03ded5737e9f1bf1610ffeb2a50a0996,80,0.2588,0.35,4,0.2588,0.7412000000000001,80.0,128,0.2934674153346507,-5.694634091922149,2.8849120394607177,0.17329025088368774,124.51915537265037,0.034457533888815894,1,0.6672705837424417,0.266661023810441,1.9409926130986888,0.9996959913607207,2.841184801634797,466.58454751968384,ok
refine,pps/refine/L80_z0.350_lam0.2588/real005.json,0.34916351861845646,9b617fad03ded5737e9f1bf1610ffeb2a50a0996,80,0.2588,0.35,5,0.2588,0.7412000000000001,80.0,128,0.2934674153346507,-5.657934535286801,2.7973108274985035,0.14903016274437111,122.72695982539094,0.03570730790718795,1,0.7600589913250198,0.24795759017245103,2.0129880735524446,0.9562566114057286,2.564806997459568,460.3990089893341,ok
refine,pps/refine/L80_z0.350_lam0.2588/real006.json,0.34916351861845646,9b617fad03ded5737e9f1bf1610ffeb2a50a0996,80,0.2588,0.35,6,0.2588,0.7412000000000001,80.0,128,0.2934674153346507,-5.590145824887242,2.7111130929920098,0.148078384321256,123.9922271242103,0.034646500929287005,1,0.7758498234952849,0.3718395064131182,2.2451159499239965,1.3337613107370394,2.802194671244906,456.02554965019226,ok
refine,pps/refine/L80_z0.350_lam0.2588/real007.json,0.34916351861845646,9b617fad03ded5737e9f1bf1610ffeb2a50a0996,80,0.2588,0.35,7,0.2588,0.7412000000000001,80.0,128,0.2934674153346507,-5.657858145554312,2.670000007208707,0.1914864137732925,123.8320870485283,0.034298171943428525,1,0.7519763461796849,0.25588660769666566,1.9469991674272686,0.8280192703574537,2.5527022098827645,456.2499005794525,ok
refine,pps/refine/L80_z0.350_lam0.2588/real008.json,0.34916351861845646,9b617fad03ded5737e9f1bf1610ffeb2a50a0996,80,0.2588,0.35,8,0.2588,0.7412000000000001,80.0,128,0.2934674153346507,-5.727483235549662,3.0401992799200173,0.15939632613120447,124.46462265572882,0.03496810751985512,1,0.8395002047200598,0.2719828336549405,2.389491593180736,1.0443833423182314,2.760581799578968,468.2272307872772,ok
refine,pps/refine/L80_z0.350_lam0.2588/real009.json,0.34916351861845646,9b617fad03ded5737e9f1bf1610ffeb2a50a0996,80,0.2588,0.35,9,0.2588,0.7412000000000001,80.0,128,0.2934674153346507,-5.697511919917227,2.7297986564572243,0.3223345469297586,123.77835831133324,0.03465149182221315,1,0.9448100479807959,0.25552047293545516,2.7326262849306513,1.0405035177505766,2.8573433041424066,468.9520330429077,ok
refine,pps/refine/L80_z0.350_lam0.2588/real010.json,0.34916351861845646,9b617fad03ded5737e9f1bf1610ffeb2a50a0996,80,0.2588,0.35,10,0.2588,0.7412000000000001,80.0,128,0.2934674153346507,-5.681879596382042,2.769469447807474,0.38205143710685807,124.15415543286083,0.034046612724466734,1,0.6561175316573036,0.2212093143916334,1.779586248714025,0.8602519650385265,2.6507490084281002,485.93311500549316,ok
refine,pps/refine/L80_z0.350_lam0.2588/real011.json,0.34916351861845646,9b617fad03ded5737e9f1bf1610ffeb2a50a0996,80,0.2588,0.35,11,0.2588,0.7412000000000001,80.0,128,0.2934674153346507,-5.68718492682334,2.728665110003806,0.3209551256032956,124.61241360636777,0.03388606500646594,1,0.6815991206001899,0.1976481892286908,1.598286081405929,0.909143216903727,2.2430301680778912,508.7819104194641,ok
refine,pps/refine/L80_z0.350_lam0.2701/real000.json,0.3700506918755994,9b617fad03ded5737e9f1bf1610ffeb2a50a0996,80,0.2701,0.35,0,0.2701,0.7299,80.0,128,0.28118980780676633,-5.931439022646454,2.800961561953311,0.22465181513655735,123.6901207549157,0.03665618673102396,1,0.6745014136068823,0.22531900790944406,1.8381101402147715,0.760750016460595,2.6592771561739035,476.9765703678131,ok
refine,pps/refine/L80_z0.350_lam0.2701/real001.json,0.3700506918755994,9b617fad03ded5737e9f1bf1610ffeb2a50a0996,80,0.2701,0.35,1,0.2701,0.7299,80.0,128,0.28118980780676633,-5.844840316309989,2.7233654504722864,0.14787585588059338,124.06595337885318,0.035305949288435,1,1.0101198085849483,0.3990812990554747,2.9389093636981514,1.363248867679669,2.8472004232603627,489.0500705242157,ok
refine,pps/refine/L80_z0.350_lam0.2701/real002.json,0.3700506918755994,9b617fad03ded5737e9f1bf1610ffeb2a50a0996,80,0.2701,0.35,2,0.2701,0.7299,80.0,128,0.28118980780676633,-5.813418750439219,2.7224770467942343,0.13727559674058992,123.86701133418863,0.03573344386444753,1,0.8689278050786271,0.3407578798688295,2.6559494865153086,1.1875112345372518,3.010023979033898,484.77947068214417,ok
refine,pps/refine/L80_z0.350_lam0.2701/real003.json,0.3700506918755994,9b617fad03ded5737e9f1bf1610ffeb2a50a0996,80,0.2701,0.35,3,0.2701,0.7299,80.0,128,0.28118980780676633,-5.736448410556438,2.656499968595073,0.2976584412999747,124.33250188075166,0.035262297842236154,1,0.6290106094507628,0.26439164085466105,1.7284298441055674,0.9114534020248662,2.6494035980480657,483.1114959716797,ok
refine,pps/refine/L80_z0.350_lam0.2701/real004.json,0.3700506918755994,9b617fad03ded5737e9f1bf1610ffeb2a50a0996,80,0.2701,0.35,4,0.2701,0.7299,80.0,128,0.28118980780676633,-5.842847036456206,2.8917984417737124,0.24568166580613598,124.47925116388119,0.035675812828659934,1,0.7898884785925642,0.3134607718974181,2.3769184587573897,1.1559963565011047,2.957422943274327,454.0598452091217,ok
refine,pps/refine/L80_z0.350_lam0.2701/real005.json,0.3700506918755994,9b617fad03ded5737e9f1bf1610ffeb2a50a0996,80,0.2701,0.35,5,0.2701,0.7299,80.0,128,0.28118980780676633,-5.7405542129509195,2.549530232484531,0.21867885808053816,123.87408727127239,0.03563719181956635,1,0.47841500177697655,0.26285422978279893,1.2237486708435794,0.9288487707995279,2.384907912281617,486.9273097515106,ok
refine,pps/refine/L80_z0.350_lam0.2701/real006.json,0.3700506918755994,9b617fad03ded5737e9f1bf1610ffeb2a50a0996,80,0.2701,0.35,6,0.2701,0.7299,80.0,128,0.28118980780676633,-5.70150597833697,2.4757324239473344,0.20712404675031157,123.7048065025514,0.03472124012276417,1,0.48393866263349516,0.17908546839259357,1.0773340036293417,0.5991277703004809,2.148095984359367,463.294189453125,ok
refine,pps/refine/L80_z0.350_lam0.2701/real007.json,0.3700506918755994,9b617fad03ded5737e9f1bf1610ffeb2a50a0996,80,0.2701,0.35,7,0.2701,0.7299,80.0,128,0.28118980780676633,-5.818493279764729,2.628441736590436,0.2578598068002273,122.80249274369646,0.03593736074012197,1,0.7423644230359705,0.16737580642802363,2.116780315535081,0.7362707951019174,2.8082523359528873,467.251341342926,ok
refine,pps/refine/L80_z0.350_lam0.2701/real008.json,0.3700506918755994,9b617fad03ded5737e9f1bf1610ffeb2a50a0996,80,0.2701,0.35,8,0.2701,0.7299,80.0,128,0.28118980780676633,-5.814615827699453,2.7802853965321956,0.1957526585289763,123.13081959772644,0.03536850710832324,1,0.8386560684237465,0.41734919526878184,2.578179917878092,1.8383124468941792,2.845070256781727,492.01863861083984,ok
refine,pps/refine/L80_z0.350_lam0.2701/real009.json,0.3700506918755994,9b617fad03ded5737e9f1bf1610ffeb2a50a0996,80,0.2701,0.35,9,0.2701,0.7299,80.0,128,0.28118980780676633,-5.754527706196081,2.53207368577047,0.19144988380980543,124.79863959169425,0.03435944044080751,1,0.8626362094588833,0.3559822021085187,2.7417744276891094,1.4135355822747593,3.093962969950523,480.98936676979065,ok
refine,pps/refine/L80_z0.350_lam0.2701/real010.json,0.3700506918755994,9b617fad03ded5737e9f1bf1610ffeb2a50a0996,80,0.2701,0.35,10,0.2701,0.7299,80.0,128,0.28118980780676633,-5.67018641045297,2.370159578806633,0.20289076177409338,123.96394844193244,0.03351446020193298,1,0.32164768380377895,0.2351871464299299,0.7441105429724093,0.6653260023310362,2.137278205034595,469.23601484298706,ok
refine,pps/refine/L80_z0.350_lam0.2701/real011.json,0.3700506918755994,9b617fad03ded5737e9f1bf1610ffeb2a50a0996,80,0.2701,0.35,11,0.2701,0.7299,80.0,128,0.28118980780676633,-5.676093407026007,2.4647269684778483,0.13601729531246323,124.22633949247394,0.03455133627668726,1,0.6188130324120189,0.23162281537195675,1.5915334845416202,0.8831822859527232,2.46130600804376,507.1953227519989,ok
refine,pps/refine/L80_z0.350_lam0.2810/real000.json,0.3908205841446454,9b617fad03ded5737e9f1bf1610ffeb2a50a0996,80,0.281,0.35,0,0.281,0.719,80.0,128,0.2702824451551871,-5.861363473596935,2.2762436952938994,0.1415515297054413,123.10711844421068,0.03584168519708782,1,0.49581520410872515,0.28761730410427355,1.365719048789679,1.1065339258064257,2.476453449395219,499.58506417274475,ok
refine,pps/refine/L80_z0.350_lam0.2810/real001.json,0.3908205841446454,9b617fad03ded5737e9f1bf1610ffeb2a50a0996,80,0.281,0.35,1,0.281,0.719,80.0,128,0.2702824451551871,-5.966720849487372,2.7901554377289077,0.0955167869828026,124.4762133930304,0.03635043631938803,1,0.6317426830971482,0.24889869369058348,1.765610526649878,0.9745358761602383,2.6752639796125868,492.46872425079346,ok
refine,pps/refine/L80_z0.350_lam0.2810/real002.json,0.3908205841446454,9b617fad03ded5737e9f1bf1610ffeb2a50a0996,80,0.281,0.35,2,0.281,0.719,80.0,128,0.2702824451551871,-5.952661957793397,2.5563686811438995,0.20079545181059916,124.64249075263629,0.03538219979964942,1,0.6052972453021561,0.18461963843875068,1.7210624042059397,0.639383533265614,2.804295341494005,499.7311589717865,ok
refine,pps/refine/L80_z0.350_lam0.2810/real003.json,0.3908205841446454,9b617fad03ded5737e9f1bf1610ffeb2a50a0996,80,0.281,0.35,3,0.281,0.719,80.0,128,0.2702824451551871,-5.783779354505999,2.218589560772722,0.12877323745973093,123.33304106552048,0.035615160067738065,1,0.2763987494154596,0.149022843808687,0.6443391651403918,0.5248023681140077,2.1398652938108733,470.2341778278351,ok
refine,pps/refine/L80_z0.350_lam0.2810/real004.json,0.3908205841446454,9b617fad03ded5737e9f1bf1610ffeb2a50a0996,80,0.281,0.35,4,0.281,0.719,80.0,128,0.2702824451551871,-5.867453460282669,2.4408857118200022,0.2854003640549141,124.08837642269111,0.03502777378180487,1,0.36424142000881954,0.19251330275858303,0.8315386546842058,0.5857837327136756,2.1409895136029786,517.0700533390045,ok
refine,pps/refine/L80_z0.350_lam0.2810/real005.json,0.3908205841446454,9b617fad03ded5737e9f1bf1610ffeb2a50a0996,80,0.281,0.35,5,0.281,0.719,80.0,128,0.2702824451551871,-5.912537756183346,2.620024887154466,0.28336716282544056,124.00507566662505,0.035959408523610355,1,0.4111913936305551,0.23718813155927168,1.011613895498485,0.7859964828196675,2.2836910197050537,480.61883425712585,ok
refine,pps/refine/L80_z0.350_lam0.2810/real006.json,0.3908205841446454,9b617fad03ded5737e9f1bf1610ffeb2a50a0996,80,0.281,0.35,6,0.281,0.719,80.0,128,0.2702824451551871,-5.783665436251864,2.383143171878545,0.1756027093191977,123.9925773099265,0.03482572892804617,1,0.4815632380652186,0.16238522489806212,1.1416987608536706,0.560579746770536,2.297246937410625,475.94793462753296,ok
refine,pps/refine/L80_z0.350_lam0.2810/real007.json,0.3908205841446454,9b617fad03ded5737e9f1bf1610ffeb2a50a0996,80,0.281,0.35,7,0.281,0.719,80.0,128,0.2702824451551871,-5.8601518171250655,2.3726128770693817,0.13624792333087765,123.89213143825232,0.03467564374321892,1,0.6357577905609879,0.335288220241017,1.7555645710977514,1.155418389549356,2.6713568028531753,480.6223602294922,ok
refine,pps/refine/L80_z0.350_lam0.2810/real008.json,0.3908205841446454,9b617fad03ded5737e9f1bf1610ffeb2a50a0996,80,0.281,0.35,8,0.281,0.719,80.0,128,0.2702824451551871,-5.811369805019012,2.347419763115628,0.33168651623509543,124.52959596654433,0.03544989073222282,1,0.7302403022204293,0.28718333868654694,2.116009856168818,0.9042851621887574,2.870336795534085,491.54592394828796,ok
refine,pps/refine/L80_z0.350_lam0.2810/real009.json,0.3908205841446454,9b617fad03ded5737e9f1bf1610ffeb2a50a0996,80,0.281,0.35,9,0.281,0.719,80.0,128,0.2702824451551871,-5.939332205850019,2.506811657899705,0.17464010966167648,123.66939773474856,0.036101915571728135,1,0.745914471146979,0.37425647553234437,2.2697190577714568,1.3698052793323732,2.8969819028624224,516.783435344696,ok
refine,pps/refine/L80_z0.350_lam0.2810/real010.json,0.3908205841446454,9b617fad03ded5737e9f1bf1610ffeb2a50a0996,80,0.281,0.35,10,0.281,0.719,80.0,128,0.2702824451551871,-5.932731936902654,2.490533932422766,0.15582970663216492,123.94607733312634,0.03588842093846572,1,0.6277868800025028,0.28584763349931214,1.569170825520576,0.9199756237529012,2.3968661199307073,524.7150223255157,ok
refine,pps/refine/L80_z0.350_lam0.2810/real011.json,0.3908205841446454,9b617fad03ded5737e9f1bf1610ffeb2a50a0996,80,0.281,0.35,11,0.281,0.719,80.0,128,0.2702824451551871,-5.882524722128956,2.406213050055573,0.16240351108337392,124.76163388092394,0.03597761810032759,1,0.6423979904361179,0.20257187472319435,1.7399194187635607,0.7194020901096315,2.648473135851824,512.8017208576202,ok
refine,pps/refine/L80_z0.350_lam0.2923/real000.json,0.4130281192595733,9b617fad03ded5737e9f1bf1610ffeb2a50a0996,80,0.2923,0.35,0,0.2923,0.7077,80.0,128,0.25983361987207526,-6.005440356451429,2.3647086091073484,0.19721576296869198,123.84494361740582,0.03628660914257188,1,0.24276965817056861,0.19161805525406056,0.4744137702282242,0.429226734696975,1.8211104275971612,504.38707399368286,ok
refine,pps/refine/L80_z0.350_lam0.2923/real001.json,0.4130281192595733,9b617fad03ded5737e9f1bf1610ffeb2a50a0996,80,0.2923,0.35,1,0.2923,0.7077,80.0,128,0.25983361987207526,-5.939871294834104,2.227586222030128,0.1557551734920107,122.77057078655662,0.035614548025894,1,0.39179115709512935,0.1985275730182658,0.8494005887584177,0.5850633845519863,2.057153766068391,497.6199996471405,ok
refine,pps/refine/L80_z0.350_lam0.2923/real002.json,0.4130281192595733,9b617fad03ded5737e9f1bf1610ffeb2a50a0996,80,0.2923,0.35,2,0.2923,0.7077,80.0,128,0.25983361987207526,-5.997010814690624,2.398225421209043,0.20017505660606538,123.28294905211474,0.035786837665916754,1,0.42332542850782345,0.18246628600938733,0.972044968104956,0.5524002888169304,2.2509203836870224,483.48183846473694,ok
refine,pps/refine/L80_z0.350_lam0.2923/real003.json,0.4130281192595733,9b617fad03ded5737e9f1bf1610ffeb2a50a0996,80,0.2923,0.35,3,0.2923,0.7077,80.0,128,0.25983361987207526,-5.804695178157477,2.0770439588300467,0.13700903263377617,123.4778335801228,0.0337696322459216,1,0.22409928237453636,0.17790720275372643,0.4634103505485653,0.45190772600374657,1.8959536214533,491.92090010643005,ok
refine,pps/refine/L80_z0.350_lam0.2923/real004.json,0.4130281192595733,9b617fad03ded5737e9f1bf1610ffeb2a50a0996,80,0.2923,0.35,4,0.2923,0.7077,80.0,128,0.25983361987207526,-6.0208426331748175,2.2731406487013137,0.21088447100456906,123.06053605111174,0.03644651510748393,1,0.586022482431394,0.23537682472382124,1.6504816671651854,0.9906631916910615,2.7149701851065373,508.7714159488678,ok
refine,pps/refine/L80_z0.350_lam0.2923/real005.json,0.4130281192595733,9b617fad03ded5737e9f1bf1610ffeb2a50a0996,80,0.2923,0.35,5,0.2923,0.7077,80.0,128,0.25983361987207526,-5.995120793321107,2.335289379390523,0.13469850186790663,123.67290651704066,0.03670546126746802,1,0.33100043672743107,0.15334985333692927,0.7932316616637776,0.4969077113059083,2.2703914020024696,487.7962489128113,ok
refine,pps/refine/L80_z0.350_lam0.2923/real006.json,0.4130281192595733,9b617fad03ded5737e9f1bf1610ffeb2a50a0996,80,0.2923,0.35,6,0.2923,0.7077,80.0,128,0.25983361987207526,-5.9156024110206795,2.258608531127401,0.21280497763885917,123.84598267478796,0.035588646460558246,1,0.613672672329135,0.25603335991080944,1.5090947132884458,0.7038383076805882,2.4676508496862466,497.6128406524658,ok
refine,pps/refine/L80_z0.350_lam0.2923/real007.json,0.4130281192595733,9b617fad03ded5737e9f1bf1610ffeb2a50a0996,80,0.2923,0.35,7,0.2923,0.7077,80.0,128,0.25983361987207526,-5.947389460930184,2.1233344432626273,0.18549179465235777,124.30378253548454,0.035813417795799926,1,0.3947865262031313,0.22727717270763675,1.0180968888448887,0.7215743538374468,2.4095055568365726,503.32794761657715,ok
refine,pps/refine/L80_z0.350_lam0.2923/real008.json,0.4130281192595733,9b617fad03ded5737e9f1bf1610ffeb2a50a0996,80,0.2923,0.35,8,0.2923,0.7077,80.0,128,0.25983361987207526,-5.965638179546956,2.4270606515909234,0.07098785882647704,123.64151799347067,0.036609020076154256,1,0.7041381568192203,0.31293904684725793,1.857359475349006,0.9497908163565841,2.532196441778475,521.616132736206,ok
refine,pps/refine/L80_z0.350_lam0.2923/real009.json,0.4130281192595733,9b617fad03ded5737e9f1bf1610ffeb2a50a0996,80,0.2923,0.35,9,0.2923,0.7077,80.0,128,0.25983361987207526,-6.009804552273831,2.4901752688725347,0.20000149147822063,124.53455977465339,0.03671295836302168,1,0.4856391380478535,0.19999482471440255,1.1383100871590717,0.5870541112066194,2.3230207749121026,507.7652521133423,ok
refine,pps/refine/L80_z0.350_lam0.2923/real010.json,0.4130281192595733,9b617fad03ded5737e9f1bf1610ffeb2a50a0996,80,0.2923,0.35,10,0.2923,0.7077,80.0,128,0.25983361987207526,-5.977382251408115,2.22970541776098,0.13374725636627133,123.61812206137978,0.03678803682325152,1,0.3854205201378575,0.18492607568364278,0.9208524238451452,0.4984948304661779,2.3617318108613574,492.5284719467163,ok
refine,pps/refine/L80_z0.350_lam0.2923/real011.json,0.4130281192595733,9b617fad03ded5737e9f1bf1610ffeb2a50a0996,80,0.2923,0.35,11,0.2923,0.7077,80.0,128,0.25983361987207526,-6.029004231458123,2.469173271357344,0.2607572185916472,123.18313506047681,0.03833266163396705,1,0.40241085678354926,0.24447355868939055,0.94574844455838,0.7244296269458728,2.1892146927758125,516.6654198169708,ok
refine,pps/refine/L80_z0.350_lam0.3032/real000.json,0.43513203214695756,9b617fad03ded5737e9f1bf1610ffeb2a50a0996,80,0.3032,0.35,0,0.3032,0.6968,80.0,128,0.2504926355165158,-6.047700575439082,2.135566257464025,0.18038045852770268,124.4339453436482,0.035937192882933726,1,0.3416941988230673,0.18432776059925027,0.7725663775757353,0.5197633973796069,2.1752712440947777,490.40955448150635,ok
refine,pps/refine/L80_z0.350_lam0.3032/real001.json,0.43513203214695756,9b617fad03ded5737e9f1bf1610ffeb2a50a0996,80,0.3032,0.35,1,0.3032,0.6968,80.0,128,0.2504926355165158,-5.9472141874469004,2.007624970395215,0.13130677187802728,122.92803691048798,0.03547240241263973,1,0.3580027097402446,0.1629224016006233,0.7220573874772485,0.4555120200607906,1.944432438491647,484.26446199417114,ok
refine,pps/refine/L80_z0.350_lam0.3032/real002.json,0.43513203214695756,9b617fad03ded5737e9f1bf1610ffeb2a50a0996,80,0.3032,0.35,2,0.3032,0.6968,80.0,128,0.2504926355165158,-5.997048845065166,2.110794264763375,0.2228933409927933,123.11585544428324,0.035907824540754966,1,0.2850746595177686,0.14999227312590124,0.5927414459739138,0.38459025681372805,1.9811477571621467,531.0593731403351,ok
refine,pps/refine/L80_z0.350_lam0.3032/real003.json,0.43513203214695756,9b617fad03ded5737e9f1bf1610ffeb2a50a0996,80,0.3032,0.35,3,0.3032,0.6968,80.0,128,0.2504926355165158,-5.988711811015068,2.053269310974238,0.1317964324541668,122.56773211304429,0.03633966974447354,1,0.35757252539200607,0.21995472330284557,0.8021585454800777,0.6664203625255557,2.128766979401946,531.2935302257538,ok
refine,pps/refine/L80_z0.350_lam0.3032/real004.json,0.43513203214695756,9b617fad03ded5737e9f1bf1610ffeb2a50a0996,80,0.3032,0.35,4,0.3032,0.6968,80.0,128,0.2504926355165158,-6.046044259331251,2.2325659214844364,0.16982685880429815,123.980240130856,0.035826793084072446,1,0.49376644431604066,0.20753071089717673,1.1926497561750016,0.5807654231026418,2.366930402127576,512.7676517963409,ok
refine,pps/refine/L80_z0.350_lam0.3032/real005.json,0.43513203214695756,9b617fad03ded5737e9f1bf1610ffeb2a50a0996,80,0.3032,0.35,5,0.3032,0.6968,80.0,128,0.2504926355165158,-6.122271163514377,2.23619396073215,0.21321882940138995,124.88981470161356,0.03735564806576964,1,0.46262857007854674,0.21255393398285816,1.0543817538492122,0.556436457129441,2.2155979642363395,507.01485681533813,ok
refine,pps/refine/L80_z0.350_lam0.3032/real006.json,0.43513203214695756,9b617fad03ded5737e9f1bf1610ffeb2a50a0996,80,0.3032,0.35,6,0.3032,0.6968,80.0,128,0.2504926355165158,-5.897988525793035,2.066873231682446,0.15186952731943015,123.31183974665852,0.03577147656481797,1,0.31161915915906585,0.13746029805568563,0.6011234772183284,0.30905735651111044,1.8953033687934093,491.73704743385315,ok
refine,pps/refine/L80_z0.350_lam0.3032/real007.json,0.43513203214695756,9b617fad03ded5737e9f1bf1610ffeb2a50a0996,80,0.3032,0.35,7,0.3032,0.6968,80.0,128,0.2504926355165158,-6.1166363560725285,2.2436405904532735,0.20789300395598795,124.0332091917437,0.03730268246071117,1,0.38740297142799474,0.18790618577936544,0.8945777221232512,0.5681932276002134,2.1851163166237964,524.096266746521,ok
refine,pps/refine/L80_z0.350_lam0.3032/real008.json,0.43513203214695756,9b617fad03ded5737e9f1bf1610ffeb2a50a0996,80,0.3032,0.35,8,0.3032,0.6968,80.0,128,0.2504926355165158,-6.068413153915954,2.174078637657948,0.1034859409589624,123.94300353836566,0.037418254252438346,1,0.40435604954102183,0.21073291579829553,0.8813623196772417,0.6792526125744099,2.011651833194876,510.2995812892914,ok
refine,pps/refine/L80_z0.350_lam0.3032/real009.json,0.43513203214695756,9b617fad03ded5737e9f1bf1610ffeb2a50a0996,80,0.3032,0.35,9,0.3032,0.6968,80.0,128,0.2504926355165158,-6.0654200250879615,2.2477530587545975,0.2053687902853057,123.13784779667313,0.03653976171925915,1,0.49035577588540685,0.20365810211322835,1.0554547996961001,0.6337589118442147,2.0500534101768126,535.1305201053619,ok
refine,pps/refine/L80_z0.350_lam0.3032/real010.json,0.43513203214695756,9b617fad03ded5737e9f1bf1610ffeb2a50a0996,80,0.3032,0.35,10,0.3032,0.6968,80.0,128,0.2504926355165158,-6.178312958775793,2.4096682355236876,0.11927818425150585,122.69444459578688,0.03857649033437658,1,0.35590604796860914,0.1956904353550517,0.7942789884047962,0.5806292814653108,2.109195124362701,524.8128533363342,ok
refine,pps/refine/L80_z0.350_lam0.3032/real011.json,0.43513203214695756,9b617fad03ded5737e9f1bf1610ffeb2a50a0996,80,0.3032,0.35,11,0.3032,0.6968,80.0,128,0.2504926355165158,-6.0321285384578225,2.200237981362501,0.16047301589132867,123.4191544977591,0.03586048513386052,1,0.4601076685489941,0.2124993987130217,1.0661617192509039,0.5799777876308846,2.2612568637122337,510.11300706863403,ok
refine,pps/refine/L80_z0.350_lam0.3144/real000.json,0.45857642940490084,9b617fad03ded5737e9f1bf1610ffeb2a50a0996,80,0.3144,0.35,0,0.3144,0.6856,80.0,128,0.24156923374239056,-6.0784156119608825,1.9765128765889364,0.09241683497371976,123.26601047487996,0.03675610680424936,1,0.2583461598519211,0.16758115429387196,0.5432646632976676,0.4649577031497909,1.9553893184141362,538.7958953380585,ok
refine,pps/refine/L80_z0.350_lam0.3144/real001.json,0.45857642940490084,9b617fad03ded5737e9f1bf1610ffeb2a50a0996,80,0.3144,0.35,1,0.3144,0.6856,80.0,128,0.24156923374239056,-6.035772254637475,1.916125311817666,0.14357061192139867,123.07799405449654,0.036624033266719515,1,0.20438128759448118,0.137016994122067,0.4023803759075062,0.2808114743565679,1.9493048299794966,558.5827975273132,ok
refine,pps/refine/L80_z0.350_lam0.3144/real002.json,0.45857642940490084,9b617fad03ded5737e9f1bf1610ffeb2a50a0996,80,0.3144,0.35,2,0.3144,0.6856,80.0,128,0.24156923374239056,-6.110879833998753,2.0576286115619875,0.11615595675358673,124.56521277049852,0.03733114260778044,1,0.3342667056636994,0.1776870425608784,0.7025002572327397,0.48589423827015693,1.9933075664613615,512.1016476154327,ok
refine,pps/refine/L80_z0.350_lam0.3144/real003.json,0.45857642940490084,9b617fad03ded5737e9f1bf1610ffeb2a50a0996,80,0.3144,0.35,3,0.3144,0.6856,80.0,128,0.24156923374239056,-6.235087564860119,2.1867381159863437,0.09680254008419384,122.60401172871066,0.036916765063399304,2,0.4395156516597987,0.25611943229267503,1.0267402276932915,0.7825552163049967,2.127815544580878,551.2064538002014,ok
refine,pps/refine/L80_z0.350_lam0.3144/real004.json,0.45857642940490084,9b617fad03ded5737e9f1bf1610ffeb2a50a0996,80,0.3144,0.35,4,0.3144,0.6856,80.0,128,0.24156923374239056,-6.10429917179625,1.9837413508411437,0.1028679510504129,123.92393112393479,0.03676419179449289,1,0.34579840622925984,0.179596196088941,0.7491061827808481,0.4927846900037518,2.031027599904575,514.2354321479797,ok
refine,pps/refine/L80_z0.350_lam0.3144/real005.json,0.45857642940490084,9b617fad03ded5737e9f1bf1610ffeb2a50a0996,80,0.3144,0.35,5,0.3144,0.6856,80.0,128,0.24156923374239056,-6.218101989969629,2.2448870924344937,0.12144287179688759,123.61311646119829,0.03713446429991763,1,0.39836451964783565,0.17817188193610636,0.8440273669498182,0.49005934223020436,2.040301327913207,524.017641544342,ok
refine,pps/refine/L80_z0.350_lam0.3144/real006.json,0.45857642940490084,9b617fad03ded5737e9f1bf1610ffeb2a50a0996,80,0.3144,0.35,6,0.3144,0.6856,80.0,128,0.24156923374239056,-6.157855835543321,2.088421488677259,0.1300065411888934,123.84734447486811,0.03742652695112821,1,0.3473188614060949,0.18223411091828717,0.7013215820378658,0.44058563208562673,1.9798406891687577,497.06392216682434,ok
refine,pps/refine/L80_z0.350_lam0.3144/real007.json,0.45857642940490084,9b617fad03ded5737e9f1bf1610ffeb2a50a0996,80,0.3144,0.35,7,0.3144,0.6856,80.0,128,0.24156923374239056,-6.299406541199943,2.4239128188783883,0.12855984374769358,123.82499458348296,0.03798724600063164,1,0.5270164222364184,0.16790571935807821,1.3179700092815356,0.5542870626935618,2.4629796451179686,544.5817549228668,ok
refine,pps/refine/L80_z0.350_lam0.3144/real008.json,0.45857642940490084,9b617fad03ded5737e9f1bf1610ffeb2a50a0996,80,0.3144,0.35,8,0.3144,0.6856,80.0,128,0.24156923374239056,-6.239176793623075,2.2335315966635814,0.17308586970448483,124.10146541800005,0.03858707285933445,1,0.3752478497124684,0.17940561944844735,0.909108894150783,0.5390285642485845,2.325033842201219,528.3775150775909,ok
refine,pps/refine/L80_z0.350_lam0.3144/real009.json,0.45857642940490084,9b617fad03ded5737e9f1bf1610ffeb2a50a0996,80,0.3144,0.35,9,0.3144,0.6856,80.0,128,0.24156923374239056,-5.986597093791201,1.977067406470025,0.16630819795036225,123.28764588294254,0.03583397571078034,1,0.31597256740145807,0.14609573198544,0.6469559824087363,0.38114473289461237,1.9749618974088718,485.3539562225342,ok
refine,pps/refine/L80_z0.350_lam0.3144/real010.json,0.45857642940490084,9b617fad03ded5737e9f1bf1610ffeb2a50a0996,80,0.3144,0.35,10,0.3144,0.6856,80.0,128,0.24156923374239056,-6.185633478416088,2.0328708958706816,0.10679976006625784,122.69614246187624,0.0379408263614105,1,0.29104341733944206,0.13076397836224732,0.6473492681186154,0.315854297366362,2.1832584648450792,537.118008852005,ok
refine,pps/refine/L80_z0.350_lam0.3144/real011.json,0.45857642940490084,9b617fad03ded5737e9f1bf1610ffeb2a50a0996,80,0.3144,0.35,11,0.3144,0.6856,80.0,128,0.24156923374239056,-6.0764430352278715,2.068011670714036,0.24290435721514086,123.08627216257005,0.03630439280588097,1,0.2731626539215676,0.15880787337582922,0.5646469502919873,0.453913882708023,1.9210758294431578,529.8957436084747,ok
refine,pps/refine/L80_z0.350_lam0.3254/real000.json,0.4823599169878447,9b617fad03ded5737e9f1bf1610ffeb2a50a0996,80,0.3254,0.35,0,0.3254,0.6746,80.0,128,0.2334030949250387,-6.295252158173288,2.0424393117831015,0.16174748827362326,123.60456098596546,0.03771236580791839,1,0.38236306885929033,0.20646365028073665,0.9087901453154802,0.619336602183053,2.2720827782118262,537.0019657611847,ok
refine,pps/refine/L80_z0.350_lam0.3254/real001.json,0.4823599169878447,9b617fad03ded5737e9f1bf1610ffeb2a50a0996,80,0.3254,0.35,1,0.3254,0.6746,80.0,128,0.2334030949250387,-6.113180613007234,1.874198829559219,0.09293839709210025,122.56459878572782,0.036770619793175974,1,0.30118250517049683,0.16740223293132092,0.6338296496869653,0.4614684271774699,1.9583455832848489,566.9812066555023,ok
refine,pps/refine/L80_z0.350_lam0.3254/real002.json,0.4823599169878447,9b617fad03ded5737e9f1bf1610ffeb2a50a0996,80,0.3254,0.35,2,0.3254,0.6746,80.0,128,0.2334030949250387,-6.252448743807827,2.021602999964694,0.20841007866532185,123.61229334025957,0.03868532353527158,1,0.21821603705830506,0.12074106935129529,0.4270861270620032,0.30425222795315326,1.8686282933583311,548.2172706127167,ok
refine,pps/refine/L80_z0.350_lam0.3254/real003.json,0.4823599169878447,9b617fad03ded5737e9f1bf1610ffeb2a50a0996,80,0.3254,0.35,3,0.3254,0.6746,80.0,128,0.2334030949250387,-6.159058844956097,1.9273998930528462,0.11018598916946282,123.82265943863516,0.03737807537533409,1,0.2817151730884844,0.19543555959156272,0.6115681646100257,0.5248425189750874,2.0602543995039544,525.8136296272278,ok
refine,pps/refine/L80_z0.350_lam0.3254/real004.json,0.4823599169878447,9b617fad03ded5737e9f1bf1610ffeb2a50a0996,80,0.3254,0.35,4,0.3254,0.6746,80.0,128,0.2334030949250387,-6.117512744446243,1.911445701040075,0.1254309760060123,124.17378661700339,0.03685678772056169,1,0.13486904498854188,0.12497789485296092,0.24906736433197918,0.24915291101866482,1.7893205669231542,514.8967304229736,ok
refine,pps/refine/L80_z0.350_lam0.3254/real005.json,0.4823599169878447,9b617fad03ded5737e9f1bf1610ffeb2a50a0996,80,0.3254,0.35,5,0.3254,0.6746,80.0,128,0.2334030949250387,-6.108278134637449,1.9247446755350914,0.09280328944489706,123.02300224882842,0.03810264733895828,1,0.26483133762084715,0.159807478558667,0.5057037434153855,0.3428104910097251,1.8603822739240226,511.4973225593567,ok
refine,pps/refine/L80_z0.350_lam0.3254/real006.json,0.4823599169878447,9b617fad03ded5737e9f1bf1610ffeb2a50a0996,80,0.3254,0.35,6,0.3254,0.6746,80.0,128,0.2334030949250387,-6.287819094795367,2.0419894084835555,0.14844890202056746,123.39268791761494,0.03794337942120379,1,0.30112375470477115,0.18931036858490632,0.629985592862444,0.45129416257339194,2.0297094849561628,561.5821545124054,ok
refine,pps/refine/L80_z0.350_lam0.3254/real007.json,0.4823599169878447,9b617fad03ded5737e9f1bf1610ffeb2a50a0996,80,0.3254,0.35,7,0.3254,0.6746,80.0,128,0.2334030949250387,-6.289304100427385,2.0346834986832336,0.12473147056573253,123.88318446493308,0.03720261370729338,1,0.2614669421263912,0.21809972853533016,0.5453730892019236,0.5516955123515644,1.9182907984544948,528.2066659927368,ok
refine,pps/refine/L80_z0.350_lam0.3254/real008.json,0.4823599169878447,9b617fad03ded5737e9f1bf1610ffeb2a50a0996,80,0.3254,0.35,8,0.3254,0.6746,80.0,128,0.2334030949250387,-6.082409668324813,1.9363140961278646,0.10635035946760013,123.44203026286387,0.037166525110974576,1,0.27477793035459686,0.25400931999435844,0.6199616470406446,0.6401278440263016,2.1195408566300453,537.5045657157898,ok
refine,pps/refine/L80_z0.350_lam0.3254/real009.json,0.4823599169878447,9b617fad03ded5737e9f1bf1610ffeb2a50a0996,80,0.3254,0.35,9,0.3254,0.6746,80.0,128,0.2334030949250387,-6.197663970237751,1.9115209782954639,0.06916564153947848,123.98069776865258,0.037708085410247984,1,0.304912363218123,0.17023702029974144,0.6394283974625978,0.42994697626074874,1.9994401061716427,517.5679619312286,ok
refine,pps/refine/L80_z0.350_lam0.3254/real010.json,0.4823599169878447,9b617fad03ded5737e9f1bf1610ffeb2a50a0996,80,0.3254,0.35,10,0.3254,0.6746,80.0,128,0.2334030949250387,-6.218944907322777,1.9895078968837425,0.12405287103791621,124.35955347149076,0.037344350841638785,1,0.22442505870314994,0.1943884233694933,0.48515581162169774,0.5734674168296323,1.903757951126668,529.1340627670288,ok
refine,pps/refine/L80_z0.350_lam0.3254/real011.json,0.4823599169878447,9b617fad03ded5737e9f1bf1610ffeb2a50a0996,80,0.3254,0.35,11,0.3254,0.6746,80.0,128,0.2334030949250387,-6.090015478638769,1.9505830944825289,0.12370991256339514,124.06772948839694,0.0370249848613736,1,0.37771963390051644,0.20404731412195362,0.7782849601536708,0.47754504579393064,2.028510040107308,539.5349526405334,ok
refine,pps/refine/L80_z0.350_lam0.3366/real000.json,0.5073861923424782,9b617fad03ded5737e9f1bf1610ffeb2a50a0996,80,0.3366,0.35,0,0.3366,0.6634,80.0,128,0.22563686003745573,-6.234433430492265,1.9180037780851746,0.10164516607232289,124.01670163461418,0.03867868728492021,1,0.25996339931362117,0.16501092156845498,0.5410254556129785,0.4052615120766545,2.00646453401913,522.6941068172455,ok
refine,pps/refine/L80_z0.350_lam0.3366/real001.json,0.5073861923424782,9b617fad03ded5737e9f1bf1610ffeb2a50a0996,80,0.3366,0.35,1,0.3366,0.6634,80.0,128,0.22563686003745573,-6.23288806546038,1.8988611012221088,0.1002499283311375,123.80593323818557,0.03816335191586417,1,0.18994756470796065,0.09594362242444378,0.390033828964415,0.23782703991779322,2.011784695680323,560.4678361415863,ok
refine,pps/refine/L80_z0.350_lam0.3366/real002.json,0.5073861923424782,9b617fad03ded5737e9f1bf1610ffeb2a50a0996,80,0.3366,0.35,2,0.3366,0.6634,80.0,128,0.22563686003745573,-6.161265084748957,1.7969993379292488,0.11449373873037336,122.68940439308008,0.03661119158641117,1,0.16984951860019298,0.11595915547822078,0.34267941278187575,0.2789914161052783,1.8835798669161727,529.8002326488495,ok
refine,pps/refine/L80_z0.350_lam0.3366/real003.json,0.5073861923424782,9b617fad03ded5737e9f1bf1610ffeb2a50a0996,80,0.3366,0.35,3,0.3366,0.6634,80.0,128,0.22563686003745573,-6.195751232920622,1.8670675726439752,0.07256293157145395,123.22107789850662,0.037890032944004004,1,0.19975292219018712,0.1292119302991677,0.38693495098854125,0.31414940515743184,1.8373832709773077,519.0400760173798,ok
refine,pps/refine/L80_z0.350_lam0.3366/real004.json,0.5073861923424782,9b617fad03ded5737e9f1bf1610ffeb2a50a0996,80,0.3366,0.35,4,0.3366,0.6634,80.0,128,0.22563686003745573,-6.11372610911667,1.8315506319176718,0.08915403438572138,122.88938754173442,0.03610055429133156,1,0.1909619134546406,0.12234117008256896,0.376757906381594,0.2818691737456835,1.8701939622971162,547.9813160896301,ok
refine,pps/refine/L80_z0.350_lam0.3366/real005.json,0.5073861923424782,9b617fad03ded5737e9f1bf1610ffeb2a50a0996,80,0.3366,0.35,5,0.3366,0.6634,80.0,128,0.22563686003745573,-6.2246487881639885,1.9091644719301977,0.09973574907648236,124.23286575248423,0.03770496854220123,1,0.24055213649675955,0.13539568811455185,0.47877668011160934,0.33273983566102844,1.9150716922992932,540.1939733028412,ok
refine,pps/refine/L80_z0.350_lam0.3366/real006.json,0.5073861923424782,9b617fad03ded5737e9f1bf1610ffeb2a50a0996,80,0.3366,0.35,6,0.3366,0.6634,80.0,128,0.22563686003745573,-6.18659690530661,1.8617829876492182,0.08621113155621486,122.64225539952163,0.036985903016276425,1,0.14879710331515605,0.08106183991022856,0.28044706219422544,0.1848684423866991,1.8488668557675303,531.6282193660736,ok
refine,pps/refine/L80_z0.350_lam0.3366/real007.json,0.5073861923424782,9b617fad03ded5737e9f1bf1610ffeb2a50a0996,80,0.3366,0.35,7,0.3366,0.6634,80.0,128,0.22563686003745573,-6.180874171270775,1.8135515739762142,0.06967845232629453,122.41050628417098,0.037463559852148894,1,0.2357474381929875,0.12442404405987234,0.4537910265920423,0.30418082925334533,1.8467239720111674,554.7844743728638,ok
refine,pps/refine/L80_z0.350_lam0.3366/real008.json,0.5073861923424782,9b617fad03ded5737e9f1bf1610ffeb2a50a0996,80,0.3366,0.35,8,0.3366,0.6634,80.0,128,0.22563686003745573,-6.158665338888465,1.8658236477943673,0.1333988416336088,122.24207921429246,0.037620292315517674,1,0.2690485413875279,0.15831094914666657,0.5953883528786337,0.4311513318558408,2.104402294819349,557.6583099365234,ok
refine,pps/refine/L80_z0.350_lam0.3366/real009.json,0.5073861923424782,9b617fad03ded5737e9f1bf1610ffeb2a50a0996,80,0.3366,0.35,9,0.3366,0.6634,80.0,128,0.22563686003745573,-6.248466498276837,1.9118391809291249,0.06695418801412543,123.06117286112324,0.03685001145004685,1,0.24898413370839445,0.19434223088044086,0.5272805921312868,0.49319936929982006,1.94392363290171,510.2102909088135,ok
refine,pps/refine/L80_z0.350_lam0.3366/real010.json,0.5073861923424782,9b617fad03ded5737e9f1bf1610ffeb2a50a0996,80,0.3366,0.35,10,0.3366,0.6634,80.0,128,0.22563686003745573,-6.195285831710629,1.833224108023834,0.1158016258314614,123.59478391314194,0.03707045226295183,1,0.20697247275164876,0.17140402301811936,0.41878074927452963,0.43243272859202886,1.8772674475485833,549.8054823875427,ok
refine,pps/refine/L80_z0.350_lam0.3366/real011.json,0.5073861923424782,9b617fad03ded5737e9f1bf1610ffeb2a50a0996,80,0.3366,0.35,11,0.3366,0.6634,80.0,128,0.22563686003745573,-6.213938015745436,1.8891856323901781,0.09011558584999878,123.6573625261077,0.03742630934630378,1,0.2571770061540438,0.1384321262428108,0.530977606255651,0.30953897044875267,2.0130745659199145,542.7677211761475,ok
refine,pps/refine/L80_z0.350_lam0.3476/real000.json,0.5328019619865114,9b617fad03ded5737e9f1bf1610ffeb2a50a0996,80,0.3476,0.35,0,0.3476,0.6524,80.0,128,0.2184964530742451,-6.198597994071025,1.854253198582712,0.13954489727075983,123.86201307953684,0.03618408151559283,1,0.13845549445196936,0.13395975671755722,0.24895298266018395,0.23870909998777437,1.7486424258630227,539.6544287204742,ok
refine,pps/refine/L80_z0.350_lam0.3476/real001.json,0.5328019619865114,9b617fad03ded5737e9f1bf1610ffeb2a50a0996,80,0.3476,0.35,1,0.3476,0.6524,80.0,128,0.2184964530742451,-6.229828205638486,1.7953383920428692,0.04325190606964637,123.07795710721216,0.038184937792733305,1,0.11255055314578255,0.11220860192919223,0.21626360867049307,0.24712103146451728,1.7361323501461934,551.465761423111,ok
refine,pps/refine/L80_z0.350_lam0.3476/real002.json,0.5328019619865114,9b617fad03ded5737e9f1bf1610ffeb2a50a0996,80,0.3476,0.35,2,0.3476,0.6524,80.0,128,0.2184964530742451,-6.438490628416626,1.9057719062417922,0.16276779721746656,123.46938976677528,0.038215242627381414,1,0.1731228082474991,0.1347251106810113,0.30699340080836457,0.27839786358801116,1.6693916802358997,535.5036132335663,ok
refine,pps/refine/L80_z0.350_lam0.3476/real003.json,0.5328019619865114,9b617fad03ded5737e9f1bf1610ffeb2a50a0996,80,0.3476,0.35,3,0.3476,0.6524,80.0,128,0.2184964530742451,-6.332142228991957,1.82367023619523,0.1041251170315192,122.80008066591837,0.03808849568635836,1,0.2784988789252936,0.13400346474286975,0.5242829319632604,0.3093599101864738,1.826517631477308,580.1495037078857,ok
refine,pps/refine/L80_z0.350_lam0.3476/real004.json,0.5328019619865114,9b617fad03ded5737e9f1bf1610ffeb2a50a0996,80,0.3476,0.35,4,0.3476,0.6524,80.0,128,0.2184964530742451,-6.107397133957427,1.764714190928726,0.06464107236641863,123.47346685021994,0.03588990201588065,1,0.1511715313596492,0.13103560990680924,0.28841428897436727,0.2742371065746013,1.7990321946077543,554.4176461696625,ok
refine,pps/refine/L80_z0.350_lam0.3476/real005.json,0.5328019619865114,9b617fad03ded5737e9f1bf1610ffeb2a50a0996,80,0.3476,0.35,5,0.3476,0.6524,80.0,128,0.2184964530742451,-6.308971826936358,1.9020110878532352,0.17828099536971423,123.04290139438774,0.03822369564528468,1,0.15318018372187872,0.10239644871260214,0.29685089460684466,0.25721980438869,1.8074483122155296,564.8026556968689,ok
refine,pps/refine/L80_z0.350_lam0.3476/real006.json,0.5328019619865114,9b617fad03ded5737e9f1bf1610ffeb2a50a0996,80,0.3476,0.35,6,0.3476,0.6524,80.0,128,0.2184964530742451,-6.127393206216032,1.7718542585632038,0.0661571211025291,123.24559163138547,0.03773076284985999,1,0.12898839087203318,0.129138434562507,0.2360845519761021,0.25999255354920464,1.7324628059739375,551.0886862277985,ok
refine,pps/refine/L80_z0.350_lam0.3476/real007.json,0.5328019619865114,9b617fad03ded5737e9f1bf1610ffeb2a50a0996,80,0.3476,0.35,7,0.3476,0.6524,80.0,128,0.2184964530742451,-6.4827353116446105,1.942333816918791,0.10228145586971772,124.17681600200063,0.039479634578513306,1,0.20246348691806357,0.1513652052146047,0.40790278738954283,0.3674621065237894,1.8518683195457943,564.5333218574524,ok
refine,pps/refine/L80_z0.350_lam0.3476/real008.json,0.5328019619865114,9b617fad03ded5737e9f1bf1610ffeb2a50a0996,80,0.3476,0.35,8,0.3476,0.6524,80.0,128,0.2184964530742451,-6.266466297489307,1.8893478726642712,0.08665876867154343,123.32726358109494,0.037412200751452414,1,0.16076296806669305,0.14296553897993952,0.35701110946168596,0.3858769837112161,1.9745978941776734,530.4625890254974,ok
refine,pps/refine/L80_z0.350_lam0.3476/real009.json,0.5328019619865114,9b617fad03ded5737e9f1bf1610ffeb2a50a0996,80,0.3476,0.35,9,0.3476,0.6524,80.0,128,0.2184964530742451,-6.2187541739416465,1.7544330975905498,0.0697358157643644,124.21008189555577,0.03683416993685075,1,0.14221054885196344,0.10289694373466401,0.2769457095532903,0.21737087980261194,1.8511799674890015,538.0099792480469,ok
refine,pps/refine/L80_z0.350_lam0.3476/real010.json,0.5328019619865114,9b617fad03ded5737e9f1bf1610ffeb2a50a0996,80,0.3476,0.35,10,0.3476,0.6524,80.0,128,0.2184964530742451,-6.2200238912307535,1.8189867261590293,0.08066159436950635,123.24291845282079,0.037403521348663316,1,0.36170918530439167,0.15660197161532738,0.6832451097996814,0.36443190486669136,1.8813382733899713,546.7094266414642,ok
refine,pps/refine/L80_z0.350_lam0.3476/real011.json,0.5328019619865114,9b617fad03ded5737e9f1bf1610ffeb2a50a0996,80,0.3476,0.35,11,0.3476,0.6524,80.0,128,0.2184964530742451,-6.337887143058083,1.874959887715484,0.09488717677165427,123.04499515801092,0.03757116993890105,1,0.2450089246809614,0.22275831105315552,0.536063438630223,0.5742741588271819,1.9789431037106489,540.6056516170502,ok
refine,pps/refine/L80_z0.350_lam0.3588/real000.json,0.5595757953836556,9b617fad03ded5737e9f1bf1610ffeb2a50a0996,80,0.3588,0.35,0,0.3588,0.6412,80.0,128,0.21167605097159306,-6.311071531384919,1.8099520163102096,0.10223499912064961,122.98595579653374,0.037435721901619035,1,0.10809944916458086,0.07267174887459334,0.17952301045433888,0.13970715263103792,1.6241137834452095,546.0459623336792,ok
refine,pps/refine/L80_z0.350_lam0.3588/real001.json,0.5595757953836556,9b617fad03ded5737e9f1bf1610ffeb2a50a0996,80,0.3588,0.35,1,0.3588,0.6412,80.0,128,0.21167605097159306,-6.2214625484465635,1.781066114782295,0.11693892198646229,123.57257537991171,0.03696344462454887,1,0.13586307530736624,0.14377124278266462,0.2619794026440204,0.31424556971074713,1.788114457679555,573.3538391590118,ok
refine,pps/refine/L80_z0.350_lam0.3588/real002.json,0.5595757953836556,9b617fad03ded5737e9f1bf1610ffeb2a50a0996,80,0.3588,0.35,2,0.3588,0.6412,80.0,128,0.21167605097159306,-6.319921722911428,1.8555941110783778,0.13827128238824202,123.18524077744834,0.03897013668336423,1,0.14876022308025993,0.1171989206574699,0.2991101645610861,0.2797467132025951,1.842474261152474,576.1696293354034,ok
refine,pps/refine/L80_z0.350_lam0.3588/real003.json,0.5595757953836556,9b617fad03ded5737e9f1bf1610ffeb2a50a0996,80,0.3588,0.35,3,0.3588,0.6412,80.0,128,0.21167605097159306,-6.401463668509885,1.793654966468845,0.10410024977301234,124.25470327000565,0.038223864795336376,1,0.2267886403054713,0.1264761787977776,0.4011622150904969,0.2602359098694103,1.7354208038664287,611.348628282547,ok
refine,pps/refine/L80_z0.350_lam0.3588/real004.json,0.5595757953836556,9b617fad03ded5737e9f1bf1610ffeb2a50a0996,80,0.3588,0.35,4,0.3588,0.6412,80.0,128,0.21167605097159306,-6.290130248152421,1.754175039070748,0.12284956230674196,123.1032962208429,0.03694423508631818,1,0.1366957712249176,0.13730771742138387,0.23980451375286435,0.2439183949892785,1.7106341475185167,532.3537452220917,ok
refine,pps/refine/L80_z0.350_lam0.3588/real005.json,0.5595757953836556,9b617fad03ded5737e9f1bf1610ffeb2a50a0996,80,0.3588,0.35,5,0.3588,0.6412,80.0,128,0.21167605097159306,-6.230064329491855,1.795081171507851,0.07421840705220834,122.76945034677642,0.03758493095656041,1,0.06227971344042052,0.06580292044166128,0.11293657847155322,0.1382391258942085,1.6832172449840894,576.6677899360657,ok
refine,pps/refine/L80_z0.350_lam0.3588/real006.json,0.5595757953836556,9b617fad03ded5737e9f1bf1610ffeb2a50a0996,80,0.3588,0.35,6,0.3588,0.6412,80.0,128,0.21167605097159306,-6.153668613658413,1.7241001924115174,0.07450012490997261,123.26167491945249,0.0371592578768704,1,0.10737962469488876,0.07897442573507406,0.2015371920221457,0.2234178077757997,1.6907335094992053,559.8363947868347,ok
refine,pps/refine/L80_z0.350_lam0.3588/real007.json,0.5595757953836556,9b617fad03ded5737e9f1bf1610ffeb2a50a0996,80,0.3588,0.35,7,0.3588,0.6412,80.0,128,0.21167605097159306,-6.20445420727903,1.6937108249967554,0.08481550748350523,123.38958777567252,0.03566748071564361,1,0.06755970731584136,0.09914692605438011,0.11968599628614318,0.22977285244731935,1.5983408794852,549.3249726295471,ok
refine,pps/refine/L80_z0.350_lam0.3588/real008.json,0.5595757953836556,9b617fad03ded5737e9f1bf1610ffeb2a50a0996,80,0.3588,0.35,8,0.3588,0.6412,80.0,128,0.21167605097159306,-6.29994736995164,1.7577438071827092,0.10255759262553601,122.77287252833466,0.03760010235750945,1,0.16538183594040234,0.11496604263041395,0.29327236778296184,0.23605322333760395,1.68725837613048,539.9622645378113,ok
refine,pps/refine/L80_z0.350_lam0.3588/real009.json,0.5595757953836556,9b617fad03ded5737e9f1bf1610ffeb2a50a0996,80,0.3588,0.35,9,0.3588,0.6412,80.0,128,0.21167605097159306,-6.265925764675793,1.7329390088727115,0.05678760652960968,122.66853541644326,0.03699977687337184,1,0.13281550745181114,0.09542069129833108,0.22540220630686164,0.1831387430385585,1.6383811726179993,537.0539438724518,ok
refine,pps/refine/L80_z0.350_lam0.3588/real010.json,0.5595757953836556,9b617fad03ded5737e9f1bf1610ffeb2a50a0996,80,0.3588,0.35,10,0.3588,0.6412,80.0,128,0.21167605097159306,-6.18086195739764,1.763466876567661,0.11224813302789248,122.3350784415956,0.03761007675561704,1,0.13752202495534255,0.12623945815933418,0.23649056338428542,0.27198988718137557,1.6112168273154568,522.097894191742,ok
refine,pps/refine/L80_z0.350_lam0.3588/real011.json,0.5595757953836556,9b617fad03ded5737e9f1bf1610ffeb2a50a0996,80,0.3588,0.35,11,0.3588,0.6412,80.0,128,0.21167605097159306,-6.160121556673166,1.7036665815203138,0.05562193336916486,122.48599800686137,0.03689903306357838,1,0.10127991891886001,0.08953196941996658,0.17300106455062433,0.1779918476892244,1.6303862640931737,533.1494386196136,ok
refine,pps/refine/L80_z0.350_lam0.3698/real000.json,0.586797841954935,9b617fad03ded5737e9f1bf1610ffeb2a50a0996,80,0.3698,0.35,0,0.3698,0.6302,80.0,128,0.20537957568579662,-6.320734524135018,1.7204607725668055,0.10363524776896464,123.57855080770648,0.037775664259907867,1,0.056447144740605935,0.058718732960271254,0.10478175558036981,0.13347516008283586,1.6694081399201735,536.9282627105713,ok
refine,pps/refine/L80_z0.350_lam0.3698/real001.json,0.586797841954935,9b617fad03ded5737e9f1bf1610ffeb2a50a0996,80,0.3698,0.35,1,0.3698,0.6302,80.0,128,0.20537957568579662,-6.259761630756531,1.6938441714401267,0.06521153937667082,122.79422162472531,0.036890104028025124,1,0.09220353244902978,0.08709389348692526,0.17130433795799077,0.1998510501777598,1.7086718265154364,527.6966505050659,ok
refine,pps/refine/L80_z0.350_lam0.3698/real002.json,0.586797841954935,9b617fad03ded5737e9f1bf1610ffeb2a50a0996,80,0.3698,0.35,2,0.3698,0.6302,80.0,128,0.20537957568579662,-6.244947275302197,1.6628701892413673,0.04681177710716056,122.66493000796578,0.037623000952361,1,0.0561675447151888,0.05336421694279947,0.09651567755547345,0.10535834152984956,1.6392254567575086,578.9993367195129,ok
refine,pps/refine/L80_z0.350_lam0.3698/real003.json,0.586797841954935,9b617fad03ded5737e9f1bf1610ffeb2a50a0996,80,0.3698,0.35,3,0.3698,0.6302,80.0,128,0.20537957568579662,-6.21689972346905,1.6909465197354832,0.07048305635778494,124.08855451006907,0.036658394824892894,1,0.11144579921990806,0.07660000270790697,0.1920495187281544,0.1524961406529506,1.6273089339462306,589.7081875801086,ok
refine,pps/refine/L80_z0.350_lam0.3698/real004.json,0.586797841954935,9b617fad03ded5737e9f1bf1610ffeb2a50a0996,80,0.3698,0.35,4,0.3698,0.6302,80.0,128,0.20537957568579662,-6.356627456097931,1.721701218641482,0.053688286173493964,124.10158742790533,0.03814832930657944,1,0.08671434034153784,0.08483831986515912,0.14230305397392792,0.1358183070420362,1.6787566722244929,574.1502268314362,ok
refine,pps/refine/L80_z0.350_lam0.3698/real005.json,0.586797841954935,9b617fad03ded5737e9f1bf1610ffeb2a50a0996,80,0.3698,0.35,5,0.3698,0.6302,80.0,128,0.20537957568579662,-6.316284207433403,1.7857272108460176,0.10759823109305289,123.60821336625781,0.037577856357368225,1,0.08841647487817754,0.07010193926618156,0.15490318225564784,0.1345178791744768,1.721408591758494,566.9556987285614,ok
refine,pps/refine/L80_z0.350_lam0.3698/real006.json,0.586797841954935,9b617fad03ded5737e9f1bf1610ffeb2a50a0996,80,0.3698,0.35,6,0.3698,0.6302,80.0,128,0.20537957568579662,-6.237923662159782,1.6441143477902092,0.05918336118724416,122.7991841502282,0.03735049988178669,1,0.10313248036887808,0.08844553639093701,0.1863160288609545,0.20814632294509466,1.687407489094625,539.2994749546051,ok
refine,pps/refine/L80_z0.350_lam0.3698/real007.json,0.586797841954935,9b617fad03ded5737e9f1bf1610ffeb2a50a0996,80,0.3698,0.35,7,0.3698,0.6302,80.0,128,0.20537957568579662,-6.264444613187396,1.6751467143576642,0.05773398233621597,123.63408521275716,0.03791648548432792,1,0.11802907777822795,0.12292515247536952,0.20750267755257762,0.2391948826529789,1.6302218393229972,563.5021049976349,ok
refine,pps/refine/L80_z0.350_lam0.3698/real008.json,0.586797841954935,9b617fad03ded5737e9f1bf1610ffeb2a50a0996,80,0.3698,0.35,8,0.3698,0.6302,80.0,128,0.20537957568579662,-6.348758868822248,1.7200819133820533,0.1302713607638054,124.25823787284143,0.03741971224145865,1,0.12121593537068151,0.07342880906342843,0.20429995559547234,0.12713762933093373,1.6694817108939768,602.7780318260193,ok
refine,pps/refine/L80_z0.350_lam0.3698/real009.json,0.586797841954935,9b617fad03ded5737e9f1bf1610ffeb2a50a0996,80,0.3698,0.35,9,0.3698,0.6302,80.0,128,0.20537957568579662,-6.248868602465163,1.6714670574619153,0.05145381873709855,123.74270632069963,0.03751671746732765,1,0.07099847657960098,0.05721458170352272,0.12273590975258702,0.11418448450232864,1.6302931540055035,555.8744649887085,ok
refine,pps/refine/L80_z0.350_lam0.3698/real010.json,0.586797841954935,9b617fad03ded5737e9f1bf1610ffeb2a50a0996,80,0.3698,0.35,10,0.3698,0.6302,80.0,128,0.20537957568579662,-6.358690772553813,1.7091478498072643,0.073949181713325,122.87083283977972,0.03849414760831828,1,0.1417874686794833,0.10034817171190803,0.2383947511527921,0.1820881750999974,1.6273605418290624,592.862325668335,ok
refine,pps/refine/L80_z0.350_lam0.3698/real011.json,0.586797841954935,9b617fad03ded5737e9f1bf1610ffeb2a50a0996,80,0.3698,0.35,11,0.3698,0.6302,80.0,128,0.20537957568579662,-6.2404591819945034,1.7131556716773835,0.0573807601867428,123.30691909485084,0.03749299618479848,1,0.0948787350303121,0.07568285513995882,0.16906539595604858,0.15658920427576853,1.6909009815206264,560.6326293945312,ok
refine,pps/refine/L96_z0.350_lam0.2366/real000.json,0.3099292638197538,9b617fad03ded5737e9f1bf1610ffeb2a50a0996,96,0.2366,0.35,0,0.2366,0.7634,96.0,128,0.2669395381945989,-6.455679653907198,3.1905031025452866,0.2799151642430444,124.09833358419988,0.03274275503280196,1,0.5554238533070988,0.37167997258039115,1.8609858795341454,1.5895388731133067,3.027259939499448,934.572811126709,ok
refine,pps/refine/L96_z0.350_lam0.2366/real001.json,0.3099292638197538,9b617fad03ded5737e9f1bf1610ffeb2a50a0996,96,0.2366,0.35,1,0.2366,0.7634,96.0,128,0.2669395381945989,-6.399997745682662,3.1532763849498378,0.19713090603131447,125.13171884590626,0.03274162183266154,1,0.9343340485921344,0.261458995811057,3.2880593596844565,1.4397815456266212,3.4037508992787746,985.5099360942841,ok
refine,pps/refine/L96_z0.350_lam0.2366/real002.json,0.3099292638197538,9b617fad03ded5737e9f1bf1610ffeb2a50a0996,96,0.2366,0.35,2,0.2366,0.7634,96.0,128,0.2669395381945989,-6.524101789413247,3.4214832990919724,0.40030793244054114,124.68003996211014,0.033727522997886956,1,0.870037862906619,0.20034813552740516,2.4089523933792893,0.9938522908535382,2.7233325683752185,954.4373745918274,ok
refine,pps/refine/L96_z0.350_lam0.2366/real003.json,0.3099292638197538,9b617fad03ded5737e9f1bf1610ffeb2a50a0996,96,0.2366,0.35,3,0.2366,0.7634,96.0,128,0.2669395381945989,-6.439639153236231,3.5413325683008603,0.20854310081098054,125.12986026329743,0.032440890548358615,1,1.0066422580500871,0.23951596891593352,3.791456308346718,1.0474039114084999,3.7443805284548963,933.6977007389069,ok
refine,pps/refine/L96_z0.350_lam0.2366/real004.json,0.3099292638197538,9b617fad03ded5737e9f1bf1610ffeb2a50a0996,96,0.2366,0.35,4,0.2366,0.7634,96.0,128,0.2669395381945989,-6.515771759323443,3.6352402982629135,0.25774756266637205,125.16502470488888,0.03382568967819045,1,0.9601704027845225,0.2635578189892322,3.2444186393556445,1.258958577408541,3.3124150652944424,953.4971992969513,ok
refine,pps/refine/L96_z0.350_lam0.2366/real005.json,0.3099292638197538,9b617fad03ded5737e9f1bf1610ffeb2a50a0996,96,0.2366,0.35,5,0.2366,0.7634,96.0,128,0.2669395381945989,-6.389958989716766,3.4111197551198926,0.16957420582320576,125.05680472476374,0.03330754501030441,1,1.348887120582778,0.36117798393189166,5.350562997633869,1.7459407129458515,3.916467637712803,1012.9598124027252,ok
refine,pps/refine/L96_z0.350_lam0.2366/real006.json,0.3099292638197538,9b617fad03ded5737e9f1bf1610ffeb2a50a0996,96,0.2366,0.35,6,0.2366,0.7634,96.0,128,0.2669395381945989,-6.345725470082456,3.1146858872767837,0.4274721415106898,123.94676737436401,0.03263129267986846,1,0.6343546846460297,0.20065608888305486,1.6343777181124965,0.7170055676270516,2.545851197732412,921.694664478302,ok
refine,pps/refine/L96_z0.350_lam0.2366/real007.json,0.3099292638197538,9b617fad03ded5737e9f1bf1610ffeb2a50a0996,96,0.2366,0.35,7,0.2366,0.7634,96.0,128,0.2669395381945989,-6.519348251361712,3.6645928872250457,0.22437026011253594,125.06830000891937,0.03402329338293275,1,1.2381307551305878,0.22883086599608532,4.9627254364767595,1.237242189311223,3.9790955022881347,1011.9373536109924,ok
refine,pps/refine/L96_z0.350_lam0.2366/real008.json,0.3099292638197538,9b617fad03ded5737e9f1bf1610ffeb2a50a0996,96,0.2366,0.35,8,0.2366,0.7634,96.0,128,0.2669395381945989,-6.375786055482563,3.2975615803010165,0.4095184357319647,124.8507648921603,0.03251351540143906,1,0.6442006071595509,0.19545579504887084,1.834205435582461,0.6397276309128201,2.8539395374054797,925.5340609550476,ok
refine,pps/refine/L96_z0.350_lam0.2366/real009.json,0.3099292638197538,9b617fad03ded5737e9f1bf1610ffeb2a50a0996,96,0.2366,0.35,9,0.2366,0.7634,96.0,128,0.2669395381945989,-6.531784692900608,3.748209118867383,0.2656291483494153,124.94494192524257,0.03399864971727243,1,1.4577198956164683,0.2708866553015412,4.7691446979196215,1.351243303108906,3.2337218314197984,967.3382818698883,ok
refine,pps/refine/L96_z0.350_lam0.2366/real010.json,0.3099292638197538,9b617fad03ded5737e9f1bf1610ffeb2a50a0996,96,0.2366,0.35,10,0.2366,0.7634,96.0,128,0.2669395381945989,-6.489294054967361,3.5789340363391733,0.31551104206157066,124.1588757323948,0.03357486037796852,1,0.9660083592753602,0.20264667775428136,2.926731697004562,1.0463983427732342,2.97012570397387,930.4828042984009,ok
refine,pps/refine/L96_z0.350_lam0.2366/real011.json,0.3099292638197538,9b617fad03ded5737e9f1bf1610ffeb2a50a0996,96,0.2366,0.35,11,0.2366,0.7634,96.0,128,0.2669395381945989,-6.453924913626488,3.396813545898393,0.19760480980800912,124.82693233301904,0.03393312003098276,1,1.0369599460513876,0.3719900620140149,3.7534655085957924,1.979219278537079,3.45862090558131,972.5083010196686,ok
refine,pps/refine/L96_z0.350_lam0.2479/real000.json,0.32961042414572533,9b617fad03ded5737e9f1bf1610ffeb2a50a0996,96,0.2479,0.35,0,0.2479,0.7521,96.0,128,0.25477166089891934,-6.6873182847630455,3.471734127340189,0.20321278445596325,124.84754784928619,0.03459417263028034,1,0.6807766421565554,0.2448751068436753,2.104223712836979,1.1812490021233728,2.9488769247778714,937.5875644683838,ok
refine,pps/refine/L96_z0.350_lam0.2479/real001.json,0.32961042414572533,9b617fad03ded5737e9f1bf1610ffeb2a50a0996,96,0.2479,0.35,1,0.2479,0.7521,96.0,128,0.25477166089891934,-6.606806923109872,3.102183801469356,0.1171881440400705,124.9365393225049,0.03419654552428318,1,0.7556563630175801,0.33524941344388,2.4205868570411244,1.4505769826689798,2.99299779395012,954.549782037735,ok
refine,pps/refine/L96_z0.350_lam0.2479/real002.json,0.32961042414572533,9b617fad03ded5737e9f1bf1610ffeb2a50a0996,96,0.2479,0.35,2,0.2479,0.7521,96.0,128,0.25477166089891934,-6.551788954553089,3.143674705176492,0.19530637579723614,124.81406848837563,0.03377024680369052,1,0.5612907557386183,0.34103785163224526,1.5038569299966136,1.2161024082419727,2.4725953249207127,995.5173890590668,ok
refine,pps/refine/L96_z0.350_lam0.2479/real003.json,0.32961042414572533,9b617fad03ded5737e9f1bf1610ffeb2a50a0996,96,0.2479,0.35,3,0.2479,0.7521,96.0,128,0.25477166089891934,-6.703651520862287,3.1728001837539765,0.4029947020766976,124.22555727711244,0.03542263013284643,1,0.5069276160145226,0.2738722810690645,1.453961205739822,1.272764727990414,2.572968819935499,941.9190967082977,ok
refine,pps/refine/L96_z0.350_lam0.2479/real004.json,0.32961042414572533,9b617fad03ded5737e9f1bf1610ffeb2a50a0996,96,0.2479,0.35,4,0.2479,0.7521,96.0,128,0.25477166089891934,-6.674758604788226,3.2079872883947647,0.21221686247035548,124.53501868381403,0.034560821514942316,1,0.7103980176581031,0.3011527281279778,2.360938633953192,1.4371667856257588,3.14664958599905,1002.9077687263489,ok
refine,pps/refine/L96_z0.350_lam0.2479/real005.json,0.32961042414572533,9b617fad03ded5737e9f1bf1610ffeb2a50a0996,96,0.2479,0.35,5,0.2479,0.7521,96.0,128,0.25477166089891934,-6.7037043011831265,3.004161794580655,0.39901814527716833,124.48541009671301,0.0346736430042714,1,0.7865459132215855,0.19681914440239068,2.5267018647195707,0.9360120104770975,3.1527366560792616,976.5133876800537,ok
refine,pps/refine/L96_z0.350_lam0.2479/real006.json,0.32961042414572533,9b617fad03ded5737e9f1bf1610ffeb2a50a0996,96,0.2479,0.35,6,0.2479,0.7521,96.0,128,0.25477166089891934,-6.630654462520469,3.145993615977933,0.19819768468239166,124.6293769158524,0.0340381483368189,1,0.9632051625260147,0.23275791338984084,3.165681431616467,1.0495463774874636,3.2511371753822047,985.5965573787689,ok
refine,pps/refine/L96_z0.350_lam0.2479/real007.json,0.32961042414572533,9b617fad03ded5737e9f1bf1610ffeb2a50a0996,96,0.2479,0.35,7,0.2479,0.7521,96.0,128,0.25477166089891934,-6.6159722311028295,3.0793991799718214,0.40658555266666613,125.33052815532243,0.034306775930160675,1,0.5578583602045898,0.15985055683670685,1.4284438280358023,0.55905431128003,2.5064957673684516,974.0783269405365,ok
refine,pps/refine/L96_z0.350_lam0.2479/real008.json,0.32961042414572533,9b617fad03ded5737e9f1bf1610ffeb2a50a0996,96,0.2479,0.35,8,0.2479,0.7521,96.0,128,0.25477166089891934,-6.705104442471005,3.59122533587159,0.17689405214996443,124.43911486147252,0.03520294780345885,1,1.0374761752630355,0.24050644924567552,3.7110045911350893,1.2092880417779146,3.5268125417160654,1018.3755855560303,ok
refine,pps/refine/L96_z0.350_lam0.2479/real009.json,0.32961042414572533,9b617fad03ded5737e9f1bf1610ffeb2a50a0996,96,0.2479,0.35,9,0.2479,0.7521,96.0,128,0.25477166089891934,-6.741827672159399,3.387722682340002,0.3306568450134798,124.79744755009007,0.035153923178695104,1,1.2246363929357633,0.34133801710356754,4.007434373819856,1.7801562159455782,3.1917631297434714,966.8056452274323,ok
refine,pps/refine/L96_z0.350_lam0.2479/real010.json,0.32961042414572533,9b617fad03ded5737e9f1bf1610ffeb2a50a0996,96,0.2479,0.35,10,0.2479,0.7521,96.0,128,0.25477166089891934,-6.60847046700323,3.04405288315007,0.2689515145956114,125.3318070022892,0.03463802804267508,1,0.5505617095342087,0.2485357017635134,1.6048118376412042,1.0965169790443634,2.6970570744717213,961.7251567840576,ok
refine,pps/refine/L96_z0.350_lam0.2479/real011.json,0.32961042414572533,9b617fad03ded5737e9f1bf1610ffeb2a50a0996,96,0.2479,0.35,11,0.2479,0.7521,96.0,128,0.25477166089891934,-6.640992452748094,3.227740595317215,0.2809344839262276,123.8261839818287,0.034575927419520584,1,1.011017955357171,0.2363863219139183,3.3495406308882276,0.9931740599171593,3.2912087859771266,990.7133369445801,ok
refine,pps/refine/L96_z0.350_lam0.2588/real000.json,0.34916351861845646,9b617fad03ded5737e9f1bf1610ffeb2a50a0996,96,0.2588,0.35,0,0.2588,0.7412000000000001,96.0,128,0.24404132433092005,-6.778442847775229,2.805797778870392,0.25275049540044175,124.07329952869696,0.03450438380282142,1,0.7607769483515676,0.1917599310473777,1.9944670112385023,0.8714537787775619,2.5414246472706967,1015.7309582233429,ok
refine,pps/refine/L96_z0.350_lam0.2588/real001.json,0.34916351861845646,9b617fad03ded5737e9f1bf1610ffeb2a50a0996,96,0.2588,0.35,1,0.2588,0.7412000000000001,96.0,128,0.24404132433092005,-6.807296695534163,2.9881646384439837,0.28347144715400324,124.51708831186207,0.03588493455679417,1,1.0087612529550403,0.2960590193712226,3.5037121760016046,1.4428410257688986,3.3984494663832634,1045.6064054965973,ok
refine,pps/refine/L96_z0.350_lam0.2588/real002.json,0.34916351861845646,9b617fad03ded5737e9f1bf1610ffeb2a50a0996,96,0.2588,0.35,2,0.2588,0.7412000000000001,96.0,128,0.24404132433092005,-6.767470044315661,3.048726868145667,0.2014616877822353,124.71131890379753,0.03493473821660754,1,0.9945448826774965,0.22411302631854552,3.407225533371658,0.9183168658582913,3.4077761058776033,1011.2700204849243,ok
refine,pps/refine/L96_z0.350_lam0.2588/real003.json,0.34916351861845646,9b617fad03ded5737e9f1bf1610ffeb2a50a0996,96,0.2588,0.35,3,0.2588,0.7412000000000001,96.0,128,0.24404132433092005,-6.620726438063687,2.7174046985465488,0.1684518320724426,124.9942531437394,0.033626024505696864,1,0.435087541670777,0.2359117276224198,1.305020449343456,0.9228042320994692,2.765218743785833,985.6315503120422,ok
refine,pps/refine/L96_z0.350_lam0.2588/real004.json,0.34916351861845646,9b617fad03ded5737e9f1bf1610ffeb2a50a0996,96,0.2588,0.35,4,0.2588,0.7412000000000001,96.0,128,0.24404132433092005,-6.673690159056953,2.6357271142457668,0.22098989375819122,124.20031373958682,0.03437305080903269,1,0.9241771162181391,0.2982693730303477,2.9811235750788185,1.1855989934600677,3.1491487494736496,967.4013812541962,ok
refine,pps/refine/L96_z0.350_lam0.2588/real005.json,0.34916351861845646,9b617fad03ded5737e9f1bf1610ffeb2a50a0996,96,0.2588,0.35,5,0.2588,0.7412000000000001,96.0,128,0.24404132433092005,-6.846006572133461,3.0853476712246373,0.2789250130445035,124.06080428480824,0.034563890021629504,1,0.8589524178277526,0.20423762149615032,2.733840121321558,0.9356787002772554,3.140966688639873,981.8623924255371,ok
refine,pps/refine/L96_z0.350_lam0.2588/real006.json,0.34916351861845646,9b617fad03ded5737e9f1bf1610ffeb2a50a0996,96,0.2588,0.35,6,0.2588,0.7412000000000001,96.0,128,0.24404132433092005,-6.8588783855596915,3.036280869042174,0.22902895090850672,124.3989688265817,0.03513343825119941,1,0.6811357992635759,0.19888153204801834,2.256096675413947,0.8390216335902723,3.2547172785441827,1002.1887228488922,ok
refine,pps/refine/L96_z0.350_lam0.2588/real007.json,0.34916351861845646,9b617fad03ded5737e9f1bf1610ffeb2a50a0996,96,0.2588,0.35,7,0.2588,0.7412000000000001,96.0,128,0.24404132433092005,-6.752174446513014,2.899718697430918,0.19260404277626908,124.91987177813503,0.03531893492588422,1,0.6495864990040878,0.2504551356665086,1.9506318287364386,1.0170960546270407,2.8910840710277346,1000.826488494873,ok
refine,pps/refine/L96_z0.350_lam0.2588/real008.json,0.34916351861845646,9b617fad03ded5737e9f1bf1610ffeb2a50a0996,96,0.2588,0.35,8,0.2588,0.7412000000000001,96.0,128,0.24404132433092005,-6.860745944773387,3.012600240590941,0.4182325333372197,124.39556209386747,0.035466433821763864,1,0.5466161596711313,0.17103510277855166,1.54785645935768,0.6440013241335163,2.778236027397791,980.5088775157928,ok
refine,pps/refine/L96_z0.350_lam0.2588/real009.json,0.34916351861845646,9b617fad03ded5737e9f1bf1610ffeb2a50a0996,96,0.2588,0.35,9,0.2588,0.7412000000000001,96.0,128,0.24404132433092005,-6.876241668930683,3.2603748191015782,0.2167059899424857,124.31595642893019,0.03555324143147342,1,0.9998940697132165,0.5212979506082234,3.632332292852409,2.189085407809375,3.515263219655934,1030.5189208984375,ok
refine,pps/refine/L96_z0.350_lam0.2588/real010.json,0.34916351861845646,9b617fad03ded5737e9f1bf1610ffeb2a50a0996,96,0.2588,0.35,10,0.2588,0.7412000000000001,96.0,128,0.24404132433092005,-6.680803964996457,2.778238044951947,0.4129096620837032,124.95874950182004,0.03420235054684082,1,0.7376948991547849,0.22493515511187034,2.1067631476712343,0.9224491045280645,2.8031234703091896,993.5283510684967,ok
refine,pps/refine/L96_z0.350_lam0.2588/real011.json,0.34916351861845646,9b617fad03ded5737e9f1bf1610ffeb2a50a0996,96,0.2588,0.35,11,0.2588,0.7412000000000001,96.0,128,0.24404132433092005,-6.803315600108782,2.854886112591101,0.33957346114619746,125.09173723517883,0.03517339195063883,1,0.47301573958810705,0.2359941569482044,1.2304591795830542,0.8032325994163633,2.4429123352828097,1062.9514660835266,ok
refine,pps/refine/L96_z0.350_lam0.2701/real000.json,0.3700506918755994,9b617fad03ded5737e9f1bf1610ffeb2a50a0996,96,0.2701,0.35,0,0.2701,0.7299,96.0,128,0.2338315243866794,-6.891498939902932,2.6458982106210667,0.25430544981310216,123.97958550107094,0.03608760358618345,1,0.43388267742188086,0.14482880246561097,1.189512305152853,0.5476517179582913,2.69077481567572,1056.5530970096588,ok
refine,pps/refine/L96_z0.350_lam0.2701/real001.json,0.3700506918755994,9b617fad03ded5737e9f1bf1610ffeb2a50a0996,96,0.2701,0.35,1,0.2701,0.7299,96.0,128,0.2338315243866794,-6.974712313077113,2.8256409703015573,0.33625629346424063,124.77898221635127,0.03624756619544009,1,0.45411272764202254,0.16521291742861563,1.057070722387305,0.528868589575084,2.2509501088510824,1063.5399188995361,ok
refine,pps/refine/L96_z0.350_lam0.2701/real002.json,0.3700506918755994,9b617fad03ded5737e9f1bf1610ffeb2a50a0996,96,0.2701,0.35,2,0.2701,0.7299,96.0,128,0.2338315243866794,-6.920386258235005,2.651118455396472,0.4480737837684393,124.71926420357053,0.035390611677214856,1,0.38768605024978675,0.18142998105081518,1.0389535170082365,0.5983611501493659,2.598219437518799,1011.248984336853,ok
refine,pps/refine/L96_z0.350_lam0.2701/real003.json,0.3700506918755994,9b617fad03ded5737e9f1bf1610ffeb2a50a0996,96,0.2701,0.35,3,0.2701,0.7299,96.0,128,0.2338315243866794,-6.913595246053965,2.7349097209912188,0.1298708740735129,125.32174612236132,0.035202550359974334,1,0.6513864468432436,0.3143535632524986,1.862672772885562,1.2004238791896622,2.7306932603358525,1022.1609933376312,ok
refine,pps/refine/L96_z0.350_lam0.2701/real004.json,0.3700506918755994,9b617fad03ded5737e9f1bf1610ffeb2a50a0996,96,0.2701,0.35,4,0.2701,0.7299,96.0,128,0.2338315243866794,-6.794271988144707,2.493985797113164,0.18895417090770286,123.41338589371065,0.03487311204222734,1,0.49460341730744095,0.16720979708953088,1.3560398548755637,0.5508316976606074,2.7091435933354084,1016.9228065013885,ok
refine,pps/refine/L96_z0.350_lam0.2701/real005.json,0.3700506918755994,9b617fad03ded5737e9f1bf1610ffeb2a50a0996,96,0.2701,0.35,5,0.2701,0.7299,96.0,128,0.2338315243866794,-7.14129370679952,3.26849409052392,0.16401195056162618,124.67967583342022,0.03739978355387469,1,0.7806469354068435,0.2522881467345858,2.4340501198310065,1.0794631999780657,3.0412481885384888,1081.3784861564636,ok
refine,pps/refine/L96_z0.350_lam0.2701/real006.json,0.3700506918755994,9b617fad03ded5737e9f1bf1610ffeb2a50a0996,96,0.2701,0.35,6,0.2701,0.7299,96.0,128,0.2338315243866794,-6.850460965254523,2.8717140271798085,0.3617549290521927,124.49619345178633,0.035786755367623206,1,0.8894912582183696,0.2137858275542748,2.6927975992223834,0.8768580237028402,2.9940195533745477,983.4515292644501,ok
refine,pps/refine/L96_z0.350_lam0.2701/real007.json,0.3700506918755994,9b617fad03ded5737e9f1bf1610ffeb2a50a0996,96,0.2701,0.35,7,0.2701,0.7299,96.0,128,0.2338315243866794,-6.944409622795817,2.6642285820871994,0.2126897079500617,125.12947313947197,0.03497441688262827,1,0.5153608480361078,0.23226674136855902,1.5240783990177826,0.8292311160956755,2.900534571467926,1094.6349143981934,ok
refine,pps/refine/L96_z0.350_lam0.2701/real008.json,0.3700506918755994,9b617fad03ded5737e9f1bf1610ffeb2a50a0996,96,0.2701,0.35,8,0.2701,0.7299,96.0,128,0.2338315243866794,-7.052076171167251,2.9304838903139063,0.18377060739486437,124.95431680880154,0.035956678928164426,1,0.9249919710927705,0.1997499091289751,2.823895902137317,0.8967964795367439,3.0096488653075393,1053.567361831665,ok
refine,pps/refine/L96_z0.350_lam0.2701/real009.json,0.3700506918755994,9b617fad03ded5737e9f1bf1610ffeb2a50a0996,96,0.2701,0.35,9,0.2701,0.7299,96.0,128,0.2338315243866794,-6.883271296486593,2.6311567861516636,0.23622668075591705,123.47844886782796,0.03617964555827718,1,0.4411465005894505,0.2852703684758973,1.242150252269807,1.0657084778944188,2.5728101171334443,1082.3552434444427,ok
refine,pps/refine/L96_z0.350_lam0.2701/real010.json,0.3700506918755994,9b617fad03ded5737e9f1bf1610ffeb2a50a0996,96,0.2701,0.35,10,0.2701,0.7299,96.0,128,0.2338315243866794,-6.966065872562219,2.8424433761296015,0.28469677650140357,125.05864863071976,0.036078982380360405,1,0.7439957588279782,0.21378044672391303,2.1514624318271616,0.9378081869947392,2.7915887427712933,1082.233230829239,ok
refine,pps/refine/L96_z0.350_lam0.2701/real011.json,0.3700506918755994,9b617fad03ded5737e9f1bf1610ffeb2a50a0996,96,0.2701,0.35,11,0.2701,0.7299,96.0,128,0.2338315243866794,-6.86316349464548,2.6309425556437227,0.32172984237306596,125.05374308818874,0.034863581286577495,1,0.5345522615586491,0.31868324170648654,1.6009715868912011,1.1524263557535745,2.8499764417295546,999.9340026378632,ok
refine,pps/refine/L96_z0.350_lam0.2810/real000.json,0.3908205841446454,9b617fad03ded5737e9f1bf1610ffeb2a50a0996,96,0.281,0.35,0,0.281,0.719,96.0,128,0.2247611912343135,-7.041344852451456,2.460580517775661,0.26541942329338153,124.83333212000618,0.036331717674096244,1,0.6376549415778954,0.25188820827549363,1.727275603963343,0.9319842591943895,2.6047177126226515,1014.0376777648926,ok
refine,pps/refine/L96_z0.350_lam0.2810/real001.json,0.3908205841446454,9b617fad03ded5737e9f1bf1610ffeb2a50a0996,96,0.281,0.35,1,0.281,0.719,96.0,128,0.2247611912343135,-7.084632296558014,2.741522735731023,0.18038992571799511,125.19707330827433,0.03712420681542535,1,0.6232236170113647,0.18986443908797856,1.8044851714703225,0.7981338213055807,2.7845698610738365,1041.320630311966,ok
refine,pps/refine/L96_z0.350_lam0.2810/real002.json,0.3908205841446454,9b617fad03ded5737e9f1bf1610ffeb2a50a0996,96,0.281,0.35,2,0.281,0.719,96.0,128,0.2247611912343135,-7.14577983469827,2.6067651370729252,0.25928030083702264,124.01179856673927,0.03637180565458085,1,0.4092979253821323,0.17529178028435563,1.0038744704833036,0.5803190633390214,2.3602032894739597,1045.9324193000793,ok
refine,pps/refine/L96_z0.350_lam0.2810/real003.json,0.3908205841446454,9b617fad03ded5737e9f1bf1610ffeb2a50a0996,96,0.281,0.35,3,0.281,0.719,96.0,128,0.2247611912343135,-7.080072150333481,2.589656663977398,0.2631536941848247,124.85496235969023,0.035766155767087665,1,0.5910154480293042,0.19154682157485584,1.654933392075506,0.673537737807449,2.7412821312959355,1039.1858232021332,ok
refine,pps/refine/L96_z0.350_lam0.2810/real004.json,0.3908205841446454,9b617fad03ded5737e9f1bf1610ffeb2a50a0996,96,0.281,0.35,4,0.281,0.719,96.0,128,0.2247611912343135,-7.131267920202561,2.8671340415116777,0.3289497874883861,124.68891385171897,0.036675076843916195,1,0.708095785470414,0.26349890641440504,2.1568706319813336,1.0345623728007034,2.9432543293036626,1066.6635229587555,ok
refine,pps/refine/L96_z0.350_lam0.2810/real005.json,0.3908205841446454,9b617fad03ded5737e9f1bf1610ffeb2a50a0996,96,0.281,0.35,5,0.281,0.719,96.0,128,0.2247611912343135,-6.952374223109218,2.5214766556272266,0.10823821279373001,124.80107726895942,0.035720574678565827,1,0.4248133205227238,0.1478707725449832,0.9599500951863773,0.48159937799822455,2.1901677728617357,1045.0664932727814,ok
refine,pps/refine/L96_z0.350_lam0.2810/real006.json,0.3908205841446454,9b617fad03ded5737e9f1bf1610ffeb2a50a0996,96,0.281,0.35,6,0.281,0.719,96.0,128,0.2247611912343135,-7.185843737089157,2.894989399064258,0.2689746883722525,125.09057621740115,0.03743202737965827,1,0.664679473931704,0.2052368585168486,2.208480052436668,0.8784538699449528,3.2625791759539178,1137.22487282753,ok
refine,pps/refine/L96_z0.350_lam0.2810/real007.json,0.3908205841446454,9b617fad03ded5737e9f1bf1610ffeb2a50a0996,96,0.281,0.35,7,0.281,0.719,96.0,128,0.2247611912343135,-6.9732085366737735,2.3879845005571694,0.14793224605925834,124.80976369205321,0.03635515008662664,1,0.5408085596871354,0.16068952942809095,1.310526103200901,0.6133464291194072,2.342924410092687,1129.2615523338318,ok
refine,pps/refine/L96_z0.350_lam0.2810/real008.json,0.3908205841446454,9b617fad03ded5737e9f1bf1610ffeb2a50a0996,96,0.281,0.35,8,0.281,0.719,96.0,128,0.2247611912343135,-7.033178833961699,2.6118718656192605,0.24166162326592808,123.5308051457719,0.036801532434996814,1,0.3992654374638436,0.2007016422353416,1.0429065786200005,0.666554664567257,2.489741100476095,1061.769401550293,ok
refine,pps/refine/L96_z0.350_lam0.2810/real009.json,0.3908205841446454,9b617fad03ded5737e9f1bf1610ffeb2a50a0996,96,0.281,0.35,9,0.281,0.719,96.0,128,0.2247611912343135,-7.078619663279547,2.6049942966849677,0.3304626225406478,124.745105145543,0.036361204515483206,1,0.6593014000455641,0.19579290678877018,1.9357054929315098,0.7568971497321663,2.87266247553592,1087.7297258377075,ok
refine,pps/refine/L96_z0.350_lam0.2810/real010.json,0.3908205841446454,9b617fad03ded5737e9f1bf1610ffeb2a50a0996,96,0.281,0.35,10,0.281,0.719,96.0,128,0.2247611912343135,-7.175821100889743,2.603746058431431,0.18564593571713378,124.73879710028041,0.03624638165966804,1,0.36051654386494925,0.17687561751654526,0.8401462604375931,0.6381145613980354,2.1325285329229935,1045.905764579773,ok
refine,pps/refine/L96_z0.350_lam0.2810/real011.json,0.3908205841446454,9b617fad03ded5737e9f1bf1610ffeb2a50a0996,96,0.281,0.35,11,0.281,0.719,96.0,128,0.2247611912343135,-7.083659034580808,2.7794565215082336,0.14188547072753283,122.72351246463438,0.0355329851038785,1,0.5727135821634554,0.16093529185424627,1.608265980950193,0.5636490141940435,2.7559012871481197,1087.70055103302,ok
refine,pps/refine/L96_z0.350_lam0.2923/real000.json,0.4130281192595733,9b617fad03ded5737e9f1bf1610ffeb2a50a0996,96,0.2923,0.35,0,0.2923,0.7077,96.0,128,0.21607216810414678,-7.1804831649202265,2.3114807103555233,0.21302901105402214,124.51359691126187,0.03731051959351257,1,0.28321730372733933,0.14049942176554941,0.6246983205125491,0.4803629871000101,2.027588863804934,1047.9674968719482,ok
refine,pps/refine/L96_z0.350_lam0.2923/real001.json,0.4130281192595733,9b617fad03ded5737e9f1bf1610ffeb2a50a0996,96,0.2923,0.35,1,0.2923,0.7077,96.0,128,0.21607216810414678,-7.217691626343882,2.4616609935388865,0.20269635466040248,125.310202888108,0.03707187170250437,1,0.6177905477100474,0.2136257796353533,1.84205467343537,0.7947348577198764,2.938475701431533,1131.5893530845642,ok
refine,pps/refine/L96_z0.350_lam0.2923/real002.json,0.4130281192595733,9b617fad03ded5737e9f1bf1610ffeb2a50a0996,96,0.2923,0.35,2,0.2923,0.7077,96.0,128,0.21607216810414678,-7.141312070463388,2.396071981063707,0.24059186701920193,124.47680570586607,0.036847297237281376,1,0.3680024273853013,0.14859297681391231,0.886217806209062,0.4313584645919002,2.3458477683587904,1073.5388143062592,ok
refine,pps/refine/L96_z0.350_lam0.2923/real003.json,0.4130281192595733,9b617fad03ded5737e9f1bf1610ffeb2a50a0996,96,0.2923,0.35,3,0.2923,0.7077,96.0,128,0.21607216810414678,-7.311644855679582,2.6942946464155226,0.2001145920823511,124.9925202506891,0.037220473407966664,1,0.6725668082713467,0.24091062584993223,2.12408489440691,1.017126039777895,3.0588562999850115,1054.8223431110382,ok
refine,pps/refine/L96_z0.350_lam0.2923/real004.json,0.4130281192595733,9b617fad03ded5737e9f1bf1610ffeb2a50a0996,96,0.2923,0.35,4,0.2923,0.7077,96.0,128,0.21607216810414678,-7.290826960270806,2.538662053146623,0.18140490293306874,125.20068750920457,0.03724115944506859,1,0.47010232616652614,0.1622569225031719,1.221706355508239,0.5581194491084649,2.5467023433632114,1138.28036570549,ok
refine,pps/refine/L96_z0.350_lam0.2923/real005.json,0.4130281192595733,9b617fad03ded5737e9f1bf1610ffeb2a50a0996,96,0.2923,0.35,5,0.2923,0.7077,96.0,128,0.21607216810414678,-7.310806799899542,2.4648504171922108,0.19382819871971646,123.519600753394,0.03779596014830555,1,0.4990073449318807,0.1679602289201133,1.1220399350395787,0.5203157344211622,2.1950206042245526,1145.4853851795197,ok
refine,pps/refine/L96_z0.350_lam0.2923/real006.json,0.4130281192595733,9b617fad03ded5737e9f1bf1610ffeb2a50a0996,96,0.2923,0.35,6,0.2923,0.7077,96.0,128,0.21607216810414678,-7.1180479099274905,2.285851752970272,0.18449202068007636,124.2075094104208,0.03682691220968684,1,0.5076924891267769,0.16510163912418932,1.1931974617694703,0.6307525778446047,2.273780481712068,1129.930636882782,ok
refine,pps/refine/L96_z0.350_lam0.2923/real007.json,0.4130281192595733,9b617fad03ded5737e9f1bf1610ffeb2a50a0996,96,0.2923,0.35,7,0.2923,0.7077,96.0,128,0.21607216810414678,-7.118742150067372,2.272423851541336,0.17202588044203534,124.95954998256876,0.03600817848177864,1,0.37128435835358775,0.18751601705896448,0.8355873216726978,0.5803813297207092,2.104867341760338,1046.308952331543,ok
refine,pps/refine/L96_z0.350_lam0.2923/real008.json,0.4130281192595733,9b617fad03ded5737e9f1bf1610ffeb2a50a0996,96,0.2923,0.35,8,0.2923,0.7077,96.0,128,0.21607216810414678,-7.110163316577108,2.4174214571185475,0.2581407869150481,124.4277691557734,0.03655259995210364,1,0.35397424005823047,0.2558369329300562,0.8212982354398588,0.7376155352421534,2.157125236630919,1111.570373058319,ok
refine,pps/refine/L96_z0.350_lam0.2923/real009.json,0.4130281192595733,9b617fad03ded5737e9f1bf1610ffeb2a50a0996,96,0.2923,0.35,9,0.2923,0.7077,96.0,128,0.21607216810414678,-7.1579992110460795,2.2670672125571976,0.178542039203534,124.46567157390865,0.03603795515303949,1,0.45016288960235745,0.23021680836458333,1.1045495990862184,0.6945029581280424,2.346048702303729,1071.5338747501373,ok
refine,pps/refine/L96_z0.350_lam0.2923/real010.json,0.4130281192595733,9b617fad03ded5737e9f1bf1610ffeb2a50a0996,96,0.2923,0.35,10,0.2923,0.7077,96.0,128,0.21607216810414678,-7.181830239667604,2.3777870392103826,0.33446865268131903,124.72923709074809,0.03766928995677101,1,0.7644489413941433,0.24814824923445478,2.393777037247287,0.8552732723007496,3.1294075109966797,1063.4793841838837,ok
refine,pps/refine/L96_z0.350_lam0.2923/real011.json,0.4130281192595733,9b617fad03ded5737e9f1bf1610ffeb2a50a0996,96,0.2923,0.35,11,0.2923,0.7077,96.0,128,0.21607216810414678,-7.186576275046302,2.3378588918920458,0.24731211554930818,123.6725094494992,0.03722400876540707,1,0.2999033435266295,0.140217206340402,0.6172073218977852,0.3995723519679244,1.9567551098148064,1067.1921060085297,ok
refine,pps/refine/L96_z0.350_lam0.3032/real000.json,0.43513203214695756,9b617fad03ded5737e9f1bf1610ffeb2a50a0996,96,0.3032,0.35,0,0.3032,0.6968,96.0,128,0.20830440216636575,-7.2227834982802905,2.1331263392902335,0.16955797511283469,124.06554181781877,0.036505371421432876,1,0.13339568236112842,0.10127611949642985,0.26055141815070193,0.22577995308038626,1.8574515821533473,1080.823664188385,ok
refine,pps/refine/L96_z0.350_lam0.3032/real001.json,0.43513203214695756,9b617fad03ded5737e9f1bf1610ffeb2a50a0996,96,0.3032,0.35,1,0.3032,0.6968,96.0,128,0.20830440216636575,-7.335312571532477,2.2321835597451365,0.20763314305423639,124.54039290375688,0.03801140551838004,1,0.22010945224403944,0.1368392105077734,0.42887147621438093,0.3191545208571132,1.84495095488874,1132.5783081054688,ok
refine,pps/refine/L96_z0.350_lam0.3032/real002.json,0.43513203214695756,9b617fad03ded5737e9f1bf1610ffeb2a50a0996,96,0.3032,0.35,2,0.3032,0.6968,96.0,128,0.20830440216636575,-7.234514093453839,2.1476423189293534,0.173672687950714,123.44934804535343,0.03703965627053828,1,0.23136964297865184,0.1899793916533462,0.4771314031637187,0.4528478925627406,1.8865458369881591,1119.2214274406433,ok
refine,pps/refine/L96_z0.350_lam0.3032/real003.json,0.43513203214695756,9b617fad03ded5737e9f1bf1610ffeb2a50a0996,96,0.3032,0.35,3,0.3032,0.6968,96.0,128,0.20830440216636575,-7.195440475500495,2.188410496688947,0.28659858200973776,124.35333824476997,0.036670511734373426,1,0.338896933515599,0.20710375763790786,0.7900612949846767,0.6098502984283989,2.1834375673166337,1121.154244184494,ok
refine,pps/refine/L96_z0.350_lam0.3032/real004.json,0.43513203214695756,9b617fad03ded5737e9f1bf1610ffeb2a50a0996,96,0.3032,0.35,4,0.3032,0.6968,96.0,128,0.20830440216636575,-7.143396994679744,2.1267594135626524,0.1859172634507243,123.87115400779905,0.036781016426927896,1,0.46720380387792126,0.20485610179218386,1.0785309931592948,0.5969605130005838,2.24297975856202,1128.1979439258575,ok
refine,pps/refine/L96_z0.350_lam0.3032/real005.json,0.43513203214695756,9b617fad03ded5737e9f1bf1610ffeb2a50a0996,96,0.3032,0.35,5,0.3032,0.6968,96.0,128,0.20830440216636575,-7.230483627926554,2.226778942087527,0.23378522363282678,124.34260833784278,0.03694285949745842,1,0.3448635001189557,0.1239603099237353,0.7793328581350671,0.3994567890029144,2.1887258400165726,1129.122861623764,ok
refine,pps/refine/L96_z0.350_lam0.3032/real006.json,0.43513203214695756,9b617fad03ded5737e9f1bf1610ffeb2a50a0996,96,0.3032,0.35,6,0.3032,0.6968,96.0,128,0.20830440216636575,-7.400538293252544,2.555061416189477,0.23351442864899494,125.23104765634797,0.03809222148298817,1,0.9714184322040222,0.4204809586859025,3.129977257819915,1.711225609925303,3.071125454514516,1083.035439491272,ok
refine,pps/refine/L96_z0.350_lam0.3032/real007.json,0.43513203214695756,9b617fad03ded5737e9f1bf1610ffeb2a50a0996,96,0.3032,0.35,7,0.3032,0.6968,96.0,128,0.20830440216636575,-7.311981658201032,2.297988243389207,0.24896282722757104,124.96674740620041,0.03753422967416995,1,0.4570999017009602,0.19829561672402066,1.3121558775244422,0.7012116212186514,2.7991393980728496,1185.074450492859,ok
refine,pps/refine/L96_z0.350_lam0.3032/real008.json,0.43513203214695756,9b617fad03ded5737e9f1bf1610ffeb2a50a0996,96,0.3032,0.35,8,0.3032,0.6968,96.0,128,0.20830440216636575,-7.017025812383257,2.155073356965383,0.16418111764419113,124.73674859180036,0.035255861503852154,1,0.3019661703698483,0.15961405941508916,0.6297314131655849,0.3731831684134841,2.0253405787592635,1107.318267583847,ok
refine,pps/refine/L96_z0.350_lam0.3032/real009.json,0.43513203214695756,9b617fad03ded5737e9f1bf1610ffeb2a50a0996,96,0.3032,0.35,9,0.3032,0.6968,96.0,128,0.20830440216636575,-7.197353239624064,2.208551612423097,0.17326521892061986,124.73386335166923,0.03686585935145371,1,0.3659862608337331,0.14569480668158089,0.9102934608489561,0.46965320201971456,2.4102298748670097,1041.9831273555756,ok
refine,pps/refine/L96_z0.350_lam0.3032/real010.json,0.43513203214695756,9b617fad03ded5737e9f1bf1610ffeb2a50a0996,96,0.3032,0.35,10,0.3032,0.6968,96.0,128,0.20830440216636575,-7.3189994480713345,2.253294812286447,0.15805587885172082,123.96969186614764,0.03828325851607708,1,0.3366608728034802,0.14767047001205413,0.7696497240872243,0.46342366181088473,2.2272253968855162,1161.2630319595337,ok
refine,pps/refine/L96_z0.350_lam0.3032/real011.json,0.43513203214695756,9b617fad03ded5737e9f1bf1610ffeb2a50a0996,96,0.3032,0.35,11,0.3032,0.6968,96.0,128,0.20830440216636575,-7.379804981757732,2.347382790880054,0.1279541708464665,123.85492630435135,0.0386473753172165,1,0.35331540099739184,0.35617217892050623,1.000995498715324,1.2242815584433189,2.5380813812747256,1134.0965776443481,ok
refine,pps/refine/L96_z0.350_lam0.3144/real000.json,0.45857642940490084,9b617fad03ded5737e9f1bf1610ffeb2a50a0996,96,0.3144,0.35,0,0.3144,0.6856,96.0,128,0.2008838891120932,-7.483317406732901,2.472194224073367,0.29544012080324167,125.22260889752158,0.038489612881880256,1,0.3183129547984069,0.1699953861630659,0.8070755683603323,0.5414191433907193,2.428724448375791,1131.2203936576843,ok
refine,pps/refine/L96_z0.350_lam0.3144/real001.json,0.45857642940490084,9b617fad03ded5737e9f1bf1610ffeb2a50a0996,96,0.3144,0.35,1,0.3144,0.6856,96.0,128,0.2008838891120932,-7.427503383516604,2.126383750180429,0.11336250057256131,124.76246221818131,0.0377508303807422,1,0.33393790614988406,0.16771171055934217,0.7424302577205435,0.47528412175421947,2.1277944294433495,1205.1298053264618,ok
refine,pps/refine/L96_z0.350_lam0.3144/real002.json,0.45857642940490084,9b617fad03ded5737e9f1bf1610ffeb2a50a0996,96,0.3144,0.35,2,0.3144,0.6856,96.0,128,0.2008838891120932,-7.528191734695096,2.301452828537413,0.26260447979287593,124.81365196430247,0.03950111111468637,1,0.3144743105412666,0.21683455119546785,0.7254617576938985,0.6716257423088005,2.0984013782485045,1182.799025297165,ok
refine,pps/refine/L96_z0.350_lam0.3144/real003.json,0.45857642940490084,9b617fad03ded5737e9f1bf1610ffeb2a50a0996,96,0.3144,0.35,3,0.3144,0.6856,96.0,128,0.2008838891120932,-7.264000967390497,2.033987529340515,0.1735754287337462,124.15653350760533,0.03741885683988658,1,0.31320188017724154,0.15957982566834006,0.7021870935451414,0.5411622407012799,2.0705904223336256,1143.3315324783325,ok
refine,pps/refine/L96_z0.350_lam0.3144/real004.json,0.45857642940490084,9b617fad03ded5737e9f1bf1610ffeb2a50a0996,96,0.3144,0.35,4,0.3144,0.6856,96.0,128,0.2008838891120932,-7.369864440662654,2.2003019523545952,0.2763301446110296,124.90590506507716,0.036788910791441615,1,0.3387742494865082,0.16865349525774434,0.7315941326721677,0.43985004116087584,2.080037360463601,1116.3982255458832,ok
refine,pps/refine/L96_z0.350_lam0.3144/real005.json,0.45857642940490084,9b617fad03ded5737e9f1bf1610ffeb2a50a0996,96,0.3144,0.35,5,0.3144,0.6856,96.0,128,0.2008838891120932,-7.282853712606662,1.9416818810040348,0.08891534946247698,124.30018406701221,0.03671222896215802,1,0.258235850222673,0.12505425063589976,0.5174938514866834,0.31838748173274467,1.947191608420281,1101.1257908344269,ok
refine,pps/refine/L96_z0.350_lam0.3144/real006.json,0.45857642940490084,9b617fad03ded5737e9f1bf1610ffeb2a50a0996,96,0.3144,0.35,6,0.3144,0.6856,96.0,128,0.2008838891120932,-7.31390962917209,2.2017551033826614,0.15908661114097505,123.89958254431542,0.037724483936444654,1,0.3523379632098029,0.16073803203288317,0.7104222635243769,0.46935082944589507,1.9152287712814702,1119.7445600032806,ok
refine,pps/refine/L96_z0.350_lam0.3144/real007.json,0.45857642940490084,9b617fad03ded5737e9f1bf1610ffeb2a50a0996,96,0.3144,0.35,7,0.3144,0.6856,96.0,128,0.2008838891120932,-7.530405568364486,2.266900912851441,0.12300992058010526,124.64936690842173,0.039154613054111456,1,0.38688068732802827,0.3194353390112133,1.0134805362657548,0.9931525835501983,2.339107151195644,1185.3487329483032,ok
refine,pps/refine/L96_z0.350_lam0.3144/real008.json,0.45857642940490084,9b617fad03ded5737e9f1bf1610ffeb2a50a0996,96,0.3144,0.35,8,0.3144,0.6856,96.0,128,0.2008838891120932,-7.388011847224618,2.1467961718264004,0.13999304034716104,124.88262993717879,0.03767786501132697,1,0.3672855568973402,0.1070839833118404,0.7384043929222216,0.3239886563523805,2.009644541268215,1077.221248626709,ok
refine,pps/refine/L96_z0.350_lam0.3144/real009.json,0.45857642940490084,9b617fad03ded5737e9f1bf1610ffeb2a50a0996,96,0.3144,0.35,9,0.3144,0.6856,96.0,128,0.2008838891120932,-7.350202967205104,2.1810080767258935,0.3465141103352907,124.14655467629333,0.03818087700629893,1,0.856205185343204,0.26208930189012136,2.557624825831133,0.9643012148812266,2.9423155357490325,1098.4860591888428,ok
refine,pps/refine/L96_z0.350_lam0.3144/real010.json,0.45857642940490084,9b617fad03ded5737e9f1bf1610ffeb2a50a0996,96,0.3144,0.35,10,0.3144,0.6856,96.0,128,0.2008838891120932,-7.480712594288423,2.2522765712524953,0.1158403019821909,124.70615431377608,0.03920373687180324,1,0.41540720562343647,0.2173482596730535,0.9569358082068904,0.5928912546538609,2.2328465290777366,1194.9803516864777,ok
refine,pps/refine/L96_z0.350_lam0.3144/real011.json,0.45857642940490084,9b617fad03ded5737e9f1bf1610ffeb2a50a0996,96,0.3144,0.35,11,0.3144,0.6856,96.0,128,0.2008838891120932,-7.292403608767479,1.987256742204362,0.16655574584728888,124.58539908038533,0.03834214835936821,1,0.22221496273009042,0.13841592072153022,0.4872374808734111,0.36890786149335153,2.0491339470145595,1186.976431131363,ok
refine,pps/refine/L96_z0.350_lam0.3254/real000.json,0.4823599169878447,9b617fad03ded5737e9f1bf1610ffeb2a50a0996,96,0.3254,0.35,0,0.3254,0.6746,96.0,128,0.1940930999902953,-7.418414437745351,1.9048169552371559,0.13974023894130677,124.03652914878818,0.037491534912386354,1,0.24179962727378618,0.1627542324300856,0.5147634790258255,0.4507277676180927,1.9777072432553129,1154.7151472568512,ok
refine,pps/refine/L96_z0.350_lam0.3254/real001.json,0.4823599169878447,9b617fad03ded5737e9f1bf1610ffeb2a50a0996,96,0.3254,0.35,1,0.3254,0.6746,96.0,128,0.1940930999902953,-7.3525636605899125,2.114949156406094,0.17720615912345755,124.93989968433577,0.03804443878718014,1,0.32432368422632185,0.15326911523076037,0.6544790686511033,0.38000338222372665,1.9656136604975083,1123.2709703445435,ok
refine,pps/refine/L96_z0.350_lam0.3254/real002.json,0.4823599169878447,9b617fad03ded5737e9f1bf1610ffeb2a50a0996,96,0.3254,0.35,2,0.3254,0.6746,96.0,128,0.1940930999902953,-7.419067828268964,2.065806713049088,0.1877194845850458,124.44969688271966,0.03781375059911117,1,0.13830541869603974,0.12099304438686956,0.2698411971959468,0.25821503567221804,1.8338039099984753,1173.2915074825287,ok
refine,pps/refine/L96_z0.350_lam0.3254/real003.json,0.4823599169878447,9b617fad03ded5737e9f1bf1610ffeb2a50a0996,96,0.3254,0.35,3,0.3254,0.6746,96.0,128,0.1940930999902953,-7.462290115571079,2.0934172102528983,0.1939846696572611,124.80359445110331,0.037718862556617355,1,0.4175456913805584,0.23984150156908565,1.0876332367962105,0.802986651683649,2.4108356734252494,1142.4880275726318,ok
refine,pps/refine/L96_z0.350_lam0.3254/real004.json,0.4823599169878447,9b617fad03ded5737e9f1bf1610ffeb2a50a0996,96,0.3254,0.35,4,0.3254,0.6746,96.0,128,0.1940930999902953,-7.484969039524398,2.077397502440497,0.08266233159406156,123.55557677251703,0.03892590956966317,1,0.26487482639704296,0.14288129756565476,0.5843353926061168,0.39521084216987357,2.133284495858496,1177.7621717453003,ok
refine,pps/refine/L96_z0.350_lam0.3254/real005.json,0.4823599169878447,9b617fad03ded5737e9f1bf1610ffeb2a50a0996,96,0.3254,0.35,5,0.3254,0.6746,96.0,128,0.1940930999902953,-7.406275677426765,2.004171233267937,0.1463302420301746,124.12463762897866,0.03743656592875352,1,0.3079552885319384,0.15001550737798508,0.58532205298623,0.3493421938914176,1.852326115775731,1115.118055820465,ok
refine,pps/refine/L96_z0.350_lam0.3254/real006.json,0.4823599169878447,9b617fad03ded5737e9f1bf1610ffeb2a50a0996,96,0.3254,0.35,6,0.3254,0.6746,96.0,128,0.1940930999902953,-7.43571117140782,2.037442117404912,0.1444561576045892,124.4750992589444,0.037853835939524336,1,0.3014576361309953,0.17354226102284803,0.6347520794192931,0.4069689477102948,2.02740115332555,1135.014835357666,ok
refine,pps/refine/L96_z0.350_lam0.3254/real007.json,0.4823599169878447,9b617fad03ded5737e9f1bf1610ffeb2a50a0996,96,0.3254,0.35,7,0.3254,0.6746,96.0,128,0.1940930999902953,-7.552595780673232,2.3329123773005103,0.19079260847751586,124.31454717754183,0.03820946334081546,1,0.5801787803269984,0.2680904493484399,1.502004170503203,0.8102691364026695,2.5309498490972335,1170.904616355896,ok
refine,pps/refine/L96_z0.350_lam0.3254/real008.json,0.4823599169878447,9b617fad03ded5737e9f1bf1610ffeb2a50a0996,96,0.3254,0.35,8,0.3254,0.6746,96.0,128,0.1940930999902953,-7.421450878041662,2.12929240542468,0.20967903623672415,125.25360195851816,0.03870567510188255,1,0.6310009139672552,0.24918867867297645,1.6650729683888694,0.9319850740059311,2.5124732978219098,1225.7815504074097,ok
refine,pps/refine/L96_z0.350_lam0.3254/real009.json,0.4823599169878447,9b617fad03ded5737e9f1bf1610ffeb2a50a0996,96,0.3254,0.35,9,0.3254,0.6746,96.0,128,0.1940930999902953,-7.351772657045668,1.9668922527530845,0.07263764024754961,124.88034178481098,0.03755921195407816,1,0.1807950763297606,0.15172980765745206,0.37336684447033447,0.3632603246224735,1.909036993902785,1107.7848796844482,ok
refine,pps/refine/L96_z0.350_lam0.3254/real010.json,0.4823599169878447,9b617fad03ded5737e9f1bf1610ffeb2a50a0996,96,0.3254,0.35,10,0.3254,0.6746,96.0,128,0.1940930999902953,-7.476727942224325,2.044352148557416,0.20090642976900477,124.03201836668197,0.038129793534478054,1,0.21012778414133398,0.148350087541735,0.40140838963777403,0.3133070138952411,1.8577658950530545,1146.4257974624634,ok
refine,pps/refine/L96_z0.350_lam0.3254/real011.json,0.4823599169878447,9b617fad03ded5737e9f1bf1610ffeb2a50a0996,96,0.3254,0.35,11,0.3254,0.6746,96.0,128,0.1940930999902953,-7.530102172871806,2.156556023661768,0.2638851042871174,124.39570388560323,0.039108542556704665,1,0.3545383888446876,0.13015645591713834,0.7948564339965506,0.3759708600475672,2.1815575171080726,1170.9240000247955,ok
refine,pps/refine/L96_z0.350_lam0.3366/real000.json,0.5073861923424782,9b617fad03ded5737e9f1bf1610ffeb2a50a0996,96,0.3366,0.35,0,0.3366,0.6634,96.0,128,0.18763486255746317,-7.445443622039531,1.93652422658245,0.18744363474673523,123.9660537034895,0.03779787335408098,1,0.15447967842183097,0.08587715722117534,0.31419493691203915,0.2217252554430453,1.9344604883881154,1186.2755105495453,ok
refine,pps/refine/L96_z0.350_lam0.3366/real001.json,0.5073861923424782,9b617fad03ded5737e9f1bf1610ffeb2a50a0996,96,0.3366,0.35,1,0.3366,0.6634,96.0,128,0.18763486255746317,-7.482632819877389,1.8980640188307365,0.126062662658086,124.35008611841154,0.0393068153806779,1,0.4461605014641202,0.17196017975241698,0.8928703324511598,0.39317399614781734,1.9776595032254463,1153.3282208442688,ok
refine,pps/refine/L96_z0.350_lam0.3366/real002.json,0.5073861923424782,9b617fad03ded5737e9f1bf1610ffeb2a50a0996,96,0.3366,0.35,2,0.3366,0.6634,96.0,128,0.18763486255746317,-7.6574729779854,1.9914505302360688,0.13490140524465416,123.80966616137678,0.03801282893985546,1,0.2053856647777064,0.0926342509997807,0.40534663842212015,0.22310717161599114,1.915120269211203,1165.4250876903534,ok
refine,pps/refine/L96_z0.350_lam0.3366/real003.json,0.5073861923424782,9b617fad03ded5737e9f1bf1610ffeb2a50a0996,96,0.3366,0.35,3,0.3366,0.6634,96.0,128,0.18763486255746317,-7.502018778951814,1.929022876335787,0.11711522924725207,124.23110921189553,0.03888209186326821,1,0.22652078303883122,0.11622339496448002,0.4742488726921706,0.3112163306977279,2.0241111202816566,1162.824545621872,ok
refine,pps/refine/L96_z0.350_lam0.3366/real004.json,0.5073861923424782,9b617fad03ded5737e9f1bf1610ffeb2a50a0996,96,0.3366,0.35,4,0.3366,0.6634,96.0,128,0.18763486255746317,-7.469292508805335,1.9570039489784097,0.133257832194582,123.7228366239737,0.03791696242737549,1,0.14833910303558603,0.08902870187433937,0.2720619884826756,0.19290335406537956,1.7729463282781615,1139.9009070396423,ok
refine,pps/refine/L96_z0.350_lam0.3366/real005.json,0.5073861923424782,9b617fad03ded5737e9f1bf1610ffeb2a50a0996,96,0.3366,0.35,5,0.3366,0.6634,96.0,128,0.18763486255746317,-7.376555841079127,1.8404967164529158,0.11218910023273901,124.4910336226946,0.036843679732593726,1,0.11604430430046109,0.07920239096286699,0.2305469950535266,0.21444014158078148,1.8348069790868575,1104.8890571594238,ok
refine,pps/refine/L96_z0.350_lam0.3366/real006.json,0.5073861923424782,9b617fad03ded5737e9f1bf1610ffeb2a50a0996,96,0.3366,0.35,6,0.3366,0.6634,96.0,128,0.18763486255746317,-7.508869961214192,1.9637357384034917,0.16983316541080945,123.96048379710217,0.03838392355460092,1,0.1414938746292288,0.10723488534106636,0.2660982027608357,0.24040666526604434,1.7947210043151696,1112.6519157886505,ok
refine,pps/refine/L96_z0.350_lam0.3366/real007.json,0.5073861923424782,9b617fad03ded5737e9f1bf1610ffeb2a50a0996,96,0.3366,0.35,7,0.3366,0.6634,96.0,128,0.18763486255746317,-7.537942275296601,1.9720297113536496,0.13706960453249728,124.6188487244946,0.03814902820228536,1,0.13143116499141394,0.11473021442538954,0.26926279587794355,0.2973718989371984,1.8429210413617851,1117.3568761348724,ok
refine,pps/refine/L96_z0.350_lam0.3366/real008.json,0.5073861923424782,9b617fad03ded5737e9f1bf1610ffeb2a50a0996,96,0.3366,0.35,8,0.3366,0.6634,96.0,128,0.18763486255746317,-7.340360594085211,1.8600766253218188,0.1718551498896916,124.72055010002947,0.03736897872375963,1,0.08979455639662345,0.08013754727671667,0.17366976849106658,0.19242688318904794,1.8085379483198392,1163.9174275398254,ok
refine,pps/refine/L96_z0.350_lam0.3366/real009.json,0.5073861923424782,9b617fad03ded5737e9f1bf1610ffeb2a50a0996,96,0.3366,0.35,9,0.3366,0.6634,96.0,128,0.18763486255746317,-7.309761479732057,1.8579514301305433,0.18627393799785782,125.23885660873702,0.03678303614201907,1,0.29591780934471046,0.14476827980666945,0.7912820930559548,0.5082296628646857,2.5113004621031774,1139.0279705524445,ok
refine,pps/refine/L96_z0.350_lam0.3366/real010.json,0.5073861923424782,9b617fad03ded5737e9f1bf1610ffeb2a50a0996,96,0.3366,0.35,10,0.3366,0.6634,96.0,128,0.18763486255746317,-7.512840826593358,1.9595215463132885,0.11113414972597606,124.76506640608525,0.03885385637542267,1,0.32118801318382245,0.14096871651354584,0.6219675911325493,0.33952707706290014,1.9151658866928276,1204.6506276130676,ok
refine,pps/refine/L96_z0.350_lam0.3366/real011.json,0.5073861923424782,9b617fad03ded5737e9f1bf1610ffeb2a50a0996,96,0.3366,0.35,11,0.3366,0.6634,96.0,128,0.18763486255746317,-7.348691368277905,1.84095216896296,0.12057421734474702,124.45970650564509,0.0372221201314767,1,0.10798335206593893,0.06624523483928721,0.19963706629374633,0.14430870724550168,1.777420156610273,1132.6119804382324,ok
refine,pps/refine/L96_z0.350_lam0.3476/real000.json,0.5328019619865114,9b617fad03ded5737e9f1bf1610ffeb2a50a0996,96,0.3476,0.35,0,0.3476,0.6524,96.0,128,0.18169705045121434,-7.500830668866091,1.8750463134323787,0.1604245723479124,124.21214162717881,0.03754490413700122,1,0.09943865016123235,0.07900358183054015,0.18970470103580997,0.191249236993615,1.762249663975613,1145.683673620224,ok
refine,pps/refine/L96_z0.350_lam0.3476/real001.json,0.5328019619865114,9b617fad03ded5737e9f1bf1610ffeb2a50a0996,96,0.3476,0.35,1,0.3476,0.6524,96.0,128,0.18169705045121434,-7.516043815895697,1.8407652491719535,0.08723951408337696,124.62382102016424,0.03842032451504585,1,0.11376984523209732,0.07570881077313042,0.22762563655861281,0.17791277955752316,1.908076489003474,1143.2428777217865,ok
refine,pps/refine/L96_z0.350_lam0.3476/real002.json,0.5328019619865114,9b617fad03ded5737e9f1bf1610ffeb2a50a0996,96,0.3476,0.35,2,0.3476,0.6524,96.0,128,0.18169705045121434,-7.422602666787271,1.782363229410059,0.09081071062004413,124.28653319279763,0.036969597724766046,1,0.09281644348077109,0.09670834290576612,0.1632431713225808,0.1810355085687309,1.6882956637593618,1234.93128323555,ok
refine,pps/refine/L96_z0.350_lam0.3476/real003.json,0.5328019619865114,9b617fad03ded5737e9f1bf1610ffeb2a50a0996,96,0.3476,0.35,3,0.3476,0.6524,96.0,128,0.18169705045121434,-7.438210418014992,1.7805951869235244,0.10468661320278957,124.9400732169424,0.036866524217196786,1,0.0877232569858129,0.05825755473386289,0.16637139270520182,0.14460492677465822,1.761174701349594,1173.557147026062,ok
refine,pps/refine/L96_z0.350_lam0.3476/real004.json,0.5328019619865114,9b617fad03ded5737e9f1bf1610ffeb2a50a0996,96,0.3476,0.35,4,0.3476,0.6524,96.0,128,0.18169705045121434,-7.526754438290326,1.8878572416904402,0.1372341067155089,123.80416612115587,0.03893126342509299,1,0.15897126855210522,0.13419265273174005,0.3243806622816694,0.30085446282917677,1.906410921998941,1195.0747447013855,ok
refine,pps/refine/L96_z0.350_lam0.3476/real005.json,0.5328019619865114,9b617fad03ded5737e9f1bf1610ffeb2a50a0996,96,0.3476,0.35,5,0.3476,0.6524,96.0,128,0.18169705045121434,-7.584427638225384,1.8975724462664243,0.0862419800402795,123.48793231574732,0.03784214216080608,1,0.15039751032465526,0.09924450923571417,0.29878504508787906,0.22024627262043842,1.9331469802351684,1137.4093317985535,ok
refine,pps/refine/L96_z0.350_lam0.3476/real006.json,0.5328019619865114,9b617fad03ded5737e9f1bf1610ffeb2a50a0996,96,0.3476,0.35,6,0.3476,0.6524,96.0,128,0.18169705045121434,-7.367760370791775,1.8323693230173796,0.12304688337970315,123.97954388976987,0.03694993604030284,1,0.1066626867008696,0.09344735384524275,0.2212325109794316,0.2280913240674528,1.9369577294976867,1196.6092736721039,ok
refine,pps/refine/L96_z0.350_lam0.3476/real007.json,0.5328019619865114,9b617fad03ded5737e9f1bf1610ffeb2a50a0996,96,0.3476,0.35,7,0.3476,0.6524,96.0,128,0.18169705045121434,-7.6060837572025894,1.8732711259060617,0.13287568816934586,125.00199551261036,0.03908866700627069,1,0.2899312971231612,0.14631799805929124,0.6517948339892654,0.41559535201792475,2.1850134501886815,1211.5722649097443,ok
refine,pps/refine/L96_z0.350_lam0.3476/real008.json,0.5328019619865114,9b617fad03ded5737e9f1bf1610ffeb2a50a0996,96,0.3476,0.35,8,0.3476,0.6524,96.0,128,0.18169705045121434,-7.450738938169914,1.8890732259162073,0.12164164468400372,124.07892305502857,0.037092046717952236,1,0.11121824387160215,0.09045579565647126,0.21257498503981134,0.19314751951910075,1.8138213772511884,1218.6109738349915,ok
refine,pps/refine/L96_z0.350_lam0.3476/real009.json,0.5328019619865114,9b617fad03ded5737e9f1bf1610ffeb2a50a0996,96,0.3476,0.35,9,0.3476,0.6524,96.0,128,0.18169705045121434,-7.626106274273383,1.9516843959658223,0.17784917480973703,123.924439917975,0.038832682354735346,1,0.12183598077021188,0.1253468866619484,0.2308050905465052,0.2548024331699417,1.8052978204436674,1248.3156502246857,ok
refine,pps/refine/L96_z0.350_lam0.3476/real010.json,0.5328019619865114,9b617fad03ded5737e9f1bf1610ffeb2a50a0996,96,0.3476,0.35,10,0.3476,0.6524,96.0,128,0.18169705045121434,-7.508555164456481,1.905435080273861,0.12085239887647121,124.21290636488438,0.0383283082796807,1,0.08412374834439545,0.11229214469060267,0.15674712544836522,0.25626987360747777,1.6774854952010105,1141.5739572048187,ok
refine,pps/refine/L96_z0.350_lam0.3476/real011.json,0.5328019619865114,9b617fad03ded5737e9f1bf1610ffeb2a50a0996,96,0.3476,0.35,11,0.3476,0.6524,96.0,128,0.18169705045121434,-7.50572084020796,1.8606821232957071,0.13917724586149482,124.0813629797897,0.03824554451535294,1,0.14697013732687714,0.08720184869932257,0.27659743223445876,0.20676036681766966,1.808899858973555,1130.8654704093933,ok
refine,pps/refine/L96_z0.350_lam0.3588/real000.json,0.5595757953836556,9b617fad03ded5737e9f1bf1610ffeb2a50a0996,96,0.3588,0.35,0,0.3588,0.6412,96.0,128,0.17602534765006161,-7.52933294397371,1.8162596578514585,0.13039051643680485,124.69607707558278,0.03817590004687408,1,0.06179260738469757,0.0674479344143771,0.11462913239822989,0.14680414599157995,1.7228544483867183,1151.5099754333496,ok
refine,pps/refine/L96_z0.350_lam0.3588/real001.json,0.5595757953836556,9b617fad03ded5737e9f1bf1610ffeb2a50a0996,96,0.3588,0.35,1,0.3588,0.6412,96.0,128,0.17602534765006161,-7.379325579524676,1.7566271828393123,0.08659908615552027,124.58757347988703,0.037346667669625334,1,0.09113065408984014,0.047177493875615255,0.15556573388489725,0.081754562223304,1.7315575597121327,1184.5042126178741,ok
refine,pps/refine/L96_z0.350_lam0.3588/real002.json,0.5595757953836556,9b617fad03ded5737e9f1bf1610ffeb2a50a0996,96,0.3588,0.35,2,0.3588,0.6412,96.0,128,0.17602534765006161,-7.531211804900139,1.7548498433979833,0.15922168307098,124.97670909755806,0.038629635075378144,1,0.09644067314361927,0.07974588448916545,0.16930942046225658,0.1497900624967261,1.7071177110182534,1233.6606707572937,ok
refine,pps/refine/L96_z0.350_lam0.3588/real003.json,0.5595757953836556,9b617fad03ded5737e9f1bf1610ffeb2a50a0996,96,0.3588,0.35,3,0.3588,0.6412,96.0,128,0.17602534765006161,-7.54207959788615,1.8627011443835215,0.12897218165958987,125.10428039622191,0.03790725946906979,1,0.07681154578052199,0.09301399691064323,0.14259307624566975,0.2147314128834142,1.6671552822381632,1256.6027615070343,ok
refine,pps/refine/L96_z0.350_lam0.3588/real004.json,0.5595757953836556,9b617fad03ded5737e9f1bf1610ffeb2a50a0996,96,0.3588,0.35,4,0.3588,0.6412,96.0,128,0.17602534765006161,-7.398124677607053,1.7329684917977923,0.12083875199916572,124.03026170162833,0.037702363788809055,1,0.18120692337474462,0.1652712905372565,0.38146606324941523,0.3765578632824047,1.98082142275305,1221.815418958664,ok
refine,pps/refine/L96_z0.350_lam0.3588/real005.json,0.5595757953836556,9b617fad03ded5737e9f1bf1610ffeb2a50a0996,96,0.3588,0.35,5,0.3588,0.6412,96.0,128,0.17602534765006161,-7.5915518934028485,1.8205860796732427,0.09227434221855868,122.55394453753232,0.03778211674250431,1,0.17725540445389854,0.22635838135773645,0.3444007044441416,0.5286427049880446,1.7558957999947182,1134.0903527736664,ok
refine,pps/refine/L96_z0.350_lam0.3588/real006.json,0.5595757953836556,9b617fad03ded5737e9f1bf1610ffeb2a50a0996,96,0.3588,0.35,6,0.3588,0.6412,96.0,128,0.17602534765006161,-7.532199322890432,1.8367724492042108,0.14451117777450045,125.23209630119422,0.03900726247847788,1,0.10079283972975553,0.08439446331872173,0.1854791172437123,0.17407232877584003,1.7667071663366274,1249.297955751419,ok
refine,pps/refine/L96_z0.350_lam0.3588/real007.json,0.5595757953836556,9b617fad03ded5737e9f1bf1610ffeb2a50a0996,96,0.3588,0.35,7,0.3588,0.6412,96.0,128,0.17602534765006161,-7.654696081389662,1.9468445020248966,0.21167518875485905,124.15303876569455,0.03986652244098391,1,0.08676736001113892,0.13754689746871723,0.17809769315407914,0.3572515211981702,1.6914955488627206,1240.4578642845154,ok
refine,pps/refine/L96_z0.350_lam0.3588/real008.json,0.5595757953836556,9b617fad03ded5737e9f1bf1610ffeb2a50a0996,96,0.3588,0.35,8,0.3588,0.6412,96.0,128,0.17602534765006161,-7.566035251240437,1.8083388867524415,0.12159258598118222,124.03047263674304,0.0379418291997835,1,0.2697930584867634,0.20896289130360515,0.5150349777473269,0.44734798098264406,1.7958224126430782,1181.4788932800293,ok
refine,pps/refine/L96_z0.350_lam0.3588/real009.json,0.5595757953836556,9b617fad03ded5737e9f1bf1610ffeb2a50a0996,96,0.3588,0.35,9,0.3588,0.6412,96.0,128,0.17602534765006161,-7.5572863235123195,1.8275682667740167,0.12816015681381893,124.91718304446978,0.038803471528502526,1,0.06657411230459846,0.06488778203642288,0.12102716886681654,0.15572137618310555,1.6848203809347297,1222.865564584732,ok
refine,pps/refine/L96_z0.350_lam0.3588/real010.json,0.5595757953836556,9b617fad03ded5737e9f1bf1610ffeb2a50a0996,96,0.3588,0.35,10,0.3588,0.6412,96.0,128,0.17602534765006161,-7.410549250748907,1.7270426663882543,0.07815483567162507,124.38479027530225,0.03740352846717806,1,0.14338820689896636,0.0909758106773206,0.30516241390086885,0.23524314885458344,1.999955094895017,1221.2340734004974,ok
refine,pps/refine/L96_z0.350_lam0.3588/real011.json,0.5595757953836556,9b617fad03ded5737e9f1bf1610ffeb2a50a0996,96,0.3588,0.35,11,0.3588,0.6412,96.0,128,0.17602534765006161,-7.553589023399344,1.8355558951349051,0.1291752628637268,123.3305383740413,0.03956113768150915,1,0.1826320519622719,0.1217126979290678,0.3411700550913538,0.2716961104044556,1.7727973446623735,1265.707570552826,ok
refine,pps/refine/L96_z0.350_lam0.3698/real000.json,0.586797841954935,9b617fad03ded5737e9f1bf1610ffeb2a50a0996,96,0.3698,0.35,0,0.3698,0.6302,96.0,128,0.17078933135976773,-7.507276733105294,1.6972897875041322,0.0750787935367977,124.48814024897965,0.03772100326026081,1,0.1114891419894608,0.08129473726707248,0.18943575778809224,0.16845203138627382,1.635969429066656,1266.3075022697449,ok
refine,pps/refine/L96_z0.350_lam0.3698/real001.json,0.586797841954935,9b617fad03ded5737e9f1bf1610ffeb2a50a0996,96,0.3698,0.35,1,0.3698,0.6302,96.0,128,0.17078933135976773,-7.468208266876793,1.7480379444257192,0.1255155816875118,124.46755456264192,0.03696150391235106,1,0.11589157326823214,0.11790873278556825,0.213798707709756,0.2199268822979906,1.8303459070456052,1253.915560722351,ok
refine,pps/refine/L96_z0.350_lam0.3698/real002.json,0.586797841954935,9b617fad03ded5737e9f1bf1610ffeb2a50a0996,96,0.3698,0.35,2,0.3698,0.6302,96.0,128,0.17078933135976773,-7.4434806565623175,1.703482112576421,0.08811928405651225,123.8379441982468,0.03842489811685167,1,0.028211977054064773,0.036937301096587424,0.05666894135361346,0.09778961182770332,1.7776669981519033,1239.528116941452,ok
refine,pps/refine/L96_z0.350_lam0.3698/real003.json,0.586797841954935,9b617fad03ded5737e9f1bf1610ffeb2a50a0996,96,0.3698,0.35,3,0.3698,0.6302,96.0,128,0.17078933135976773,-7.43911391752997,1.7281052111671582,0.12446802540587805,124.27057970624774,0.03815550168678005,1,0.06546092488848243,0.05062407958771837,0.11399805792132303,0.09547580482855937,1.680264824126136,1162.4705684185028,ok
refine,pps/refine/L96_z0.350_lam0.3698/real004.json,0.586797841954935,9b617fad03ded5737e9f1bf1610ffeb2a50a0996,96,0.3698,0.35,4,0.3698,0.6302,96.0,128,0.17078933135976773,-7.66586215415666,1.7316448677122729,0.08123989522720064,123.93069452459608,0.03922843587577903,1,0.1682728798589729,0.13620840371113116,0.32125665154343064,0.35299773336395174,1.7521188460417307,1186.6732985973358,ok
refine,pps/refine/L96_z0.350_lam0.3698/real005.json,0.586797841954935,9b617fad03ded5737e9f1bf1610ffeb2a50a0996,96,0.3698,0.35,5,0.3698,0.6302,96.0,128,0.17078933135976773,-7.428224518813252,1.7164745039680203,0.0737881449432533,124.11900440216995,0.03851103988578675,1,0.07301032683623362,0.07122359135255676,0.13325464780943513,0.16171462202849982,1.746484581783331,1183.1183216571808,ok
refine,pps/refine/L96_z0.350_lam0.3698/real006.json,0.586797841954935,9b617fad03ded5737e9f1bf1610ffeb2a50a0996,96,0.3698,0.35,6,0.3698,0.6302,96.0,128,0.17078933135976773,-7.5218185180986685,1.6996061285706605,0.06568050968405954,124.19834281619006,0.037878962010258005,1,0.048993102678778,0.04337565866803329,0.08877695582404409,0.0981515456674823,1.7281080746221926,1213.6880097389221,ok
refine,pps/refine/L96_z0.350_lam0.3698/real007.json,0.586797841954935,9b617fad03ded5737e9f1bf1610ffeb2a50a0996,96,0.3698,0.35,7,0.3698,0.6302,96.0,128,0.17078933135976773,-7.584001396254052,1.7830349998211334,0.13407049856732967,124.34350985240782,0.038376253183048825,1,0.030403126669823553,0.029419918228361867,0.05205840173929495,0.060103287292532864,1.6231904968407687,1206.4347319602966,ok
refine,pps/refine/L96_z0.350_lam0.3698/real008.json,0.586797841954935,9b617fad03ded5737e9f1bf1610ffeb2a50a0996,96,0.3698,0.35,8,0.3698,0.6302,96.0,128,0.17078933135976773,-7.471933098580938,1.736640019794308,0.07294487018310153,123.23452371870788,0.037797415444963574,1,0.0823786134157586,0.08410849984239482,0.15241205632439161,0.17305383158384247,1.747591395732832,1224.8916256427765,ok
refine,pps/refine/L96_z0.350_lam0.3698/real009.json,0.586797841954935,9b617fad03ded5737e9f1bf1610ffeb2a50a0996,96,0.3698,0.35,9,0.3698,0.6302,96.0,128,0.17078933135976773,-7.578614844379284,1.7397601151662034,0.14854699768518065,124.38598080999152,0.03764867773681235,1,0.0581102983486095,0.09348714256696096,0.10132262097817442,0.15779256059664518,1.7032640104030166,1265.3032994270325,ok
refine,pps/refine/L96_z0.350_lam0.3698/real010.json,0.586797841954935,9b617fad03ded5737e9f1bf1610ffeb2a50a0996,96,0.3698,0.35,10,0.3698,0.6302,96.0,128,0.17078933135976773,-7.578552412283668,1.709227493125052,0.11521719686824428,124.30011427467444,0.038950089753167536,1,0.04222409837636782,0.042025908972714826,0.07179115560166377,0.0770763334625138,1.677624636670045,1239.5358049869537,ok
refine,pps/refine/L96_z0.350_lam0.3698/real011.json,0.586797841954935,9b617fad03ded5737e9f1bf1610ffeb2a50a0996,96,0.3698,0.35,11,0.3698,0.6302,96.0,128,0.17078933135976773,-7.366335251515472,1.6618966432583553,0.09854304201732624,123.57182194628516,0.03697676108394145,1,0.12547641116989233,0.08850400404001633,0.21448502926152663,0.16251994618243698,1.6539484621003286,1163.1346361637115,ok
