source,source_sha256,arm,L,T,N_c,zeta,lam,dtau_mult,resample_scheme,seed,status,cmi_weighted_mean,cmi_within_var,n_nonfinite,n_distinct_anc_final,ess_frac_mean,brentq_fallbacks,wall_s,n_steps
research/tasks/active/TASK-2026-09-01-SMCRUCHE-READY/arm1/results/ARM1_00000.json,037495a5d0dc745e3e942f12ac93a0e42b6b369936b2acf78a1b205dec0b050e,ARM1,96,96.0,128,0.35,0.3032,6.0,systematic,1168016,ok,0.39150251170142114,0.02765638645252137,0,1,0.9928770426508341,0,1210.86,922
research/tasks/active/TASK-2026-09-01-SMCRUCHE-READY/arm1/results/ARM1_00001.json,19fd9d50bdfde5083d15e2134099f0b062727773cf656d111081891b5d2eced5,ARM1,96,96.0,128,0.35,0.3032,6.0,systematic,1168017,ok,0.3600924973750028,0.02592381413678246,0,1,0.9930377428522034,0,1373.43,922
research/tasks/active/TASK-2026-09-01-SMCRUCHE-READY/arm1/results/ARM1_00002.json,8841eb6ba64b9cbae657cbc07e3f6cf2b81f9999fc95c988aac8ba4a7cbfa87b,ARM1,96,96.0,128,0.35,0.3032,6.0,systematic,1168018,ok,0.4516711516737355,0.041823951233728195,0,1,0.9929732876304113,0,1375.01,922
research/tasks/active/TASK-2026-09-01-SMCRUCHE-READY/arm1/results/ARM1_00003.json,ea4719da5b1b51035c4335e62f454f7f034c42fe5e37431f3ba72f62f629f0ed,ARM1,96,96.0,128,0.35,0.3032,6.0,systematic,1168019,ok,0.5864394122506498,0.05098114397325194,0,1,0.9930408240078796,0,1379.92,922
research/tasks/active/TASK-2026-09-01-SMCRUCHE-READY/arm1/results/ARM1_00004.json,b2160d548ac9f5c2bcafb720c87b748d3deb2c03e1e148587733bce9b86433dc,ARM1,96,96.0,128,0.35,0.3032,6.0,systematic,1168020,ok,0.5371981731646471,0.09139634597447889,0,1,0.9931409266645674,0,1382.89,922
research/tasks/active/TASK-2026-09-01-SMCRUCHE-READY/arm1/results/ARM1_00005.json,7dd1bba4e822b8b10e3f2624fa5cc39836eb73235672f098358f4a84b487b5f4,ARM1,96,96.0,128,0.35,0.3032,6.0,systematic,1168021,ok,0.18365233596474145,0.00745267135052448,0,1,0.992693232719854,0,1372.63,922
research/tasks/active/TASK-2026-09-01-SMCRUCHE-READY/arm1/results/ARM1_00006.json,247340f8f3087c6ad98fb7e28c7ee9fa3847b051317b617d80863cd399510d31,ARM1,96,96.0,128,0.35,0.3032,6.0,systematic,1168022,ok,0.44041800328154057,0.0216308132775711,0,1,0.9925097256162043,0,1351.63,922
research/tasks/active/TASK-2026-09-01-SMCRUCHE-READY/arm1/results/ARM1_00007.json,74cbeac3fbf8ae5b32fe1d740784dde26cc98e1db7ab3f4b31ca30c6f5494cb6,ARM1,96,96.0,128,0.35,0.3032,6.0,systematic,1168023,ok,0.3563284839004946,0.016465061228717534,0,1,0.992531166519105,0,1351.28,922
research/tasks/active/TASK-2026-09-01-SMCRUCHE-READY/arm1/results/ARM1_00008.json,d94f17e7fc2c351f0aa57b38ef35c3217dcf55578819f71a8e51626c66ad0b53,ARM1,96,96.0,128,0.35,0.3032,6.0,systematic,1168024,ok,0.6052105392354037,0.02589087060061106,0,1,0.9928004891695206,0,1354.6,922
research/tasks/active/TASK-2026-09-01-SMCRUCHE-READY/arm1/results/ARM1_00009.json,51a691746d0e09b6bc5f267df7b426b334222fdf6a7f57bd9f7176f8db3589d9,ARM1,96,96.0,128,0.35,0.3032,6.0,systematic,1168025,ok,0.516747936247055,0.027140113429979202,0,1,0.9926706052122652,0,1356.55,922
research/tasks/active/TASK-2026-09-01-SMCRUCHE-READY/arm1/results/ARM1_00010.json,0644f94e450a47903a2c76fde119ece2c657a4fd8661238dcd99a82d6a619c54,ARM1,96,96.0,128,0.35,0.3032,6.0,systematic,1168026,ok,0.5712218799339328,0.032008315323837716,0,1,0.9930973187722062,0,1365.88,922
research/tasks/active/TASK-2026-09-01-SMCRUCHE-READY/arm1/results/ARM1_00011.json,e568c70d37644b51aedfc66c1ae2ae7f513e55d02cb411311a9e7f9fd84cb5fc,ARM1,96,96.0,128,0.35,0.3032,6.0,systematic,1168027,ok,0.23863807475375653,0.016878960021422695,0,1,0.9926870204695034,0,1360.74,922
research/tasks/active/TASK-2026-09-01-SMCRUCHE-READY/arm1/results/ARM1_00012.json,be924f221e7cdf2393799e20568bcb3010408ff733487e83652975c1c4731266,ARM1,96,96.0,128,0.35,0.3032,6.0,systematic,1168028,ok,0.28578924350508006,0.017014956836087773,0,1,0.992683641272719,0,1369.93,922
research/tasks/active/TASK-2026-09-01-SMCRUCHE-READY/arm1/results/ARM1_00013.json,8e7eb68bdcb5510ed4e050c39093283a3a187004ec9f33a64b3bdfcddbc22c5c,ARM1,96,96.0,128,0.35,0.3032,6.0,systematic,1168029,ok,0.4026270014684438,0.019576208822341505,0,1,0.9927464196543826,0,1169.85,922
research/tasks/active/TASK-2026-09-01-SMCRUCHE-READY/arm1/results/ARM1_00014.json,c74eaca2c2f7a1a398bf89e2b66f23a450f7ca6e23a135fe9dbbcc293ad03ffd,ARM1,96,96.0,128,0.35,0.3032,6.0,systematic,1168030,ok,0.10127779077454971,0.007969078194525388,0,1,0.9927973946756048,0,1182.52,922
research/tasks/active/TASK-2026-09-01-SMCRUCHE-READY/arm1/results/ARM1_00015.json,19f80c0bbc54647da011d53f63d29207380035394ca82ff19e2cf455c661aa00,ARM1,96,96.0,128,0.35,0.3032,6.0,systematic,1168031,ok,0.35767697153482203,0.03454266796173009,0,1,0.9927970992129547,0,1182.13,922
research/tasks/active/TASK-2026-09-01-SMCRUCHE-READY/arm1/results/ARM1_00016.json,c413924d78263b2dda6a357ce2de484724a5421d960f77bd5add78a6d7199495,ARM1,96,96.0,128,0.35,0.3032,6.0,systematic,1168032,ok,0.20634810273876153,0.008548627167447968,0,1,0.9926476776165376,0,1172.99,922
research/tasks/active/TASK-2026-09-01-SMCRUCHE-READY/arm1/results/ARM1_00017.json,f9fbb0ea65b8eaab73453762c57881bca372404c7e5a398c9d716748392ad551,ARM1,96,96.0,128,0.35,0.3032,6.0,systematic,1168033,ok,0.37812804095700137,0.04849517054284812,0,1,0.9931545831345225,0,1449.05,922
research/tasks/active/TASK-2026-09-01-SMCRUCHE-READY/arm1/results/ARM1_00018.json,81d770daf2171b7d3bba39a447f55ccd33d9aa3f8ab0d154b2024634d4a99490,ARM1,96,96.0,128,0.35,0.3032,6.0,systematic,1168034,ok,0.20685802205637016,0.01381563086215323,0,1,0.9925698531677979,0,1427.08,922
research/tasks/active/TASK-2026-09-01-SMCRUCHE-READY/arm1/results/ARM1_00019.json,4c7dad16fdaa71175676c345484874d42aa960f1410e4a8df551b00b434aa650,ARM1,96,96.0,128,0.35,0.3032,6.0,systematic,1168035,ok,0.6095978819981688,0.029874715877399097,0,1,0.9927328605004978,0,1428.78,922
research/tasks/active/TASK-2026-09-01-SMCRUCHE-READY/arm1/results/ARM1_00020.json,8aff8717850fdedd25c0e58a1a313cf9828ec7a27dbd34d414d8cffab3b7b7db,ARM1,96,96.0,128,0.35,0.3032,6.0,systematic,1168036,ok,0.24040692663586027,0.014698232249811233,0,1,0.9927334196972578,0,1461.55,922
research/tasks/active/TASK-2026-09-01-SMCRUCHE-READY/arm1/results/ARM1_00021.json,0c0d5a482460c5da104afd6579075b9049efddf8b0cd40b51fcf7a17ce7d9d5a,ARM1,96,96.0,128,0.35,0.3032,6.0,systematic,1168037,ok,0.32127782289863105,0.040488407663974234,0,1,0.9926424246239143,0,1451.84,922
research/tasks/active/TASK-2026-09-01-SMCRUCHE-READY/arm1/results/ARM1_00022.json,d9fe5a07f78672ae6b3d4a0ffe5347b9b235dc066a3b124a09d3c57813a0a882,ARM1,96,96.0,128,0.35,0.3032,6.0,systematic,1168038,ok,0.5956425657864985,0.058458262098791854,0,1,0.9927316722159337,0,1435.77,922
research/tasks/active/TASK-2026-09-01-SMCRUCHE-READY/arm1/results/ARM1_00023.json,69a8b5ff73105af32d4e4048e9def8aed0d0a5b7b16de882810badb2a315d47f,ARM1,96,96.0,128,0.35,0.3032,6.0,systematic,1168039,ok,0.44234319876253847,0.021647249689155233,0,1,0.992826114931979,0,1452.36,922
research/tasks/active/TASK-2026-09-01-SMCRUCHE-READY/arm1/results/ARM1_00024.json,cb3055544c7a6543447ab006c0598e2f14345b7cd651762713ba550f4f562a52,ARM1,96,96.0,128,0.35,0.3032,6.0,systematic,1168040,ok,0.38959813691224804,0.016780914575256288,0,1,0.992672135507288,0,1446.81,922
research/tasks/active/TASK-2026-09-01-SMCRUCHE-READY/arm1/results/ARM1_00025.json,80e84d443d94f138520d539d522730fa8f0d451b91f5d7d3e6dd71033ff8d15c,ARM1,96,96.0,128,0.35,0.3032,6.0,systematic,1168041,ok,0.41581656538412953,0.02872146761877703,0,1,0.9931452114043385,0,1464.38,922
research/tasks/active/TASK-2026-09-01-SMCRUCHE-READY/arm1/results/ARM1_00026.json,ca11eec14957f993f85ee87111f0851fcf0ea637cc7d46537883ec5ac763acdb,ARM1,96,96.0,128,0.35,0.3032,6.0,systematic,1168042,ok,0.47812089307823047,0.11618946724600634,0,1,0.9929885120280014,0,1443.39,922
research/tasks/active/TASK-2026-09-01-SMCRUCHE-READY/arm1/results/ARM1_00027.json,9e7be11967302d6085b6426c3d3a1e2f2a9b896352aff7225f667803f4d440b2,ARM1,96,96.0,128,0.35,0.3032,6.0,systematic,1168043,ok,0.24961765447889944,0.013308253574570075,0,1,0.9930227664211928,0,1451.99,922
research/tasks/active/TASK-2026-09-01-SMCRUCHE-READY/arm1/results/ARM1_00028.json,201332a7453170742c9a52f7423979482a6bdb62555a1a081489a65dbb8db55b,ARM1,96,96.0,128,0.35,0.3032,6.0,systematic,1168044,ok,0.3675633842663405,0.06788332801951968,0,1,0.9928173694915449,0,1466.41,922
research/tasks/active/TASK-2026-09-01-SMCRUCHE-READY/arm1/results/ARM1_00029.json,d96a57eebbf9411b275c800ca6b437c1d1f7100973308dfdc6a7a8d9ee976f6c,ARM1,96,96.0,128,0.35,0.3032,6.0,systematic,1168045,ok,0.4182072208700818,0.023075603541019327,0,1,0.9927294489231153,0,1457.17,922
research/tasks/active/TASK-2026-09-01-SMCRUCHE-READY/arm1/results/ARM1_00030.json,99ce1a29b4e53dc83f85569277294445de54a37ac206d7e9b2fea0c53c2443dc,ARM1,96,96.0,128,0.35,0.3032,6.0,systematic,1168046,ok,0.39927064420165265,0.026487851851826408,0,1,0.9925614273548986,0,1453.94,922
research/tasks/active/TASK-2026-09-01-SMCRUCHE-READY/arm1/results/ARM1_00031.json,26ddafa1d6a5d59be9c4fa08dc3f03c22216169531c7412f68ebdcd448f88d50,ARM1,96,96.0,128,0.35,0.3032,6.0,systematic,1168047,ok,0.30840826486995054,0.02118348372486117,0,1,0.9929260788961669,0,1451.59,922
research/tasks/active/TASK-2026-09-01-SMCRUCHE-READY/arm1/results/ARM1_00032.json,3988f079e48a59caa1c0dc46dbbc06f9f7b3965de1a554b4207f5a193f5aaf08,ARM1,96,96.0,256,0.35,0.3032,6.0,systematic,1296016,ok,0.47293671085772887,0.01962171865501298,0,1,0.9925425887695125,0,2479.58,922
research/tasks/active/TASK-2026-09-01-SMCRUCHE-READY/arm1/results/ARM1_00033.json,12685ccd606f0b0b5e7ba4e144fd7d4f6f22eabe187e7cef23f9c5eff44d5170,ARM1,96,96.0,256,0.35,0.3032,6.0,systematic,1296017,ok,0.3168595964339818,0.018447756847702463,0,1,0.9929120054559115,0,2489.03,922
research/tasks/active/TASK-2026-09-01-SMCRUCHE-READY/arm1/results/ARM1_00034.json,af388aa599e2755db6d81a6440af51e891d44c05ba4a2e47bdb892e3f0a3d186,ARM1,96,96.0,256,0.35,0.3032,6.0,systematic,1296018,ok,0.23220916273354544,0.05451725031292475,0,1,0.9927657284385399,0,2423.88,922
research/tasks/active/TASK-2026-09-01-SMCRUCHE-READY/arm1/results/ARM1_00035.json,e618726761c4f7192800947e9cc40a60ccc94827dda33754217f128e90930ab5,ARM1,96,96.0,256,0.35,0.3032,6.0,systematic,1296019,ok,0.2825618374253618,0.0616247532670656,0,1,0.9927034299432775,0,2371.82,922
research/tasks/active/TASK-2026-09-01-SMCRUCHE-READY/arm1/results/ARM1_00036.json,eed45425da64baaea3804899366ba534e39b2628e7ec83ea589441edb30ad8c2,ARM1,96,96.0,256,0.35,0.3032,6.0,systematic,1296020,ok,0.3516078167761456,0.042671940215405116,0,1,0.9927080685159373,0,2347.31,922
research/tasks/active/TASK-2026-09-01-SMCRUCHE-READY/arm1/results/ARM1_00037.json,7cd516072268a0a6b2e7d9985d5da09d9088889447e14872f30f2a50fd17cb11,ARM1,96,96.0,256,0.35,0.3032,6.0,systematic,1296021,ok,0.24563083644736405,0.01335700095230948,0,1,0.992380866102665,0,2350.34,922
research/tasks/active/TASK-2026-09-01-SMCRUCHE-READY/arm1/results/ARM1_00038.json,febc0eba4d1f4d7ab6a01468726462a6714dc23953f1803b68bcf42bd357be3a,ARM1,96,96.0,256,0.35,0.3032,6.0,systematic,1296022,ok,0.48150079996963735,0.030722822390523458,0,1,0.9926973933513517,0,2370.65,922
research/tasks/active/TASK-2026-09-01-SMCRUCHE-READY/arm1/results/ARM1_00039.json,f4b336ed2a4aaadac5f4769356261f631356f0d656ee4e27fd0c54a44868d4fb,ARM1,96,96.0,256,0.35,0.3032,6.0,systematic,1296023,ok,0.4566987188104037,0.04417337492722722,0,1,0.992871174315791,0,2370.38,922
research/tasks/active/TASK-2026-09-01-SMCRUCHE-READY/arm1/results/ARM1_00040.json,e0ed97f44f82596ae70331cf0cd7f764c4606aaaa0fa131fb04a3348164d0ee0,ARM1,96,96.0,256,0.35,0.3032,6.0,systematic,1296024,ok,0.16753011109336013,0.010650916754507059,0,1,0.9922793337370166,0,2305.31,922
research/tasks/active/TASK-2026-09-01-SMCRUCHE-READY/arm1/results/ARM1_00041.json,6186784fefd88937583c9a2df954f0431ad8b1fa8a6ae003a9f9c554be89a51a,ARM1,96,96.0,256,0.35,0.3032,6.0,systematic,1296025,ok,0.1417118279665448,0.011493978331853599,0,1,0.9926098921481723,0,2710.59,922
research/tasks/active/TASK-2026-09-01-SMCRUCHE-READY/arm1/results/ARM1_00042.json,0013fc347d9ca3b4b11bd5a78cab4f62267faf1bfc0a498c76383d3110657420,ARM1,96,96.0,256,0.35,0.3032,6.0,systematic,1296026,ok,0.24042541152858016,0.019603903572691372,0,1,0.9923954458743178,0,2672.95,922
research/tasks/active/TASK-2026-09-01-SMCRUCHE-READY/arm1/results/ARM1_00043.json,a854a54ebcc8bb7f8c84f6db76b1fea87edd7061a80cf99f79bec1bf4505ef9b,ARM1,96,96.0,256,0.35,0.3032,6.0,systematic,1296027,ok,0.28026187076760417,0.028547771701118867,0,1,0.9926833916634624,0,2699.21,922
research/tasks/active/TASK-2026-09-01-SMCRUCHE-READY/arm1/results/ARM1_00044.json,0e59ea5eebdfe39420fd2ad7a540bb0cf20cfd937ecd45ee08a95efcf416ad59,ARM1,96,96.0,256,0.35,0.3032,6.0,systematic,1296028,ok,0.3974330270694597,0.026954095118946635,0,1,0.992586021026314,0,2721.27,922
research/tasks/active/TASK-2026-09-01-SMCRUCHE-READY/arm1/results/ARM1_00045.json,3435620678f699fffa3bd8b2752bbb2dea011564d0c25748a05c7c38a4f76f89,ARM1,96,96.0,256,0.35,0.3032,6.0,systematic,1296029,ok,0.5244373142313785,0.0427423974759558,0,1,0.9925880853568989,0,2679.89,922
research/tasks/active/TASK-2026-09-01-SMCRUCHE-READY/arm1/results/ARM1_00046.json,e6f31ae3990e70a4c9bdccd20fead8e632253af17fa5869728ca7adb0545d2fa,ARM1,96,96.0,256,0.35,0.3032,6.0,systematic,1296030,ok,0.4124516969996771,0.03179612598099677,0,1,0.9929008809012111,0,2722.43,922
research/tasks/active/TASK-2026-09-01-SMCRUCHE-READY/arm1/results/ARM1_00047.json,1284f5f95c285005db8ab197325e98ad7e012c13b5a8c1ec4a7c97f79e0e67f8,ARM1,96,96.0,256,0.35,0.3032,6.0,systematic,1296031,ok,0.20857145113837916,0.011893016715766102,0,1,0.9924817656037316,0,2214.21,922
research/tasks/active/TASK-2026-09-01-SMCRUCHE-READY/arm1/results/ARM1_00048.json,6da60037bbb1a146f917e141a69c912c6db5b1995b3a07993763d4dd9d68f74d,ARM1,96,96.0,256,0.35,0.3032,6.0,systematic,1296032,ok,0.22377919919332848,0.04680440686087362,0,1,0.9928122190057705,0,2269.26,922
research/tasks/active/TASK-2026-09-01-SMCRUCHE-READY/arm1/results/ARM1_00049.json,49d530fcff0081d5bb4b73a92dfe0365cadb98e1ea569805a12ec87e8ca997e4,ARM1,96,96.0,256,0.35,0.3032,6.0,systematic,1296033,ok,0.35667617008618746,0.0319784943716984,0,1,0.9923505389811326,0,2234.16,922
research/tasks/active/TASK-2026-09-01-SMCRUCHE-READY/arm1/results/ARM1_00050.json,3ee774e8762a0a4aac3cf92e8f64f4f8fa97ebe44b0465063b7e7e74e0cbfe95,ARM1,96,96.0,256,0.35,0.3032,6.0,systematic,1296034,ok,0.40867346125477816,0.06173178666920849,0,1,0.9927319938441224,0,2405.5,922
research/tasks/active/TASK-2026-09-01-SMCRUCHE-READY/arm1/results/ARM1_00051.json,c6d7a3bc043005dc3bc08b81ec7310bd37384d001a731c67bcd1c73c22ea0bb4,ARM1,96,96.0,256,0.35,0.3032,6.0,systematic,1296035,ok,0.36210032016966365,0.03574696683353866,0,1,0.9927576979298904,0,2456.29,922
research/tasks/active/TASK-2026-09-01-SMCRUCHE-READY/arm1/results/ARM1_00052.json,9005527f8bceeb9b469d154dfed1c09b889a283c4758f96c2346f9c22aef906c,ARM1,96,96.0,256,0.35,0.3032,6.0,systematic,1296036,ok,0.3663171948996064,0.016735111906236947,0,1,0.992556069044276,0,2452.5,922
research/tasks/active/TASK-2026-09-01-SMCRUCHE-READY/arm1/results/ARM1_00053.json,dd9ba913ec1ceed910dd91cd30d29bff894268f3b54a346cffc134071deb8ceb,ARM1,96,96.0,256,0.35,0.3032,6.0,systematic,1296037,ok,0.3544491797824115,0.03710229830731672,0,1,0.9926536429712046,0,2463.34,922
research/tasks/active/TASK-2026-09-01-SMCRUCHE-READY/arm1/results/ARM1_00054.json,53c4f9c030399aaa7f42d067a3c4215d8aac64f342e2213f8ddbd8ce827c7a78,ARM1,96,96.0,256,0.35,0.3032,6.0,systematic,1296038,ok,0.333411115667503,0.042717358177169575,0,1,0.9922360919024329,0,2425.42,922
research/tasks/active/TASK-2026-09-01-SMCRUCHE-READY/arm1/results/ARM1_00055.json,15890a9e6738122ae1898ffa24cd9c1bb724a26f38bad1119bfd68d223dbed97,ARM1,96,96.0,256,0.35,0.3032,6.0,systematic,1296039,ok,0.2020640936739596,0.024055872687171517,0,1,0.9924542833491049,0,2445.16,922
research/tasks/active/TASK-2026-09-01-SMCRUCHE-READY/arm1/results/ARM1_00056.json,e3922da736f07fc177102e97f2fc427dc5eee64bb621f187c6b6e5fdd1d90294,ARM1,96,96.0,256,0.35,0.3032,6.0,systematic,1296040,ok,0.2984492821051409,0.02276547230842189,0,1,0.9924852492099627,0,2341.74,922
research/tasks/active/TASK-2026-09-01-SMCRUCHE-READY/arm1/results/ARM1_00057.json,0fb8530f1c74259325a348d13906005ac8dfedaaf1f1498dbc230bc34001d285,ARM1,96,96.0,256,0.35,0.3032,6.0,systematic,1296041,ok,0.2592338987352326,0.021237171245431532,0,1,0.9925115807491516,0,2337.43,922
research/tasks/active/TASK-2026-09-01-SMCRUCHE-READY/arm1/results/ARM1_00058.json,bee015d4b91536a9583a13e26fd20189b373ce7d3e30d28d25fcb071c985bc71,ARM1,96,96.0,256,0.35,0.3032,6.0,systematic,1296042,ok,0.35775126935900836,0.02831774946444408,0,1,0.9923818390085619,0,2332.98,922
research/tasks/active/TASK-2026-09-01-SMCRUCHE-READY/arm1/results/ARM1_00059.json,8d2aeac98aaf72313a07b15efb73b16e6f921d49af594277021bb0937393742d,ARM1,96,96.0,256,0.35,0.3032,6.0,systematic,1296043,ok,0.3530773970725527,0.015970168875303427,0,1,0.992707838957471,0,2362.85,922
research/tasks/active/TASK-2026-09-01-SMCRUCHE-READY/arm1/results/ARM1_00060.json,61db582529d23ee9dc0866258198d3662953f7a551a9db4a9ce0f54e06c756e4,ARM1,96,96.0,256,0.35,0.3032,6.0,systematic,1296044,ok,0.5527544599082894,0.027413324793684735,0,1,0.9924765444823448,0,2343.81,922
research/tasks/active/TASK-2026-09-01-SMCRUCHE-READY/arm1/results/ARM1_00061.json,497f534a551f4594c59de8ee23fafeab3b901354b7f429f5266e78b75f5f8027,ARM1,96,96.0,256,0.35,0.3032,6.0,systematic,1296045,ok,0.37848959216435224,0.029174915180219176,0,1,0.992582644640795,0,2340.64,922
research/tasks/active/TASK-2026-09-01-SMCRUCHE-READY/arm1/results/ARM1_00062.json,ae68fdd9187fe056411db308279ab12ed4b6eaeae3fcc02066dc2b6a3500049e,ARM1,96,96.0,256,0.35,0.3032,6.0,systematic,1296046,ok,0.26336138160280154,0.03453545609890476,0,1,0.9922959469035941,0,2320.01,922
research/tasks/active/TASK-2026-09-01-SMCRUCHE-READY/arm1/results/ARM1_00063.json,f3460de8d8c020338dca6d374194b51ef8c8d71c5d4301e81b08b259bd19140b,ARM1,96,96.0,256,0.35,0.3032,6.0,systematic,1296047,ok,0.4655681008046657,0.09118141340785582,0,1,0.9925252946600263,0,2436.86,922
research/tasks/active/TASK-2026-09-01-SMCRUCHE-READY/arm1/results/ARM1_00064.json,3dfa521de0d65027b82783476b05d7cd718f96fb4b9aee65c47ce53c66c7af73,ARM1,96,96.0,512,0.35,0.3032,6.0,systematic,1552000,ok,0.26267719951539215,0.02503323233847828,0,1,0.9922206690630259,0,4859.78,922
research/tasks/active/TASK-2026-09-01-SMCRUCHE-READY/arm1/results/ARM1_00065.json,8dd26c44cc94247c8a0f02eb90b11483691693321ca2b11bf052e855b88aa1c5,ARM1,96,96.0,512,0.35,0.3032,6.0,systematic,1552001,ok,0.19563389160272174,0.017006946041384113,0,1,0.992444400376499,0,4867.25,922
research/tasks/active/TASK-2026-09-01-SMCRUCHE-READY/arm1/results/ARM1_00066.json,1c1b036bd3255686f93663e67787cab3be8c92fd69c422edb8b09ba1b480cd87,ARM1,96,96.0,512,0.35,0.3032,6.0,systematic,1552002,ok,0.26285492589833986,0.04491785898972719,0,1,0.9921428753826032,0,4868.45,922
research/tasks/active/TASK-2026-09-01-SMCRUCHE-READY/arm1/results/ARM1_00067.json,11a09a8fc49e15f4dbf41085ddb7bcc49511546b7b5acc8e34f0350ff1f13dd5,ARM1,96,96.0,512,0.35,0.3032,6.0,systematic,1552003,ok,0.2117554931773294,0.01657093318323557,0,1,0.9922314843543568,0,4613.12,922
research/tasks/active/TASK-2026-09-01-SMCRUCHE-READY/arm1/results/ARM1_00068.json,ad6296cbbf6f1bff7d75bfd2df0cff1c4dc0459efcd5dc51b826656ffa966267,ARM1,96,96.0,512,0.35,0.3032,6.0,systematic,1552004,ok,0.19094985461311761,0.016788595793061783,0,1,0.992206237001832,0,4648.38,922
research/tasks/active/TASK-2026-09-01-SMCRUCHE-READY/arm1/results/ARM1_00069.json,c43d309877f8f74b9cd8bc2b7ed49f4a1faf1c67c3209ed3c553cc522ad50b9e,ARM1,96,96.0,512,0.35,0.3032,6.0,systematic,1552005,ok,0.1914714020289312,0.020754870247061817,0,1,0.9925211067005197,0,5464.6,922
research/tasks/active/TASK-2026-09-01-SMCRUCHE-READY/arm1/results/ARM1_00070.json,2b39e77d99a15fb6a315295bb25fb9bb674dc4d8ae06ca7902481cfd8f39db12,ARM1,96,96.0,512,0.35,0.3032,6.0,systematic,1552006,ok,0.15753373009950267,0.0112656675569733,0,1,0.9922026940359369,0,5414.05,922
research/tasks/active/TASK-2026-09-01-SMCRUCHE-READY/arm1/results/ARM1_00071.json,d3495c51d94559e7d199bbfd6c244eaa866b1509087e5a2600b62918cb2d079f,ARM1,96,96.0,512,0.35,0.3032,6.0,systematic,1552007,ok,0.2100445014803221,0.024674067655705196,0,1,0.9922304399304767,0,4628.98,922
research/tasks/active/TASK-2026-09-01-SMCRUCHE-READY/arm1/results/ARM1_00072.json,a29540f1b659fbac32748833c233c1d8403c51d744d8575ec232cbae0a4d93fc,ARM1,96,96.0,512,0.35,0.3032,6.0,systematic,1552008,ok,0.30604908518408064,0.03928272292491678,0,1,0.9923813653584961,0,5449.65,922
research/tasks/active/TASK-2026-09-01-SMCRUCHE-READY/arm1/results/ARM1_00073.json,f459bee29ddfc496c7c9f68bdcf2875a8d7345d1cfae27c6edc76c83d7ff53da,ARM1,96,96.0,512,0.35,0.3032,6.0,systematic,1552009,ok,0.2571765548208249,0.025228104068013374,0,1,0.9922690545884334,0,5433.49,922
research/tasks/active/TASK-2026-09-01-SMCRUCHE-READY/arm1/results/ARM1_00074.json,f136da650dff1a4df6ae50b131f620c061583e5049765a0988a0939bebcb8370,ARM1,96,96.0,512,0.35,0.3032,6.0,systematic,1552010,ok,0.1696964005816269,0.017021580903893475,0,1,0.9923740991151323,0,5439.49,922
research/tasks/active/TASK-2026-09-01-SMCRUCHE-READY/arm1/results/ARM1_00075.json,b602720ec6514dc2c6377f913a3b0ebd72a3e8ed9a32ff999ca62f7501b97d79,ARM1,96,96.0,512,0.35,0.3032,6.0,systematic,1552011,ok,0.345922228049865,0.022111264337993514,0,1,0.9923648699833578,0,5438.94,922
research/tasks/active/TASK-2026-09-01-SMCRUCHE-READY/arm1/results/ARM1_00076.json,5f13bc4826760eb304bc7b6bc1e9a3a28a9d172f7009c314e414d3dacd1aed76,ARM1,96,96.0,512,0.35,0.3032,6.0,systematic,1552012,ok,0.2109512338767467,0.017111780461577592,0,1,0.9924468204063714,0,5450.91,922
research/tasks/active/TASK-2026-09-01-SMCRUCHE-READY/arm1/results/ARM1_00077.json,272e87d2f748090faa59f37e147c0a8a50c292fb2cf140d1ab630ebdf3eedbd7,ARM1,96,96.0,512,0.35,0.3032,6.0,systematic,1552013,ok,0.3066958792982306,0.021884723925568842,0,1,0.99238686898743,0,5453.06,922
research/tasks/active/TASK-2026-09-01-SMCRUCHE-READY/arm1/results/ARM1_00078.json,bde0d6dff12b040062bae27cc5d2d06de440833db08e14dfc6f7ca7321228a7a,ARM1,96,96.0,512,0.35,0.3032,6.0,systematic,1552014,ok,0.19340535498385897,0.013405334174813193,0,1,0.9921279349593267,0,5390.01,922
research/tasks/active/TASK-2026-09-01-SMCRUCHE-READY/arm1/results/ARM1_00079.json,b9a017680d186c8c30083ae9af2b2f2e3b098c7a93c251f1ea8c235755541279,ARM1,96,96.0,512,0.35,0.3032,6.0,systematic,1552015,ok,0.35808909039184333,0.032030729286639664,0,1,0.9926214767220325,0,4704.73,922
research/tasks/active/TASK-2026-09-01-SMCRUCHE-READY/arm1/results/ARM1_00080.json,e3d067e5d0a3c20ea0efc009d29e14152dfe4542f880c0e47c5ffc6d33263ca2,ARM1,96,96.0,512,0.35,0.3032,6.0,systematic,1552016,ok,0.3044878723567147,0.044401330676651675,0,1,0.9925587141937243,0,5491.48,922
research/tasks/active/TASK-2026-09-01-SMCRUCHE-READY/arm1/results/ARM1_00081.json,60eb1460bdd639cc66a28463fdda1111640373d88a2f43376a96a592ed28c9a9,ARM1,96,96.0,512,0.35,0.3032,6.0,systematic,1552017,ok,0.28536007100806227,0.028680651956654354,0,1,0.9924212148814586,0,5433.14,922
research/tasks/active/TASK-2026-09-01-SMCRUCHE-READY/arm1/results/ARM1_00082.json,09b10a791525fb5c4b449fd6e094667d00411066cda01526ba68462acc9323c3,ARM1,96,96.0,512,0.35,0.3032,6.0,systematic,1552018,ok,0.31890726506446293,0.02730728296294821,0,1,0.9923025645437246,0,5445.18,922
research/tasks/active/TASK-2026-09-01-SMCRUCHE-READY/arm1/results/ARM1_00083.json,b7c8ea5ddb50c26e787309a4e02b6f82c05d2162404887976d779e06f53b703b,ARM1,96,96.0,512,0.35,0.3032,6.0,systematic,1552019,ok,0.19096257507220765,0.01657298402115312,0,1,0.9922408034201062,0,5562.37,922
research/tasks/active/TASK-2026-09-01-SMCRUCHE-READY/arm1/results/ARM1_00084.json,35d5ae098ea3da603f11cdb69c5e7d1da333ee5c669384d7261f8afaf822520f,ARM1,96,96.0,512,0.35,0.3032,6.0,systematic,1552020,ok,0.3796369911706067,0.06324320245754553,0,1,0.9923052064550665,0,5620.99,922
research/tasks/active/TASK-2026-09-01-SMCRUCHE-READY/arm1/results/ARM1_00085.json,3e6aa828d8f3d0e6a76d394349203139d6d2934f2331119c23cf11a8a6d6b908,ARM1,96,96.0,512,0.35,0.3032,6.0,systematic,1552021,ok,0.28424879533958936,0.017440185463141127,0,1,0.9921322066475237,0,5553.55,922
research/tasks/active/TASK-2026-09-01-SMCRUCHE-READY/arm1/results/ARM1_00086.json,8f9bcd5d78e58221bdbbefa4945500f2d0e25a328125a0d38dd3f126390be9ae,ARM1,96,96.0,512,0.35,0.3032,6.0,systematic,1552022,ok,0.16627001422136312,0.01527985800837443,0,1,0.9924239291528394,0,5624.82,922
research/tasks/active/TASK-2026-09-01-SMCRUCHE-READY/arm1/results/ARM1_00087.json,d52d614a183ee5a5682d1df5a3e0b4bac34028e64cc1b5034e2791ab9e756e97,ARM1,96,96.0,512,0.35,0.3032,6.0,systematic,1552023,ok,0.2581921627267055,0.018176477576728158,0,1,0.9922496142210877,0,4518.24,922
research/tasks/active/TASK-2026-09-01-SMCRUCHE-READY/arm1/results/ARM1_00088.json,ed9e2001cd6ccffd7cb2bc64c1f560a29fe32ecfd972c3b30755b6c7f95f4825,ARM1,96,96.0,512,0.35,0.3032,6.0,systematic,1552024,ok,0.29287712716195846,0.019325987872052343,0,1,0.9924126767061852,0,4499.78,922
research/tasks/active/TASK-2026-09-01-SMCRUCHE-READY/arm1/results/ARM1_00089.json,bec6fab4f8aa5e6b803b0d755167e05e1ec338812b818c42c069294202d67950,ARM1,96,96.0,512,0.35,0.3032,6.0,systematic,1552025,ok,0.2512132643899982,0.02059083389298444,0,1,0.9922406301515373,0,4482.92,922
research/tasks/active/TASK-2026-09-01-SMCRUCHE-READY/arm1/results/ARM1_00090.json,0de6bfd4f4a5046deddef36c6a413cfeef8e55c6906ee26aebc5e4da116f7730,ARM1,96,96.0,512,0.35,0.3032,6.0,systematic,1552026,ok,0.15057199174510752,0.018019808596620755,0,1,0.9923504677716836,0,5656.61,922
research/tasks/active/TASK-2026-09-01-SMCRUCHE-READY/arm1/results/ARM1_00091.json,f8bf12a0a3b6f9fdf622274ab3535e68d1aa96a15cf8abdeb7a536777842a8c4,ARM1,96,96.0,512,0.35,0.3032,6.0,systematic,1552027,ok,0.32756553222076823,0.04396287665680191,0,1,0.9922677431417075,0,5615.8,922
research/tasks/active/TASK-2026-09-01-SMCRUCHE-READY/arm1/results/ARM1_00092.json,f6e10e197776d647b78abe83e79c3be22171ee22a32f3743c9e45679bb2e74ec,ARM1,96,96.0,512,0.35,0.3032,6.0,systematic,1552028,ok,0.22216585797110583,0.03706316238497755,0,1,0.9922711426498052,0,5598.53,922
research/tasks/active/TASK-2026-09-01-SMCRUCHE-READY/arm1/results/ARM1_00093.json,a51af7f9d386413fd2c4d4daaab91fb5b93a9dcba6d2e90b67d20d93cd2edef0,ARM1,96,96.0,512,0.35,0.3032,6.0,systematic,1552029,ok,0.33049427794436803,0.023665407690101663,0,1,0.9923489273463509,0,5641.55,922
research/tasks/active/TASK-2026-09-01-SMCRUCHE-READY/arm1/results/ARM1_00094.json,4aad41fa37811c63699575e7408d7b27fffdba67ca3c782cbcdde0c4dc3d46b1,ARM1,96,96.0,512,0.35,0.3032,6.0,systematic,1552030,ok,0.20122392037125697,0.01609311831170926,0,1,0.9922835747557216,0,5633.67,922
research/tasks/active/TASK-2026-09-01-SMCRUCHE-READY/arm1/results/ARM1_00095.json,22770596603c78f207cd95a8b667680ea64c1b955e1a7711ec722c07b46a19f8,ARM1,96,96.0,512,0.35,0.3032,6.0,systematic,1552031,ok,0.2799237435127446,0.024677433569984527,0,1,0.9923033213179236,0,5659.53,922
research/tasks/active/TASK-2026-09-01-SMCRUCHE-READY/arm1/results/ARM1_00096.json,79b067e827298ad9056224a2f7eb02ed830a8da35b0c5b93140cd83dd8b606b7,ARM1,96,96.0,512,0.35,0.3032,6.0,systematic,1552032,ok,0.2598369421169285,0.027501605966823328,0,1,0.99231209308531,0,5606.17,922
research/tasks/active/TASK-2026-09-01-SMCRUCHE-READY/arm1/results/ARM1_00097.json,871255f15ac9c6c5d6bcbfb129c921fafd68c7b3fa208d91b8d7fd118d4ff915,ARM1,96,96.0,512,0.35,0.3032,6.0,systematic,1552033,ok,0.27667002260767193,0.02582070987379927,0,1,0.9923578615234075,0,5570.1,922
research/tasks/active/TASK-2026-09-01-SMCRUCHE-READY/arm1/results/ARM1_00098.json,9c57cd64c6dfaf749e1a853f1f59f5560d315a3fec1e7208ed43ab4ed36601b6,ARM1,96,96.0,512,0.35,0.3032,6.0,systematic,1552034,ok,0.2715705540202068,0.02695551073691832,0,1,0.9921694463618418,0,5588.47,922
research/tasks/active/TASK-2026-09-01-SMCRUCHE-READY/arm1/results/ARM1_00099.json,8d9f03c6319c77eac05cd639f1de3940b98c4d561c76d7a5b44487514e0749c5,ARM1,96,96.0,512,0.35,0.3032,6.0,systematic,1552035,ok,0.19221760609022048,0.014697155744125018,0,1,0.9921183499092261,0,5560.4,922
research/tasks/active/TASK-2026-09-01-SMCRUCHE-READY/arm1/results/ARM1_00100.json,f28d28ebf55c9b30a8a7dafb44f530a8a5422f72f4d1862ad2aa96ce08866b5b,ARM1,96,96.0,512,0.35,0.3032,6.0,systematic,1552036,ok,0.3741338809669488,0.03307166316853019,0,1,0.9922709013932527,0,5611.14,922
research/tasks/active/TASK-2026-09-01-SMCRUCHE-READY/arm1/results/ARM1_00101.json,5c241388140b34eb7bbb726082841eff2ca807ffb39e770ba11bf4f18d2a22ca,ARM1,96,96.0,512,0.35,0.3032,6.0,systematic,1552037,ok,0.32648724392376594,0.040320145998092194,0,1,0.9925202313587872,0,4669.65,922
research/tasks/active/TASK-2026-09-01-SMCRUCHE-READY/arm1/results/ARM1_00102.json,46504d2c0ec43cd3e8ab2188c86ba7e0f860c1c9041ca3662ddb914b204147e2,ARM1,96,96.0,512,0.35,0.3032,6.0,systematic,1552038,ok,0.37388755034391746,0.056555443491280485,0,1,0.9922950594248522,0,4504.61,922
research/tasks/active/TASK-2026-09-01-SMCRUCHE-READY/arm1/results/ARM1_00103.json,b8c3f4e8561648d7858f56a23dccfb93d6d7de52f3d6a1c3eccb2fbae6ff9872,ARM1,96,96.0,512,0.35,0.3032,6.0,systematic,1552039,ok,0.1503052159919797,0.007427483028382855,0,1,0.9925126764649074,0,4580.64,922
research/tasks/active/TASK-2026-09-01-SMCRUCHE-READY/arm1/results/ARM1_00104.json,4e962b4c0bd04cf2f430c9f79d6b3a815608cc6e89552ac1e546b5c475f55f08,ARM1,96,96.0,512,0.35,0.3032,6.0,systematic,1552040,ok,0.3824166352078351,0.06738699695793879,0,1,0.9923752234000407,0,4550.64,922
research/tasks/active/TASK-2026-09-01-SMCRUCHE-READY/arm1/results/ARM1_00105.json,b471c2c7c3376396f88a8f127547d62faa3528f911f131fef335816aa808f916,ARM1,96,96.0,512,0.35,0.3032,6.0,systematic,1552041,ok,0.23978130018949206,0.033122980410915055,0,1,0.9925431067064593,0,4568.24,922
research/tasks/active/TASK-2026-09-01-SMCRUCHE-READY/arm1/results/ARM1_00106.json,e5e5360c3f3e5a9671219c8e5fa648ad7e5cb868e4f92e48ba3aa48e8823ba7d,ARM1,96,96.0,512,0.35,0.3032,6.0,systematic,1552042,ok,0.3035211931422867,0.03806463303425583,0,1,0.992452152644251,0,4625.36,922
research/tasks/active/TASK-2026-09-01-SMCRUCHE-READY/arm1/results/ARM1_00107.json,4763fd52701021d6c7387c58d5014f47c3907e975fbb828a0230f45ec1747306,ARM1,96,96.0,512,0.35,0.3032,6.0,systematic,1552043,ok,0.37276530570765243,0.03353334102810105,0,1,0.992197605970947,0,4587.86,922
research/tasks/active/TASK-2026-09-01-SMCRUCHE-READY/arm1/results/ARM1_00108.json,b816c8a29f21f6e0458ee54404ff86e81eeafce335dd658359ca683ba31e90cb,ARM1,96,96.0,512,0.35,0.3032,6.0,systematic,1552044,ok,0.4394449357364324,0.05768398246717,0,1,0.9923393079975248,0,4550.08,922
research/tasks/active/TASK-2026-09-01-SMCRUCHE-READY/arm1/results/ARM1_00109.json,03d69fb39ecb9b19c6069588f08205b1e9ab971a6c17a3032fe2c689f206a886,ARM1,96,96.0,512,0.35,0.3032,6.0,systematic,1552045,ok,0.25476838342475594,0.028181750436802527,0,1,0.9922650002038585,0,4566.41,922
research/tasks/active/TASK-2026-09-01-SMCRUCHE-READY/arm1/results/ARM1_00110.json,b6ea1ec3a5a278267778b3fb6d88df32a1c3bdaa5f825236c4c925a83f4948fa,ARM1,96,96.0,512,0.35,0.3032,6.0,systematic,1552046,ok,0.2121284748519839,0.01558026877386696,0,1,0.9924549729697567,0,4662.11,922
research/tasks/active/TASK-2026-09-01-SMCRUCHE-READY/arm1/results/ARM1_00111.json,5c0ed91435c3733b7134db03bc9245da3e30c0c32eab0cf8010533e5d5613db2,ARM1,96,96.0,512,0.35,0.3032,6.0,systematic,1552047,ok,0.2780208573238774,0.0297807478595543,0,1,0.9924650416545242,0,4671.54,922
research/tasks/active/TASK-2026-09-01-SMCRUCHE-READY/arm2/results/ARM2_00000.json,35cd09a9f518e4cb1429d64936bcbb2c501a5ee6283c08ec9d2bf0d83c4e63e2,ARM2,128,128.0,64,0.35,0.3032,6.0,systematic,20192000,ok,0.6640738037977449,0.03291427342106238,0,1,0.9951796028503559,0,2127.95,1643
research/tasks/active/TASK-2026-09-01-SMCRUCHE-READY/arm2/results/ARM2_00001.json,bc4fdd0b94922592ef3f5bf8b253e98c4d66cfeb882dbf996d6f4617fd1070aa,ARM2,128,128.0,64,0.35,0.3032,6.0,systematic,20192001,ok,0.6061056798142302,0.04512769722790765,0,1,0.9954399516948035,0,2763.22,1643
research/tasks/active/TASK-2026-09-01-SMCRUCHE-READY/arm2/results/ARM2_00002.json,755ba6c822cf8ff53ea43c2b12a5af29382d140c021007f6fef6bdba61456600,ARM2,128,128.0,64,0.35,0.3032,6.0,systematic,20192002,ok,0.8002159868887172,0.09431232934424218,0,1,0.9951909575645764,0,2750.96,1643
research/tasks/active/TASK-2026-09-01-SMCRUCHE-READY/arm2/results/ARM2_00003.json,c8ffc6fcb3ee0de9f560c90022473e6e6bbbb163b105995e5c057119c7371900,ARM2,128,128.0,64,0.35,0.3032,6.0,systematic,20192003,ok,0.3729821105627798,0.014074239418965344,0,1,0.9951863539791477,0,2753.67,1643
research/tasks/active/TASK-2026-09-01-SMCRUCHE-READY/arm2/results/ARM2_00004.json,b1996a36c7e7899b26ce9cfacaabad5929f868c660a4270cdc1b545b825570c0,ARM2,128,128.0,64,0.35,0.3032,6.0,systematic,20192004,ok,0.48318575315587475,0.009986874348929312,0,1,0.995173002501352,0,2784.6,1643
research/tasks/active/TASK-2026-09-01-SMCRUCHE-READY/arm2/results/ARM2_00005.json,ca098db4eeef38f7a753936567d70751907ea4d90d473853443f8c3a4931cdb0,ARM2,128,128.0,64,0.35,0.3032,6.0,systematic,20192005,ok,0.46068059684863083,0.05798083476093873,0,1,0.9949904573750049,0,2737.22,1643
research/tasks/active/TASK-2026-09-01-SMCRUCHE-READY/arm2/results/ARM2_00006.json,4cef796b5a8e0f165a3b96f47e6be3abfde0867a29681bf61568e3c9e2a48fa5,ARM2,128,128.0,64,0.35,0.3032,6.0,systematic,20192006,ok,0.2608718386273156,0.006001305427446873,0,1,0.9950041723449994,0,2724.86,1643
research/tasks/active/TASK-2026-09-01-SMCRUCHE-READY/arm2/results/ARM2_00007.json,6722f68cec7983b137bba08994dacb5fb18f84981a2bf9963b343caddbc2497a,ARM2,128,128.0,64,0.35,0.3032,6.0,systematic,20192007,ok,0.24000460494687997,0.008394693152064679,0,1,0.9952292776028201,0,2757.97,1643
research/tasks/active/TASK-2026-09-01-SMCRUCHE-READY/arm2/results/ARM2_00008.json,2b77411ae125382201d21e8a322c2db7783693760cd154de0baeb3e4bd6649ce,ARM2,128,128.0,64,0.35,0.3032,6.0,systematic,20192008,ok,0.591300848634202,0.04190811166586176,0,1,0.9950328525033129,0,2756.58,1643
research/tasks/active/TASK-2026-09-01-SMCRUCHE-READY/arm2/results/ARM2_00009.json,3121b812449f4199f3cb2f37db49eb990c5c4dcfa0d02f3eb488c8bff6d2538a,ARM2,128,128.0,64,0.35,0.3032,6.0,systematic,20192009,ok,0.44622438037622486,0.007206057258289885,0,1,0.9948829159826931,0,2740.55,1643
research/tasks/active/TASK-2026-09-01-SMCRUCHE-READY/arm2/results/ARM2_00010.json,20f545eee1ea29f6de1cd7aa9b6b09a18ed4261923bd452bcd68f8afc7477175,ARM2,128,128.0,64,0.35,0.3032,6.0,systematic,20192010,ok,0.6080961636409773,0.09234310969653366,0,1,0.9951306687444369,0,2738.61,1643
research/tasks/active/TASK-2026-09-01-SMCRUCHE-READY/arm2/results/ARM2_00011.json,ef3e5aa01ac5fb2318c733b968c4941c6963a120ac7dda311fbead26f3e737bb,ARM2,128,128.0,64,0.35,0.3032,6.0,systematic,20192011,ok,0.2370957107861204,0.006537725426106814,0,1,0.995070560345251,0,2741.97,1643
research/tasks/active/TASK-2026-09-01-SMCRUCHE-READY/arm2/results/ARM2_00012.json,dcf31915b1d4a00059cea1bda1d4ae16e4df8a1add3e1f385f48bbd8857c276d,ARM2,128,128.0,64,0.35,0.3032,6.0,systematic,20192012,ok,0.745050771789088,0.060209452565672,0,1,0.9951267161604042,0,2757.24,1643
research/tasks/active/TASK-2026-09-01-SMCRUCHE-READY/arm2/results/ARM2_00013.json,249bf0cb7815915186fde23ef305abe442446643a10ce3550689a528986507f5,ARM2,128,128.0,64,0.35,0.3032,6.0,systematic,20192013,ok,0.33319017246136906,0.03433424949773369,0,1,0.9950462247318609,0,2757.98,1643
research/tasks/active/TASK-2026-09-01-SMCRUCHE-READY/arm2/results/ARM2_00014.json,75fdfed05e9393de0999de6cf82a71b372b9761bff25ef4b724a0ef447b4610e,ARM2,128,128.0,64,0.35,0.3032,6.0,systematic,20192014,ok,0.9885572849853094,0.06547303278589825,0,1,0.9953626592519987,0,2768.47,1643
research/tasks/active/TASK-2026-09-01-SMCRUCHE-READY/arm2/results/ARM2_00015.json,3f46f5eb78bd666628e19f957b1876b4ebf0d5bc7b1b20b9bb1862b364a7b639,ARM2,128,128.0,64,0.35,0.3032,6.0,systematic,20192015,ok,0.5631656486438945,0.02602159067106201,0,1,0.9950607717403307,0,2750.39,1643
research/tasks/active/TASK-2026-09-01-SMCRUCHE-READY/arm2/results/ARM2_00016.json,f162a7f29be2cf1e08d83d957f4fcfdfae449ebdd949641a7bdc0e3d2b3bdbac,ARM2,128,128.0,64,0.35,0.3032,6.0,systematic,20192016,ok,0.6069753321505836,0.056818334817714616,0,1,0.9952056829052911,0,2745.36,1643
research/tasks/active/TASK-2026-09-01-SMCRUCHE-READY/arm2/results/ARM2_00017.json,d47dc6b46c65c1953b1bd0ea5d94c2de30562f6c95e80118fab1dcca9c61ad36,ARM2,128,128.0,64,0.35,0.3032,6.0,systematic,20192017,ok,0.6084420992732471,0.024846868168615283,0,1,0.9953464677855204,0,2778.25,1643
research/tasks/active/TASK-2026-09-01-SMCRUCHE-READY/arm2/results/ARM2_00018.json,de88aa0b32087047e98a9e351d0d7eb35977534e5f2a4d68dfeb228ba77fefe4,ARM2,128,128.0,64,0.35,0.3032,6.0,systematic,20192018,ok,0.9699443513642394,0.05101353329382383,0,1,0.9948862243649297,0,2861.53,1643
research/tasks/active/TASK-2026-09-01-SMCRUCHE-READY/arm2/results/ARM2_00019.json,73b018c64ebc1a75ce3181fd5d1e6e2f07ce46d19e4966e6ebdc77b509b59b48,ARM2,128,128.0,64,0.35,0.3032,6.0,systematic,20192019,ok,0.6212791649769949,0.046802057902225906,0,1,0.9952023459438771,0,2860.56,1643
research/tasks/active/TASK-2026-09-01-SMCRUCHE-READY/arm2/results/ARM2_00020.json,87ef7e66574b88e4d601149f657ec3d0dd18f6bc75921eb98aed4260a51149be,ARM2,128,128.0,64,0.35,0.3032,6.0,systematic,20192020,ok,0.6127372032075943,0.04184018591398243,0,1,0.9949114210099937,0,2833.76,1643
research/tasks/active/TASK-2026-09-01-SMCRUCHE-READY/arm2/results/ARM2_00021.json,43ea4dcccc71a3b4be772958d288c8457f9d78eaa88c3cfb2f2d68b8ba84118b,ARM2,128,128.0,64,0.35,0.3032,6.0,systematic,20192021,ok,0.29606412129613796,0.008169355891664976,0,1,0.9948266200711645,0,2838.05,1643
research/tasks/active/TASK-2026-09-01-SMCRUCHE-READY/arm2/results/ARM2_00022.json,b12bd9f2ead6f0c2256f505a513d40d06e822919f52337e4e4b74c5ff966790f,ARM2,128,128.0,64,0.35,0.3032,6.0,systematic,20192022,ok,0.5667575534781715,0.01937564566490068,0,1,0.9952112207940886,0,2876.86,1643
research/tasks/active/TASK-2026-09-01-SMCRUCHE-READY/arm2/results/ARM2_00023.json,18ab53a28a4f198cc483dd62ec1998f8976b45d4e2a1f442ddcff912d5e68428,ARM2,128,128.0,64,0.35,0.3032,6.0,systematic,20192023,ok,0.2614584667113846,0.01491187046747109,0,1,0.9949468308708492,0,2843.99,1643
research/tasks/active/TASK-2026-09-01-SMCRUCHE-READY/arm2/results/ARM2_00024.json,9a6866dd6ee311fb4366690b6dc96b4c2ef12443ee8107bb1c80673236bfdf21,ARM2,128,128.0,64,0.35,0.3032,6.0,systematic,20192024,ok,0.5484187399186212,0.051565633964053004,0,1,0.9951048964216305,0,2854.12,1643
research/tasks/active/TASK-2026-09-01-SMCRUCHE-READY/arm2/results/ARM2_00025.json,9be8a832b0b0d71452467b72d3ad0b70cde717ca552832920091388e218e5e64,ARM2,128,128.0,64,0.35,0.3032,6.0,systematic,20192025,ok,0.46805259785483583,0.010524536537725454,0,1,0.995036992391445,0,2864.25,1643
research/tasks/active/TASK-2026-09-01-SMCRUCHE-READY/arm2/results/ARM2_00026.json,599607ec11742ef9944ac145e19f54bdc34cb8a883737217521f2bedd654d4f8,ARM2,128,128.0,64,0.35,0.3032,6.0,systematic,20192026,ok,0.3550603555656109,0.026450224024596566,0,1,0.9952565774296571,0,2854.71,1643
research/tasks/active/TASK-2026-09-01-SMCRUCHE-READY/arm2/results/ARM2_00027.json,52e71714d403f661e97df4b7b2361a95dcd86a089163347fe2f73670ec3c3bea,ARM2,128,128.0,64,0.35,0.3032,6.0,systematic,20192027,ok,0.32099108068846127,0.017360944189832743,0,1,0.9951404211497994,0,2865.59,1643
research/tasks/active/TASK-2026-09-01-SMCRUCHE-READY/arm2/results/ARM2_00028.json,34b2bcb3dd1524fc260d64581bf9b1316e8e48b0bb5ddae8666e4a07f9be1b42,ARM2,128,128.0,64,0.35,0.3032,6.0,systematic,20192028,ok,0.4242053328376717,0.038375835038807586,0,1,0.9950378404137614,0,2869.3,1643
research/tasks/active/TASK-2026-09-01-SMCRUCHE-READY/arm2/results/ARM2_00029.json,d2db49043c562f22454b37c526861c79ae4b6fcc59f806ac3e64c45a439cfa69,ARM2,128,128.0,64,0.35,0.3032,6.0,systematic,20192029,ok,0.361494268302313,0.023397356741938536,0,1,0.9952467919504846,0,2899.74,1643
research/tasks/active/TASK-2026-09-01-SMCRUCHE-READY/arm2/results/ARM2_00030.json,cd39fbc3faea0dbd6a496bdfbcbb63da23c4111036716493946de511c1b4e5bf,ARM2,128,128.0,64,0.35,0.3032,6.0,systematic,20192030,ok,0.6035000052115,0.007321602594729544,0,1,0.9951276733967853,0,2874.46,1643
research/tasks/active/TASK-2026-09-01-SMCRUCHE-READY/arm2/results/ARM2_00031.json,5e23c541ae1b86c3339197630f6889fe42fb4df25357e31d61519da51a0b390f,ARM2,128,128.0,64,0.35,0.3032,6.0,systematic,20192031,ok,0.5014129159728736,0.029499714046739366,0,1,0.9949854197396812,0,2846.74,1643
research/tasks/active/TASK-2026-09-01-SMCRUCHE-READY/arm2/results/ARM2_00032.json,c5bd929d6d5066e4a7ea6f2578611a9b35cf02492e3fe782469770e648e9ee74,ARM2,128,128.0,64,0.35,0.3032,6.0,systematic,20192032,ok,0.3552370712595683,0.03525879793431691,0,1,0.9952622926769928,0,2891.69,1643
research/tasks/active/TASK-2026-09-01-SMCRUCHE-READY/arm2/results/ARM2_00033.json,8a957bfd5df8c046e61201f7f4ff443f19d83767b4c6e9857c7f811f52082fd2,ARM2,128,128.0,64,0.35,0.3032,6.0,systematic,20192033,ok,0.4268000985129455,0.01879289628116209,0,1,0.9952821849467248,0,2904.27,1643
research/tasks/active/TASK-2026-09-01-SMCRUCHE-READY/arm2/results/ARM2_00034.json,d3e94b989f0576195c66f8be844c0a60d79bc3c0307accca9c0d1a6a6821cbf2,ARM2,128,128.0,64,0.35,0.3032,6.0,systematic,20192034,ok,0.2699727986807815,0.013186824668785527,0,1,0.9949888614726448,0,2853.57,1643
research/tasks/active/TASK-2026-09-01-SMCRUCHE-READY/arm2/results/ARM2_00035.json,c0e89708467ebca2a399d6b45c2a5da54c88c3e536f35d949c0eb84b618e0316,ARM2,128,128.0,64,0.35,0.3032,6.0,systematic,20192035,ok,0.7451342186022576,0.0229507964427385,0,1,0.9952473885260907,0,2820.58,1643
research/tasks/active/TASK-2026-09-01-SMCRUCHE-READY/arm2/results/ARM2_00036.json,03b8aaac6e29ad1d735bce5e4d977c0a877ae3f95b689c738614f57cf159ce36,ARM2,128,128.0,64,0.35,0.3032,6.0,systematic,20192036,ok,0.4891702066763205,0.035726163698716035,0,1,0.995123708681135,0,2871.05,1643
research/tasks/active/TASK-2026-09-01-SMCRUCHE-READY/arm2/results/ARM2_00037.json,8f30071b395ac713f135cb4f936a52575d2c49994abd071c58a45888013d9b1a,ARM2,128,128.0,64,0.35,0.3032,6.0,systematic,20192037,ok,0.37446632777061317,0.04129756182019681,0,1,0.995182008862056,0,2909.04,1643
research/tasks/active/TASK-2026-09-01-SMCRUCHE-READY/arm2/results/ARM2_00038.json,8cf97c24587162043571337dea541aa794ba21b7648cd4122b3bd52bc8ab1c34,ARM2,128,128.0,64,0.35,0.3032,6.0,systematic,20192038,ok,0.4447841905186052,0.012574248688981408,0,1,0.9950758841007117,0,3039.59,1643
research/tasks/active/TASK-2026-09-01-SMCRUCHE-READY/arm2/results/ARM2_00039.json,7df9c72fe2e198846a6312ab49348bf0ac00565af022171c25f71921e67cb4b4,ARM2,128,128.0,64,0.35,0.3032,6.0,systematic,20192039,ok,0.9615967079698773,0.07839132873032005,0,1,0.995153613359363,0,3038.9,1643
research/tasks/active/TASK-2026-09-01-SMCRUCHE-READY/arm2/results/ARM2_00040.json,6e85902b6a84861bf88f484734400655660752f0f9325b2d4590faf1d975fad0,ARM2,128,128.0,64,0.35,0.3032,6.0,systematic,20192040,ok,0.20628147560445573,0.011907970495802852,0,1,0.9949758713370692,0,3018.67,1643
research/tasks/active/TASK-2026-09-01-SMCRUCHE-READY/arm2/results/ARM2_00041.json,329c4bc43cddf17d2d16f3922a04260828bc18a4d79af25947a446cb0b22f4c0,ARM2,128,128.0,64,0.35,0.3032,6.0,systematic,20192041,ok,0.31306785371296064,0.023240985645734256,0,1,0.9949454657529895,0,2991.23,1643
research/tasks/active/TASK-2026-09-01-SMCRUCHE-READY/arm2/results/ARM2_00042.json,874464dd29903f0c9b0428d0dd509410af0c93846b2855c9e66a54131d41396a,ARM2,128,128.0,64,0.35,0.3032,6.0,systematic,20192042,ok,0.4064449748175328,0.00805063207689748,0,1,0.9952333081708165,0,3045.96,1643
research/tasks/active/TASK-2026-09-01-SMCRUCHE-READY/arm2/results/ARM2_00043.json,e869ec235cea17c10b78fb9978493f3b6e4b3e79553835162dac7cfa02a6eb0a,ARM2,128,128.0,64,0.35,0.3032,6.0,systematic,20192043,ok,0.505832982776953,0.006179553332824007,0,1,0.9951591757744465,0,3080.57,1643
research/tasks/active/TASK-2026-09-01-SMCRUCHE-READY/arm2/results/ARM2_00044.json,e644bb1d7b007217dd9d90f5b14bdd47d53d53bd681c9ec736d518663f94be06,ARM2,128,128.0,64,0.35,0.3032,6.0,systematic,20192044,ok,0.47184321749831754,0.08301897669123624,0,1,0.9949937851094018,0,3018.49,1643
research/tasks/active/TASK-2026-09-01-SMCRUCHE-READY/arm2/results/ARM2_00045.json,04dbecdb20420d6abc84b997a5a5cba6edd299bc2d6a0d58144664b2a1972072,ARM2,128,128.0,64,0.35,0.3032,6.0,systematic,20192045,ok,0.47555588743329663,0.01746146878752954,0,1,0.994942413012387,0,3034.04,1643
research/tasks/active/TASK-2026-09-01-SMCRUCHE-READY/arm2/results/ARM2_00046.json,f88c22265399159e9316488a6dfa965c4b19826ffbbafb74f9e98e29ea1fcbac,ARM2,128,128.0,64,0.35,0.3032,6.0,systematic,20192046,ok,0.4673351516010229,0.02516069833732571,0,1,0.9949447996662127,0,2983.42,1643
research/tasks/active/TASK-2026-09-01-SMCRUCHE-READY/arm2/results/ARM2_00047.json,48e64e3cd314e2ab6d5ccd3787d12ea36ecfcdb02b2686a20412c2dc6640fab4,ARM2,128,128.0,64,0.35,0.3032,6.0,systematic,20192047,ok,0.6910188192110076,0.05341595849618705,0,1,0.9952964356039916,0,3022.7,1643
research/tasks/active/TASK-2026-09-01-SMCRUCHE-READY/arm2/results/ARM2_00048.json,36c68a7a15f10a37b0fee1b409bb60b655f1ced2af73481d4d8e94978456ac11,ARM2,128,128.0,64,0.35,0.3032,6.0,systematic,20192048,ok,0.7986619102211252,0.028645912569518116,0,1,0.9953456818342253,0,3074.62,1643
research/tasks/active/TASK-2026-09-01-SMCRUCHE-READY/arm2/results/ARM2_00049.json,9988f6cbc9e0849575706a4050cbd07b1f8d3a12c18103b8f6c560f6c07bd5ec,ARM2,128,128.0,64,0.35,0.3032,6.0,systematic,20192049,ok,0.6781454719484299,0.030969270742722082,0,1,0.9953617533557848,0,3052.99,1643
research/tasks/active/TASK-2026-09-01-SMCRUCHE-READY/arm2/results/ARM2_00050.json,5bd9d33d8cbefdd6a6767870f6b8417fb90b8e7ec4b90df531128645757371a4,ARM2,128,128.0,64,0.35,0.3032,6.0,systematic,20192050,ok,0.745211303648039,0.10379581174051813,0,1,0.9952829433410931,0,3054.38,1643
research/tasks/active/TASK-2026-09-01-SMCRUCHE-READY/arm2/results/ARM2_00051.json,773a10e15361a45ce76a2f4b4753acbc4cadfecdf4bcf3ccf58c226ec425c2cb,ARM2,128,128.0,64,0.35,0.3032,6.0,systematic,20192051,ok,0.3405085342744885,0.040105110969077054,0,1,0.9950643676874404,0,3013.89,1643
research/tasks/active/TASK-2026-09-01-SMCRUCHE-READY/arm2/results/ARM2_00052.json,d469f465bd347e73af302edadf63e46c83f8715b9d011300d98feca4e7bfecfc,ARM2,128,128.0,64,0.35,0.3032,6.0,systematic,20192052,ok,0.570966596538029,0.12691024971008638,0,1,0.9950671961925781,0,3066.14,1643
research/tasks/active/TASK-2026-09-01-SMCRUCHE-READY/arm2/results/ARM2_00053.json,d950e634ae6d8df4e00ebd0f5ece0782ca8e71c8807386a31fcc121bdd11bbaa,ARM2,128,128.0,64,0.35,0.3032,6.0,systematic,20192053,ok,0.4025244364887872,0.017541090255171456,0,1,0.9952331150496747,0,3019.8,1643
research/tasks/active/TASK-2026-09-01-SMCRUCHE-READY/arm2/results/ARM2_00054.json,7457a5d51a065215f97614698292086b9f236b0cbf056b0bc61d7686031ae8ef,ARM2,128,128.0,64,0.35,0.3032,6.0,systematic,20192054,ok,0.5457565498988005,0.027844437560645714,0,1,0.9952890930354603,0,3020.22,1643
research/tasks/active/TASK-2026-09-01-SMCRUCHE-READY/arm2/results/ARM2_00055.json,1942d0d33a9a38f8ff88660d559e8d7b460fd6d34ec1181df6ff9a9756bf1e26,ARM2,128,128.0,64,0.35,0.3032,6.0,systematic,20192055,ok,1.1905934317039746,0.1277934858370427,0,1,0.9950516410808866,0,3047.83,1643
research/tasks/active/TASK-2026-09-01-SMCRUCHE-READY/arm2/results/ARM2_00056.json,7e5f335393bf5378f4776e422c82cb155dfeec98c49d5058b941c0ac3cda5064,ARM2,128,128.0,64,0.35,0.3032,6.0,systematic,20192056,ok,0.5143552407766201,0.03969998867528591,0,1,0.9951560277816089,0,3031.64,1643
research/tasks/active/TASK-2026-09-01-SMCRUCHE-READY/arm2/results/ARM2_00057.json,3beb5b0d2f7ff59356e6fd99d3727a1aa65ce22ed9af651a1b7c4769abbf4118,ARM2,128,128.0,64,0.35,0.3032,6.0,systematic,20192057,ok,0.5248032079923406,0.024373355061367754,0,1,0.9954542115206251,0,3102.59,1643
research/tasks/active/TASK-2026-09-01-SMCRUCHE-READY/arm2/results/ARM2_00058.json,6a0398c77de39dabf8294fc439d7d34c7232fcf16a003eb0025cd3853a2803ab,ARM2,128,128.0,64,0.35,0.3032,6.0,systematic,20192058,ok,0.5710481600286088,0.04358510469836843,0,1,0.9951142998844389,0,2333.28,1643
research/tasks/active/TASK-2026-09-01-SMCRUCHE-READY/arm2/results/ARM2_00059.json,11fc066d08660de825c886377e31da8655b8721ea9ce8b23a6719a4c522fe701,ARM2,128,128.0,64,0.35,0.3032,6.0,systematic,20192059,ok,0.27234882455996623,0.008657072638634848,0,1,0.9951006824065575,0,2263.78,1643
research/tasks/active/TASK-2026-09-01-SMCRUCHE-READY/arm2/results/ARM2_00060.json,0a62fa6932e6a121020a016d8a611fc39b6c8fdf3ced6ba025ede6985e523e23,ARM2,128,128.0,64,0.35,0.3032,6.0,systematic,20192060,ok,0.662716460797984,0.031504034007288434,0,1,0.9952285915062685,0,2269.58,1643
research/tasks/active/TASK-2026-09-01-SMCRUCHE-READY/arm2/results/ARM2_00061.json,2102cc1a53ac32dd7b246ba39787b88b50b5c00ccbc2ff203084f3f3b471dadb,ARM2,128,128.0,64,0.35,0.3032,6.0,systematic,20192061,ok,0.5413240965311462,0.02725490525778578,0,1,0.9950652167350134,0,2267.11,1643
research/tasks/active/TASK-2026-09-01-SMCRUCHE-READY/arm2/results/ARM2_00062.json,2f76f67d374c3001168249a2aba3bca058e065ff44db66daef73189e475a0d3e,ARM2,128,128.0,64,0.35,0.3032,6.0,systematic,20192062,ok,0.475163348294786,0.016664056260640336,0,1,0.9950142138828044,0,2259.8,1643
research/tasks/active/TASK-2026-09-01-SMCRUCHE-READY/arm2/results/ARM2_00063.json,24c6d5ad7cd2e5e7ed22d75cefa56d146299e237582634eea13cd22c5fcef361,ARM2,128,128.0,64,0.35,0.3032,6.0,systematic,20192063,ok,0.286234405817108,0.018528280373521864,0,1,0.9952864230552103,0,2281.56,1643
research/tasks/active/TASK-2026-09-01-SMCRUCHE-READY/arm2/results/ARM2_00064.json,a06c551633f481b3f9391ecc7ad2bd0e4fce5b61bf7327f6ea9c4ea17e610caa,ARM2,128,128.0,128,0.35,0.3032,6.0,systematic,20256000,ok,0.6468019624465975,0.03799778519208511,0,1,0.9948597454632663,0,4456.6,1643
research/tasks/active/TASK-2026-09-01-SMCRUCHE-READY/arm2/results/ARM2_00065.json,47a273355793de479f1a9549627c6664fe2ad883a33faf6f7fcafa19994803b0,ARM2,128,128.0,128,0.35,0.3032,6.0,systematic,20256001,ok,0.2005140720272891,0.011418357288745353,0,1,0.9943456514575736,0,4387.29,1643
research/tasks/active/TASK-2026-09-01-SMCRUCHE-READY/arm2/results/ARM2_00066.json,9e25451016ea94d9a7613a50ea210e53830d166a83f5e47a64d975642af29df3,ARM2,128,128.0,128,0.35,0.3032,6.0,systematic,20256002,ok,0.5053606512519246,0.030002945125391707,0,1,0.994866492591136,0,4422.28,1643
research/tasks/active/TASK-2026-09-01-SMCRUCHE-READY/arm2/results/ARM2_00067.json,f223901e8057bd9277a1cc4d0448ce9fb30dd0440daa809ba52c80713c850c88,ARM2,128,128.0,128,0.35,0.3032,6.0,systematic,20256003,ok,0.4313033888142096,0.01951633997220471,0,1,0.9947792406890079,0,4453.92,1643
research/tasks/active/TASK-2026-09-01-SMCRUCHE-READY/arm2/results/ARM2_00068.json,b4e625370c3dc7ef39f05b2185a9653e0789906fef384d6de067b5c1797e61f3,ARM2,128,128.0,128,0.35,0.3032,6.0,systematic,20256004,ok,0.2910272424114417,0.010027068778437795,0,1,0.9947492278435376,0,4461.11,1643
research/tasks/active/TASK-2026-09-01-SMCRUCHE-READY/arm2/results/ARM2_00069.json,fee1332f849ee7189106bd0f41b90d99251a82949b97bc59e5e773bb5a9adf5f,ARM2,128,128.0,128,0.35,0.3032,6.0,systematic,20256005,ok,0.17222465924442948,0.007587485003746751,0,1,0.9949882908760667,0,4508.62,1643
research/tasks/active/TASK-2026-09-01-SMCRUCHE-READY/arm2/results/ARM2_00070.json,2ece714cf68f7b7cc7455cea2bb884a3ab68991b6b73090e5c655a9f9e4e4e0e,ARM2,128,128.0,128,0.35,0.3032,6.0,systematic,20256006,ok,0.2591407984556433,0.023800397785625708,0,1,0.9948304194943102,0,4531.97,1643
research/tasks/active/TASK-2026-09-01-SMCRUCHE-READY/arm2/results/ARM2_00071.json,a9725a8fc2e88854251675ea4a16f3b46c44a3171e30bc1bf6a11d43328bc631,ARM2,128,128.0,128,0.35,0.3032,6.0,systematic,20256007,ok,0.5841170970506353,0.034385710444972926,0,1,0.9950582317773609,0,5451.57,1643
research/tasks/active/TASK-2026-09-01-SMCRUCHE-READY/arm2/results/ARM2_00072.json,1004a1824fea08a6055ee41daf3188af327d689316953d9901e9fac40fc8395c,ARM2,128,128.0,128,0.35,0.3032,6.0,systematic,20256008,ok,0.3642388639801952,0.02157171290957478,0,1,0.9946236965487011,0,5388.56,1643
research/tasks/active/TASK-2026-09-01-SMCRUCHE-READY/arm2/results/ARM2_00073.json,4938cb040334ea823c292f8ed1913c50a9c53e8767f3533d0fae4742f7a19fc1,ARM2,128,128.0,128,0.35,0.3032,6.0,systematic,20256009,ok,0.23605226619252678,0.008398584364416227,0,1,0.9948159358378308,0,5407.16,1643
research/tasks/active/TASK-2026-09-01-SMCRUCHE-READY/arm2/results/ARM2_00074.json,30c8143a3a4e1ff449e8dbbf36b88b3eea284c8667b22fcc398de81d3e9d6025,ARM2,128,128.0,128,0.35,0.3032,6.0,systematic,20256010,ok,0.7134768206066007,0.062125971119972354,0,1,0.9947252494359077,0,5382.1,1643
research/tasks/active/TASK-2026-09-01-SMCRUCHE-READY/arm2/results/ARM2_00075.json,187240ab2f6aec3cf0b8adcf9c4d544915e977e1cd83872b9cce24c2a34b93f3,ARM2,128,128.0,128,0.35,0.3032,6.0,systematic,20256011,ok,0.4533564904509775,0.018956637794432823,0,1,0.9946856906878504,0,5428.4,1643
research/tasks/active/TASK-2026-09-01-SMCRUCHE-READY/arm2/results/ARM2_00076.json,5283d395d59c2bfd1386ca5b23cbe7bdd17bdc9cafc71be2c93f70a68c266cda,ARM2,128,128.0,128,0.35,0.3032,6.0,systematic,20256012,ok,0.49197862204578247,0.03869151211311218,0,1,0.9948424408365136,0,5425.75,1643
research/tasks/active/TASK-2026-09-01-SMCRUCHE-READY/arm2/results/ARM2_00077.json,a0eb910fc5dd35478c83ab513d0e2a46c47d0ffc58c2f5ac9c99b5f0ed2b38ac,ARM2,128,128.0,128,0.35,0.3032,6.0,systematic,20256013,ok,0.641411790033382,0.04845463296775791,0,1,0.9946776484388857,0,5391.61,1643
research/tasks/active/TASK-2026-09-01-SMCRUCHE-READY/arm2/results/ARM2_00078.json,7635f3eb596b2357c040e0ab6a6641151fd3935ffa11f3f36b726625f4f34280,ARM2,128,128.0,128,0.35,0.3032,6.0,systematic,20256014,ok,0.2552714244390524,0.008205158955930787,0,1,0.9948674319921541,0,5451.78,1643
research/tasks/active/TASK-2026-09-01-SMCRUCHE-READY/arm2/results/ARM2_00079.json,19fb3159abfcbc4ee307c2aadddd028763192abef71ab6a61f6fa982798244c1,ARM2,128,128.0,128,0.35,0.3032,6.0,systematic,20256015,ok,0.3597163619508582,0.016442244600803027,0,1,0.9947240399740606,0,5432.93,1643
research/tasks/active/TASK-2026-09-01-SMCRUCHE-READY/arm2/results/ARM2_00080.json,e942f3f6ed325db65293303f90e1f00956e831068d39dd8c205b7f89ecc10a92,ARM2,128,128.0,128,0.35,0.3032,6.0,systematic,20256016,ok,0.2810803793856154,0.04527374448225119,0,1,0.9947514368157101,0,5406.11,1643
research/tasks/active/TASK-2026-09-01-SMCRUCHE-READY/arm2/results/ARM2_00081.json,c3c12a80721374330e904acd6f1aa934547ae376f86fab7b4b1d14466b03c63b,ARM2,128,128.0,128,0.35,0.3032,6.0,systematic,20256017,ok,0.7370053440732691,0.018609864585305586,0,1,0.9944470110873062,0,5365.1,1643
research/tasks/active/TASK-2026-09-01-SMCRUCHE-READY/arm2/results/ARM2_00082.json,19cba5e68b855023e95cdb63fa8991cd4611075b57e7cea893b416c97e8133ee,ARM2,128,128.0,128,0.35,0.3032,6.0,systematic,20256018,ok,0.4030797599306617,0.034198280165059755,0,1,0.9948701646676413,0,5452.34,1643
research/tasks/active/TASK-2026-09-01-SMCRUCHE-READY/arm2/results/ARM2_00083.json,2aef9b6f3c160533f71df6bafc90ec61e8daa319859af7cc930412868c9e72b0,ARM2,128,128.0,128,0.35,0.3032,6.0,systematic,20256019,ok,0.2140115276588596,0.014429870517871224,0,1,0.9947849303440017,0,5375.77,1643
research/tasks/active/TASK-2026-09-01-SMCRUCHE-READY/arm2/results/ARM2_00084.json,a416273b95ef97401dca1cd10a99933518980223b48665877c30de19910c8514,ARM2,128,128.0,128,0.35,0.3032,6.0,systematic,20256020,ok,0.529847911199316,0.021345862884588254,0,1,0.9946733425434156,0,5388.48,1643
research/tasks/active/TASK-2026-09-01-SMCRUCHE-READY/arm2/results/ARM2_00085.json,1ef6997babc9dfeab8ae99ecbdfaeb95b7948d35951c05452e0979ef167d29f8,ARM2,128,128.0,128,0.35,0.3032,6.0,systematic,20256021,ok,0.3741935830886888,0.042034413719459957,0,1,0.9950920640038371,0,5462.97,1643
research/tasks/active/TASK-2026-09-01-SMCRUCHE-READY/arm2/results/ARM2_00086.json,86d98b1ec46cb474fbcee3806015ec33295335948fc95bcc3798ea385c61a38b,ARM2,128,128.0,128,0.35,0.3032,6.0,systematic,20256022,ok,0.877284327876618,0.04477783424276623,0,1,0.9946734794364462,0,5440.0,1643
research/tasks/active/TASK-2026-09-01-SMCRUCHE-READY/arm2/results/ARM2_00087.json,365d9ed8a3246e0f914ef74e7c78f7afb02dff43746897733e9f2c5e92d0349d,ARM2,128,128.0,128,0.35,0.3032,6.0,systematic,20256023,ok,0.370199998291174,0.035845292279088545,0,1,0.9949683801092619,0,5464.88,1643
research/tasks/active/TASK-2026-09-01-SMCRUCHE-READY/arm2/results/ARM2_00088.json,25de9f8fcc7ab76011d85e32e316d3b9c8e09d59d9a19fc089459555f62f4a9f,ARM2,128,128.0,128,0.35,0.3032,6.0,systematic,20256024,ok,0.20877173603702817,0.012078816163507658,0,1,0.9944957546877627,0,5596.72,1643
research/tasks/active/TASK-2026-09-01-SMCRUCHE-READY/arm2/results/ARM2_00089.json,cab801db14f399681e87d41d1169fd297789a516955cdb6e6b0e506e9ba7efde,ARM2,128,128.0,128,0.35,0.3032,6.0,systematic,20256025,ok,0.3537850264205048,0.015261996688194059,0,1,0.9946949063847483,0,5748.66,1643
research/tasks/active/TASK-2026-09-01-SMCRUCHE-READY/arm2/results/ARM2_00090.json,754e4fe5ccd112f43c0bd147c4b87d40ba975bf63d3b3540bb4e9a8d28984f88,ARM2,128,128.0,128,0.35,0.3032,6.0,systematic,20256026,ok,0.8260998308271739,0.14115567034669732,0,1,0.9946515368959569,0,5629.33,1643
research/tasks/active/TASK-2026-09-01-SMCRUCHE-READY/arm2/results/ARM2_00091.json,a666499c4dc178bcab1b86d8912846389fbfc36cf8a7961d9fc14a026a8ba2b9,ARM2,128,128.0,128,0.35,0.3032,6.0,systematic,20256027,ok,0.40831061736869456,0.03177318827541756,0,1,0.9945805759301262,0,5606.22,1643
research/tasks/active/TASK-2026-09-01-SMCRUCHE-READY/arm2/results/ARM2_00092.json,fa32d14aa97c86bd9f62d3583ace581b3584e16016bdb3ef57b7cf434790a584,ARM2,128,128.0,128,0.35,0.3032,6.0,systematic,20256028,ok,0.7807449067701626,0.04969061673764367,0,1,0.9948418418422522,0,5669.31,1643
research/tasks/active/TASK-2026-09-01-SMCRUCHE-READY/arm2/results/ARM2_00093.json,ce2ada505b13bbd37fab6d70267866c621a91bef8e60ef6e627b253dfef3100b,ARM2,128,128.0,128,0.35,0.3032,6.0,systematic,20256029,ok,0.49648167374676744,0.0365609829156321,0,1,0.9948324637043708,0,5683.83,1643
research/tasks/active/TASK-2026-09-01-SMCRUCHE-READY/arm2/results/ARM2_00094.json,6a176e35d53e207213b8f0d76c10db542cac31275f9df5b6bbf3e97abdae5aad,ARM2,128,128.0,128,0.35,0.3032,6.0,systematic,20256030,ok,0.24190053776147458,0.012845399217512772,0,1,0.9949286543074616,0,5654.12,1643
research/tasks/active/TASK-2026-09-01-SMCRUCHE-READY/arm2/results/ARM2_00095.json,34d40293417f3d93e157e89790996b16d30260cedfbe5697848ff96b262d66ab,ARM2,128,128.0,128,0.35,0.3032,6.0,systematic,20256031,ok,0.2860505472286181,0.012942199848257521,0,1,0.9949090371593869,0,5684.59,1643
research/tasks/active/TASK-2026-09-01-SMCRUCHE-READY/arm2/results/ARM2_00096.json,08f595028fdfbc460549a7fac038750816e9581b74ee1e76b20afeb0f1f8d478,ARM2,128,128.0,128,0.35,0.3032,6.0,systematic,20256032,ok,0.3045825440599913,0.022173596842374223,0,1,0.9946884960854635,0,5630.27,1643
research/tasks/active/TASK-2026-09-01-SMCRUCHE-READY/arm2/results/ARM2_00097.json,3e675bcd5084d1b68e9eb57d51a8ae8e02efb2da9484ebe15d0270835ddd3571,ARM2,128,128.0,128,0.35,0.3032,6.0,systematic,20256033,ok,0.2713272530667923,0.01228570133398859,0,1,0.9950181854062248,0,5677.25,1643
research/tasks/active/TASK-2026-09-01-SMCRUCHE-READY/arm2/results/ARM2_00098.json,69d24bce9489b76a0aa7473e8f3a96689c2215d3e0868a61f331324a6da7690c,ARM2,128,128.0,128,0.35,0.3032,6.0,systematic,20256034,ok,0.8081714429143678,0.05893407255724056,0,1,0.9946852679654752,0,5638.46,1643
research/tasks/active/TASK-2026-09-01-SMCRUCHE-READY/arm2/results/ARM2_00099.json,bbd086660bf21e80ca3cb8ccde122e3b56a0a274a28de9df1f77ee19cfbad153,ARM2,128,128.0,128,0.35,0.3032,6.0,systematic,20256035,ok,0.2611688335866241,0.009917807894031008,0,1,0.9947113932859358,0,5605.29,1643
research/tasks/active/TASK-2026-09-01-SMCRUCHE-READY/arm2/results/ARM2_00100.json,6f0f5a8b0031f6c699ab161892787ac0cb5d16fb99988f32ee8187078934c464,ARM2,128,128.0,128,0.35,0.3032,6.0,systematic,20256036,ok,0.20146188560436207,0.01315114052092353,0,1,0.9947930100066347,0,5648.66,1643
research/tasks/active/TASK-2026-09-01-SMCRUCHE-READY/arm2/results/ARM2_00101.json,7159be1c202dae6c21adba3aedb993ef45aee173ccb873e3672760aa2a97d7dd,ARM2,128,128.0,128,0.35,0.3032,6.0,systematic,20256037,ok,0.3179630094935624,0.01963158225241829,0,1,0.9948871237586788,0,5693.49,1643
research/tasks/active/TASK-2026-09-01-SMCRUCHE-READY/arm2/results/ARM2_00102.json,e62171e9fa51da6dc344af30d8f418153aa0685eb5a5320d4513eae1e6a2a5bd,ARM2,128,128.0,128,0.35,0.3032,6.0,systematic,20256038,ok,0.6181034111707943,0.03238590355730353,0,1,0.9950701275897244,0,5692.58,1643
research/tasks/active/TASK-2026-09-01-SMCRUCHE-READY/arm2/results/ARM2_00103.json,42f0b20c94b496995de403a3e00c5b31b3f2c8d7a8d2a0d996dd16890f2501c0,ARM2,128,128.0,128,0.35,0.3032,6.0,systematic,20256039,ok,0.39584152860300087,0.05046875891626846,0,1,0.9949044584904667,0,5706.28,1643
research/tasks/active/TASK-2026-09-01-SMCRUCHE-READY/arm2/results/ARM2_00104.json,c9e293b3eb84a0c5e875c317d29f6df366885bebf636d665b01db51a48707c70,ARM2,128,128.0,128,0.35,0.3032,6.0,systematic,20256040,ok,0.2517382588034937,0.00957577019614546,0,1,0.9946137080805849,0,5597.95,1643
research/tasks/active/TASK-2026-09-01-SMCRUCHE-READY/arm2/results/ARM2_00105.json,ae9b26683a85b80843beace6fe7d0c3a092c8db610dbcdc7877ec56c36e7924c,ARM2,128,128.0,128,0.35,0.3032,6.0,systematic,20256041,ok,0.45606348950078546,0.022015206559442994,0,1,0.9947794508131094,0,5640.47,1643
research/tasks/active/TASK-2026-09-01-SMCRUCHE-READY/arm2/results/ARM2_00106.json,8c395aacfb1d1fa0ff7235bbbe3a35eac765aa54f56bcabfdf8546efc2f2c3b4,ARM2,128,128.0,128,0.35,0.3032,6.0,systematic,20256042,ok,0.3227423050715513,0.026269458024490124,0,1,0.9945879728597768,0,5597.8,1643
research/tasks/active/TASK-2026-09-01-SMCRUCHE-READY/arm2/results/ARM2_00107.json,734d8421fa1776406ede1afcbc8c8a3098af7cb9e3577561d93bd1e85250cc50,ARM2,128,128.0,128,0.35,0.3032,6.0,systematic,20256043,ok,0.2712038286885593,0.012642537785747273,0,1,0.9946816992687867,0,5635.9,1643
research/tasks/active/TASK-2026-09-01-SMCRUCHE-READY/arm2/results/ARM2_00108.json,c987d196b56b1507bf49fedfcb7a68213f4d8dd11816d7c979b4ac687e6b82a6,ARM2,128,128.0,128,0.35,0.3032,6.0,systematic,20256044,ok,0.6089787093112551,0.035891023387099596,0,1,0.9947783887901359,0,5992.59,1643
research/tasks/active/TASK-2026-09-01-SMCRUCHE-READY/arm2/results/ARM2_00109.json,1d3d5aff2e82e647eef8c294aba8e13fc89955a9bed6a71b0fcd192d6ea73de5,ARM2,128,128.0,128,0.35,0.3032,6.0,systematic,20256045,ok,0.34629364025518916,0.01623239228873089,0,1,0.9950228480819977,0,5989.08,1643
research/tasks/active/TASK-2026-09-01-SMCRUCHE-READY/arm2/results/ARM2_00110.json,0f4f28e0c949d92f34fd415af9e5fe2d03e1f31ccf96944ebd5309ae7fa74332,ARM2,128,128.0,128,0.35,0.3032,6.0,systematic,20256046,ok,0.23771781167331762,0.007190846874860247,0,1,0.9946594315101545,0,6011.71,1643
research/tasks/active/TASK-2026-09-01-SMCRUCHE-READY/arm2/results/ARM2_00111.json,17b559244bccea4720fcade0b83d0d5af2649237b4ccf08a56e82d029259a774,ARM2,128,128.0,128,0.35,0.3032,6.0,systematic,20256047,ok,0.6732113047168908,0.11151065027518343,0,1,0.9947947783937122,0,6029.27,1643
research/tasks/active/TASK-2026-09-01-SMCRUCHE-READY/arm2/results/ARM2_00112.json,49ce5504ed57f1dbdf66c3002fc3b50f8aefbdda03e5962fb5910215750a09c0,ARM2,128,128.0,128,0.35,0.3032,6.0,systematic,20256048,ok,0.5211828071892719,0.030715337991568285,0,1,0.9947600405869669,0,5949.51,1643
research/tasks/active/TASK-2026-09-01-SMCRUCHE-READY/arm2/results/ARM2_00113.json,08148627e7eb4b0fd0e823573c9e60a7efd23227fd3783e268e6a3d777a3060e,ARM2,128,128.0,128,0.35,0.3032,6.0,systematic,20256049,ok,0.3515458165772073,0.012799913723411672,0,1,0.9948295408911515,0,5950.06,1643
research/tasks/active/TASK-2026-09-01-SMCRUCHE-READY/arm2/results/ARM2_00114.json,44ca1787a606ff0c3ecca74e63f0125171c26de39c913cb1336769752c805d13,ARM2,128,128.0,128,0.35,0.3032,6.0,systematic,20256050,ok,0.42889955256133694,0.041905392528520206,0,1,0.9947909732341192,0,6015.98,1643
research/tasks/active/TASK-2026-09-01-SMCRUCHE-READY/arm2/results/ARM2_00115.json,8e914cff4ae9089b9712ab1ce030f81ce84412ebd5b78c0ca163a96501560906,ARM2,128,128.0,128,0.35,0.3032,6.0,systematic,20256051,ok,0.5082415375921596,0.03189704812527404,0,1,0.9946331606334388,0,5938.51,1643
research/tasks/active/TASK-2026-09-01-SMCRUCHE-READY/arm2/results/ARM2_00116.json,e8010638457f153091a32afe93a2c513cfdce663a048241c2fbf89fb2e84e720,ARM2,128,128.0,128,0.35,0.3032,6.0,systematic,20256052,ok,0.31393614180540047,0.009209454111092618,0,1,0.9947130985144033,0,5968.11,1643
research/tasks/active/TASK-2026-09-01-SMCRUCHE-READY/arm2/results/ARM2_00117.json,fb12521b6e9e9266aab7b51296bdde1d80411f76deaa9f19ed48cd9f331e0a0a,ARM2,128,128.0,128,0.35,0.3032,6.0,systematic,20256053,ok,0.20506371080132876,0.00993056248565649,0,1,0.994674555165166,0,5964.72,1643
research/tasks/active/TASK-2026-09-01-SMCRUCHE-READY/arm2/results/ARM2_00118.json,a5262997101e30b9fc45280053fdb81a2c69ce98d0513862850a7c9650b6a070,ARM2,128,128.0,128,0.35,0.3032,6.0,systematic,20256054,ok,0.4573995853171484,0.02905369903302117,0,1,0.9948204774499683,0,5985.19,1643
research/tasks/active/TASK-2026-09-01-SMCRUCHE-READY/arm2/results/ARM2_00119.json,94caa15e291691985322f6bf1bc27994dcda53b93660fc8a9e9f2b79ceb552ce,ARM2,128,128.0,128,0.35,0.3032,6.0,systematic,20256055,ok,0.4156142948805541,0.015046322617869272,0,1,0.9946303263168257,0,5949.27,1643
research/tasks/active/TASK-2026-09-01-SMCRUCHE-READY/arm2/results/ARM2_00120.json,18a57ee2bd5197ba979f91c17b677210196cac6fe3c7cf2bcb18dac1e6c013dd,ARM2,128,128.0,128,0.35,0.3032,6.0,systematic,20256056,ok,0.19888531227101347,0.016410886272283563,0,1,0.9947402373387838,0,5953.67,1643
research/tasks/active/TASK-2026-09-01-SMCRUCHE-READY/arm2/results/ARM2_00121.json,b61c8717c9952f4b671e40394c4d1aaaf4e2054e2d4f9cbdcda188e5aa096bd6,ARM2,128,128.0,128,0.35,0.3032,6.0,systematic,20256057,ok,0.12316543368424691,0.005942313544203199,0,1,0.9947597403240179,0,5983.94,1643
research/tasks/active/TASK-2026-09-01-SMCRUCHE-READY/arm2/results/ARM2_00122.json,fbb9d35811b3113f6df08849b0d9c106da61ab9a8cd57c748ff2400b705d00ae,ARM2,128,128.0,128,0.35,0.3032,6.0,systematic,20256058,ok,0.7716880742779227,0.16335091957819517,0,1,0.9947028245885026,0,5937.83,1643
research/tasks/active/TASK-2026-09-01-SMCRUCHE-READY/arm2/results/ARM2_00123.json,b85ea248150eff75c516b25930b68f459a766e22d953023a7009033438c1c702,ARM2,128,128.0,128,0.35,0.3032,6.0,systematic,20256059,ok,0.4147208899205053,0.017639445697590257,0,1,0.9946818716438091,0,5966.89,1643
research/tasks/active/TASK-2026-09-01-SMCRUCHE-READY/arm2/results/ARM2_00124.json,ee5acdf309fc645791cec42c58ae8b348bfb3f352ded115cb3fb9952d1ff1c57,ARM2,128,128.0,128,0.35,0.3032,6.0,systematic,20256060,ok,0.7349732026257041,0.0824165548464604,0,1,0.9948594953395594,0,6027.45,1643
research/tasks/active/TASK-2026-09-01-SMCRUCHE-READY/arm2/results/ARM2_00125.json,f0e4043c2c6ef777d3d0463bbe3a86fe706ee9cded357e3b743240f7ab9479aa,ARM2,128,128.0,128,0.35,0.3032,6.0,systematic,20256061,ok,0.3190241519262895,0.021632211825832207,0,1,0.9948821035020305,0,6032.25,1643
research/tasks/active/TASK-2026-09-01-SMCRUCHE-READY/arm2/results/ARM2_00126.json,d355124e231766f073fd00947b464136f1a9d1b4e81438479a21560a1b557b23,ARM2,128,128.0,128,0.35,0.3032,6.0,systematic,20256062,ok,0.5449481162541934,0.04412682593723331,0,1,0.994816167048674,0,5990.02,1643
research/tasks/active/TASK-2026-09-01-SMCRUCHE-READY/arm2/results/ARM2_00127.json,022babfdba9e72bde582e7e98fe42c925fe4a76fab76addcb92f31bb4cd038be,ARM2,128,128.0,128,0.35,0.3032,6.0,systematic,20256063,ok,0.26680930072564546,0.02443257534890327,0,1,0.9949787542928881,0,6009.98,1643
research/tasks/active/TASK-2026-09-01-SMCRUCHE-READY/arm2/results/ARM2_00128.json,673c1430da5f577c3c6411c38cbdc8c87a05ca547a175be4845955a7069e5a71,ARM2,128,128.0,256,0.35,0.3032,6.0,systematic,20384000,ok,0.17662455222951956,0.011092622383763092,0,1,0.9945829805654457,0,8390.76,1643
research/tasks/active/TASK-2026-09-01-SMCRUCHE-READY/arm2/results/ARM2_00129.json,4bd2d6472b4aed809127d54c194b43ea8449bfb50768cb16e956c26aa05679e5,ARM2,128,128.0,256,0.35,0.3032,6.0,systematic,20384001,ok,0.22558146566783377,0.010881150818481754,0,1,0.9946017601689382,0,8665.88,1643
research/tasks/active/TASK-2026-09-01-SMCRUCHE-READY/arm2/results/ARM2_00130.json,92750cb4306df7eb5c692e6b3b139b9c7af0b43fceabb88d9e49763b9f312410,ARM2,128,128.0,256,0.35,0.3032,6.0,systematic,20384002,ok,0.1615167823418861,0.008501445574392644,0,1,0.9943312926082678,0,8624.26,1643
research/tasks/active/TASK-2026-09-01-SMCRUCHE-READY/arm2/results/ARM2_00131.json,bf74981937da3044ddfe51363ab83f06dee02466c59f03857230a63f3ebbe9da,ARM2,128,128.0,256,0.35,0.3032,6.0,systematic,20384003,ok,0.42624804210319456,0.0425531421652701,0,1,0.9945653294229914,0,8717.93,1643
research/tasks/active/TASK-2026-09-01-SMCRUCHE-READY/arm2/results/ARM2_00132.json,6f020e0ccf65c9dc6ad40e83e168d5410c23b0837d4cda12bf57db35412e247a,ARM2,128,128.0,256,0.35,0.3032,6.0,systematic,20384004,ok,0.1842400511622384,0.00987499238647402,0,1,0.9945080490532529,0,8697.2,1643
research/tasks/active/TASK-2026-09-01-SMCRUCHE-READY/arm2/results/ARM2_00133.json,3c00c7932412066276ef9ca0387f3edc8bc4c4a22282d3713694275dd6f2786b,ARM2,128,128.0,256,0.35,0.3032,6.0,systematic,20384005,ok,0.439847072984637,0.08469898503481968,0,1,0.9945071559150795,0,8757.1,1643
research/tasks/active/TASK-2026-09-01-SMCRUCHE-READY/arm2/results/ARM2_00134.json,a025510a75d493610214dc5e1a889442d7c10c1e6ceadb02c0aa78bba5ce9b23,ARM2,128,128.0,256,0.35,0.3032,6.0,systematic,20384006,ok,0.16500143872581055,0.008579068733415527,0,1,0.9944885852881018,0,8698.24,1643
research/tasks/active/TASK-2026-09-01-SMCRUCHE-READY/arm2/results/ARM2_00135.json,23a44437e4e0f1450937277c9539eb9f7a5e5b2bf596b0770ee648ace3a617aa,ARM2,128,128.0,256,0.35,0.3032,6.0,systematic,20384007,ok,0.527606121361504,0.10089821695019761,0,1,0.994707445929905,0,9141.2,1643
research/tasks/active/TASK-2026-09-01-SMCRUCHE-READY/arm2/results/ARM2_00136.json,8c417c2110434066940e9cd872bfb982967abfc6f055b3a8922e5c683e1fd880,ARM2,128,128.0,256,0.35,0.3032,6.0,systematic,20384008,ok,0.15586589272613208,0.005731910418545467,0,1,0.9944570668836301,0,9041.08,1643
research/tasks/active/TASK-2026-09-01-SMCRUCHE-READY/arm2/results/ARM2_00137.json,2828ef1bb6e7300e3d3785909ea3ca7ea78b60359b2d4ffbb79f5560a0cdbc0f,ARM2,128,128.0,256,0.35,0.3032,6.0,systematic,20384009,ok,0.5067787061747302,0.02614623010151097,0,1,0.9946433908734417,0,9111.44,1643
research/tasks/active/TASK-2026-09-01-SMCRUCHE-READY/arm2/results/ARM2_00138.json,567ab812b4b020953ad879ad6ba500c81fe5551b43a77302d50d90dbe3cf4dab,ARM2,128,128.0,256,0.35,0.3032,6.0,systematic,20384010,ok,0.3662597705551544,0.024716823513341465,0,1,0.9945102365662466,0,9088.6,1643
research/tasks/active/TASK-2026-09-01-SMCRUCHE-READY/arm2/results/ARM2_00139.json,79a46f031a40ebd01f539195cfebe8ee8ac8497a83b7151b71e5657161d6e9a1,ARM2,128,128.0,256,0.35,0.3032,6.0,systematic,20384011,ok,0.200424459608315,0.015620553025398921,0,1,0.9946056866043802,0,9081.3,1643
research/tasks/active/TASK-2026-09-01-SMCRUCHE-READY/arm2/results/ARM2_00140.json,cb53dd1879a6e1ec6648bb91c60168f5e24640befcb8deadcfa81efa48976f1c,ARM2,128,128.0,256,0.35,0.3032,6.0,systematic,20384012,ok,0.40868928912074814,0.020828176686753287,0,1,0.9945352615062234,0,9257.99,1643
research/tasks/active/TASK-2026-09-01-SMCRUCHE-READY/arm2/results/ARM2_00141.json,5c543a5c1f217acb85ddd449be4c0518a01e3ac67226c9c2062ef9acbffc69e0,ARM2,128,128.0,256,0.35,0.3032,6.0,systematic,20384013,ok,0.3953220160527504,0.01672745352284643,0,1,0.9945339333260337,0,9112.8,1643
research/tasks/active/TASK-2026-09-01-SMCRUCHE-READY/arm2/results/ARM2_00142.json,759b7425f49ed736c3657b8bbb797610dbd5ba95bdfc990b5cd386ee59bdb598,ARM2,128,128.0,256,0.35,0.3032,6.0,systematic,20384014,ok,0.47090391968732026,0.020486761424427326,0,1,0.9945504217479841,0,9001.05,1643
research/tasks/active/TASK-2026-09-01-SMCRUCHE-READY/arm2/results/ARM2_00143.json,6c23556b9b1b073b4a9d04becd08b867db23a52509bff193cd032ffe5a236a0b,ARM2,128,128.0,256,0.35,0.3032,6.0,systematic,20384015,ok,0.31623185155086614,0.023608794788669948,0,1,0.9946233668985821,0,9119.75,1643
research/tasks/active/TASK-2026-09-01-SMCRUCHE-READY/arm2/results/ARM2_00144.json,6d74d2e4dea6af21eca0572384bcb5694496163345d71c8991219276c3659b8e,ARM2,128,128.0,256,0.35,0.3032,6.0,systematic,20384016,ok,0.2654293799000833,0.01884491942731691,0,1,0.99451387810441,0,9104.76,1643
research/tasks/active/TASK-2026-09-01-SMCRUCHE-READY/arm2/results/ARM2_00145.json,aec447ea373b59220df044207de080241c9d1769f06c14d20ef3056c77a10979,ARM2,128,128.0,256,0.35,0.3032,6.0,systematic,20384017,ok,0.3233204567540655,0.03583137515451197,0,1,0.9945388366834033,0,9134.54,1643
research/tasks/active/TASK-2026-09-01-SMCRUCHE-READY/arm2/results/ARM2_00146.json,5a0e71a0dccb948e23f853bfe6d6c0a6a46ef44918da5abc93402be8b29bfe0d,ARM2,128,128.0,256,0.35,0.3032,6.0,systematic,20384018,ok,0.13542470471625873,0.002543394098287995,0,1,0.9944508697947052,0,9013.29,1643
research/tasks/active/TASK-2026-09-01-SMCRUCHE-READY/arm2/results/ARM2_00147.json,d76e9026ae059f0af964ca1e260b816f7c7495b0d8dc98ccf78579ff64f0e8c1,ARM2,128,128.0,256,0.35,0.3032,6.0,systematic,20384019,ok,0.12990765136731497,0.01172325736054348,0,1,0.994376424984103,0,8985.05,1643
research/tasks/active/TASK-2026-09-01-SMCRUCHE-READY/arm2/results/ARM2_00148.json,83dfc3e3c610bf1940f0c6f3fe58d8ee13841465a26108309552ac60dda241fd,ARM2,128,128.0,256,0.35,0.3032,6.0,systematic,20384020,ok,0.28652225419820665,0.016526381014448786,0,1,0.9945616922297681,0,9045.26,1643
research/tasks/active/TASK-2026-09-01-SMCRUCHE-READY/arm2/results/ARM2_00149.json,ae3db1f8aa664708d46ee4e820d79efa99d008b31ac4efd3ae9303938137efbb,ARM2,128,128.0,256,0.35,0.3032,6.0,systematic,20384021,ok,0.6309886584323877,0.07043829580525389,0,1,0.9944653015292783,0,9053.08,1643
research/tasks/active/TASK-2026-09-01-SMCRUCHE-READY/arm2/results/ARM2_00150.json,1ebe3f0e5d8211af18512fa57a5618e51842398e4512d62fe444b6e8151098b8,ARM2,128,128.0,256,0.35,0.3032,6.0,systematic,20384022,ok,0.2557170106648732,0.010721702031390066,0,1,0.9946193775712422,0,10093.6,1643
research/tasks/active/TASK-2026-09-01-SMCRUCHE-READY/arm2/results/ARM2_00151.json,2bc461d0a57e0cd4764dfe4d99cc9172bdcc77a47e4eb0b3dccbb949ab64beb1,ARM2,128,128.0,256,0.35,0.3032,6.0,systematic,20384023,ok,0.23283492014980553,0.01709622155164917,0,1,0.9944796091750487,0,10004.53,1643
research/tasks/active/TASK-2026-09-01-SMCRUCHE-READY/arm2/results/ARM2_00152.json,423c58d2da71b270f16801321629a1acc80b1dd9f6bff5a70c07ff8c9e7c6fa7,ARM2,128,128.0,256,0.35,0.3032,6.0,systematic,20384024,ok,0.1195059430964196,0.0037347287876552146,0,1,0.9945531232197893,0,10070.06,1643
research/tasks/active/TASK-2026-09-01-SMCRUCHE-READY/arm2/results/ARM2_00153.json,451cd3220dbda2117198a3c69ff8cd9721c4ca50993d45f39f3d598ad53fc216,ARM2,128,128.0,256,0.35,0.3032,6.0,systematic,20384025,ok,0.3986099167449851,0.05412360014300544,0,1,0.9945817564071575,0,10049.17,1643
research/tasks/active/TASK-2026-09-01-SMCRUCHE-READY/arm2/results/ARM2_00154.json,2c28b793112f0d3fd638470d7a3a6503cfd68f88a2b8ef3a356ea6d8b97f04bc,ARM2,128,128.0,256,0.35,0.3032,6.0,systematic,20384026,ok,0.1466907466136298,0.00939128023294669,0,1,0.9944147778016602,0,9959.12,1643
research/tasks/active/TASK-2026-09-01-SMCRUCHE-READY/arm2/results/ARM2_00155.json,2cb72ea6a181bb555e7df158a5268201ae87aa95dd6cee4bbc09fed5eee633e4,ARM2,128,128.0,256,0.35,0.3032,6.0,systematic,20384027,ok,0.44911614856795556,0.05360139874871091,0,1,0.9944282677678645,0,9912.46,1643
research/tasks/active/TASK-2026-09-01-SMCRUCHE-READY/arm2/results/ARM2_00156.json,882be08e0a2fc03b75aa11368980b60345b93b298d112ecbd2f00f9956e2a569,ARM2,128,128.0,256,0.35,0.3032,6.0,systematic,20384028,ok,0.23447624603183223,0.013709024744466558,0,1,0.9945037074308711,0,10031.29,1643
research/tasks/active/TASK-2026-09-01-SMCRUCHE-READY/arm2/results/ARM2_00157.json,bf1794fdb76191a9e21e66476cbc98bb73371b3135d20955804e04997adcbc16,ARM2,128,128.0,256,0.35,0.3032,6.0,systematic,20384029,ok,0.28865921072587175,0.01622993829777124,0,1,0.9942303502006613,0,8941.22,1643
research/tasks/active/TASK-2026-09-01-SMCRUCHE-READY/arm2/results/ARM2_00158.json,7a54e0a11f9ce2d513955ad0546bba3b6d08303aa530751f3bea3ad39c2f25e1,ARM2,128,128.0,256,0.35,0.3032,6.0,systematic,20384030,ok,0.36613224364539776,0.025043288429747707,0,1,0.9945538082458667,0,8947.39,1643
research/tasks/active/TASK-2026-09-01-SMCRUCHE-READY/arm2/results/ARM2_00159.json,0088e18459b21aa97938a4902a27638e10b1f0a28f7845eb87319f43e2ac8d74,ARM2,128,128.0,256,0.35,0.3032,6.0,systematic,20384031,ok,0.24575801285903132,0.01971328583761632,0,1,0.9944809054646776,0,8874.49,1643
research/tasks/active/TASK-2026-09-01-SMCRUCHE-READY/arm2/results/ARM2_00160.json,88b31d3609011567ae5b5ea10272d6b223b8e5a8785e9d8ba3395063d847c0aa,ARM2,128,128.0,256,0.35,0.3032,6.0,systematic,20384032,ok,0.32145469440282937,0.015786952083638374,0,1,0.9944535429215783,0,8907.9,1643
research/tasks/active/TASK-2026-09-01-SMCRUCHE-READY/arm2/results/ARM2_00161.json,79692576331edf0c6d0b84e6828561727fd9f5fbf2fc386e791e03a7c25e273b,ARM2,128,128.0,256,0.35,0.3032,6.0,systematic,20384033,ok,0.7647661172931508,0.047074672524317795,0,1,0.9945888396109251,0,9007.67,1643
research/tasks/active/TASK-2026-09-01-SMCRUCHE-READY/arm2/results/ARM2_00162.json,ee09d6d6b5299bf2f30413d69b373f12e3afe174ca5125bb43e2bb1e491da131,ARM2,128,128.0,256,0.35,0.3032,6.0,systematic,20384034,ok,0.33321165134449265,0.028887417827935403,0,1,0.9946130837956888,0,8993.4,1643
research/tasks/active/TASK-2026-09-01-SMCRUCHE-READY/arm2/results/ARM2_00163.json,17f61f97c443f948744640ffc9b7b6bbf247986ce84432b337c8cae57e0d44e5,ARM2,128,128.0,256,0.35,0.3032,6.0,systematic,20384035,ok,0.18891495022622998,0.0063803144794001235,0,1,0.9944664527591577,0,8836.01,1643
research/tasks/active/TASK-2026-09-01-SMCRUCHE-READY/arm2/results/ARM2_00164.json,603b3d8029eeca3d1afccf809deef0efbefeaa430bb2e04370d8de1a3298a087,ARM2,128,128.0,256,0.35,0.3032,6.0,systematic,20384036,ok,0.2367515261601404,0.012997644693322843,0,1,0.9945213971085705,0,8866.35,1643
research/tasks/active/TASK-2026-09-01-SMCRUCHE-READY/arm2/results/ARM2_00165.json,7b03d0aef71524031caabf356208ccf24d95138fa2c530fb05e61b0a6afba86b,ARM2,128,128.0,256,0.35,0.3032,6.0,systematic,20384037,ok,0.1501599694481488,0.015349897598068537,0,1,0.9947620981570746,0,9065.03,1643
research/tasks/active/TASK-2026-09-01-SMCRUCHE-READY/arm2/results/ARM2_00166.json,feab3d9f388fe073dc12b627ee4870adbf7a2ce066850d1b4dfc1299a1ec2fe7,ARM2,128,128.0,256,0.35,0.3032,6.0,systematic,20384038,ok,0.3060502944101474,0.02408248988783585,0,1,0.9944870074488347,0,9166.2,1643
research/tasks/active/TASK-2026-09-01-SMCRUCHE-READY/arm2/results/ARM2_00167.json,3c62753a822e8d7534c67f262275df9b64afdd90e804be5e511ed7c426040abb,ARM2,128,128.0,256,0.35,0.3032,6.0,systematic,20384039,ok,0.20222451955352275,0.006937203342784157,0,1,0.994489345387115,0,9115.0,1643
research/tasks/active/TASK-2026-09-01-SMCRUCHE-READY/arm2/results/ARM2_00168.json,163c2487f7294e9f34d980539302581a05b79048bf46e7ccdbb911ed77fd3028,ARM2,128,128.0,256,0.35,0.3032,6.0,systematic,20384040,ok,0.5122102994993208,0.12268871378957719,0,1,0.9946554925716509,0,9135.04,1643
research/tasks/active/TASK-2026-09-01-SMCRUCHE-READY/arm2/results/ARM2_00169.json,16e683586edd76699d13664e602d32738624dd60a9bace4d662c4ed1191b671e,ARM2,128,128.0,256,0.35,0.3032,6.0,systematic,20384041,ok,0.37841073257397906,0.020962352430541033,0,1,0.9944196899918738,0,9095.76,1643
research/tasks/active/TASK-2026-09-01-SMCRUCHE-READY/arm2/results/ARM2_00170.json,f578877d37a3f46ccd62586e11c9c44475a05acacee0998cb631d1c7404fb38b,ARM2,128,128.0,256,0.35,0.3032,6.0,systematic,20384042,ok,0.32198817043938444,0.07972727380637132,0,1,0.994437767252297,0,9109.46,1643
research/tasks/active/TASK-2026-09-01-SMCRUCHE-READY/arm2/results/ARM2_00171.json,60232d689e19d001cda374760e16e109d6fc6b80637c321f7bd8c47f625ffc18,ARM2,128,128.0,256,0.35,0.3032,6.0,systematic,20384043,ok,0.2315997715171585,0.01748283631018125,0,1,0.9945115127008443,0,9153.81,1643
research/tasks/active/TASK-2026-09-01-SMCRUCHE-READY/arm2/results/ARM2_00172.json,d7540f4fb1c8a76b636960a22e0b982458b49c1456d5f7b3dea35b97e81a9e14,ARM2,128,128.0,256,0.35,0.3032,6.0,systematic,20384044,ok,0.5254720525592647,0.0652897614979132,0,1,0.9946307209012824,0,9208.23,1643
research/tasks/active/TASK-2026-09-01-SMCRUCHE-READY/arm2/results/ARM2_00173.json,bf9b25960480d56cae82db9c1b6ddc88dfdac967b42a8c4dd7681bbdadd95086,ARM2,128,128.0,256,0.35,0.3032,6.0,systematic,20384045,ok,0.20418519059003115,0.011031479173900889,0,1,0.994274050936132,0,9214.83,1643
research/tasks/active/TASK-2026-09-01-SMCRUCHE-READY/arm2/results/ARM2_00174.json,f1df275d56b5b8245496733fda61842c0fc33dfda30c789bacb52f881443192e,ARM2,128,128.0,256,0.35,0.3032,6.0,systematic,20384046,ok,0.21505125189352922,0.02154406874812394,0,1,0.9942762347548456,0,9226.38,1643
research/tasks/active/TASK-2026-09-01-SMCRUCHE-READY/arm2/results/ARM2_00175.json,8149422dfa0dd8d0946e916d4d0d827d8a25f3a63cf9c830888676a3807b3744,ARM2,128,128.0,256,0.35,0.3032,6.0,systematic,20384047,ok,0.1545137886796364,0.007720978388030655,0,1,0.994432585053871,0,9254.94,1643
research/tasks/active/TASK-2026-09-01-SMCRUCHE-READY/arm2/results/ARM2_00176.json,26cb3d46858760076de1f400fa4c59b91496ae5c1a11ed18100c68bd314619b0,ARM2,128,128.0,256,0.35,0.3032,6.0,systematic,20384048,ok,0.27335750001578923,0.017484816338974505,0,1,0.994494687029071,0,9291.09,1643
research/tasks/active/TASK-2026-09-01-SMCRUCHE-READY/arm2/results/ARM2_00177.json,588acbd32f554980f4f1536344748cac7f15673e5a1cbed35d939c7df1c5b4c7,ARM2,128,128.0,256,0.35,0.3032,6.0,systematic,20384049,ok,0.17874928043938315,0.016874738892509396,0,1,0.9943524267116781,0,9347.64,1643
research/tasks/active/TASK-2026-09-01-SMCRUCHE-READY/arm2/results/ARM2_00178.json,61848c578689575f74e2eefeb1b4260b450479253092072e5ebc58003953aa2e,ARM2,128,128.0,256,0.35,0.3032,6.0,systematic,20384050,ok,0.2510240658382903,0.028450428537971566,0,1,0.9944587055513561,0,9310.16,1643
research/tasks/active/TASK-2026-09-01-SMCRUCHE-READY/arm2/results/ARM2_00179.json,f0fb59f04ac3788caa801f7230cb6ce16bbd3735ed675a7bccf1452f2e19a20f,ARM2,128,128.0,256,0.35,0.3032,6.0,systematic,20384051,ok,0.2043090152329795,0.009100507845442774,0,1,0.9946467845263385,0,9431.11,1643
research/tasks/active/TASK-2026-09-01-SMCRUCHE-READY/arm2/results/ARM2_00180.json,f0eed66a795b6444f6902b46f4eef9c8c2d04a965eb2b590a2f47d890398d370,ARM2,128,128.0,256,0.35,0.3032,6.0,systematic,20384052,ok,0.3610412435687621,0.03895702438765409,0,1,0.9945263905611498,0,8973.02,1643
research/tasks/active/TASK-2026-09-01-SMCRUCHE-READY/arm2/results/ARM2_00181.json,cb8d4a7b0e9537f08bcc3b86addecee7c8f08dd43225d7825ae3555ed47cbb9d,ARM2,128,128.0,256,0.35,0.3032,6.0,systematic,20384053,ok,0.5570575444786156,0.03627831763414096,0,1,0.994772903605639,0,9045.36,1643
research/tasks/active/TASK-2026-09-01-SMCRUCHE-READY/arm2/results/ARM2_00182.json,c94df25f06b9cee4dfde1bba7fa016bd2586780686d0be069309cb9f9ccde23f,ARM2,128,128.0,256,0.35,0.3032,6.0,systematic,20384054,ok,0.25673493857664903,0.021499462135529182,0,1,0.9945659351418249,0,8883.63,1643
research/tasks/active/TASK-2026-09-01-SMCRUCHE-READY/arm2/results/ARM2_00183.json,f03bf4fc9eaf5678168d5496371d1d49d6c94f599f77e6c83906f5f401033c77,ARM2,128,128.0,256,0.35,0.3032,6.0,systematic,20384055,ok,0.13467714706335082,0.005229429904283712,0,1,0.9943930715868873,0,8832.19,1643
research/tasks/active/TASK-2026-09-01-SMCRUCHE-READY/arm2/results/ARM2_00184.json,cdc4eaa6a7c5e95a260995b11cf421cbac5d0a75d72efe4f6e29901f161384a4,ARM2,128,128.0,256,0.35,0.3032,6.0,systematic,20384056,ok,0.3510970200367243,0.04044423153744584,0,1,0.9945212033494799,0,8997.91,1643
research/tasks/active/TASK-2026-09-01-SMCRUCHE-READY/arm2/results/ARM2_00185.json,666c5d750a80dac6132917b087d26d69e9870a0ceaa65a86518faed669b5c5f7,ARM2,128,128.0,256,0.35,0.3032,6.0,systematic,20384057,ok,0.2108998110552742,0.009594549469378197,0,1,0.9943044576957483,0,8917.34,1643
research/tasks/active/TASK-2026-09-01-SMCRUCHE-READY/arm2/results/ARM2_00186.json,a456f0fb83ed6340d93587b6c69a9d1ef2cc24db9b4bcd3747c52a1dbe25ec2a,ARM2,128,128.0,256,0.35,0.3032,6.0,systematic,20384058,ok,0.23969223566439796,0.023077540449919505,0,1,0.9944295315980985,0,9041.8,1643
research/tasks/active/TASK-2026-09-01-SMCRUCHE-READY/arm2/results/ARM2_00187.json,09bdf31e191c2f0626188c1938817d18165bb997e92fadb19a7c1ccdd2f16d85,ARM2,128,128.0,256,0.35,0.3032,6.0,systematic,20384059,ok,0.28531169238515475,0.033599145010350925,0,1,0.9944537008992197,0,9012.28,1643
research/tasks/active/TASK-2026-09-01-SMCRUCHE-READY/arm2/results/ARM2_00188.json,861db8db45f8998ad9f51b49bc4b119ee820c424478c1d06d2470f2ff7dee090,ARM2,128,128.0,256,0.35,0.3032,6.0,systematic,20384060,ok,0.3333821502796278,0.018798451706322772,0,1,0.9943861783693333,0,9045.86,1643
research/tasks/active/TASK-2026-09-01-SMCRUCHE-READY/arm2/results/ARM2_00189.json,96e12fe20fae005cb26b01f1650f3424c18c681e80e7a4513c3f669fbe43921a,ARM2,128,128.0,256,0.35,0.3032,6.0,systematic,20384061,ok,0.1966145835004907,0.012565655658548613,0,1,0.9943111378768174,0,8950.38,1643
research/tasks/active/TASK-2026-09-01-SMCRUCHE-READY/arm2/results/ARM2_00190.json,8bf4b373e868b1d36747d2390445c6a0457303f88cec89dc5729abe84396516e,ARM2,128,128.0,256,0.35,0.3032,6.0,systematic,20384062,ok,0.3990574140326374,0.024506879860149707,0,1,0.9945800351273474,0,9051.31,1643
research/tasks/active/TASK-2026-09-01-SMCRUCHE-READY/arm2/results/ARM2_00191.json,929741d8ee8b19dad7091766b4d7971fd8acdf3ba878c28c98a1bcdf62785b6f,ARM2,128,128.0,256,0.35,0.3032,6.0,systematic,20384063,ok,0.2401360533056695,0.015549885157189443,0,1,0.9943690694892067,0,9031.68,1643
research/tasks/active/TASK-2026-08-30-SMCSTAT/scratch/A-P96.jsonl,a506fc2ef193dfa2f6c357a30976bec28b2e3a4fd1078b63761c3109996ea828,SMCSTAT-A-P96,96,96.0,32,0.35,0.3032,6.0,systematic,1072001,ok,0.38633274684374996,0.01210549803911714,0,1,0.9935454837070924,0,178.23,922
research/tasks/active/TASK-2026-08-30-SMCSTAT/scratch/A-P96.jsonl,a506fc2ef193dfa2f6c357a30976bec28b2e3a4fd1078b63761c3109996ea828,SMCSTAT-A-P96,96,96.0,32,0.35,0.3032,6.0,systematic,1072000,ok,0.7358175715937499,0.012883385305055634,0,1,0.9935797440853762,0,182.05,922
research/tasks/active/TASK-2026-08-30-SMCSTAT/scratch/A-P96.jsonl,a506fc2ef193dfa2f6c357a30976bec28b2e3a4fd1078b63761c3109996ea828,SMCSTAT-A-P96,96,96.0,32,0.35,0.3032,6.0,systematic,1072002,ok,0.6876022193125,0.01624733654764986,0,1,0.9935283240789513,0,185.84,922
research/tasks/active/TASK-2026-08-30-SMCSTAT/scratch/A-P96.jsonl,a506fc2ef193dfa2f6c357a30976bec28b2e3a4fd1078b63761c3109996ea828,SMCSTAT-A-P96,96,96.0,32,0.35,0.3032,6.0,systematic,1072003,ok,0.59277119040625,0.03481103928371262,0,1,0.9939180360894599,0,186.02,922
research/tasks/active/TASK-2026-08-30-SMCSTAT/scratch/A-P96.jsonl,a506fc2ef193dfa2f6c357a30976bec28b2e3a4fd1078b63761c3109996ea828,SMCSTAT-A-P96,96,96.0,32,0.35,0.3032,6.0,systematic,1072004,ok,0.57383246525,0.009663995567587612,0,1,0.9939971214884831,0,190.52,922
research/tasks/active/TASK-2026-08-30-SMCSTAT/scratch/A-P96.jsonl,a506fc2ef193dfa2f6c357a30976bec28b2e3a4fd1078b63761c3109996ea828,SMCSTAT-A-P96,96,96.0,32,0.35,0.3032,6.0,systematic,1072005,ok,0.6312896225625,0.03828679715711502,0,1,0.993493123577338,0,191.63,922
research/tasks/active/TASK-2026-08-30-SMCSTAT/scratch/A-P96.jsonl,a506fc2ef193dfa2f6c357a30976bec28b2e3a4fd1078b63761c3109996ea828,SMCSTAT-A-P96,96,96.0,32,0.35,0.3032,6.0,systematic,1072006,ok,0.60505482575,0.015387114015630513,0,1,0.993735157245965,0,188.0,922
research/tasks/active/TASK-2026-08-30-SMCSTAT/scratch/A-P96.jsonl,a506fc2ef193dfa2f6c357a30976bec28b2e3a4fd1078b63761c3109996ea828,SMCSTAT-A-P96,96,96.0,32,0.35,0.3032,6.0,systematic,1072007,ok,0.71909738275,0.03158075091566641,0,1,0.9935652647587034,0,189.89,922
research/tasks/active/TASK-2026-08-30-SMCSTAT/scratch/A-P96.jsonl,a506fc2ef193dfa2f6c357a30976bec28b2e3a4fd1078b63761c3109996ea828,SMCSTAT-A-P96,96,96.0,32,0.35,0.3032,6.0,systematic,1072008,ok,0.8801083310000001,0.029103992448054235,0,1,0.9936811290009667,0,190.23,922
research/tasks/active/TASK-2026-08-30-SMCSTAT/scratch/A-P96.jsonl,a506fc2ef193dfa2f6c357a30976bec28b2e3a4fd1078b63761c3109996ea828,SMCSTAT-A-P96,96,96.0,32,0.35,0.3032,6.0,systematic,1072011,ok,0.26713644215625,0.012496539430970335,0,1,0.9938927332797132,0,186.17,922
research/tasks/active/TASK-2026-08-30-SMCSTAT/scratch/A-P96.jsonl,a506fc2ef193dfa2f6c357a30976bec28b2e3a4fd1078b63761c3109996ea828,SMCSTAT-A-P96,96,96.0,32,0.35,0.3032,6.0,systematic,1072009,ok,0.46262407215625,0.01714174715070232,0,1,0.9934785560375681,0,189.77,922
research/tasks/active/TASK-2026-08-30-SMCSTAT/scratch/A-P96.jsonl,a506fc2ef193dfa2f6c357a30976bec28b2e3a4fd1078b63761c3109996ea828,SMCSTAT-A-P96,96,96.0,32,0.35,0.3032,6.0,systematic,1072010,ok,1.10951974446875,0.027119424209485318,0,1,0.9943085852766956,0,190.81,922
research/tasks/active/TASK-2026-08-30-SMCSTAT/scratch/A-P96.jsonl,a506fc2ef193dfa2f6c357a30976bec28b2e3a4fd1078b63761c3109996ea828,SMCSTAT-A-P96,96,96.0,32,0.35,0.3032,6.0,systematic,1072014,ok,0.30237482778125,0.02358607220931415,0,1,0.9936535571624675,0,183.76,922
research/tasks/active/TASK-2026-08-30-SMCSTAT/scratch/A-P96.jsonl,a506fc2ef193dfa2f6c357a30976bec28b2e3a4fd1078b63761c3109996ea828,SMCSTAT-A-P96,96,96.0,32,0.35,0.3032,6.0,systematic,1072012,ok,0.7644228922187499,0.05694007922785497,0,1,0.9943149576386553,0,190.95,922
research/tasks/active/TASK-2026-08-30-SMCSTAT/scratch/A-P96.jsonl,a506fc2ef193dfa2f6c357a30976bec28b2e3a4fd1078b63761c3109996ea828,SMCSTAT-A-P96,96,96.0,32,0.35,0.3032,6.0,systematic,1072015,ok,1.07239096846875,0.042938159188698276,0,1,0.9937989399935588,0,185.42,922
research/tasks/active/TASK-2026-08-30-SMCSTAT/scratch/A-P96.jsonl,a506fc2ef193dfa2f6c357a30976bec28b2e3a4fd1078b63761c3109996ea828,SMCSTAT-A-P96,96,96.0,32,0.35,0.3032,6.0,systematic,1072013,ok,0.37740949778125005,0.01901610006382009,0,1,0.9937272685453536,0,189.03,922
research/tasks/active/TASK-2026-08-30-SMCSTAT/scratch/A-P96.jsonl,a506fc2ef193dfa2f6c357a30976bec28b2e3a4fd1078b63761c3109996ea828,SMCSTAT-A-P96,96,96.0,64,0.35,0.3032,6.0,systematic,1104003,ok,0.16796144414062503,0.0083754342257419,0,1,0.9928654550648448,0,367.45,922
research/tasks/active/TASK-2026-08-30-SMCSTAT/scratch/A-P96.jsonl,a506fc2ef193dfa2f6c357a30976bec28b2e3a4fd1078b63761c3109996ea828,SMCSTAT-A-P96,96,96.0,64,0.35,0.3032,6.0,systematic,1104000,ok,0.43603209660937503,0.037233253065501376,0,1,0.9929829017483573,0,377.51,922
research/tasks/active/TASK-2026-08-30-SMCSTAT/scratch/A-P96.jsonl,a506fc2ef193dfa2f6c357a30976bec28b2e3a4fd1078b63761c3109996ea828,SMCSTAT-A-P96,96,96.0,64,0.35,0.3032,6.0,systematic,1104002,ok,0.64706123946875,0.05275450520743217,0,1,0.993214225202584,0,377.09,922
research/tasks/active/TASK-2026-08-30-SMCSTAT/scratch/A-P96.jsonl,a506fc2ef193dfa2f6c357a30976bec28b2e3a4fd1078b63761c3109996ea828,SMCSTAT-A-P96,96,96.0,64,0.35,0.3032,6.0,systematic,1104001,ok,0.608042924234375,0.06056830784796178,0,1,0.9932064635480101,0,381.26,922
research/tasks/active/TASK-2026-08-30-SMCSTAT/scratch/A-P96.jsonl,a506fc2ef193dfa2f6c357a30976bec28b2e3a4fd1078b63761c3109996ea828,SMCSTAT-A-P96,96,96.0,64,0.35,0.3032,6.0,systematic,1104004,ok,0.588441412515625,0.017664123670874755,0,1,0.9930254611153655,0,374.17,922
research/tasks/active/TASK-2026-08-30-SMCSTAT/scratch/A-P96.jsonl,a506fc2ef193dfa2f6c357a30976bec28b2e3a4fd1078b63761c3109996ea828,SMCSTAT-A-P96,96,96.0,64,0.35,0.3032,6.0,systematic,1104005,ok,0.43588548634374996,0.021275746179432675,0,1,0.9935643368279867,0,373.0,922
research/tasks/active/TASK-2026-08-30-SMCSTAT/scratch/A-P96.jsonl,a506fc2ef193dfa2f6c357a30976bec28b2e3a4fd1078b63761c3109996ea828,SMCSTAT-A-P96,96,96.0,64,0.35,0.3032,6.0,systematic,1104007,ok,0.3686778223125,0.016324629593907982,0,1,0.9930931982732633,0,369.23,922
research/tasks/active/TASK-2026-08-30-SMCSTAT/scratch/A-P96.jsonl,a506fc2ef193dfa2f6c357a30976bec28b2e3a4fd1078b63761c3109996ea828,SMCSTAT-A-P96,96,96.0,64,0.35,0.3032,6.0,systematic,1104006,ok,0.41316443390625,0.03870869648685529,0,1,0.9936619192946001,0,375.51,922
research/tasks/active/TASK-2026-08-30-SMCSTAT/scratch/A-P96.jsonl,a506fc2ef193dfa2f6c357a30976bec28b2e3a4fd1078b63761c3109996ea828,SMCSTAT-A-P96,96,96.0,64,0.35,0.3032,6.0,systematic,1104010,ok,0.461552267875,0.038458045123859995,0,1,0.9928543402737433,0,356.94,922
research/tasks/active/TASK-2026-08-30-SMCSTAT/scratch/A-P96.jsonl,a506fc2ef193dfa2f6c357a30976bec28b2e3a4fd1078b63761c3109996ea828,SMCSTAT-A-P96,96,96.0,64,0.35,0.3032,6.0,systematic,1104011,ok,0.22753812675,0.010822746738910581,0,1,0.9930031455275545,0,363.56,922
research/tasks/active/TASK-2026-08-30-SMCSTAT/scratch/A-P96.jsonl,a506fc2ef193dfa2f6c357a30976bec28b2e3a4fd1078b63761c3109996ea828,SMCSTAT-A-P96,96,96.0,64,0.35,0.3032,6.0,systematic,1104008,ok,0.659171285921875,0.046643253920634786,0,1,0.9933372079177881,0,373.75,922
research/tasks/active/TASK-2026-08-30-SMCSTAT/scratch/A-P96.jsonl,a506fc2ef193dfa2f6c357a30976bec28b2e3a4fd1078b63761c3109996ea828,SMCSTAT-A-P96,96,96.0,64,0.35,0.3032,6.0,systematic,1104009,ok,0.27263443053124997,0.00717124740406475,0,1,0.9930882979929379,0,375.12,922
research/tasks/active/TASK-2026-08-30-SMCSTAT/scratch/A-P96.jsonl,a506fc2ef193dfa2f6c357a30976bec28b2e3a4fd1078b63761c3109996ea828,SMCSTAT-A-P96,96,96.0,64,0.35,0.3032,6.0,systematic,1104012,ok,0.64529969853125,0.04188690149406148,0,1,0.9937384086914495,0,377.19,922
research/tasks/active/TASK-2026-08-30-SMCSTAT/scratch/A-P96.jsonl,a506fc2ef193dfa2f6c357a30976bec28b2e3a4fd1078b63761c3109996ea828,SMCSTAT-A-P96,96,96.0,64,0.35,0.3032,6.0,systematic,1104014,ok,0.376551222328125,0.09430707524390315,0,1,0.9932882296860136,0,370.71,922
research/tasks/active/TASK-2026-08-30-SMCSTAT/scratch/A-P96.jsonl,a506fc2ef193dfa2f6c357a30976bec28b2e3a4fd1078b63761c3109996ea828,SMCSTAT-A-P96,96,96.0,64,0.35,0.3032,6.0,systematic,1104015,ok,0.592750301390625,0.0398131783434498,0,1,0.9932758012860986,0,370.81,922
research/tasks/active/TASK-2026-08-30-SMCSTAT/scratch/A-P96.jsonl,a506fc2ef193dfa2f6c357a30976bec28b2e3a4fd1078b63761c3109996ea828,SMCSTAT-A-P96,96,96.0,64,0.35,0.3032,6.0,systematic,1104013,ok,0.583843604515625,0.07790142789182801,0,1,0.9932173877789969,0,381.31,922
research/tasks/active/TASK-2026-08-30-SMCSTAT/scratch/A-P96.jsonl,a506fc2ef193dfa2f6c357a30976bec28b2e3a4fd1078b63761c3109996ea828,SMCSTAT-A-P96,96,96.0,128,0.35,0.3032,6.0,systematic,1168001,ok,0.23502133709375,0.017795662406987066,0,1,0.9925206943872057,0,735.31,922
research/tasks/active/TASK-2026-08-30-SMCSTAT/scratch/A-P96.jsonl,a506fc2ef193dfa2f6c357a30976bec28b2e3a4fd1078b63761c3109996ea828,SMCSTAT-A-P96,96,96.0,128,0.35,0.3032,6.0,systematic,1168000,ok,0.5547705334921874,0.07264652517486334,0,1,0.99289980469075,0,747.27,922
research/tasks/active/TASK-2026-08-30-SMCSTAT/scratch/A-P96.jsonl,a506fc2ef193dfa2f6c357a30976bec28b2e3a4fd1078b63761c3109996ea828,SMCSTAT-A-P96,96,96.0,128,0.35,0.3032,6.0,systematic,1168002,ok,0.254463318890625,0.007213219818829578,0,1,0.9929323102308402,0,745.02,922
research/tasks/active/TASK-2026-08-30-SMCSTAT/scratch/A-P96.jsonl,a506fc2ef193dfa2f6c357a30976bec28b2e3a4fd1078b63761c3109996ea828,SMCSTAT-A-P96,96,96.0,128,0.35,0.3032,6.0,systematic,1168003,ok,0.2917725656328125,0.013340744810349386,0,1,0.9927418015416392,0,752.63,922
research/tasks/active/TASK-2026-08-30-SMCSTAT/scratch/A-P96.jsonl,a506fc2ef193dfa2f6c357a30976bec28b2e3a4fd1078b63761c3109996ea828,SMCSTAT-A-P96,96,96.0,128,0.35,0.3032,6.0,systematic,1168004,ok,0.1875002984140625,0.010828225214003727,0,1,0.9926343381673729,0,731.93,922
research/tasks/active/TASK-2026-08-30-SMCSTAT/scratch/A-P96.jsonl,a506fc2ef193dfa2f6c357a30976bec28b2e3a4fd1078b63761c3109996ea828,SMCSTAT-A-P96,96,96.0,128,0.35,0.3032,6.0,systematic,1168005,ok,0.1812483376171875,0.0048611946850215275,0,1,0.9924666395048931,0,734.9,922
research/tasks/active/TASK-2026-08-30-SMCSTAT/scratch/A-P96.jsonl,a506fc2ef193dfa2f6c357a30976bec28b2e3a4fd1078b63761c3109996ea828,SMCSTAT-A-P96,96,96.0,128,0.35,0.3032,6.0,systematic,1168006,ok,0.1844658553046875,0.04048942681332237,0,1,0.9930897397846762,0,747.21,922
research/tasks/active/TASK-2026-08-30-SMCSTAT/scratch/A-P96.jsonl,a506fc2ef193dfa2f6c357a30976bec28b2e3a4fd1078b63761c3109996ea828,SMCSTAT-A-P96,96,96.0,128,0.35,0.3032,6.0,systematic,1168007,ok,0.28304126124218754,0.01998871440023763,0,1,0.9928697009307621,0,737.66,922
research/tasks/active/TASK-2026-08-30-SMCSTAT/scratch/A-P96.jsonl,a506fc2ef193dfa2f6c357a30976bec28b2e3a4fd1078b63761c3109996ea828,SMCSTAT-A-P96,96,96.0,128,0.35,0.3032,6.0,systematic,1168009,ok,0.58756446309375,0.0890690004008578,0,1,0.9926489996616569,0,727.54,922
research/tasks/active/TASK-2026-08-30-SMCSTAT/scratch/A-P96.jsonl,a506fc2ef193dfa2f6c357a30976bec28b2e3a4fd1078b63761c3109996ea828,SMCSTAT-A-P96,96,96.0,128,0.35,0.3032,6.0,systematic,1168008,ok,0.2825623060703125,0.023933849667147324,0,1,0.9927550865799668,0,740.16,922
research/tasks/active/TASK-2026-08-30-SMCSTAT/scratch/A-P96.jsonl,a506fc2ef193dfa2f6c357a30976bec28b2e3a4fd1078b63761c3109996ea828,SMCSTAT-A-P96,96,96.0,128,0.35,0.3032,6.0,systematic,1168010,ok,0.26134017121875,0.011477319788319059,0,1,0.9929638853448599,0,731.67,922
research/tasks/active/TASK-2026-08-30-SMCSTAT/scratch/A-P96.jsonl,a506fc2ef193dfa2f6c357a30976bec28b2e3a4fd1078b63761c3109996ea828,SMCSTAT-A-P96,96,96.0,128,0.35,0.3032,6.0,systematic,1168011,ok,0.4120942977890625,0.024920337921520392,0,1,0.9928047858318854,0,739.98,922
research/tasks/active/TASK-2026-08-30-SMCSTAT/scratch/A-P96.jsonl,a506fc2ef193dfa2f6c357a30976bec28b2e3a4fd1078b63761c3109996ea828,SMCSTAT-A-P96,96,96.0,128,0.35,0.3032,6.0,systematic,1168013,ok,0.384413373234375,0.03167735829326665,0,1,0.9928186121011187,0,739.82,922
research/tasks/active/TASK-2026-08-30-SMCSTAT/scratch/A-P96.jsonl,a506fc2ef193dfa2f6c357a30976bec28b2e3a4fd1078b63761c3109996ea828,SMCSTAT-A-P96,96,96.0,128,0.35,0.3032,6.0,systematic,1168012,ok,0.33807488249218753,0.058536203083413,0,1,0.9930635222284304,0,743.44,922
research/tasks/active/TASK-2026-08-30-SMCSTAT/scratch/A-P96.jsonl,a506fc2ef193dfa2f6c357a30976bec28b2e3a4fd1078b63761c3109996ea828,SMCSTAT-A-P96,96,96.0,128,0.35,0.3032,6.0,systematic,1168014,ok,0.203583504734375,0.01618454574637428,0,1,0.9925305076451724,0,730.19,922
research/tasks/active/TASK-2026-08-30-SMCSTAT/scratch/A-P96.jsonl,a506fc2ef193dfa2f6c357a30976bec28b2e3a4fd1078b63761c3109996ea828,SMCSTAT-A-P96,96,96.0,128,0.35,0.3032,6.0,systematic,1168015,ok,0.44857707657031254,0.011906899631309958,0,1,0.9928889096836223,0,739.88,922
research/tasks/active/TASK-2026-08-30-SMCSTAT/scratch/A-P96.jsonl,a506fc2ef193dfa2f6c357a30976bec28b2e3a4fd1078b63761c3109996ea828,SMCSTAT-A-P96,96,96.0,256,0.35,0.3032,6.0,systematic,1296001,ok,0.22665184145703127,0.024942781922966048,0,1,0.9924518845956141,0,1520.97,922
research/tasks/active/TASK-2026-08-30-SMCSTAT/scratch/A-P96.jsonl,a506fc2ef193dfa2f6c357a30976bec28b2e3a4fd1078b63761c3109996ea828,SMCSTAT-A-P96,96,96.0,256,0.35,0.3032,6.0,systematic,1296002,ok,0.493932317140625,0.06425657562319696,0,1,0.9924687529688663,0,1527.91,922
research/tasks/active/TASK-2026-08-30-SMCSTAT/scratch/A-P96.jsonl,a506fc2ef193dfa2f6c357a30976bec28b2e3a4fd1078b63761c3109996ea828,SMCSTAT-A-P96,96,96.0,256,0.35,0.3032,6.0,systematic,1296000,ok,0.21918234805859374,0.01979082551631927,0,1,0.9926163726650377,0,1547.54,922
research/tasks/active/TASK-2026-08-30-SMCSTAT/scratch/A-P96.jsonl,a506fc2ef193dfa2f6c357a30976bec28b2e3a4fd1078b63761c3109996ea828,SMCSTAT-A-P96,96,96.0,256,0.35,0.3032,6.0,systematic,1296003,ok,0.27349410249609374,0.025318166090861856,0,1,0.9926583153966951,0,1543.78,922
research/tasks/active/TASK-2026-08-30-SMCSTAT/scratch/A-P96.jsonl,a506fc2ef193dfa2f6c357a30976bec28b2e3a4fd1078b63761c3109996ea828,SMCSTAT-A-P96,96,96.0,256,0.35,0.3032,6.0,systematic,1296004,ok,0.294980824953125,0.01961091955086106,0,1,0.9926552543099322,0,1522.56,922
research/tasks/active/TASK-2026-08-30-SMCSTAT/scratch/A-P96.jsonl,a506fc2ef193dfa2f6c357a30976bec28b2e3a4fd1078b63761c3109996ea828,SMCSTAT-A-P96,96,96.0,256,0.35,0.3032,6.0,systematic,1296005,ok,0.18139206341015626,0.01144003721773724,0,1,0.9928542524651567,0,1523.65,922
research/tasks/active/TASK-2026-08-30-SMCSTAT/scratch/A-P96.jsonl,a506fc2ef193dfa2f6c357a30976bec28b2e3a4fd1078b63761c3109996ea828,SMCSTAT-A-P96,96,96.0,256,0.35,0.3032,6.0,systematic,1296006,ok,0.27894696028515625,0.023760463127169253,0,1,0.9925268193544396,0,1518.33,922
research/tasks/active/TASK-2026-08-30-SMCSTAT/scratch/A-P96.jsonl,a506fc2ef193dfa2f6c357a30976bec28b2e3a4fd1078b63761c3109996ea828,SMCSTAT-A-P96,96,96.0,256,0.35,0.3032,6.0,systematic,1296007,ok,0.32729972455468753,0.021422554779962966,0,1,0.9925718609799307,0,1530.22,922
research/tasks/active/TASK-2026-08-30-SMCSTAT/scratch/A-P96.jsonl,a506fc2ef193dfa2f6c357a30976bec28b2e3a4fd1078b63761c3109996ea828,SMCSTAT-A-P96,96,96.0,256,0.35,0.3032,6.0,systematic,1296008,ok,0.31548553049609374,0.05188880351865925,0,1,0.9923119792629956,0,1534.03,922
research/tasks/active/TASK-2026-08-30-SMCSTAT/scratch/A-P96.jsonl,a506fc2ef193dfa2f6c357a30976bec28b2e3a4fd1078b63761c3109996ea828,SMCSTAT-A-P96,96,96.0,256,0.35,0.3032,6.0,systematic,1296009,ok,0.33728118330468754,0.022032286606698374,0,1,0.9925577866174715,0,1553.83,922
research/tasks/active/TASK-2026-08-30-SMCSTAT/scratch/A-P96.jsonl,a506fc2ef193dfa2f6c357a30976bec28b2e3a4fd1078b63761c3109996ea828,SMCSTAT-A-P96,96,96.0,256,0.35,0.3032,6.0,systematic,1296010,ok,0.7314396367109375,0.09556538852053237,0,1,0.9928730345870519,0,1567.46,922
research/tasks/active/TASK-2026-08-30-SMCSTAT/scratch/A-P96.jsonl,a506fc2ef193dfa2f6c357a30976bec28b2e3a4fd1078b63761c3109996ea828,SMCSTAT-A-P96,96,96.0,256,0.35,0.3032,6.0,systematic,1296011,ok,0.3655058512421875,0.021027045629957213,0,1,0.9927761691314642,0,1565.86,922
research/tasks/active/TASK-2026-08-30-SMCSTAT/scratch/A-P96.jsonl,a506fc2ef193dfa2f6c357a30976bec28b2e3a4fd1078b63761c3109996ea828,SMCSTAT-A-P96,96,96.0,256,0.35,0.3032,6.0,systematic,1296012,ok,0.27952020173437503,0.0308329537564852,0,1,0.9926352452338008,0,1612.49,922
research/tasks/active/TASK-2026-08-30-SMCSTAT/scratch/A-P96.jsonl,a506fc2ef193dfa2f6c357a30976bec28b2e3a4fd1078b63761c3109996ea828,SMCSTAT-A-P96,96,96.0,256,0.35,0.3032,6.0,systematic,1296013,ok,0.46459800692968756,0.10501933618590228,0,1,0.9925000181212845,0,1605.77,922
research/tasks/active/TASK-2026-08-30-SMCSTAT/scratch/A-P96.jsonl,a506fc2ef193dfa2f6c357a30976bec28b2e3a4fd1078b63761c3109996ea828,SMCSTAT-A-P96,96,96.0,256,0.35,0.3032,6.0,systematic,1296014,ok,0.3483101807265625,0.021817000379763102,0,1,0.9924183233502798,0,1609.76,922
research/tasks/active/TASK-2026-08-30-SMCSTAT/scratch/A-P96.jsonl,a506fc2ef193dfa2f6c357a30976bec28b2e3a4fd1078b63761c3109996ea828,SMCSTAT-A-P96,96,96.0,256,0.35,0.3032,6.0,systematic,1296015,ok,0.39527544156249994,0.0336877088552985,0,1,0.992842492332851,0,1588.89,922
research/tasks/active/TASK-2026-08-30-SMCSTAT/scratch/A-BUD.jsonl,d20e65761b3f421227675bbf4c2088683e0cebaa21ed791e6a8e4144bad472ba,SMCSTAT-A-BUD,96,96.0,64,0.35,0.3032,6.0,systematic,1104019,ok,0.26824797023437497,0.0109494175441039,0,1,0.9929690942802621,0,395.9,922
research/tasks/active/TASK-2026-08-30-SMCSTAT/scratch/A-BUD.jsonl,d20e65761b3f421227675bbf4c2088683e0cebaa21ed791e6a8e4144bad472ba,SMCSTAT-A-BUD,96,96.0,64,0.35,0.3032,6.0,systematic,1104018,ok,0.6365365585625,0.02948295965714974,0,1,0.9932265412622624,0,400.64,922
research/tasks/active/TASK-2026-08-30-SMCSTAT/scratch/A-BUD.jsonl,d20e65761b3f421227675bbf4c2088683e0cebaa21ed791e6a8e4144bad472ba,SMCSTAT-A-BUD,96,96.0,64,0.35,0.3032,6.0,systematic,1104016,ok,0.475967732828125,0.025148837009401258,0,1,0.9928558825081324,0,401.31,922
research/tasks/active/TASK-2026-08-30-SMCSTAT/scratch/A-BUD.jsonl,d20e65761b3f421227675bbf4c2088683e0cebaa21ed791e6a8e4144bad472ba,SMCSTAT-A-BUD,96,96.0,64,0.35,0.3032,6.0,systematic,1104017,ok,0.708519013390625,0.04881007294719723,0,1,0.9933556043164621,0,402.98,922
research/tasks/active/TASK-2026-08-30-SMCSTAT/scratch/A-BUD.jsonl,d20e65761b3f421227675bbf4c2088683e0cebaa21ed791e6a8e4144bad472ba,SMCSTAT-A-BUD,96,96.0,64,0.35,0.3032,6.0,systematic,1104022,ok,0.3828640194375,0.03277881575047553,0,1,0.9928491411566599,0,405.58,922
research/tasks/active/TASK-2026-08-30-SMCSTAT/scratch/A-BUD.jsonl,d20e65761b3f421227675bbf4c2088683e0cebaa21ed791e6a8e4144bad472ba,SMCSTAT-A-BUD,96,96.0,64,0.35,0.3032,6.0,systematic,1104020,ok,0.302402029375,0.020647955241186934,0,1,0.9935406764422992,0,413.73,922
research/tasks/active/TASK-2026-08-30-SMCSTAT/scratch/A-BUD.jsonl,d20e65761b3f421227675bbf4c2088683e0cebaa21ed791e6a8e4144bad472ba,SMCSTAT-A-BUD,96,96.0,64,0.35,0.3032,6.0,systematic,1104023,ok,0.44245171806250005,0.05295435966718521,0,1,0.9933237171463781,0,412.9,922
research/tasks/active/TASK-2026-08-30-SMCSTAT/scratch/A-BUD.jsonl,d20e65761b3f421227675bbf4c2088683e0cebaa21ed791e6a8e4144bad472ba,SMCSTAT-A-BUD,96,96.0,64,0.35,0.3032,6.0,systematic,1104021,ok,0.439470973421875,0.0405575602493713,0,1,0.9933823181689974,0,416.2,922
research/tasks/active/TASK-2026-08-30-SMCSTAT/scratch/A-BUD.jsonl,d20e65761b3f421227675bbf4c2088683e0cebaa21ed791e6a8e4144bad472ba,SMCSTAT-A-BUD,96,96.0,64,0.35,0.3032,6.0,systematic,1104025,ok,0.380078207171875,0.02270238874830017,0,1,0.9931658622522993,0,431.9,922
research/tasks/active/TASK-2026-08-30-SMCSTAT/scratch/A-BUD.jsonl,d20e65761b3f421227675bbf4c2088683e0cebaa21ed791e6a8e4144bad472ba,SMCSTAT-A-BUD,96,96.0,64,0.35,0.3032,6.0,systematic,1104024,ok,0.2159652481875,0.07005950256364031,0,1,0.9933671869975228,0,435.52,922
research/tasks/active/TASK-2026-08-30-SMCSTAT/scratch/A-BUD.jsonl,d20e65761b3f421227675bbf4c2088683e0cebaa21ed791e6a8e4144bad472ba,SMCSTAT-A-BUD,96,96.0,64,0.35,0.3032,6.0,systematic,1104027,ok,0.853575334078125,0.09543367745702852,0,1,0.9931914754447682,0,428.66,922
research/tasks/active/TASK-2026-08-30-SMCSTAT/scratch/A-BUD.jsonl,d20e65761b3f421227675bbf4c2088683e0cebaa21ed791e6a8e4144bad472ba,SMCSTAT-A-BUD,96,96.0,64,0.35,0.3032,6.0,systematic,1104026,ok,1.02746093075,0.13879294013836896,0,1,0.9933765345906959,0,446.86,922
research/tasks/active/TASK-2026-08-30-SMCSTAT/scratch/A-BUD.jsonl,d20e65761b3f421227675bbf4c2088683e0cebaa21ed791e6a8e4144bad472ba,SMCSTAT-A-BUD,96,96.0,64,0.35,0.3032,6.0,systematic,1104028,ok,0.354776127171875,0.01940419339475854,0,1,0.9927620682133794,0,493.89,922
research/tasks/active/TASK-2026-08-30-SMCSTAT/scratch/A-BUD.jsonl,d20e65761b3f421227675bbf4c2088683e0cebaa21ed791e6a8e4144bad472ba,SMCSTAT-A-BUD,96,96.0,64,0.35,0.3032,6.0,systematic,1104029,ok,0.4051965975625,0.027515322824152543,0,1,0.9930064551071599,0,502.38,922
research/tasks/active/TASK-2026-08-30-SMCSTAT/scratch/A-BUD.jsonl,d20e65761b3f421227675bbf4c2088683e0cebaa21ed791e6a8e4144bad472ba,SMCSTAT-A-BUD,96,96.0,64,0.35,0.3032,6.0,systematic,1104030,ok,0.287950424421875,0.01363421407317245,0,1,0.9929947694559091,0,503.22,922
research/tasks/active/TASK-2026-08-30-SMCSTAT/scratch/A-BUD.jsonl,d20e65761b3f421227675bbf4c2088683e0cebaa21ed791e6a8e4144bad472ba,SMCSTAT-A-BUD,96,96.0,64,0.35,0.3032,6.0,systematic,1104031,ok,0.3553881568125,0.03318550171946745,0,1,0.9926011182175335,0,495.12,922
research/tasks/active/TASK-2026-08-30-SMCSTAT/scratch/A-BUD.jsonl,d20e65761b3f421227675bbf4c2088683e0cebaa21ed791e6a8e4144bad472ba,SMCSTAT-A-BUD,96,96.0,64,0.35,0.3032,6.0,systematic,1104032,ok,0.71765559059375,0.02440726243140455,0,1,0.9931674648323122,0,415.33,922
research/tasks/active/TASK-2026-08-30-SMCSTAT/scratch/A-BUD.jsonl,d20e65761b3f421227675bbf4c2088683e0cebaa21ed791e6a8e4144bad472ba,SMCSTAT-A-BUD,96,96.0,64,0.35,0.3032,6.0,systematic,1104034,ok,0.32422638234375,0.01214719997039456,0,1,0.9932214229810429,0,412.52,922
research/tasks/active/TASK-2026-08-30-SMCSTAT/scratch/A-BUD.jsonl,d20e65761b3f421227675bbf4c2088683e0cebaa21ed791e6a8e4144bad472ba,SMCSTAT-A-BUD,96,96.0,64,0.35,0.3032,6.0,systematic,1104033,ok,0.472319145609375,0.04319719428342739,0,1,0.993788132940357,0,420.23,922
research/tasks/active/TASK-2026-08-30-SMCSTAT/scratch/A-BUD.jsonl,d20e65761b3f421227675bbf4c2088683e0cebaa21ed791e6a8e4144bad472ba,SMCSTAT-A-BUD,96,96.0,64,0.35,0.3032,6.0,systematic,1104035,ok,0.49926440228124996,0.03669361589345067,0,1,0.993289277583969,0,411.66,922
research/tasks/active/TASK-2026-08-30-SMCSTAT/scratch/A-BUD.jsonl,d20e65761b3f421227675bbf4c2088683e0cebaa21ed791e6a8e4144bad472ba,SMCSTAT-A-BUD,96,96.0,64,0.35,0.3032,6.0,systematic,1104036,ok,0.47284877126562497,0.027651172935498847,0,1,0.993561720356258,0,423.05,922
research/tasks/active/TASK-2026-08-30-SMCSTAT/scratch/A-BUD.jsonl,d20e65761b3f421227675bbf4c2088683e0cebaa21ed791e6a8e4144bad472ba,SMCSTAT-A-BUD,96,96.0,64,0.35,0.3032,6.0,systematic,1104037,ok,0.271792219140625,0.012144646930837596,0,1,0.9931576676174835,0,418.67,922
research/tasks/active/TASK-2026-08-30-SMCSTAT/scratch/A-BUD.jsonl,d20e65761b3f421227675bbf4c2088683e0cebaa21ed791e6a8e4144bad472ba,SMCSTAT-A-BUD,96,96.0,64,0.35,0.3032,6.0,systematic,1104038,ok,0.707616538453125,0.06510955600479616,0,1,0.9937236917471746,0,425.16,922
research/tasks/active/TASK-2026-08-30-SMCSTAT/scratch/A-BUD.jsonl,d20e65761b3f421227675bbf4c2088683e0cebaa21ed791e6a8e4144bad472ba,SMCSTAT-A-BUD,96,96.0,64,0.35,0.3032,6.0,systematic,1104039,ok,0.607068855671875,0.0614601897310207,0,1,0.9934836215461944,0,427.31,922
research/tasks/active/TASK-2026-08-30-SMCSTAT/scratch/A-BUD.jsonl,d20e65761b3f421227675bbf4c2088683e0cebaa21ed791e6a8e4144bad472ba,SMCSTAT-A-BUD,96,96.0,64,0.35,0.3032,6.0,systematic,1104041,ok,0.647346387859375,0.0552132042262024,0,1,0.9931930550558408,0,532.77,922
research/tasks/active/TASK-2026-08-30-SMCSTAT/scratch/A-BUD.jsonl,d20e65761b3f421227675bbf4c2088683e0cebaa21ed791e6a8e4144bad472ba,SMCSTAT-A-BUD,96,96.0,64,0.35,0.3032,6.0,systematic,1104040,ok,0.42645552415625,0.03473463886525507,0,1,0.9934469251616141,0,543.15,922
research/tasks/active/TASK-2026-08-30-SMCSTAT/scratch/A-BUD.jsonl,d20e65761b3f421227675bbf4c2088683e0cebaa21ed791e6a8e4144bad472ba,SMCSTAT-A-BUD,96,96.0,64,0.35,0.3032,6.0,systematic,1104043,ok,0.25921369690624996,0.06861176361218292,0,1,0.9935645307083462,0,538.06,922
research/tasks/active/TASK-2026-08-30-SMCSTAT/scratch/A-BUD.jsonl,d20e65761b3f421227675bbf4c2088683e0cebaa21ed791e6a8e4144bad472ba,SMCSTAT-A-BUD,96,96.0,64,0.35,0.3032,6.0,systematic,1104042,ok,0.8256032206874999,0.04843408498458835,0,1,0.9935612252965897,0,545.8,922
research/tasks/active/TASK-2026-08-30-SMCSTAT/scratch/A-BUD.jsonl,d20e65761b3f421227675bbf4c2088683e0cebaa21ed791e6a8e4144bad472ba,SMCSTAT-A-BUD,96,96.0,64,0.35,0.3032,6.0,systematic,1104044,ok,0.33251491053125004,0.019712889060239273,0,1,0.9929914218397163,0,443.33,922
research/tasks/active/TASK-2026-08-30-SMCSTAT/scratch/A-BUD.jsonl,d20e65761b3f421227675bbf4c2088683e0cebaa21ed791e6a8e4144bad472ba,SMCSTAT-A-BUD,96,96.0,64,0.35,0.3032,6.0,systematic,1104045,ok,1.195025103375,0.09663465112377616,0,1,0.9935358084076663,0,451.36,922
research/tasks/active/TASK-2026-08-30-SMCSTAT/scratch/A-BUD.jsonl,d20e65761b3f421227675bbf4c2088683e0cebaa21ed791e6a8e4144bad472ba,SMCSTAT-A-BUD,96,96.0,64,0.35,0.3032,6.0,systematic,1104046,ok,1.1721973216562502,0.05556244071537364,0,1,0.9934681675750302,0,455.23,922
research/tasks/active/TASK-2026-08-30-SMCSTAT/scratch/A-BUD.jsonl,d20e65761b3f421227675bbf4c2088683e0cebaa21ed791e6a8e4144bad472ba,SMCSTAT-A-BUD,96,96.0,64,0.35,0.3032,6.0,systematic,1104047,ok,0.942129700125,0.08476467629257324,0,1,0.9936914031301874,0,463.3,922
research/tasks/active/TASK-2026-08-30-SMCSTAT/scratch/A-BUD.jsonl,d20e65761b3f421227675bbf4c2088683e0cebaa21ed791e6a8e4144bad472ba,SMCSTAT-A-BUD,96,96.0,64,0.35,0.3032,6.0,systematic,1104048,ok,0.422542308046875,0.006528917911681452,0,1,0.99326168396,0,394.22,922
research/tasks/active/TASK-2026-08-30-SMCSTAT/scratch/A-BUD.jsonl,d20e65761b3f421227675bbf4c2088683e0cebaa21ed791e6a8e4144bad472ba,SMCSTAT-A-BUD,96,96.0,64,0.35,0.3032,6.0,systematic,1104049,ok,0.5586743391875,0.03031113516521047,0,1,0.9928691220957973,0,392.54,922
research/tasks/active/TASK-2026-08-30-SMCSTAT/scratch/A-BUD.jsonl,d20e65761b3f421227675bbf4c2088683e0cebaa21ed791e6a8e4144bad472ba,SMCSTAT-A-BUD,96,96.0,64,0.35,0.3032,6.0,systematic,1104050,ok,0.1858798825,0.028902338230523874,0,1,0.9932835044847016,0,388.26,922
research/tasks/active/TASK-2026-08-30-SMCSTAT/scratch/A-BUD.jsonl,d20e65761b3f421227675bbf4c2088683e0cebaa21ed791e6a8e4144bad472ba,SMCSTAT-A-BUD,96,96.0,64,0.35,0.3032,6.0,systematic,1104051,ok,0.467918323546875,0.021453870440899348,0,1,0.9930029335355336,0,390.27,922
research/tasks/active/TASK-2026-08-30-SMCSTAT/scratch/A-BUD.jsonl,d20e65761b3f421227675bbf4c2088683e0cebaa21ed791e6a8e4144bad472ba,SMCSTAT-A-BUD,96,96.0,64,0.35,0.3032,6.0,systematic,1104052,ok,0.5334532713906249,0.0716436963663274,0,1,0.9932307282830187,0,408.82,922
research/tasks/active/TASK-2026-08-30-SMCSTAT/scratch/A-BUD.jsonl,d20e65761b3f421227675bbf4c2088683e0cebaa21ed791e6a8e4144bad472ba,SMCSTAT-A-BUD,96,96.0,64,0.35,0.3032,6.0,systematic,1104053,ok,0.37032768625,0.04226650754355342,0,1,0.9929089604682253,0,412.13,922
research/tasks/active/TASK-2026-08-30-SMCSTAT/scratch/A-BUD.jsonl,d20e65761b3f421227675bbf4c2088683e0cebaa21ed791e6a8e4144bad472ba,SMCSTAT-A-BUD,96,96.0,64,0.35,0.3032,6.0,systematic,1104054,ok,0.49888186993750006,0.05236269055181299,0,1,0.9930910862830831,0,420.5,922
research/tasks/active/TASK-2026-08-30-SMCSTAT/scratch/A-BUD.jsonl,d20e65761b3f421227675bbf4c2088683e0cebaa21ed791e6a8e4144bad472ba,SMCSTAT-A-BUD,96,96.0,64,0.35,0.3032,6.0,systematic,1104055,ok,0.33819577440625004,0.017103466898969664,0,1,0.9930615993479788,0,418.24,922
research/tasks/active/TASK-2026-08-30-SMCSTAT/scratch/A-BUD.jsonl,d20e65761b3f421227675bbf4c2088683e0cebaa21ed791e6a8e4144bad472ba,SMCSTAT-A-BUD,96,96.0,64,0.35,0.3032,6.0,systematic,1104056,ok,0.5510064465,0.024939269689263674,0,1,0.9929995599718602,0,478.4,922
research/tasks/active/TASK-2026-08-30-SMCSTAT/scratch/A-BUD.jsonl,d20e65761b3f421227675bbf4c2088683e0cebaa21ed791e6a8e4144bad472ba,SMCSTAT-A-BUD,96,96.0,64,0.35,0.3032,6.0,systematic,1104057,ok,0.338258230578125,0.02572289164739697,0,1,0.9934984940874578,0,475.94,922
research/tasks/active/TASK-2026-08-30-SMCSTAT/scratch/A-BUD.jsonl,d20e65761b3f421227675bbf4c2088683e0cebaa21ed791e6a8e4144bad472ba,SMCSTAT-A-BUD,96,96.0,64,0.35,0.3032,6.0,systematic,1104058,ok,0.236337843078125,0.01443054335703318,0,1,0.9934121633408961,0,476.21,922
research/tasks/active/TASK-2026-08-30-SMCSTAT/scratch/A-BUD.jsonl,d20e65761b3f421227675bbf4c2088683e0cebaa21ed791e6a8e4144bad472ba,SMCSTAT-A-BUD,96,96.0,64,0.35,0.3032,6.0,systematic,1104059,ok,0.512504927296875,0.08401894854036017,0,1,0.9933130716485882,0,469.44,922
research/tasks/active/TASK-2026-08-30-SMCSTAT/scratch/A-BUD.jsonl,d20e65761b3f421227675bbf4c2088683e0cebaa21ed791e6a8e4144bad472ba,SMCSTAT-A-BUD,96,96.0,64,0.35,0.3032,6.0,systematic,1104060,ok,0.8007755916875,0.04137960427076825,0,1,0.9928855416079994,0,508.6,922
research/tasks/active/TASK-2026-08-30-SMCSTAT/scratch/A-BUD.jsonl,d20e65761b3f421227675bbf4c2088683e0cebaa21ed791e6a8e4144bad472ba,SMCSTAT-A-BUD,96,96.0,64,0.35,0.3032,6.0,systematic,1104061,ok,0.40866167415625,0.04294002573940978,0,1,0.9930179722236507,0,518.03,922
research/tasks/active/TASK-2026-08-30-SMCSTAT/scratch/A-BUD.jsonl,d20e65761b3f421227675bbf4c2088683e0cebaa21ed791e6a8e4144bad472ba,SMCSTAT-A-BUD,96,96.0,64,0.35,0.3032,6.0,systematic,1104062,ok,0.594642250265625,0.02830160128619529,0,1,0.9929004252749842,0,511.04,922
research/tasks/active/TASK-2026-08-30-SMCSTAT/scratch/A-BUD.jsonl,d20e65761b3f421227675bbf4c2088683e0cebaa21ed791e6a8e4144bad472ba,SMCSTAT-A-BUD,96,96.0,64,0.35,0.3032,6.0,systematic,1104063,ok,0.20451167737499998,0.004350134317465591,0,1,0.9930201329498274,0,513.54,922
research/tasks/active/TASK-2026-08-30-SMCSTAT/scratch/A-BUD.jsonl,d20e65761b3f421227675bbf4c2088683e0cebaa21ed791e6a8e4144bad472ba,SMCSTAT-A-BUD,96,96.0,32,0.35,0.3032,6.0,systematic,1072016,ok,0.41923315962499996,0.025414320740624115,0,1,0.9940269553558214,0,274.88,922
research/tasks/active/TASK-2026-08-30-SMCSTAT/scratch/A-BUD.jsonl,d20e65761b3f421227675bbf4c2088683e0cebaa21ed791e6a8e4144bad472ba,SMCSTAT-A-BUD,96,96.0,32,0.35,0.3032,6.0,systematic,1072017,ok,0.49782285278125,0.055734925480071036,0,1,0.99394251933824,0,267.67,922
research/tasks/active/TASK-2026-08-30-SMCSTAT/scratch/A-BUD.jsonl,d20e65761b3f421227675bbf4c2088683e0cebaa21ed791e6a8e4144bad472ba,SMCSTAT-A-BUD,96,96.0,32,0.35,0.3032,6.0,systematic,1072018,ok,0.390685228875,0.016750825331456883,0,1,0.9937343161605575,0,268.29,922
research/tasks/active/TASK-2026-08-30-SMCSTAT/scratch/A-BUD.jsonl,d20e65761b3f421227675bbf4c2088683e0cebaa21ed791e6a8e4144bad472ba,SMCSTAT-A-BUD,96,96.0,32,0.35,0.3032,6.0,systematic,1072019,ok,0.85304969434375,0.02141527979703363,0,1,0.994159107466454,0,276.96,922
research/tasks/active/TASK-2026-08-30-SMCSTAT/scratch/A-BUD.jsonl,d20e65761b3f421227675bbf4c2088683e0cebaa21ed791e6a8e4144bad472ba,SMCSTAT-A-BUD,96,96.0,32,0.35,0.3032,6.0,systematic,1072020,ok,0.6200407638437501,0.0354943363385278,0,1,0.9935317255667241,0,282.64,922
research/tasks/active/TASK-2026-08-30-SMCSTAT/scratch/A-BUD.jsonl,d20e65761b3f421227675bbf4c2088683e0cebaa21ed791e6a8e4144bad472ba,SMCSTAT-A-BUD,96,96.0,32,0.35,0.3032,6.0,systematic,1072021,ok,0.35952078106249996,0.013597865988754114,0,1,0.9934495926873704,0,284.98,922
research/tasks/active/TASK-2026-08-30-SMCSTAT/scratch/A-BUD.jsonl,d20e65761b3f421227675bbf4c2088683e0cebaa21ed791e6a8e4144bad472ba,SMCSTAT-A-BUD,96,96.0,32,0.35,0.3032,6.0,systematic,1072022,ok,0.48251596034375,0.019530488155840953,0,1,0.9940344216288377,0,288.12,922
research/tasks/active/TASK-2026-08-30-SMCSTAT/scratch/A-BUD.jsonl,d20e65761b3f421227675bbf4c2088683e0cebaa21ed791e6a8e4144bad472ba,SMCSTAT-A-BUD,96,96.0,32,0.35,0.3032,6.0,systematic,1072023,ok,0.492083429375,0.043473789643058806,0,1,0.994094944638987,0,283.96,922
research/tasks/active/TASK-2026-08-30-SMCSTAT/scratch/A-BUD.jsonl,d20e65761b3f421227675bbf4c2088683e0cebaa21ed791e6a8e4144bad472ba,SMCSTAT-A-BUD,96,96.0,32,0.35,0.3032,6.0,systematic,1072024,ok,0.613968107125,0.021874214273744922,0,1,0.9942509045893732,0,288.79,922
research/tasks/active/TASK-2026-08-30-SMCSTAT/scratch/A-BUD.jsonl,d20e65761b3f421227675bbf4c2088683e0cebaa21ed791e6a8e4144bad472ba,SMCSTAT-A-BUD,96,96.0,32,0.35,0.3032,6.0,systematic,1072025,ok,0.36560429303125,0.007533807813714593,0,1,0.9936299299601946,0,281.78,922
research/tasks/active/TASK-2026-08-30-SMCSTAT/scratch/A-BUD.jsonl,d20e65761b3f421227675bbf4c2088683e0cebaa21ed791e6a8e4144bad472ba,SMCSTAT-A-BUD,96,96.0,32,0.35,0.3032,6.0,systematic,1072026,ok,0.53008575128125,0.028541812288486186,0,1,0.9933889848524049,0,281.23,922
research/tasks/active/TASK-2026-08-30-SMCSTAT/scratch/A-BUD.jsonl,d20e65761b3f421227675bbf4c2088683e0cebaa21ed791e6a8e4144bad472ba,SMCSTAT-A-BUD,96,96.0,32,0.35,0.3032,6.0,systematic,1072027,ok,0.50885880165625,0.025067768489670784,0,1,0.9935575934437402,0,283.98,922
research/tasks/active/TASK-2026-08-30-SMCSTAT/scratch/A-BUD.jsonl,d20e65761b3f421227675bbf4c2088683e0cebaa21ed791e6a8e4144bad472ba,SMCSTAT-A-BUD,96,96.0,32,0.35,0.3032,6.0,systematic,1072028,ok,0.98151406865625,0.03045532955526699,0,1,0.9939737688973687,0,283.78,922
research/tasks/active/TASK-2026-08-30-SMCSTAT/scratch/A-BUD.jsonl,d20e65761b3f421227675bbf4c2088683e0cebaa21ed791e6a8e4144bad472ba,SMCSTAT-A-BUD,96,96.0,32,0.35,0.3032,6.0,systematic,1072029,ok,0.50365074209375,0.010427337003463218,0,1,0.9937743120124467,0,275.23,922
research/tasks/active/TASK-2026-08-30-SMCSTAT/scratch/A-BUD.jsonl,d20e65761b3f421227675bbf4c2088683e0cebaa21ed791e6a8e4144bad472ba,SMCSTAT-A-BUD,96,96.0,32,0.35,0.3032,6.0,systematic,1072030,ok,1.13929110221875,0.12475183616801079,0,1,0.9933863492939055,0,266.03,922
research/tasks/active/TASK-2026-08-30-SMCSTAT/scratch/A-BUD.jsonl,d20e65761b3f421227675bbf4c2088683e0cebaa21ed791e6a8e4144bad472ba,SMCSTAT-A-BUD,96,96.0,32,0.35,0.3032,6.0,systematic,1072031,ok,0.64138921365625,0.08726387850401181,0,1,0.9936869199180236,0,269.31,922
research/tasks/active/TASK-2026-08-30-SMCSTAT/scratch/A-BUD.jsonl,d20e65761b3f421227675bbf4c2088683e0cebaa21ed791e6a8e4144bad472ba,SMCSTAT-A-BUD,96,96.0,32,0.35,0.3032,6.0,systematic,1072033,ok,0.50639209578125,0.0189605841760293,0,1,0.9941866457303775,0,243.89,922
research/tasks/active/TASK-2026-08-30-SMCSTAT/scratch/A-BUD.jsonl,d20e65761b3f421227675bbf4c2088683e0cebaa21ed791e6a8e4144bad472ba,SMCSTAT-A-BUD,96,96.0,32,0.35,0.3032,6.0,systematic,1072032,ok,0.6730912890625,0.05205104916742551,0,1,0.9937743935679232,0,244.91,922
research/tasks/active/TASK-2026-08-30-SMCSTAT/scratch/A-BUD.jsonl,d20e65761b3f421227675bbf4c2088683e0cebaa21ed791e6a8e4144bad472ba,SMCSTAT-A-BUD,96,96.0,32,0.35,0.3032,6.0,systematic,1072034,ok,0.42666083074999994,0.01838186755948062,0,1,0.9937387862690922,0,250.62,922
research/tasks/active/TASK-2026-08-30-SMCSTAT/scratch/A-BUD.jsonl,d20e65761b3f421227675bbf4c2088683e0cebaa21ed791e6a8e4144bad472ba,SMCSTAT-A-BUD,96,96.0,32,0.35,0.3032,6.0,systematic,1072035,ok,0.162059749875,0.004601944153409206,0,1,0.9941785654627111,0,246.86,922
research/tasks/active/TASK-2026-08-30-SMCSTAT/scratch/A-BUD.jsonl,d20e65761b3f421227675bbf4c2088683e0cebaa21ed791e6a8e4144bad472ba,SMCSTAT-A-BUD,96,96.0,32,0.35,0.3032,6.0,systematic,1072036,ok,0.19327496049999998,0.007861240035239152,0,1,0.9941523863310356,0,245.69,922
research/tasks/active/TASK-2026-08-30-SMCSTAT/scratch/A-BUD.jsonl,d20e65761b3f421227675bbf4c2088683e0cebaa21ed791e6a8e4144bad472ba,SMCSTAT-A-BUD,96,96.0,32,0.35,0.3032,6.0,systematic,1072037,ok,1.0492069736874998,0.09532121899946319,0,1,0.9934011026888744,0,247.98,922
research/tasks/active/TASK-2026-08-30-SMCSTAT/scratch/A-BUD.jsonl,d20e65761b3f421227675bbf4c2088683e0cebaa21ed791e6a8e4144bad472ba,SMCSTAT-A-BUD,96,96.0,32,0.35,0.3032,6.0,systematic,1072038,ok,0.52945894046875,0.028726196763257147,0,1,0.9937445217024471,0,244.91,922
research/tasks/active/TASK-2026-08-30-SMCSTAT/scratch/A-BUD.jsonl,d20e65761b3f421227675bbf4c2088683e0cebaa21ed791e6a8e4144bad472ba,SMCSTAT-A-BUD,96,96.0,32,0.35,0.3032,6.0,systematic,1072039,ok,0.6611294858125,0.04818706036896124,0,1,0.9939749721252099,0,246.58,922
research/tasks/active/TASK-2026-08-30-SMCSTAT/scratch/A-BUD.jsonl,d20e65761b3f421227675bbf4c2088683e0cebaa21ed791e6a8e4144bad472ba,SMCSTAT-A-BUD,96,96.0,32,0.35,0.3032,6.0,systematic,1072041,ok,0.37063517971875004,0.03103528291069672,0,1,0.9938775283458414,0,238.19,922
research/tasks/active/TASK-2026-08-30-SMCSTAT/scratch/A-BUD.jsonl,d20e65761b3f421227675bbf4c2088683e0cebaa21ed791e6a8e4144bad472ba,SMCSTAT-A-BUD,96,96.0,32,0.35,0.3032,6.0,systematic,1072040,ok,0.6311601290000001,0.02669658753909395,0,1,0.9944997098509858,0,243.0,922
research/tasks/active/TASK-2026-08-30-SMCSTAT/scratch/A-BUD.jsonl,d20e65761b3f421227675bbf4c2088683e0cebaa21ed791e6a8e4144bad472ba,SMCSTAT-A-BUD,96,96.0,32,0.35,0.3032,6.0,systematic,1072042,ok,0.498407626125,0.040088499942291723,0,1,0.9930898761400114,0,232.45,922
research/tasks/active/TASK-2026-08-30-SMCSTAT/scratch/A-BUD.jsonl,d20e65761b3f421227675bbf4c2088683e0cebaa21ed791e6a8e4144bad472ba,SMCSTAT-A-BUD,96,96.0,32,0.35,0.3032,6.0,systematic,1072043,ok,0.52794538421875,0.009505676555616741,0,1,0.9938238182502395,0,238.25,922
research/tasks/active/TASK-2026-08-30-SMCSTAT/scratch/A-BUD.jsonl,d20e65761b3f421227675bbf4c2088683e0cebaa21ed791e6a8e4144bad472ba,SMCSTAT-A-BUD,96,96.0,32,0.35,0.3032,6.0,systematic,1072045,ok,0.34460736868749997,0.03172821871702436,0,1,0.9939941382447685,0,217.96,922
research/tasks/active/TASK-2026-08-30-SMCSTAT/scratch/A-BUD.jsonl,d20e65761b3f421227675bbf4c2088683e0cebaa21ed791e6a8e4144bad472ba,SMCSTAT-A-BUD,96,96.0,32,0.35,0.3032,6.0,systematic,1072044,ok,1.0790294470625001,0.07430980969539776,0,1,0.994155400991098,0,224.96,922
research/tasks/active/TASK-2026-08-30-SMCSTAT/scratch/A-BUD.jsonl,d20e65761b3f421227675bbf4c2088683e0cebaa21ed791e6a8e4144bad472ba,SMCSTAT-A-BUD,96,96.0,32,0.35,0.3032,6.0,systematic,1072046,ok,0.802426863625,0.06511527285941479,0,1,0.9936275599413074,0,215.67,922
research/tasks/active/TASK-2026-08-30-SMCSTAT/scratch/A-BUD.jsonl,d20e65761b3f421227675bbf4c2088683e0cebaa21ed791e6a8e4144bad472ba,SMCSTAT-A-BUD,96,96.0,32,0.35,0.3032,6.0,systematic,1072047,ok,0.5646194601250001,0.025606295647684095,0,1,0.9933381520715018,0,216.73,922
research/tasks/active/TASK-2026-08-30-SMCSTAT/scratch/A-BUD.jsonl,d20e65761b3f421227675bbf4c2088683e0cebaa21ed791e6a8e4144bad472ba,SMCSTAT-A-BUD,96,96.0,32,0.35,0.3032,6.0,systematic,1072049,ok,0.88230744728125,0.028514184174521957,0,1,0.9937517713766603,0,247.9,922
research/tasks/active/TASK-2026-08-30-SMCSTAT/scratch/A-BUD.jsonl,d20e65761b3f421227675bbf4c2088683e0cebaa21ed791e6a8e4144bad472ba,SMCSTAT-A-BUD,96,96.0,32,0.35,0.3032,6.0,systematic,1072048,ok,0.51006044825,0.03324077198596839,0,1,0.9940764880599255,0,255.77,922
research/tasks/active/TASK-2026-08-30-SMCSTAT/scratch/A-BUD.jsonl,d20e65761b3f421227675bbf4c2088683e0cebaa21ed791e6a8e4144bad472ba,SMCSTAT-A-BUD,96,96.0,32,0.35,0.3032,6.0,systematic,1072050,ok,0.8478019271875001,0.01792831645042925,0,1,0.9940575324025805,0,256.88,922
research/tasks/active/TASK-2026-08-30-SMCSTAT/scratch/A-BUD.jsonl,d20e65761b3f421227675bbf4c2088683e0cebaa21ed791e6a8e4144bad472ba,SMCSTAT-A-BUD,96,96.0,32,0.35,0.3032,6.0,systematic,1072051,ok,0.8564422579062501,0.20019530896154306,0,1,0.9938916934126478,0,254.74,922
research/tasks/active/TASK-2026-08-30-SMCSTAT/scratch/A-BUD.jsonl,d20e65761b3f421227675bbf4c2088683e0cebaa21ed791e6a8e4144bad472ba,SMCSTAT-A-BUD,96,96.0,32,0.35,0.3032,6.0,systematic,1072052,ok,0.96560586515625,0.08433801379605665,0,1,0.9936612216145694,0,260.69,922
research/tasks/active/TASK-2026-08-30-SMCSTAT/scratch/A-BUD.jsonl,d20e65761b3f421227675bbf4c2088683e0cebaa21ed791e6a8e4144bad472ba,SMCSTAT-A-BUD,96,96.0,32,0.35,0.3032,6.0,systematic,1072053,ok,0.5184249721875,0.016341282117211912,0,1,0.9934405643508976,0,259.9,922
research/tasks/active/TASK-2026-08-30-SMCSTAT/scratch/A-BUD.jsonl,d20e65761b3f421227675bbf4c2088683e0cebaa21ed791e6a8e4144bad472ba,SMCSTAT-A-BUD,96,96.0,32,0.35,0.3032,6.0,systematic,1072054,ok,0.75647218959375,0.013973485190758604,0,1,0.9939017631458067,0,259.59,922
research/tasks/active/TASK-2026-08-30-SMCSTAT/scratch/A-BUD.jsonl,d20e65761b3f421227675bbf4c2088683e0cebaa21ed791e6a8e4144bad472ba,SMCSTAT-A-BUD,96,96.0,32,0.35,0.3032,6.0,systematic,1072055,ok,1.08288273446875,0.055082908534444114,0,1,0.9935499920490549,0,260.02,922
research/tasks/active/TASK-2026-08-30-SMCSTAT/scratch/A-BUD.jsonl,d20e65761b3f421227675bbf4c2088683e0cebaa21ed791e6a8e4144bad472ba,SMCSTAT-A-BUD,96,96.0,32,0.35,0.3032,6.0,systematic,1072056,ok,0.29041708221874996,0.016350261781313755,0,1,0.993615734829892,0,250.77,922
research/tasks/active/TASK-2026-08-30-SMCSTAT/scratch/A-BUD.jsonl,d20e65761b3f421227675bbf4c2088683e0cebaa21ed791e6a8e4144bad472ba,SMCSTAT-A-BUD,96,96.0,32,0.35,0.3032,6.0,systematic,1072057,ok,0.9438818569062499,0.04061874913345665,0,1,0.9942698875776216,0,255.86,922
research/tasks/active/TASK-2026-08-30-SMCSTAT/scratch/A-BUD.jsonl,d20e65761b3f421227675bbf4c2088683e0cebaa21ed791e6a8e4144bad472ba,SMCSTAT-A-BUD,96,96.0,32,0.35,0.3032,6.0,systematic,1072058,ok,0.78757028290625,0.1702023566169145,0,1,0.9938888107279442,0,252.94,922
research/tasks/active/TASK-2026-08-30-SMCSTAT/scratch/A-BUD.jsonl,d20e65761b3f421227675bbf4c2088683e0cebaa21ed791e6a8e4144bad472ba,SMCSTAT-A-BUD,96,96.0,32,0.35,0.3032,6.0,systematic,1072059,ok,0.77948361171875,0.02364776798986532,0,1,0.9937423322408105,0,252.7,922
research/tasks/active/TASK-2026-08-30-SMCSTAT/scratch/A-BUD.jsonl,d20e65761b3f421227675bbf4c2088683e0cebaa21ed791e6a8e4144bad472ba,SMCSTAT-A-BUD,96,96.0,32,0.35,0.3032,6.0,systematic,1072060,ok,0.77419543625,0.07530884793309062,0,1,0.9942290590449087,0,259.81,922
research/tasks/active/TASK-2026-08-30-SMCSTAT/scratch/A-BUD.jsonl,d20e65761b3f421227675bbf4c2088683e0cebaa21ed791e6a8e4144bad472ba,SMCSTAT-A-BUD,96,96.0,32,0.35,0.3032,6.0,systematic,1072061,ok,0.42440612825,0.06462338239668007,0,1,0.9935894312688155,0,254.19,922
research/tasks/active/TASK-2026-08-30-SMCSTAT/scratch/A-BUD.jsonl,d20e65761b3f421227675bbf4c2088683e0cebaa21ed791e6a8e4144bad472ba,SMCSTAT-A-BUD,96,96.0,32,0.35,0.3032,6.0,systematic,1072062,ok,0.4368288604375,0.030469201522563764,0,1,0.9934648383174626,0,250.92,922
research/tasks/active/TASK-2026-08-30-SMCSTAT/scratch/A-BUD.jsonl,d20e65761b3f421227675bbf4c2088683e0cebaa21ed791e6a8e4144bad472ba,SMCSTAT-A-BUD,96,96.0,32,0.35,0.3032,6.0,systematic,1072063,ok,0.36313566440625,0.0407099140086185,0,1,0.993628922745274,0,256.81,922
research/tasks/active/TASK-2026-08-30-SMCSTAT/scratch/A-BUD.jsonl,d20e65761b3f421227675bbf4c2088683e0cebaa21ed791e6a8e4144bad472ba,SMCSTAT-A-BUD,96,96.0,32,0.35,0.3032,6.0,systematic,1072065,ok,0.37076414384375,0.04018594510434502,0,1,0.9935433234008151,0,264.78,922
research/tasks/active/TASK-2026-08-30-SMCSTAT/scratch/A-BUD.jsonl,d20e65761b3f421227675bbf4c2088683e0cebaa21ed791e6a8e4144bad472ba,SMCSTAT-A-BUD,96,96.0,32,0.35,0.3032,6.0,systematic,1072064,ok,0.31716926881249996,0.02632566065625875,0,1,0.9939443931781095,0,266.6,922
research/tasks/active/TASK-2026-08-30-SMCSTAT/scratch/A-BUD.jsonl,d20e65761b3f421227675bbf4c2088683e0cebaa21ed791e6a8e4144bad472ba,SMCSTAT-A-BUD,96,96.0,32,0.35,0.3032,6.0,systematic,1072066,ok,0.70478264575,0.03431329817418654,0,1,0.9939068504376571,0,264.37,922
research/tasks/active/TASK-2026-08-30-SMCSTAT/scratch/A-BUD.jsonl,d20e65761b3f421227675bbf4c2088683e0cebaa21ed791e6a8e4144bad472ba,SMCSTAT-A-BUD,96,96.0,32,0.35,0.3032,6.0,systematic,1072067,ok,0.49781557521875003,0.03588506439336521,0,1,0.9935827282773455,0,263.81,922
research/tasks/active/TASK-2026-08-30-SMCSTAT/scratch/A-BUD.jsonl,d20e65761b3f421227675bbf4c2088683e0cebaa21ed791e6a8e4144bad472ba,SMCSTAT-A-BUD,96,96.0,32,0.35,0.3032,6.0,systematic,1072068,ok,0.5388310587187499,0.012791823939600709,0,1,0.9938416838418401,0,239.92,922
research/tasks/active/TASK-2026-08-30-SMCSTAT/scratch/A-BUD.jsonl,d20e65761b3f421227675bbf4c2088683e0cebaa21ed791e6a8e4144bad472ba,SMCSTAT-A-BUD,96,96.0,32,0.35,0.3032,6.0,systematic,1072069,ok,0.45727852981250006,0.01934915029362452,0,1,0.9940183306081842,0,245.55,922
research/tasks/active/TASK-2026-08-30-SMCSTAT/scratch/A-BUD.jsonl,d20e65761b3f421227675bbf4c2088683e0cebaa21ed791e6a8e4144bad472ba,SMCSTAT-A-BUD,96,96.0,32,0.35,0.3032,6.0,systematic,1072070,ok,0.92861322403125,0.05148536035273577,0,1,0.9937112208137112,0,247.5,922
research/tasks/active/TASK-2026-08-30-SMCSTAT/scratch/A-BUD.jsonl,d20e65761b3f421227675bbf4c2088683e0cebaa21ed791e6a8e4144bad472ba,SMCSTAT-A-BUD,96,96.0,32,0.35,0.3032,6.0,systematic,1072071,ok,0.35813921662500003,0.011811082128570623,0,1,0.9937646141607741,0,246.97,922
research/tasks/active/TASK-2026-08-30-SMCSTAT/scratch/A-BUD.jsonl,d20e65761b3f421227675bbf4c2088683e0cebaa21ed791e6a8e4144bad472ba,SMCSTAT-A-BUD,96,96.0,32,0.35,0.3032,6.0,systematic,1072072,ok,0.25387461109375,0.025032325036663854,0,1,0.9931837738498421,0,242.49,922
research/tasks/active/TASK-2026-08-30-SMCSTAT/scratch/A-BUD.jsonl,d20e65761b3f421227675bbf4c2088683e0cebaa21ed791e6a8e4144bad472ba,SMCSTAT-A-BUD,96,96.0,32,0.35,0.3032,6.0,systematic,1072074,ok,0.44582684853125,0.02409208452647068,0,1,0.9937428049894425,0,251.17,922
research/tasks/active/TASK-2026-08-30-SMCSTAT/scratch/A-BUD.jsonl,d20e65761b3f421227675bbf4c2088683e0cebaa21ed791e6a8e4144bad472ba,SMCSTAT-A-BUD,96,96.0,32,0.35,0.3032,6.0,systematic,1072073,ok,0.37153907334374997,0.009413938704286817,0,1,0.9933802240699765,0,255.67,922
research/tasks/active/TASK-2026-08-30-SMCSTAT/scratch/A-BUD.jsonl,d20e65761b3f421227675bbf4c2088683e0cebaa21ed791e6a8e4144bad472ba,SMCSTAT-A-BUD,96,96.0,32,0.35,0.3032,6.0,systematic,1072075,ok,0.57720990525,0.04908899684989081,0,1,0.9940309845406697,0,250.13,922
research/tasks/active/TASK-2026-08-30-SMCSTAT/scratch/A-BUD.jsonl,d20e65761b3f421227675bbf4c2088683e0cebaa21ed791e6a8e4144bad472ba,SMCSTAT-A-BUD,96,96.0,32,0.35,0.3032,6.0,systematic,1072076,ok,0.63713907078125,0.026955483541350786,0,1,0.994190521730542,0,258.53,922
research/tasks/active/TASK-2026-08-30-SMCSTAT/scratch/A-BUD.jsonl,d20e65761b3f421227675bbf4c2088683e0cebaa21ed791e6a8e4144bad472ba,SMCSTAT-A-BUD,96,96.0,32,0.35,0.3032,6.0,systematic,1072078,ok,0.7029608562812499,0.04668742160456945,0,1,0.9936653843504607,0,251.49,922
research/tasks/active/TASK-2026-08-30-SMCSTAT/scratch/A-BUD.jsonl,d20e65761b3f421227675bbf4c2088683e0cebaa21ed791e6a8e4144bad472ba,SMCSTAT-A-BUD,96,96.0,32,0.35,0.3032,6.0,systematic,1072077,ok,0.8186520041875001,0.012954419823492214,0,1,0.9938440012150509,0,259.59,922
research/tasks/active/TASK-2026-08-30-SMCSTAT/scratch/A-BUD.jsonl,d20e65761b3f421227675bbf4c2088683e0cebaa21ed791e6a8e4144bad472ba,SMCSTAT-A-BUD,96,96.0,32,0.35,0.3032,6.0,systematic,1072079,ok,0.3886297365625,0.02569187111846916,0,1,0.9939642005114814,0,244.97,922
research/tasks/active/TASK-2026-08-30-SMCSTAT/scratch/A-BUD.jsonl,d20e65761b3f421227675bbf4c2088683e0cebaa21ed791e6a8e4144bad472ba,SMCSTAT-A-BUD,96,96.0,32,0.35,0.3032,6.0,systematic,1072080,ok,0.60069278528125,0.045659793240785174,0,1,0.9937647952646725,0,235.82,922
research/tasks/active/TASK-2026-08-30-SMCSTAT/scratch/A-BUD.jsonl,d20e65761b3f421227675bbf4c2088683e0cebaa21ed791e6a8e4144bad472ba,SMCSTAT-A-BUD,96,96.0,32,0.35,0.3032,6.0,systematic,1072081,ok,0.19164856178125,0.004199425736536698,0,1,0.9932600134785873,0,233.07,922
research/tasks/active/TASK-2026-08-30-SMCSTAT/scratch/A-BUD.jsonl,d20e65761b3f421227675bbf4c2088683e0cebaa21ed791e6a8e4144bad472ba,SMCSTAT-A-BUD,96,96.0,32,0.35,0.3032,6.0,systematic,1072082,ok,0.4695325481875,0.010811557521308123,0,1,0.9937226660814148,0,234.1,922
research/tasks/active/TASK-2026-08-30-SMCSTAT/scratch/A-BUD.jsonl,d20e65761b3f421227675bbf4c2088683e0cebaa21ed791e6a8e4144bad472ba,SMCSTAT-A-BUD,96,96.0,32,0.35,0.3032,6.0,systematic,1072083,ok,0.8475053258125,0.02712706215110625,0,1,0.9941742473908991,0,239.86,922
research/tasks/active/TASK-2026-08-30-SMCSTAT/scratch/A-BUD.jsonl,d20e65761b3f421227675bbf4c2088683e0cebaa21ed791e6a8e4144bad472ba,SMCSTAT-A-BUD,96,96.0,32,0.35,0.3032,6.0,systematic,1072084,ok,0.73791952003125,0.027467453134439566,0,1,0.994071290876511,0,237.16,922
research/tasks/active/TASK-2026-08-30-SMCSTAT/scratch/A-BUD.jsonl,d20e65761b3f421227675bbf4c2088683e0cebaa21ed791e6a8e4144bad472ba,SMCSTAT-A-BUD,96,96.0,32,0.35,0.3032,6.0,systematic,1072085,ok,0.8716981421875,0.0694722679167592,0,1,0.9937228853152876,0,236.43,922
research/tasks/active/TASK-2026-08-30-SMCSTAT/scratch/A-BUD.jsonl,d20e65761b3f421227675bbf4c2088683e0cebaa21ed791e6a8e4144bad472ba,SMCSTAT-A-BUD,96,96.0,32,0.35,0.3032,6.0,systematic,1072086,ok,0.8503020777187501,0.02265169768714352,0,1,0.9939572350768663,0,230.92,922
research/tasks/active/TASK-2026-08-30-SMCSTAT/scratch/A-BUD.jsonl,d20e65761b3f421227675bbf4c2088683e0cebaa21ed791e6a8e4144bad472ba,SMCSTAT-A-BUD,96,96.0,32,0.35,0.3032,6.0,systematic,1072087,ok,0.29726984478124996,0.021281646423957395,0,1,0.994055535136926,0,238.5,922
research/tasks/active/TASK-2026-08-30-SMCSTAT/scratch/A-BUD.jsonl,d20e65761b3f421227675bbf4c2088683e0cebaa21ed791e6a8e4144bad472ba,SMCSTAT-A-BUD,96,96.0,32,0.35,0.3032,6.0,systematic,1072088,ok,0.909366849,0.05007205175751519,0,1,0.993714738757024,0,233.4,922
research/tasks/active/TASK-2026-08-30-SMCSTAT/scratch/A-BUD.jsonl,d20e65761b3f421227675bbf4c2088683e0cebaa21ed791e6a8e4144bad472ba,SMCSTAT-A-BUD,96,96.0,32,0.35,0.3032,6.0,systematic,1072089,ok,0.51436519221875,0.045237394106871845,0,1,0.9937567334479867,0,234.74,922
research/tasks/active/TASK-2026-08-30-SMCSTAT/scratch/A-BUD.jsonl,d20e65761b3f421227675bbf4c2088683e0cebaa21ed791e6a8e4144bad472ba,SMCSTAT-A-BUD,96,96.0,32,0.35,0.3032,6.0,systematic,1072090,ok,0.54133759284375,0.0645157607763039,0,1,0.9939181999068439,0,234.22,922
research/tasks/active/TASK-2026-08-30-SMCSTAT/scratch/A-BUD.jsonl,d20e65761b3f421227675bbf4c2088683e0cebaa21ed791e6a8e4144bad472ba,SMCSTAT-A-BUD,96,96.0,32,0.35,0.3032,6.0,systematic,1072091,ok,0.711186503625,0.04604589830471987,0,1,0.9939846538235054,0,229.44,922
research/tasks/active/TASK-2026-08-30-SMCSTAT/scratch/A-BUD.jsonl,d20e65761b3f421227675bbf4c2088683e0cebaa21ed791e6a8e4144bad472ba,SMCSTAT-A-BUD,96,96.0,32,0.35,0.3032,6.0,systematic,1072092,ok,0.71461340684375,0.01589534406824453,0,1,0.9939942819670066,0,235.0,922
research/tasks/active/TASK-2026-08-30-SMCSTAT/scratch/A-BUD.jsonl,d20e65761b3f421227675bbf4c2088683e0cebaa21ed791e6a8e4144bad472ba,SMCSTAT-A-BUD,96,96.0,32,0.35,0.3032,6.0,systematic,1072093,ok,0.25702400346875004,0.034348076333639406,0,1,0.9939978284094384,0,230.41,922
research/tasks/active/TASK-2026-08-30-SMCSTAT/scratch/A-BUD.jsonl,d20e65761b3f421227675bbf4c2088683e0cebaa21ed791e6a8e4144bad472ba,SMCSTAT-A-BUD,96,96.0,32,0.35,0.3032,6.0,systematic,1072094,ok,0.7026548902499999,0.020634773039336342,0,1,0.9941599660473701,0,239.01,922
research/tasks/active/TASK-2026-08-30-SMCSTAT/scratch/A-BUD.jsonl,d20e65761b3f421227675bbf4c2088683e0cebaa21ed791e6a8e4144bad472ba,SMCSTAT-A-BUD,96,96.0,32,0.35,0.3032,6.0,systematic,1072095,ok,0.674975777,0.04092260006409415,0,1,0.9937443939986131,0,236.3,922
research/tasks/active/TASK-2026-08-30-SMCSTAT/scratch/A-BUD.jsonl,d20e65761b3f421227675bbf4c2088683e0cebaa21ed791e6a8e4144bad472ba,SMCSTAT-A-BUD,96,96.0,32,0.35,0.3032,6.0,systematic,1072096,ok,0.7117083924375,0.016572676593578414,0,1,0.9938587040929249,0,235.89,922
research/tasks/active/TASK-2026-08-30-SMCSTAT/scratch/A-BUD.jsonl,d20e65761b3f421227675bbf4c2088683e0cebaa21ed791e6a8e4144bad472ba,SMCSTAT-A-BUD,96,96.0,32,0.35,0.3032,6.0,systematic,1072097,ok,0.59351784340625,0.025553594318512996,0,1,0.9934461667015647,0,239.83,922
research/tasks/active/TASK-2026-08-30-SMCSTAT/scratch/A-BUD.jsonl,d20e65761b3f421227675bbf4c2088683e0cebaa21ed791e6a8e4144bad472ba,SMCSTAT-A-BUD,96,96.0,32,0.35,0.3032,6.0,systematic,1072098,ok,0.87270950034375,0.08247573731740218,0,1,0.9937674596744819,0,240.84,922
research/tasks/active/TASK-2026-08-30-SMCSTAT/scratch/A-BUD.jsonl,d20e65761b3f421227675bbf4c2088683e0cebaa21ed791e6a8e4144bad472ba,SMCSTAT-A-BUD,96,96.0,32,0.35,0.3032,6.0,systematic,1072099,ok,0.95236868184375,0.037482368834666886,0,1,0.9935827059825285,0,247.7,922
research/tasks/active/TASK-2026-08-30-SMCSTAT/scratch/A-BUD.jsonl,d20e65761b3f421227675bbf4c2088683e0cebaa21ed791e6a8e4144bad472ba,SMCSTAT-A-BUD,96,96.0,32,0.35,0.3032,6.0,systematic,1072100,ok,0.4857798946875,0.010327275038449102,0,1,0.9941185331601355,0,237.33,922
research/tasks/active/TASK-2026-08-30-SMCSTAT/scratch/A-BUD.jsonl,d20e65761b3f421227675bbf4c2088683e0cebaa21ed791e6a8e4144bad472ba,SMCSTAT-A-BUD,96,96.0,32,0.35,0.3032,6.0,systematic,1072101,ok,0.5576138821250001,0.04245019122275026,0,1,0.9938526125242075,0,237.11,922
research/tasks/active/TASK-2026-08-30-SMCSTAT/scratch/A-BUD.jsonl,d20e65761b3f421227675bbf4c2088683e0cebaa21ed791e6a8e4144bad472ba,SMCSTAT-A-BUD,96,96.0,32,0.35,0.3032,6.0,systematic,1072102,ok,0.9308943257812501,0.09202139166559369,0,1,0.9939053027903832,0,233.57,922
research/tasks/active/TASK-2026-08-30-SMCSTAT/scratch/A-BUD.jsonl,d20e65761b3f421227675bbf4c2088683e0cebaa21ed791e6a8e4144bad472ba,SMCSTAT-A-BUD,96,96.0,32,0.35,0.3032,6.0,systematic,1072103,ok,0.74012305425,0.0601224476917266,0,1,0.9936040785176262,0,228.85,922
research/tasks/active/TASK-2026-08-30-SMCSTAT/scratch/A-BUD.jsonl,d20e65761b3f421227675bbf4c2088683e0cebaa21ed791e6a8e4144bad472ba,SMCSTAT-A-BUD,96,96.0,32,0.35,0.3032,6.0,systematic,1072104,ok,0.6541580285625,0.05059466149006084,0,1,0.9939262766756318,0,213.04,922
research/tasks/active/TASK-2026-08-30-SMCSTAT/scratch/A-BUD.jsonl,d20e65761b3f421227675bbf4c2088683e0cebaa21ed791e6a8e4144bad472ba,SMCSTAT-A-BUD,96,96.0,32,0.35,0.3032,6.0,systematic,1072105,ok,1.0882615162187501,0.04842457330700074,0,1,0.9939952830492824,0,215.64,922
research/tasks/active/TASK-2026-08-30-SMCSTAT/scratch/A-BUD.jsonl,d20e65761b3f421227675bbf4c2088683e0cebaa21ed791e6a8e4144bad472ba,SMCSTAT-A-BUD,96,96.0,32,0.35,0.3032,6.0,systematic,1072106,ok,1.1150611547187501,0.12711196659312712,0,1,0.9936028741796977,0,212.19,922
research/tasks/active/TASK-2026-08-30-SMCSTAT/scratch/A-BUD.jsonl,d20e65761b3f421227675bbf4c2088683e0cebaa21ed791e6a8e4144bad472ba,SMCSTAT-A-BUD,96,96.0,32,0.35,0.3032,6.0,systematic,1072107,ok,0.39761924453124997,0.024878886184628086,0,1,0.9938400551988384,0,213.19,922
research/tasks/active/TASK-2026-08-30-SMCSTAT/scratch/A-BUD.jsonl,d20e65761b3f421227675bbf4c2088683e0cebaa21ed791e6a8e4144bad472ba,SMCSTAT-A-BUD,96,96.0,32,0.35,0.3032,6.0,systematic,1072108,ok,0.4937348582187501,0.03884019854564592,0,1,0.9942830060197386,0,220.33,922
research/tasks/active/TASK-2026-08-30-SMCSTAT/scratch/A-BUD.jsonl,d20e65761b3f421227675bbf4c2088683e0cebaa21ed791e6a8e4144bad472ba,SMCSTAT-A-BUD,96,96.0,32,0.35,0.3032,6.0,systematic,1072110,ok,0.54868077203125,0.04413606942158233,0,1,0.994095952698667,0,213.05,922
research/tasks/active/TASK-2026-08-30-SMCSTAT/scratch/A-BUD.jsonl,d20e65761b3f421227675bbf4c2088683e0cebaa21ed791e6a8e4144bad472ba,SMCSTAT-A-BUD,96,96.0,32,0.35,0.3032,6.0,systematic,1072109,ok,0.5691110381875,0.011951838578972218,0,1,0.9938137205694181,0,218.95,922
research/tasks/active/TASK-2026-08-30-SMCSTAT/scratch/A-BUD.jsonl,d20e65761b3f421227675bbf4c2088683e0cebaa21ed791e6a8e4144bad472ba,SMCSTAT-A-BUD,96,96.0,32,0.35,0.3032,6.0,systematic,1072111,ok,0.5764714865,0.12390948618874033,0,1,0.9939623558787255,0,223.47,922
research/tasks/active/TASK-2026-08-30-SMCSTAT/scratch/A-BUD.jsonl,d20e65761b3f421227675bbf4c2088683e0cebaa21ed791e6a8e4144bad472ba,SMCSTAT-A-BUD,96,96.0,32,0.35,0.3032,6.0,systematic,1072112,ok,0.8704844609375,0.022296501161554128,0,1,0.9940597216470934,0,218.54,922
research/tasks/active/TASK-2026-08-30-SMCSTAT/scratch/A-BUD.jsonl,d20e65761b3f421227675bbf4c2088683e0cebaa21ed791e6a8e4144bad472ba,SMCSTAT-A-BUD,96,96.0,32,0.35,0.3032,6.0,systematic,1072113,ok,0.75832817984375,0.07784964230095898,0,1,0.9939173098536536,0,219.28,922
research/tasks/active/TASK-2026-08-30-SMCSTAT/scratch/A-BUD.jsonl,d20e65761b3f421227675bbf4c2088683e0cebaa21ed791e6a8e4144bad472ba,SMCSTAT-A-BUD,96,96.0,32,0.35,0.3032,6.0,systematic,1072114,ok,0.49470663284375,0.016872638874227495,0,1,0.9944571219604855,0,219.68,922
research/tasks/active/TASK-2026-08-30-SMCSTAT/scratch/A-BUD.jsonl,d20e65761b3f421227675bbf4c2088683e0cebaa21ed791e6a8e4144bad472ba,SMCSTAT-A-BUD,96,96.0,32,0.35,0.3032,6.0,systematic,1072115,ok,0.5827131040625,0.0165049860544019,0,1,0.9940724597470334,0,211.77,922
research/tasks/active/TASK-2026-08-30-SMCSTAT/scratch/A-BUD.jsonl,d20e65761b3f421227675bbf4c2088683e0cebaa21ed791e6a8e4144bad472ba,SMCSTAT-A-BUD,96,96.0,32,0.35,0.3032,6.0,systematic,1072116,ok,1.64319379978125,0.1717062764349969,0,1,0.9934940956767107,0,213.18,922
research/tasks/active/TASK-2026-08-30-SMCSTAT/scratch/A-BUD.jsonl,d20e65761b3f421227675bbf4c2088683e0cebaa21ed791e6a8e4144bad472ba,SMCSTAT-A-BUD,96,96.0,32,0.35,0.3032,6.0,systematic,1072117,ok,0.65514102909375,0.03335464641160569,0,1,0.9939297246639905,0,217.17,922
research/tasks/active/TASK-2026-08-30-SMCSTAT/scratch/A-BUD.jsonl,d20e65761b3f421227675bbf4c2088683e0cebaa21ed791e6a8e4144bad472ba,SMCSTAT-A-BUD,96,96.0,32,0.35,0.3032,6.0,systematic,1072118,ok,0.4950566973437499,0.060812059930437964,0,1,0.9937269700554017,0,216.21,922
research/tasks/active/TASK-2026-08-30-SMCSTAT/scratch/A-BUD.jsonl,d20e65761b3f421227675bbf4c2088683e0cebaa21ed791e6a8e4144bad472ba,SMCSTAT-A-BUD,96,96.0,32,0.35,0.3032,6.0,systematic,1072119,ok,0.64802457190625,0.031296049281719,0,1,0.9945627612608487,0,222.7,922
research/tasks/active/TASK-2026-08-30-SMCSTAT/scratch/A-BUD.jsonl,d20e65761b3f421227675bbf4c2088683e0cebaa21ed791e6a8e4144bad472ba,SMCSTAT-A-BUD,96,96.0,32,0.35,0.3032,6.0,systematic,1072120,ok,0.4218368028125,0.018625522069346288,0,1,0.9940258973951082,0,208.89,922
research/tasks/active/TASK-2026-08-30-SMCSTAT/scratch/A-BUD.jsonl,d20e65761b3f421227675bbf4c2088683e0cebaa21ed791e6a8e4144bad472ba,SMCSTAT-A-BUD,96,96.0,32,0.35,0.3032,6.0,systematic,1072121,ok,0.36698675278125004,0.019620729524195045,0,1,0.9937669083814209,0,208.88,922
research/tasks/active/TASK-2026-08-30-SMCSTAT/scratch/A-BUD.jsonl,d20e65761b3f421227675bbf4c2088683e0cebaa21ed791e6a8e4144bad472ba,SMCSTAT-A-BUD,96,96.0,32,0.35,0.3032,6.0,systematic,1072122,ok,0.51448514371875,0.01676215589636716,0,1,0.994147233241208,0,213.49,922
research/tasks/active/TASK-2026-08-30-SMCSTAT/scratch/A-BUD.jsonl,d20e65761b3f421227675bbf4c2088683e0cebaa21ed791e6a8e4144bad472ba,SMCSTAT-A-BUD,96,96.0,32,0.35,0.3032,6.0,systematic,1072123,ok,0.7806356514375,0.033388674022145286,0,1,0.9938075805998413,0,218.3,922
research/tasks/active/TASK-2026-08-30-SMCSTAT/scratch/A-BUD.jsonl,d20e65761b3f421227675bbf4c2088683e0cebaa21ed791e6a8e4144bad472ba,SMCSTAT-A-BUD,96,96.0,32,0.35,0.3032,6.0,systematic,1072124,ok,0.377933763875,0.026802227120925164,0,1,0.9940162551162398,0,216.7,922
research/tasks/active/TASK-2026-08-30-SMCSTAT/scratch/A-BUD.jsonl,d20e65761b3f421227675bbf4c2088683e0cebaa21ed791e6a8e4144bad472ba,SMCSTAT-A-BUD,96,96.0,32,0.35,0.3032,6.0,systematic,1072125,ok,0.409218084375,0.0369156112486,0,1,0.9941820715780715,0,215.61,922
research/tasks/active/TASK-2026-08-30-SMCSTAT/scratch/A-BUD.jsonl,d20e65761b3f421227675bbf4c2088683e0cebaa21ed791e6a8e4144bad472ba,SMCSTAT-A-BUD,96,96.0,32,0.35,0.3032,6.0,systematic,1072126,ok,0.6064934443750001,0.034778324809588014,0,1,0.9936885419141521,0,209.89,922
research/tasks/active/TASK-2026-08-30-SMCSTAT/scratch/A-BUD.jsonl,d20e65761b3f421227675bbf4c2088683e0cebaa21ed791e6a8e4144bad472ba,SMCSTAT-A-BUD,96,96.0,32,0.35,0.3032,6.0,systematic,1072127,ok,0.8314666202500001,0.04445449129893241,0,1,0.993926879600584,0,195.01,922
